aname,bname
百日咳,螃蟹
百日咳,海蟹
百日咳,海虾
百日咳,海螺
苯中毒,海蟹
苯中毒,海虾
苯中毒,海参（水浸）
苯中毒,辣椒(青、尖)
喘息样支气管炎,海蟹
喘息样支气管炎,海虾
喘息样支气管炎,海螺
喘息样支气管炎,猪肉(肥瘦)
成人呼吸窘迫综合征,啤酒
成人呼吸窘迫综合征,白酒
成人呼吸窘迫综合征,洋葱
成人呼吸窘迫综合征,辣椒(红、尖、干)
大叶性肺炎,辣椒(青、尖)
大叶性肺炎,洋葱
大叶性肺炎,辣椒(红、尖、干)
大叶性肺炎,韭菜
大楼病综合征,辣椒(青、尖)
大楼病综合征,洋葱
大楼病综合征,辣椒(红、尖、干)
大楼病综合征,韭菜
二硫化碳中毒,啤酒
二硫化碳中毒,白酒
二硫化碳中毒,洋葱
二硫化碳中毒,辣椒(红、尖、干)
肺出血－肾炎综合征,辣椒(青、尖)
肺出血－肾炎综合征,辣椒(红、尖、干)
肺出血－肾炎综合征,韭菜
肺出血－肾炎综合征,竹笋
肺放线菌病,啤酒
肺放线菌病,白酒
肺放线菌病,洋葱
肺放线菌病,狗肉
肺曲菌病,啤酒
肺曲菌病,白酒
肺曲菌病,洋葱
肺曲菌病,韭菜
放射性肺炎,白酒
放射性肺炎,洋葱
放射性肺炎,辣椒(红、尖、干)
放射性肺炎,大蒜
肺念珠菌病,空心菜
肺念珠菌病,啤酒
肺念珠菌病,白酒
肺念珠菌病,奶油
肺炎球菌肺炎,啤酒
肺炎球菌肺炎,白酒
肺炎球菌肺炎,辣椒(红、尖、干)
肺炎球菌肺炎,咖啡
肺气肿,圆白菜
肺气肿,海虾
肺气肿,带鱼
肺气肿,羊肉(瘦)
肺炎杆菌肺炎,辣椒(青、尖)
肺炎杆菌肺炎,洋葱
肺炎杆菌肺炎,鱼腥草
肺炎杆菌肺炎,香菜
肺脓肿,海蟹
肺脓肿,海虾
肺脓肿,海螺
肺脓肿,海参
肺栓塞,海蟹
肺栓塞,海虾
肺栓塞,狗肉
肺栓塞,鱼腥草
肺炎,杏仁
肺炎,腐竹
肺炎,白扁豆
肺炎,猪油（板油）
肺大泡,啤酒
肺大泡,白酒
肺大泡,杏仁
肺大泡,油豆腐
肺水肿,螃蟹
肺水肿,海蟹
肺水肿,海虾
肺水肿,羊肉(后腿)
非典,海蟹
非典,海虾
非典,狗肉
非典,鱼腥草
肺转移瘤,海蟹
肺转移瘤,白酒
肺转移瘤,杏仁
肺转移瘤,腐竹
肺炎性假瘤,啤酒
肺炎性假瘤,白酒
肺炎性假瘤,杏仁
肺炎性假瘤,腐竹
肺癌,杏仁
肺癌,腐竹
肺癌,白扁豆
肺癌,猪油（板油）
感冒,白扁豆
感冒,猪油（板油）
感冒,咸鱼
感冒,油条
感染性休克,螃蟹
感染性休克,白扁豆
感染性休克,田螺
感染性休克,河蚌
过敏性休克,螃蟹
过敏性休克,蜂蜜
过敏性休克,白扁豆
过敏性休克,猪油（板油）
Goodpasture综合征,白扁豆
Goodpasture综合征,猪油（板油）
Goodpasture综合征,沙丁鱼
Goodpasture综合征,猪小排（猪肋排）
过敏性肺炎,白扁豆
过敏性肺炎,猪油（板油）
过敏性肺炎,猪小排（猪肋排）
过敏性肺炎,蟹黄
汞中毒,白扁豆
汞中毒,猪油（板油）
汞中毒,猪小排（猪肋排）
汞中毒,猪里脊肉
呼吸道异物,海蟹
呼吸道异物,海虾
呼吸道异物,白扁豆
呼吸道异物,花生
呼吸性细支气管相关的间质性肺疾病,海虾
呼吸性细支气管相关的间质性肺疾病,白扁豆
呼吸性细支气管相关的间质性肺疾病,猪油（板油）
呼吸性细支气管相关的间质性肺疾病,猪小排（猪肋排）
呼吸衰竭,海蟹
呼吸衰竭,海虾
呼吸衰竭,海螺
呼吸衰竭,白扁豆
呼吸道合胞病毒肺炎,海蟹
呼吸道合胞病毒肺炎,海虾
呼吸道合胞病毒肺炎,海螺
呼吸道合胞病毒肺炎,白扁豆
急性呼吸衰竭,海蟹
急性呼吸衰竭,白酒
急性呼吸衰竭,白扁豆
急性呼吸衰竭,花生
急性肺脓肿,啤酒
急性肺脓肿,白酒
急性肺脓肿,白扁豆
急性肺脓肿,猪油（板油）
军团病,啤酒
军团病,白酒
军团病,白扁豆
军团病,猪油（板油）
急性呼吸窘迫综合征,白扁豆
急性呼吸窘迫综合征,猪油（板油）
急性呼吸窘迫综合征,猪小排（猪肋排）
急性呼吸窘迫综合征,猪里脊肉
军团菌病,啤酒
军团菌病,白酒
军团菌病,咸鸭蛋
军团菌病,烤鸭
结核性脓胸,白酒
结核性脓胸,白扁豆
结核性脓胸,猪油（板油）
结核性脓胸,猪小排（猪肋排）
金黄色葡萄球菌肺炎,白酒
金黄色葡萄球菌肺炎,白扁豆
金黄色葡萄球菌肺炎,猪油（板油）
金黄色葡萄球菌肺炎,猪小排（猪肋排）
卡氏肺囊虫肺炎,啤酒
卡氏肺囊虫肺炎,麦芽糖
卡氏肺囊虫肺炎,赤砂糖
卡氏肺囊虫肺炎,白砂糖
咯血,杏仁
咯血,白扁豆
咯血,猪油（板油）
咯血,猪小排（猪肋排）
硫化氢中毒,啤酒
硫化氢中毒,白酒
硫化氢中毒,白扁豆
硫化氢中毒,猪油（板油）
老年肺炎,海蟹
老年肺炎,海虾
老年肺炎,海螺
老年肺炎,白扁豆
流行性感冒,猪油（板油）
流行性感冒,猪小排（猪肋排）
流行性感冒,猪里脊肉
流行性感冒,猪大肠
免疫缺陷者肺炎,白扁豆
免疫缺陷者肺炎,猪油（板油）
免疫缺陷者肺炎,猪小排（猪肋排）
免疫缺陷者肺炎,猪里脊肉
气胸,白扁豆
气胸,猪油（板油）
气胸,猪小排（猪肋排）
气胸,猪里脊肉
禽流感,白扁豆
禽流感,猪油（板油）
禽流感,猪小排（猪肋排）
禽流感,猪里脊肉
气管肿瘤,白扁豆
气管肿瘤,猪油（板油）
气管肿瘤,猪小排（猪肋排）
气管肿瘤,猪里脊肉
气管、支气管狭窄,白扁豆
气管、支气管狭窄,猪油（板油）
气管、支气管狭窄,猪小排（猪肋排）
气管、支气管狭窄,猪里脊肉
乳酸性酸中毒,白扁豆
乳酸性酸中毒,猪油（板油）
乳酸性酸中毒,猪小排（猪肋排）
乳酸性酸中毒,猪里脊肉
手术后和创伤后肺炎,啤酒
手术后和创伤后肺炎,白酒
手术后和创伤后肺炎,白扁豆
手术后和创伤后肺炎,猪油（板油）
鼾症,白扁豆
鼾症,猪油（板油）
鼾症,猪小排（猪肋排）
鼾症,猪里脊肉
特发性肺纤维化,白扁豆
特发性肺纤维化,猪油（板油）
特发性肺纤维化,猪小排（猪肋排）
特发性肺纤维化,猪里脊肉
特发性阻塞性细支气管炎伴机化性肺炎,白扁豆
特发性阻塞性细支气管炎伴机化性肺炎,猪油（板油）
特发性阻塞性细支气管炎伴机化性肺炎,猪小排（猪肋排）
特发性阻塞性细支气管炎伴机化性肺炎,猪里脊肉
外源性过敏性肺泡炎,白扁豆
外源性过敏性肺泡炎,猪油（板油）
外源性过敏性肺泡炎,猪小排（猪肋排）
外源性过敏性肺泡炎,猪里脊肉
小儿结核病,啤酒
小儿结核病,白酒
小儿结核病,白扁豆
小儿结核病,猪油（板油）
吸入性损伤,啤酒
吸入性损伤,白酒
吸入性损伤,白扁豆
吸入性损伤,猪油（板油）
小儿金黄色葡萄球菌肺炎,啤酒
小儿金黄色葡萄球菌肺炎,白酒
小儿金黄色葡萄球菌肺炎,白扁豆
小儿金黄色葡萄球菌肺炎,猪油（板油）
小儿急性支气管炎,白扁豆
小儿急性支气管炎,猪油（板油）
小儿急性支气管炎,猪小排（猪肋排）
小儿急性支气管炎,猪里脊肉
小儿流行性感冒,白扁豆
小儿流行性感冒,猪油（板油）
小儿流行性感冒,猪小排（猪肋排）
小儿流行性感冒,鸭
小儿急性喉炎,白扁豆
小儿急性喉炎,猪油（板油）
小儿急性喉炎,猪小排（猪肋排）
小儿急性喉炎,鸡蛋黄
矽肺,白扁豆
矽肺,猪油（板油）
矽肺,猪小排（猪肋排）
矽肺,猪里脊肉
小儿支原体肺炎,白扁豆
小儿支原体肺炎,猪油（板油）
小儿支原体肺炎,猪小排（猪肋排）
小儿支原体肺炎,猪里脊肉
小儿感冒,白扁豆
小儿感冒,猪油（板油）
小儿感冒,猪小排（猪肋排）
小儿感冒,猪里脊肉
哮喘,白扁豆
哮喘,猪油（板油）
哮喘,猪小排（猪肋排）
哮喘,猪蹄
小儿哮喘,杏仁
小儿哮喘,白扁豆
小儿哮喘,猪油（板油）
小儿哮喘,猪小排（猪肋排）
小儿肺炎,白扁豆
小儿肺炎,猪油（板油）
小儿肺炎,猪小排（猪肋排）
先天性肺囊肿,猪肉(肥瘦)
先天性肺囊肿,白扁豆
先天性肺囊肿,猪油（板油）
先天性肺囊肿,猪小排（猪肋排）
吸入性肺炎,啤酒
吸入性肺炎,白酒
吸入性肺炎,蜂蜜
吸入性肺炎,鸭
细菌性肺炎,啤酒
细菌性肺炎,白酒
细菌性肺炎,蜂蜜
细菌性肺炎,白扁豆
胸壁结核,啤酒
胸壁结核,白酒
胸壁结核,白扁豆
胸壁结核,猪油（板油）
淹溺,海蟹
淹溺,海虾
淹溺,海螺
淹溺,白扁豆
衣原体肺炎,啤酒
衣原体肺炎,白酒
衣原体肺炎,白扁豆
衣原体肺炎,黄酒
一氧化碳中毒,猪肉(肥瘦)
一氧化碳中毒,白扁豆
一氧化碳中毒,猪油（板油）
一氧化碳中毒,猪小排（猪肋排）
阻塞性肺气肿,猪肉(肥瘦)
阻塞性肺气肿,白扁豆
阻塞性肺气肿,猪油（板油）
阻塞性肺气肿,猪小排（猪肋排）
支原体肺炎,猪肉(肥瘦)
支原体肺炎,猪油（板油）
支原体肺炎,猪小排（猪肋排）
支原体肺炎,猪里脊肉
支气管扩张,猪肉(肥瘦)
支气管扩张,白扁豆
支气管扩张,猪油（板油）
支气管扩张,猪小排（猪肋排）
支气管肺炎,腐竹
支气管肺炎,白扁豆
支气管肺炎,猪油（板油）
支气管肺炎,猪小排（猪肋排）
变应性血管炎,啤酒
变应性血管炎,白酒
变应性血管炎,腐竹
变应性血管炎,白扁豆
病毒性心肌炎,猪肉(肥瘦)
病毒性心肌炎,白扁豆
病毒性心肌炎,猪油（板油）
病毒性心肌炎,猪小排（猪肋排）
病态窦房结综合征,白酒
病态窦房结综合征,白扁豆
病态窦房结综合征,猪油（板油）
病态窦房结综合征,猪小排（猪肋排）
川崎病,猪肉(肥瘦)
川崎病,白扁豆
川崎病,猪油（板油）
川崎病,猪小排（猪肋排）
穿透性心脏外伤,啤酒
穿透性心脏外伤,白酒
穿透性心脏外伤,白扁豆
穿透性心脏外伤,咸鸭蛋
窦性停搏,啤酒
窦性停搏,白酒
窦性停搏,白扁豆
窦性停搏,猪油（板油）
单心室,白扁豆
单心室,猪油（板油）
单心室,甜杏仁
单心室,鲮鱼罐头
单心房,啤酒
单心房,白酒
单心房,白扁豆
单心房,鲮鱼罐头
单纯性下肢静脉曲张,白扁豆
单纯性下肢静脉曲张,猪油（板油）
单纯性下肢静脉曲张,猪小排（猪肋排）
单纯性下肢静脉曲张,鲮鱼罐头
动脉硬化,鸡蛋
动脉硬化,鸡肉
动脉硬化,咸鸭蛋
动脉硬化,鸡蛋黄
动脉导管未闭,鸡肝
动脉导管未闭,腐竹
动脉导管未闭,白扁豆
动脉导管未闭,咸鸭蛋
窦性心动过速,杏仁
窦性心动过速,鸡肝
窦性心动过速,腐竹
窦性心动过速,咸鸭蛋
动脉瘤,杏仁
动脉瘤,鸡肝
动脉瘤,腐竹
动脉瘤,咸鸭蛋
二尖瓣关闭不全,杏仁
二尖瓣关闭不全,鸡肝
二尖瓣关闭不全,鹌鹑蛋
二尖瓣关闭不全,咸鸭蛋
二尖瓣狭窄,鸡肝
二尖瓣狭窄,咸鸭蛋
二尖瓣狭窄,鸡蛋黄
二尖瓣狭窄,鸡腿
肺性脑病,杏仁
肺性脑病,鸡肝
肺性脑病,咸鸭蛋
肺性脑病,鸡腿
风湿性二尖瓣狭窄,杏仁
风湿性二尖瓣狭窄,鸡肝
风湿性二尖瓣狭窄,咸鸭蛋
风湿性二尖瓣狭窄,鸡腿
风湿性二尖瓣关闭不全,杏仁
风湿性二尖瓣关闭不全,鸡肝
风湿性二尖瓣关闭不全,咸鸭蛋
风湿性二尖瓣关闭不全,鸡腿
肥厚型梗阻性心肌病,啤酒
肥厚型梗阻性心肌病,白酒
肥厚型梗阻性心肌病,咸鸭蛋
肥厚型梗阻性心肌病,鸡腿
房室管畸形,啤酒
房室管畸形,白酒
房室管畸形,咸鸭蛋
房室管畸形,鸡腿
法洛四联症,杏仁
法洛四联症,鸡肝
法洛四联症,腐竹
法洛四联症,咸鸭蛋
风湿热,杏仁
风湿热,鸡肝
风湿热,腐竹
风湿热,咸鸭蛋
肥厚型心肌病,杏仁
肥厚型心肌病,鸡肝
肥厚型心肌病,腐竹
肥厚型心肌病,咸鸭蛋
房室传导阻滞,杏仁
房室传导阻滞,鸡肝
房室传导阻滞,腐竹
房室传导阻滞,咸鸭蛋
肺动静脉瘘,杏仁
肺动静脉瘘,鸡肝
肺动静脉瘘,腐竹
肺动静脉瘘,咸鸭蛋
高血压危象,啤酒
高血压危象,白酒
高血压危象,赤砂糖
高血压危象,白砂糖
高血压,杏仁
高血压,鸡肝
高血压,腐竹
高血压,咸鸭蛋
感染性心内膜炎,杏仁
感染性心内膜炎,鸡肝
感染性心内膜炎,腐竹
感染性心内膜炎,咸鸭蛋
冠心病,白酒
冠心病,杏仁
冠心病,腐竹
冠心病,白扁豆
后天性三尖瓣关闭不全,啤酒
后天性三尖瓣关闭不全,白酒
后天性三尖瓣关闭不全,咸鸭蛋
后天性三尖瓣关闭不全,干腌菜
后天性动静脉瘘,腐竹
后天性动静脉瘘,白扁豆
后天性动静脉瘘,咸鱼
后天性动静脉瘘,咸鸭蛋
间歇性眼球突出症,啤酒
间歇性眼球突出症,白酒
间歇性眼球突出症,油豆腐
间歇性眼球突出症,油皮
急性心肌梗死,白酒
急性心肌梗死,鸭肉
急性心肌梗死,白砂糖
急性心肌梗死,干腌菜
酒精性心肌病,啤酒
酒精性心肌病,白酒
酒精性心肌病,腐竹
酒精性心肌病,咸鸭蛋
急性心功能不全,腐竹
急性心功能不全,白扁豆
急性心功能不全,猪油（板油）
急性心功能不全,淡菜(鲜)
急性感染性心内膜炎,腐竹
急性感染性心内膜炎,白扁豆
急性感染性心内膜炎,猪油（板油）
急性感染性心内膜炎,淡菜(鲜)
急性心包炎,腐竹
急性心包炎,白扁豆
急性心包炎,猪油（板油）
急性心包炎,淡菜(鲜)
急性心力衰竭,啤酒
急性心力衰竭,腐竹
急性心力衰竭,白扁豆
急性心力衰竭,淡菜(鲜)
甲亢,杏仁
甲亢,核桃
甲亢,松子仁
甲亢,白扁豆
扩张型心肌病,杏仁
扩张型心肌病,核桃
扩张型心肌病,松子仁
扩张型心肌病,干腌菜
慢性肺源性心脏病,杏仁
慢性肺源性心脏病,核桃
慢性肺源性心脏病,松子仁
慢性肺源性心脏病,腐竹
缺血性心肌病,杏仁
缺血性心肌病,核桃
缺血性心肌病,松子仁
缺血性心肌病,腐竹
四肢血栓性浅静脉炎,啤酒
四肢血栓性浅静脉炎,白酒
四肢血栓性浅静脉炎,杏仁
四肢血栓性浅静脉炎,咸鸭蛋
三尖瓣狭窄,啤酒
三尖瓣狭窄,白酒
三尖瓣狭窄,杏仁
三尖瓣狭窄,咸鸭蛋
三尖瓣关闭不全,啤酒
三尖瓣关闭不全,白酒
三尖瓣关闭不全,杏仁
三尖瓣关闭不全,咸鸭蛋
三尖瓣闭锁,啤酒
三尖瓣闭锁,白酒
三尖瓣闭锁,杏仁
三尖瓣闭锁,咸鸭蛋
完全性肺静脉异位回流,啤酒
完全性肺静脉异位回流,杏仁
完全性肺静脉异位回流,核桃
完全性肺静脉异位回流,松子仁
休克,啤酒
休克,白酒
休克,杏仁
休克,松子仁
血管瘤,白酒
血管瘤,杏仁
血管瘤,核桃
血管瘤,松子仁
先天性风疹,啤酒
先天性风疹,白酒
先天性风疹,杏仁
先天性风疹,松子仁
血栓闭塞性脉管炎,杏仁
血栓闭塞性脉管炎,核桃
血栓闭塞性脉管炎,松子仁
血栓闭塞性脉管炎,虾皮
胸降主动脉动脉瘤,啤酒
胸降主动脉动脉瘤,白酒
胸降主动脉动脉瘤,杏仁
胸降主动脉动脉瘤,松子仁
胸主动脉夹层动脉瘤,啤酒
胸主动脉夹层动脉瘤,杏仁
胸主动脉夹层动脉瘤,核桃
胸主动脉夹层动脉瘤,松子仁
心脏神经官能症,啤酒
心脏神经官能症,白酒
心脏神经官能症,杏仁
心脏神经官能症,松子仁
心内膜弹性纤维增生症,杏仁
心内膜弹性纤维增生症,核桃
心内膜弹性纤维增生症,松子仁
心内膜弹性纤维增生症,虾皮
心绞痛,螃蟹
心绞痛,核桃
心绞痛,蟹黄
心绞痛,虾皮
心肌梗塞并发心室间隔穿破,啤酒
心肌梗塞并发心室间隔穿破,白酒
心肌梗塞并发心室间隔穿破,杏仁
心肌梗塞并发心室间隔穿破,松子仁
心肌梗塞并发二尖瓣关闭不全,啤酒
心肌梗塞并发二尖瓣关闭不全,白酒
心肌梗塞并发二尖瓣关闭不全,杏仁
心肌梗塞并发二尖瓣关闭不全,松子仁
心肌梗死,白酒
心肌梗死,鸡肝
心肌梗死,白扁豆
心肌梗死,白砂糖
心功能障碍,杏仁
心功能障碍,鸡肝
心功能障碍,鸭肉
心功能障碍,鸡腿
心包囊肿,杏仁
心包囊肿,鸡肝
心包囊肿,鸭肉
心包囊肿,鸡腿
小儿高血压,啤酒
小儿高血压,白酒
小儿高血压,咸鸭蛋
小儿高血压,鸡蛋黄
小儿充血性心力衰竭,杏仁
小儿充血性心力衰竭,鸡肝
小儿充血性心力衰竭,咸鸭蛋
小儿充血性心力衰竭,鸡蛋黄
心肌梗塞并发左心室室壁瘤,杏仁
心肌梗塞并发左心室室壁瘤,鸡肝
心肌梗塞并发左心室室壁瘤,咸鸭蛋
心肌梗塞并发左心室室壁瘤,鸡蛋黄
先天性主动脉缩窄,白酒
先天性主动脉缩窄,鸡肝
先天性主动脉缩窄,咸鸭蛋
先天性主动脉缩窄,鸡蛋黄
先天性主动脉弓畸形,杏仁
先天性主动脉弓畸形,鸡肝
先天性主动脉弓畸形,咸鸭蛋
先天性主动脉弓畸形,鸡蛋黄
先天性主动脉瓣下狭窄,杏仁
先天性主动脉瓣下狭窄,鸡肝
先天性主动脉瓣下狭窄,咸鸭蛋
先天性主动脉瓣下狭窄,鸡蛋黄
先天性主动脉瓣上狭窄,杏仁
先天性主动脉瓣上狭窄,鸡肝
先天性主动脉瓣上狭窄,咸鸭蛋
先天性主动脉瓣上狭窄,鸡蛋黄
先天性动脉导管未闭,杏仁
先天性动脉导管未闭,鸡肝
先天性动脉导管未闭,咸鸭蛋
先天性动脉导管未闭,鸡蛋黄
先天性动静脉瘘,啤酒
先天性动静脉瘘,白酒
先天性动静脉瘘,鸡肝
先天性动静脉瘘,冰糖
先天性二尖瓣畸形,杏仁
先天性二尖瓣畸形,鸡肝
先天性二尖瓣畸形,白扁豆
先天性二尖瓣畸形,银鱼
心包积液,杏仁
心包积液,鸡肝
心包积液,白扁豆
心包积液,银鱼
心肌病,杏仁
心肌病,鸡肝
心肌病,白扁豆
心肌病,鹌鹑蛋
心律失常,杏仁
心律失常,鸡肝
心律失常,白扁豆
心律失常,银鱼
限制型心肌病,杏仁
限制型心肌病,鸡肝
限制型心肌病,白扁豆
限制型心肌病,银鱼
心房扑动与心房颤动,杏仁
心房扑动与心房颤动,鸡肝
心房扑动与心房颤动,白扁豆
心房扑动与心房颤动,银鱼
心室内传导阻滞,杏仁
心室内传导阻滞,鸡肝
心室内传导阻滞,白扁豆
心室内传导阻滞,银鱼
先天性主动脉瓣窦动脉瘤破裂,啤酒
先天性主动脉瓣窦动脉瘤破裂,白酒
先天性主动脉瓣窦动脉瘤破裂,杏仁
先天性主动脉瓣窦动脉瘤破裂,鸡肝
心包肿瘤,啤酒
心包肿瘤,白酒
心包肿瘤,杏仁
心包肿瘤,鸡肝
血管运动性鼻炎,白酒
血管运动性鼻炎,杏仁
血管运动性鼻炎,鸡肝
血管运动性鼻炎,白扁豆
胸腔积液,杏仁
胸腔积液,鸡肝
胸腔积液,白扁豆
胸腔积液,银鱼
心肌炎,白酒
心肌炎,杏仁
心肌炎,鸡肝
心肌炎,腐竹
心脏内粘液瘤,杏仁
心脏内粘液瘤,鸡肝
心脏内粘液瘤,腐竹
心脏内粘液瘤,白扁豆
心室间隔缺损,鸡肝
心室间隔缺损,白扁豆
心室间隔缺损,鸡蛋黄
心室间隔缺损,冰糖
羊水过多,白酒
羊水过多,杏仁
羊水过多,鸡肝
羊水过多,白扁豆
原发性下肢静脉瓣膜关闭不全,杏仁
原发性下肢静脉瓣膜关闭不全,鸡肝
原发性下肢静脉瓣膜关闭不全,白扁豆
原发性下肢静脉瓣膜关闭不全,银鱼
亚急性感染性心内膜炎,杏仁
亚急性感染性心内膜炎,鸡肝
亚急性感染性心内膜炎,白扁豆
亚急性感染性心内膜炎,咸鸭蛋
乙状窦血栓性静脉炎,杏仁
乙状窦血栓性静脉炎,鸡肝
乙状窦血栓性静脉炎,白扁豆
乙状窦血栓性静脉炎,银鱼
左心发育不良,杏仁
左心发育不良,鸡肝
左心发育不良,白扁豆
左心发育不良,银鱼
自发性血胸,白酒
自发性血胸,杏仁
自发性血胸,鸡肝
自发性血胸,油豆腐
主-肺动脉隔缺损,杏仁
主-肺动脉隔缺损,鸡肝
主-肺动脉隔缺损,白扁豆
主-肺动脉隔缺损,羊油
主动脉夹层,啤酒
主动脉夹层,白酒
主动脉夹层,鸡肝
主动脉夹层,黄酒
主动脉瓣狭窄合并关闭不全,啤酒
主动脉瓣狭窄合并关闭不全,杏仁
主动脉瓣狭窄合并关闭不全,鸡肝
主动脉瓣狭窄合并关闭不全,白扁豆
主动脉瓣膜部狭窄,杏仁
主动脉瓣膜部狭窄,鸡肝
主动脉瓣膜部狭窄,白扁豆
主动脉瓣膜部狭窄,银鱼
阵发性室上性心动过速,杏仁
阵发性室上性心动过速,鸡肝
阵发性室上性心动过速,白扁豆
阵发性室上性心动过速,鸡蛋黄
早搏,鸡肝
早搏,白扁豆
早搏,泥鳅
早搏,猪肚
主动脉瘤,杏仁
主动脉瘤,鸡肝
主动脉瘤,白扁豆
主动脉瘤,银鱼
主动脉瓣狭窄,杏仁
主动脉瓣狭窄,鸡肝
主动脉瓣狭窄,白扁豆
主动脉瓣狭窄,银鱼
主动脉瓣关闭不全,白扁豆
主动脉瓣关闭不全,沙丁鱼
主动脉瓣关闭不全,干腌菜
主动脉瓣关闭不全,银鱼
阵发性室性心动过速,白酒
阵发性室性心动过速,杏仁
阵发性室性心动过速,鸡肝
阵发性室性心动过速,鸭血(白鸭)
中暑衰竭,杏仁
中暑衰竭,鸡肝
中暑衰竭,白扁豆
中暑衰竭,鸭血(白鸭)
阿米巴肝脓肿,杏仁
阿米巴肝脓肿,鸡肝
阿米巴肝脓肿,白扁豆
阿米巴肝脓肿,鸭血(白鸭)
氨基甲酸酯类农药中毒,杏仁
氨基甲酸酯类农药中毒,鸡肝
氨基甲酸酯类农药中毒,白扁豆
氨基甲酸酯类农药中毒,鸭血(白鸭)
阿米巴肠病,杏仁
阿米巴肠病,鸡肝
阿米巴肠病,白扁豆
阿米巴肠病,鸭血(白鸭)
阿片类药物中毒,啤酒
阿片类药物中毒,白酒
阿片类药物中毒,鸡肝
阿片类药物中毒,鸭血(白鸭)
柏-查综合征,啤酒
柏-查综合征,白酒
柏-查综合征,鸡肝
柏-查综合征,鸭血(白鸭)
Brenneman综合征,啤酒
Brenneman综合征,白酒
Brenneman综合征,鸡肝
Brenneman综合征,鸭血(白鸭)
巴瑞特综合征,杏仁
巴瑞特综合征,鸡肝
巴瑞特综合征,白扁豆
巴瑞特综合征,银鱼
半乳糖血症,啤酒
半乳糖血症,麦芽糖
半乳糖血症,赤砂糖
半乳糖血症,白砂糖
暴发性肝功能衰竭,鸡蛋
暴发性肝功能衰竭,白酒
暴发性肝功能衰竭,鸡蛋清
暴发性肝功能衰竭,鸭血(白鸭)
鞭虫病,鸡蛋
鞭虫病,鸡蛋清
鞭虫病,鸭血(白鸭)
鞭虫病,鹅蛋
布卡综合症,啤酒
布卡综合症,麦芽糖
布卡综合症,白砂糖
布卡综合症,冰糖
暴发性肝炎样综合征,鸡蛋
暴发性肝炎样综合征,啤酒
暴发性肝炎样综合征,白酒
暴发性肝炎样综合征,鸡蛋清
便秘,鸡蛋
便秘,杏仁
便秘,核桃
便秘,鸡肝
吡唑酮类中毒,白酒
吡唑酮类中毒,杏仁
吡唑酮类中毒,鸡肝
吡唑酮类中毒,白扁豆
Barrett食管,白酒
Barrett食管,杏仁
Barrett食管,鸡肝
Barrett食管,白扁豆
贲门失弛缓症,杏仁
贲门失弛缓症,鸡肝
贲门失弛缓症,白扁豆
贲门失弛缓症,花生仁（炸）
钡中毒,杏仁
钡中毒,鸡肝
钡中毒,白扁豆
钡中毒,花生仁（炸）
变形杆菌食物中毒,杏仁
变形杆菌食物中毒,鸡肝
变形杆菌食物中毒,白扁豆
变形杆菌食物中毒,花生仁（炸）
蓖麻子中毒,杏仁
蓖麻子中毒,鸡肝
蓖麻子中毒,白扁豆
蓖麻子中毒,花生仁（炸）
铋中毒,杏仁
铋中毒,鸡肝
铋中毒,白扁豆
铋中毒,花生仁（炸）
丙型病毒性肝炎,杏仁
丙型病毒性肝炎,鸡肝
丙型病毒性肝炎,油豆腐
丙型病毒性肝炎,干腌菜
肠病性肢皮炎综合征,啤酒
肠病性肢皮炎综合征,白酒
肠病性肢皮炎综合征,鸡肝
肠病性肢皮炎综合征,干腌菜
肠道菌群失调症,杏仁
肠道菌群失调症,鸡肝
肠道菌群失调症,白扁豆
肠道菌群失调症,干腌菜
肠扭转综合征,啤酒
肠扭转综合征,白酒
肠扭转综合征,鸡肝
肠扭转综合征,干腌菜
肠气肿综合征,鸡肝
肠气肿综合征,麦芽糖
肠气肿综合征,赤砂糖
肠气肿综合征,白砂糖
肠系膜淋巴结结核,啤酒
肠系膜淋巴结结核,白酒
肠系膜淋巴结结核,鸡肝
肠系膜淋巴结结核,干腌菜
肠系膜上动脉压迫综合征,啤酒
肠系膜上动脉压迫综合征,白酒
肠系膜上动脉压迫综合征,杏仁
肠系膜上动脉压迫综合征,鸡肝
粗制棉子油中毒,啤酒
粗制棉子油中毒,白酒
粗制棉子油中毒,杏仁
粗制棉子油中毒,鸡肝
肠扭转,杏仁
肠扭转,鸡肝
肠扭转,鸡蛋黄
肠扭转,油皮
肠套叠,杏仁
肠套叠,鸡肝
肠套叠,芝麻
肠套叠,黑豆
肠间脓肿,啤酒
肠间脓肿,白酒
肠间脓肿,杏仁
肠间脓肿,鸡肝
残胃癌,啤酒
残胃癌,白酒
残胃癌,杏仁
残胃癌,鸡肝
残窦综合征,白酒
残窦综合征,杏仁
残窦综合征,鸡肝
残窦综合征,干腌菜
肠易激综合征,杏仁
肠易激综合征,鸡肝
肠易激综合征,白扁豆
肠易激综合征,干腌菜
肠梗阻,杏仁
肠梗阻,白扁豆
肠梗阻,田螺
肠梗阻,绿豆
苍耳中毒,杏仁
苍耳中毒,白扁豆
苍耳中毒,田螺
苍耳中毒,绿豆
肠道病毒所致各系统感染,啤酒
肠道病毒所致各系统感染,白酒
肠道病毒所致各系统感染,杏仁
肠道病毒所致各系统感染,绿豆
肠系膜上动脉栓塞,啤酒
肠系膜上动脉栓塞,白酒
肠系膜上动脉栓塞,杏仁
肠系膜上动脉栓塞,绿豆
肠道气囊肿症,啤酒
肠道气囊肿症,白酒
肠道气囊肿症,杏仁
肠道气囊肿症,绿豆
餐后血糖过低症,杏仁
餐后血糖过低症,白扁豆
餐后血糖过低症,田螺
餐后血糖过低症,绿豆
肠结核,啤酒
肠结核,白酒
肠结核,杏仁
肠结核,绿豆
肠系膜上静脉血栓形成,啤酒
肠系膜上静脉血栓形成,白酒
肠系膜上静脉血栓形成,杏仁
肠系膜上静脉血栓形成,鸡蛋黄
大网膜扭转,啤酒
大网膜扭转,白酒
大网膜扭转,杏仁
大网膜扭转,干腌菜
胆道运动功能障碍综合征,啤酒
胆道运动功能障碍综合征,白酒
胆道运动功能障碍综合征,杏仁
胆道运动功能障碍综合征,绿豆
胆道张力低下综合征,啤酒
胆道张力低下综合征,杏仁
胆道张力低下综合征,白扁豆
胆道张力低下综合征,绿豆
胆囊管综合征,白酒
胆囊管综合征,杏仁
胆囊管综合征,白扁豆
胆囊管综合征,绿豆
胆石性肠绞塞综合征,白酒
胆石性肠绞塞综合征,杏仁
胆石性肠绞塞综合征,白扁豆
胆石性肠绞塞综合征,绿豆
胆汁淤积性黄疸,白酒
胆汁淤积性黄疸,杏仁
胆汁淤积性黄疸,绿豆
胆汁淤积性黄疸,红葡萄酒
第五日综合征,白酒
第五日综合征,杏仁
第五日综合征,白扁豆
第五日综合征,绿豆
蛋白丧失胃肠综合征,白酒
蛋白丧失胃肠综合征,杏仁
蛋白丧失胃肠综合征,白扁豆
蛋白丧失胃肠综合征,绿豆
胆囊-结肠肝曲粘连综合征,白酒
胆囊-结肠肝曲粘连综合征,杏仁
胆囊-结肠肝曲粘连综合征,白扁豆
胆囊-结肠肝曲粘连综合征,绿豆
胆石症,白酒
胆石症,鹌鹑蛋
胆石症,鸡蛋黄
胆石症,松花蛋（鸭蛋）
胆囊切除术后综合征,鸡心
胆囊切除术后综合征,鹌鹑蛋
胆囊切除术后综合征,鸡腿
胆囊切除术后综合征,干腌菜
大肠息肉,大豆
大肠息肉,鸡肝
大肠息肉,鸡心
大肠息肉,鸡腿
多发性消化道息肉综合征,啤酒
多发性消化道息肉综合征,白酒
多发性消化道息肉综合征,鸡心
多发性消化道息肉综合征,鹌鹑蛋
大肠梗阻,鸡肝
大肠梗阻,鸡心
大肠梗阻,鹌鹑蛋
大肠梗阻,鸡腿
胆汁性肝硬化,鸡心
胆汁性肝硬化,鹌鹑蛋
胆汁性肝硬化,鸡腿
胆汁性肝硬化,干腌菜
丁型病毒性肝炎,啤酒
丁型病毒性肝炎,干腌菜
丁型病毒性肝炎,红葡萄酒
丁型病毒性肝炎,江米酒
胆汁返流性胃炎,白酒
胆汁返流性胃炎,鸡心
胆汁返流性胃炎,鹌鹑蛋
胆汁返流性胃炎,鸡腿
胆管癌,鸡肝
胆管癌,鸡心
胆管癌,鹌鹑蛋
胆管癌,鸡腿
大肠类癌,啤酒
大肠类癌,白酒
大肠类癌,鸡心
大肠类癌,鹌鹑蛋
毒蕈中毒,啤酒
毒蕈中毒,白酒
毒蕈中毒,鸡心
毒蕈中毒,鹌鹑蛋
敌鼠中毒,啤酒
敌鼠中毒,白酒
敌鼠中毒,鸡心
敌鼠中毒,鹌鹑蛋
大肠癌,鸡肝
大肠癌,鸡心
大肠癌,鹌鹑蛋
大肠癌,鸡腿
大肠恶性淋巴瘤,啤酒
大肠恶性淋巴瘤,白酒
大肠恶性淋巴瘤,鸡心
大肠恶性淋巴瘤,鹌鹑蛋
儿童腹痛,鸡肝
儿童腹痛,鸡心
儿童腹痛,鹌鹑蛋
儿童腹痛,鸡腿
呃逆症,鸡肝
呃逆症,鸡心
呃逆症,鹌鹑蛋
呃逆症,鸡腿
非溃疡消化不良,鸡肝
非溃疡消化不良,鸡心
非溃疡消化不良,鹌鹑蛋
非溃疡消化不良,鸡腿
腹腔动脉压迫综合征,鸡蛋
腹腔动脉压迫综合征,鸡心
腹腔动脉压迫综合征,鹌鹑蛋
腹腔动脉压迫综合征,鸡腿
Felty综合征,鸡蛋
Felty综合征,鸡心
Felty综合征,鹌鹑蛋
Felty综合征,鸡腿
腹痛,鸡肝
腹痛,鸡心
腹痛,鹌鹑蛋
腹痛,鸡腿
腹膜炎,杏仁
腹膜炎,核桃
腹膜炎,鹌鹑蛋
腹膜炎,鸡腿
腹泻,杏仁
腹泻,鹌鹑蛋
腹泻,松子（炒）
腹泻,鸡腿
反流性食管炎,杏仁
反流性食管炎,鹌鹑蛋
反流性食管炎,松子（炒）
反流性食管炎,鸡腿
沙门氏菌属食物中毒,杏仁
沙门氏菌属食物中毒,鹌鹑蛋
沙门氏菌属食物中毒,松子（炒）
沙门氏菌属食物中毒,鸡腿
放射性肠炎,杏仁
放射性肠炎,鹌鹑蛋
放射性肠炎,松子（炒）
放射性肠炎,鸡腿
发芽马铃薯中毒,杏仁
发芽马铃薯中毒,鹌鹑蛋
发芽马铃薯中毒,松子（炒）
发芽马铃薯中毒,鸡腿
副溶血性弧菌食物中毒,啤酒
副溶血性弧菌食物中毒,白酒
副溶血性弧菌食物中毒,鹌鹑蛋
副溶血性弧菌食物中毒,鸡腿
非寄生虫性肝囊肿,啤酒
非寄生虫性肝囊肿,白酒
非寄生虫性肝囊肿,鹌鹑蛋
非寄生虫性肝囊肿,鸡腿
非酒精性脂肪性肝病,啤酒
非酒精性脂肪性肝病,白酒
非酒精性脂肪性肝病,鹌鹑蛋
非酒精性脂肪性肝病,烤鸭
非霍乱弧菌感染,啤酒
非霍乱弧菌感染,白酒
非霍乱弧菌感染,鹌鹑蛋
非霍乱弧菌感染,干腌菜
肛门闭锁,啤酒
肛门闭锁,白酒
肛门闭锁,鹌鹑蛋
肛门闭锁,干腌菜
高锰酸钾中毒,啤酒
高锰酸钾中毒,白酒
高锰酸钾中毒,鹌鹑蛋
高锰酸钾中毒,干腌菜
肝纤维化,啤酒
肝纤维化,白酒
肝纤维化,鹌鹑蛋
肝纤维化,干腌菜
肝肺综合症,啤酒
肝肺综合症,白酒
肝肺综合症,鹌鹑蛋
肝肺综合症,鸡腿
肝性脊髓病,杏仁
肝性脊髓病,腐竹
肝性脊髓病,鹌鹑蛋
肝性脊髓病,鸡腿
肝炎双重感染,啤酒
肝炎双重感染,白酒
肝炎双重感染,鹌鹑蛋
肝炎双重感染,鸡腿
肝炎后综合征,啤酒
肝炎后综合征,白酒
肝炎后综合征,鹌鹑蛋
肝炎后综合征,鸡腿
肝性脑病,啤酒
肝性脑病,白酒
肝性脑病,鹌鹑蛋
肝性脑病,鸡腿
肝硬化,白扁豆
肝硬化,鹌鹑蛋
肝硬化,鸡腿
肝硬化,赤小豆
肝脓肿,鹌鹑蛋
肝脓肿,鸡蛋黄
肝脓肿,鸡腿
肝脓肿,赤小豆
功能性消化不良,白扁豆
功能性消化不良,鹌鹑蛋
功能性消化不良,鸡腿
功能性消化不良,赤小豆
钩虫病,啤酒
钩虫病,白酒
钩虫病,鹌鹑蛋
钩虫病,鸡腿
肝腺瘤,啤酒
肝腺瘤,白酒
肝腺瘤,鹌鹑蛋
肝腺瘤,鸡腿
肝外胆管损伤,啤酒
肝外胆管损伤,白酒
肝外胆管损伤,鹌鹑蛋
肝外胆管损伤,鸡腿
肝损伤,白扁豆
肝损伤,鹌鹑蛋
肝损伤,鸡腿
肝损伤,赤小豆
肝囊肿,杏仁
肝囊肿,腰果
肝囊肿,鸡肉
肝囊肿,咸鸭蛋
肝包虫囊肿,南瓜子仁
肝包虫囊肿,白扁豆
肝包虫囊肿,赤小豆
肝包虫囊肿,白果（鲜）
膈下脓肿,南瓜子仁
膈下脓肿,杏仁
膈下脓肿,核桃
膈下脓肿,腰果
肝血管瘤,南瓜子仁
肝血管瘤,啤酒
肝血管瘤,白酒
肝血管瘤,杏仁
钩虫性十二指肠炎综合征,南瓜子仁
钩虫性十二指肠炎综合征,啤酒
钩虫性十二指肠炎综合征,白酒
钩虫性十二指肠炎综合征,杏仁
膈先天性缺损,南瓜子仁
膈先天性缺损,啤酒
膈先天性缺损,白酒
膈先天性缺损,杏仁
膈疝,啤酒
膈疝,白酒
膈疝,杏仁
膈疝,干腌菜
肛管、直肠、结肠狭窄,南瓜子仁
肛管、直肠、结肠狭窄,白酒
肛管、直肠、结肠狭窄,杏仁
肛管、直肠、结肠狭窄,干腌菜
膈扑动,南瓜子仁
膈扑动,白酒
膈扑动,杏仁
膈扑动,干腌菜
含亚硝酸盐类植物性食物中毒,南瓜子仁
含亚硝酸盐类植物性食物中毒,啤酒
含亚硝酸盐类植物性食物中毒,杏仁
含亚硝酸盐类植物性食物中毒,核桃
回盲瓣综合征,南瓜子仁
回盲瓣综合征,栗子（熟）
回盲瓣综合征,杏仁
回盲瓣综合征,核桃
活动盲肠综合征,南瓜子仁
活动盲肠综合征,栗子（熟）
活动盲肠综合征,杏仁
活动盲肠综合征,核桃
横膈下结肠嵌入综合征,南瓜子仁
横膈下结肠嵌入综合征,杏仁
横膈下结肠嵌入综合征,核桃
横膈下结肠嵌入综合征,白果（鲜）
黄疸,南瓜子仁
黄疸,白酒
黄疸,绿豆
黄疸,白果（鲜）
黑色素斑-胃肠多发性息肉综合征,南瓜子仁
黑色素斑-胃肠多发性息肉综合征,黑豆
黑色素斑-胃肠多发性息肉综合征,绿豆
黑色素斑-胃肠多发性息肉综合征,白果（鲜）
蛔虫病,南瓜子仁
蛔虫病,黑豆
蛔虫病,绿豆
蛔虫病,白果（鲜）
结、直肠黑变病,南瓜子仁
结、直肠黑变病,黑豆
结、直肠黑变病,绿豆
结、直肠黑变病,白果（鲜）
结肠粪性穿孔,南瓜子仁
结肠粪性穿孔,黑豆
结肠粪性穿孔,绿豆
结肠粪性穿孔,白果（鲜）
甲醇中毒,南瓜子仁
甲醇中毒,黑豆
甲醇中毒,绿豆
甲醇中毒,白果（鲜）
局部麻醉药中毒,南瓜子仁
局部麻醉药中毒,黑豆
局部麻醉药中毒,绿豆
局部麻醉药中毒,白果（鲜）
结核性腹膜炎,南瓜子仁
结核性腹膜炎,黑豆
结核性腹膜炎,绿豆
结核性腹膜炎,白果（鲜）
急性胃扩张,南瓜子仁
急性胃扩张,黑豆
急性胃扩张,绿豆
急性胃扩张,白果（鲜）
急性化脓性胆管炎,南瓜子仁
急性化脓性胆管炎,杏仁
急性化脓性胆管炎,绿豆
急性化脓性胆管炎,白果（鲜）
急性出血性坏死性肠炎,南瓜子仁
急性出血性坏死性肠炎,黑豆
急性出血性坏死性肠炎,绿豆
急性出血性坏死性肠炎,白果（鲜）
结肠闭锁,南瓜子仁
结肠闭锁,黑豆
结肠闭锁,绿豆
结肠闭锁,白果（鲜）
结肠直肠损伤,南瓜子仁
结肠直肠损伤,黑豆
结肠直肠损伤,绿豆
结肠直肠损伤,白果（鲜）
结核性肠系膜淋巴结炎,南瓜子仁
结核性肠系膜淋巴结炎,黑豆
结核性肠系膜淋巴结炎,绿豆
结核性肠系膜淋巴结炎,白果（鲜）
结肠扭转,白酒
结肠扭转,银鱼
结肠扭转,虾皮
结肠扭转,小龙虾
结肠瘘,南瓜子仁
结肠瘘,黑豆
结肠瘘,绿豆
结肠瘘,白果（鲜）
结肠癌,南瓜子仁
结肠癌,黑豆
结肠癌,绿豆
结肠癌,白果（鲜）
急性胃粘膜病变,南瓜子仁
急性胃粘膜病变,黑豆
急性胃粘膜病变,绿豆
急性胃粘膜病变,白果（鲜）
急性腐蚀性胃炎,南瓜子仁
急性腐蚀性胃炎,黑豆
急性腐蚀性胃炎,绿豆
急性腐蚀性胃炎,白果（鲜）
急性单纯性胃炎,南瓜子仁
急性单纯性胃炎,黑豆
急性单纯性胃炎,绿豆
急性单纯性胃炎,白果（鲜）
假膜性肠炎,南瓜子仁
假膜性肠炎,葵花子仁
假膜性肠炎,绿豆
假膜性肠炎,白果（鲜）
家族性结肠息肉,南瓜子仁
家族性结肠息肉,黑豆
家族性结肠息肉,绿豆
家族性结肠息肉,白果（鲜）
急性腹膜炎,南瓜子仁
急性腹膜炎,黑豆
急性腹膜炎,绿豆
急性腹膜炎,白果（鲜）
酒精性肝病,南瓜子仁
酒精性肝病,黑豆
酒精性肝病,绿豆
酒精性肝病,白果（鲜）
甲型肝炎,南瓜子仁
甲型肝炎,烤鸭
甲型肝炎,鸡蛋黄
甲型肝炎,白果（鲜）
急性胃肠炎,南瓜子仁
急性胃肠炎,黑豆
急性胃肠炎,绿豆
急性胃肠炎,白果（鲜）
结肠息肉,南瓜子仁
结肠息肉,黑豆
结肠息肉,绿豆
结肠息肉,白果（鲜）
急性胃炎,南瓜子仁
急性胃炎,白酒
急性胃炎,绿豆
急性胃炎,白果（鲜）
急性阑尾炎,南瓜子仁
急性阑尾炎,黑豆
急性阑尾炎,绿豆
急性阑尾炎,白果（鲜）
巨膀胱-小结肠-肠蠕动不良综合征,南瓜子仁
巨膀胱-小结肠-肠蠕动不良综合征,黑豆
巨膀胱-小结肠-肠蠕动不良综合征,绿豆
巨膀胱-小结肠-肠蠕动不良综合征,白果（鲜）
结缔组织性肠炎,南瓜子仁
结缔组织性肠炎,黑豆
结缔组织性肠炎,绿豆
结缔组织性肠炎,白果（鲜）
急性腹型-高脂血症综合征,南瓜子仁
急性腹型-高脂血症综合征,啤酒
急性腹型-高脂血症综合征,白酒
急性腹型-高脂血症综合征,白果（鲜）
急性胆囊炎,南瓜子仁
急性胆囊炎,鸡蛋
急性胆囊炎,绿豆
急性胆囊炎,白果（鲜）
吉尔伯特综合征,南瓜子仁
吉尔伯特综合征,白酒
吉尔伯特综合征,绿豆
吉尔伯特综合征,白果（鲜）
结石性胆囊炎,啤酒
结石性胆囊炎,白酒
结石性胆囊炎,腰果
结石性胆囊炎,桃仁
急性胰腺炎,南瓜子仁
急性胰腺炎,黑豆
急性胰腺炎,绿豆
急性胰腺炎,白果（鲜）
结肠损伤,南瓜子仁
结肠损伤,黑豆
结肠损伤,绿豆
结肠损伤,白果（鲜）
可拉明中毒,南瓜子仁
可拉明中毒,白酒
可拉明中毒,绿豆
可拉明中毒,白果（鲜）
奎宁中毒,南瓜子仁
奎宁中毒,白酒
奎宁中毒,绿豆
奎宁中毒,白果（鲜）
克罗恩病,南瓜子仁
克罗恩病,黑豆
克罗恩病,绿豆
克罗恩病,白果（鲜）
α1-抗胰蛋白酶缺乏症,南瓜子仁
α1-抗胰蛋白酶缺乏症,葵花子仁
α1-抗胰蛋白酶缺乏症,松花蛋（鸭蛋）
α1-抗胰蛋白酶缺乏症,白果（鲜）
溃疡性结肠炎,南瓜子仁
溃疡性结肠炎,啤酒
溃疡性结肠炎,白酒
溃疡性结肠炎,花生仁（炸）
磷中毒,南瓜子仁
磷中毒,啤酒
磷中毒,白酒
磷中毒,白果（鲜）
轮状病毒所致胃肠炎,南瓜子仁
轮状病毒所致胃肠炎,啤酒
轮状病毒所致胃肠炎,白酒
轮状病毒所致胃肠炎,白果（鲜）
类癌,南瓜子仁
类癌,啤酒
类癌,白酒
类癌,白果（鲜）
氯丙嗪类中毒,南瓜子仁
氯丙嗪类中毒,啤酒
氯丙嗪类中毒,白酒
氯丙嗪类中毒,白果（鲜）
氯喹中毒,南瓜子仁
氯喹中毒,啤酒
氯喹中毒,白酒
氯喹中毒,干腌菜
淋菌性肛门直肠炎,南瓜子仁
淋菌性肛门直肠炎,啤酒
淋菌性肛门直肠炎,白酒
淋菌性肛门直肠炎,白果（鲜）
阑尾寄生虫病,南瓜子仁
阑尾寄生虫病,啤酒
阑尾寄生虫病,白酒
阑尾寄生虫病,白果（鲜）
轮状病毒性肠炎,南瓜子仁
轮状病毒性肠炎,鸡蛋
轮状病毒性肠炎,啤酒
轮状病毒性肠炎,白酒
良性阵发性腹膜炎综合征,南瓜子仁
良性阵发性腹膜炎综合征,鹿肉
良性阵发性腹膜炎综合征,绿豆
良性阵发性腹膜炎综合征,白果（鲜）
痢疾后综合症,南瓜子仁
痢疾后综合症,黑豆
痢疾后综合症,绿豆
痢疾后综合症,白果（鲜）
蓝色橡皮泡痣综合症,南瓜子仁
蓝色橡皮泡痣综合症,啤酒
蓝色橡皮泡痣综合症,绿豆
蓝色橡皮泡痣综合症,白果（鲜）
老年急性阑尾炎,南瓜子仁
老年急性阑尾炎,啤酒
老年急性阑尾炎,白酒
老年急性阑尾炎,杏仁
淋巴结-胆道综合征,南瓜子仁
淋巴结-胆道综合征,啤酒
淋巴结-胆道综合征,绿豆
淋巴结-胆道综合征,白果（鲜）
郎-奥韦综合征,南瓜子仁
郎-奥韦综合征,啤酒
郎-奥韦综合征,白酒
郎-奥韦综合征,白果（鲜）
旅游者腹泻,南瓜子仁
旅游者腹泻,黑豆
旅游者腹泻,绿豆
旅游者腹泻,白果（鲜）
慢性胰腺炎,南瓜子仁
慢性胰腺炎,黑豆
慢性胰腺炎,绿豆
慢性胰腺炎,白果（鲜）
Milk-Alkali综合征,南瓜子仁
Milk-Alkali综合征,黑豆
Milk-Alkali综合征,绿豆
Milk-Alkali综合征,白果（鲜）
麦胶性肠病,南瓜子仁
麦胶性肠病,黑豆
麦胶性肠病,绿豆
麦胶性肠病,白果（鲜）
慢性溃疡性结肠炎,南瓜子仁
慢性溃疡性结肠炎,啤酒
慢性溃疡性结肠炎,白酒
弥漫性食管痉挛,南瓜子仁
弥漫性食管痉挛,黑豆
弥漫性食管痉挛,绿豆
弥漫性食管痉挛,白果（鲜）
慢性胃炎,南瓜子仁
慢性胃炎,花生
慢性胃炎,绿豆
慢性胃炎,白果（鲜）
毛石肠梗阻综合征,南瓜子仁
毛石肠梗阻综合征,啤酒
毛石肠梗阻综合征,白酒
毛石肠梗阻综合征,白果（鲜）
盲袢综合征,南瓜子仁
盲袢综合征,啤酒
盲袢综合征,白酒
盲袢综合征,白果（鲜）
农药中毒,南瓜子仁
农药中毒,黑豆
农药中毒,绿豆
农药中毒,白果（鲜）
浓缩胆汁综合征,南瓜子仁
浓缩胆汁综合征,啤酒
浓缩胆汁综合征,白酒
浓缩胆汁综合征,干腌菜
诺沃克类病毒胃肠炎,南瓜子仁
诺沃克类病毒胃肠炎,啤酒
诺沃克类病毒胃肠炎,白酒
诺沃克类病毒胃肠炎,白果（鲜）
粘连性肠梗阻,南瓜子仁
粘连性肠梗阻,黑豆
粘连性肠梗阻,绿豆
粘连性肠梗阻,白果（鲜）
囊性纤维化,南瓜子仁
囊性纤维化,啤酒
囊性纤维化,白酒
囊性纤维化,白果（鲜）
脾破裂,南瓜子仁
脾破裂,黑豆
脾破裂,绿豆
脾破裂,白果（鲜）
葡萄球菌食物中毒,南瓜子仁
葡萄球菌食物中毒,啤酒
葡萄球菌食物中毒,白酒
葡萄球菌食物中毒,白果（鲜）
硼酸中毒,南瓜子仁
硼酸中毒,啤酒
硼酸中毒,白酒
硼酸中毒,白果（鲜）
脾功能亢进,杏仁
脾功能亢进,黑豆
脾功能亢进,绿豆
脾功能亢进,腊肉（烟肉）
脾-肝综合征,南瓜子仁
脾-肝综合征,啤酒
脾-肝综合征,白酒
脾-肝综合征,白果（鲜）
Plummer-Vinson综合征,南瓜子仁
Plummer-Vinson综合征,啤酒
Plummer-Vinson综合征,白酒
Plummer-Vinson综合征,白果（鲜）
贲门癌,南瓜子仁
贲门癌,银鱼
贲门癌,白果（鲜）
贲门癌,小龙虾
盆底痉挛综合症,南瓜子仁
盆底痉挛综合症,鹿肉
盆底痉挛综合症,绿豆
盆底痉挛综合症,白果（鲜）
强酸、强碱中毒,南瓜子仁
强酸、强碱中毒,白酒
强酸、强碱中毒,绿豆
强酸、强碱中毒,白果（鲜）
汽油、煤油中毒,南瓜子仁
汽油、煤油中毒,白酒
汽油、煤油中毒,绿豆
汽油、煤油中毒,白果（鲜）
汽油中毒,南瓜子仁
汽油中毒,啤酒
汽油中毒,绿豆
汽油中毒,白果（鲜）
强碱类中毒,南瓜子仁
强碱类中毒,白酒
强碱类中毒,核桃
强碱类中毒,白果（鲜）
驱蛔灵中毒,南瓜子仁
驱蛔灵中毒,啤酒
驱蛔灵中毒,白酒
驱蛔灵中毒,白果（鲜）
缺血性结肠炎,南瓜子仁
缺血性结肠炎,白酒
缺血性结肠炎,绿豆
缺血性结肠炎,白果（鲜）
缺血性肝炎,南瓜子仁
缺血性肝炎,啤酒
缺血性肝炎,鸡蛋黄
缺血性肝炎,白果（鲜）
倾倒综合征,南瓜子仁
倾倒综合征,啤酒
倾倒综合征,绿豆
倾倒综合征,白果（鲜）
铅中毒,银鱼
铅中毒,黑豆
铅中毒,绿豆
铅中毒,松花蛋（鸭蛋）
乳头状腺瘤,南瓜子仁
乳头状腺瘤,白酒
乳头状腺瘤,绿豆
乳头状腺瘤,白果（鲜）
热带口炎性腹泻,南瓜子仁
热带口炎性腹泻,啤酒
热带口炎性腹泻,白酒
热带口炎性腹泻,白果（鲜）
瑞氏综合症,南瓜子仁
瑞氏综合症,啤酒
瑞氏综合症,白酒
瑞氏综合症,干腌菜
杀虫脒中毒,南瓜子仁
杀虫脒中毒,啤酒
杀虫脒中毒,白酒
嗜酸细胞性胃肠炎,南瓜子仁
嗜酸细胞性胃肠炎,啤酒
嗜酸细胞性胃肠炎,白酒
嗜酸细胞性胃肠炎,白果（鲜）
食管异物,南瓜子仁
食管异物,银鱼
食管异物,白果（鲜）
食管异物,小龙虾
十二指肠先天性缺如、闭锁和狭窄,南瓜子仁
十二指肠先天性缺如、闭锁和狭窄,黑豆
十二指肠先天性缺如、闭锁和狭窄,绿豆
十二指肠先天性缺如、闭锁和狭窄,白果（鲜）
神经性呕吐,南瓜子仁
神经性呕吐,啤酒
神经性呕吐,白酒
神经性呕吐,白果（鲜）
食管癌,田螺
食管癌,银鱼
食管癌,虾皮
食管癌,小龙虾
上消化道出血,银鱼
上消化道出血,黑豆
上消化道出血,绿豆
上消化道出血,白果（鲜）
十二指肠憩室梗阻性黄疸综合征,南瓜子仁
十二指肠憩室梗阻性黄疸综合征,啤酒
十二指肠憩室梗阻性黄疸综合征,白酒
十二指肠憩室梗阻性黄疸综合征,白果（鲜）
神经型食物中毒,南瓜子仁
神经型食物中毒,啤酒
神经型食物中毒,白酒
神经型食物中毒,白果（鲜）
食物中毒,鸡蛋黄
食物中毒,蛏子
食物中毒,咸肉
食物中毒,腊肉(生)
食管失弛缓症,南瓜子仁
食管失弛缓症,啤酒
食管失弛缓症,白酒
食管失弛缓症,白果（鲜）
食管憩室,南瓜子仁
食管憩室,啤酒
食管憩室,白酒
食管憩室,白果（鲜）
食管破裂,南瓜子仁
食管破裂,啤酒
食管破裂,白酒
食管破裂,白果（鲜）
食管平滑肌瘤,南瓜子仁
食管平滑肌瘤,啤酒
食管平滑肌瘤,白酒
食管平滑肌瘤,白果（鲜）
食管瘢痕性狭窄,南瓜子仁
食管瘢痕性狭窄,啤酒
食管瘢痕性狭窄,白酒
食管瘢痕性狭窄,白果（鲜）
食管贲门粘膜撕裂综合征,南瓜子仁
食管贲门粘膜撕裂综合征,啤酒
食管贲门粘膜撕裂综合征,白酒
食管贲门粘膜撕裂综合征,干腌菜
输入袢综合征,南瓜子仁
输入袢综合征,啤酒
输入袢综合征,白酒
输入袢综合征,白果（鲜）
食管损伤,银鱼
食管损伤,虾皮
食管损伤,小龙虾
食管损伤,罗非鱼
十二指肠憩室,南瓜子仁
十二指肠憩室,啤酒
十二指肠憩室,白酒
十二指肠憩室,白果（鲜）
神经性肠梗阻综合症,南瓜子仁
神经性肠梗阻综合症,啤酒
神经性肠梗阻综合症,白酒
神经性肠梗阻综合症,白果（鲜）
杀鼠剂中毒,南瓜子仁
杀鼠剂中毒,啤酒
杀鼠剂中毒,白酒
杀鼠剂中毒,白果（鲜）
嗜酸性细胞胃肠炎,南瓜子仁
嗜酸性细胞胃肠炎,黑豆
嗜酸性细胞胃肠炎,绿豆
嗜酸性细胞胃肠炎,白果（鲜）
特发性腹膜后纤维化,南瓜子仁
特发性腹膜后纤维化,啤酒
特发性腹膜后纤维化,白酒
特发性腹膜后纤维化,白果（鲜）
糖原累积症,南瓜子仁
糖原累积症,黑豆
糖原累积症,绿豆
糖原累积症,白果（鲜）
特发性非硬化性门脉高压综合征,南瓜子仁
特发性非硬化性门脉高压综合征,啤酒
特发性非硬化性门脉高压综合征,白酒
特发性非硬化性门脉高压综合征,干腌菜
胃癌,螃蟹
胃癌,鸭肉
胃癌,泥鳅
胃癌,小龙虾
无机磷中毒,南瓜子仁
无机磷中毒,啤酒
无机磷中毒,白酒
无机磷中毒,鸭掌
五氯酚钠中毒,南瓜子仁
五氯酚钠中毒,啤酒
五氯酚钠中毒,白酒
五氯酚钠中毒,鸭掌
胃损伤,南瓜子仁
胃损伤,啤酒
胃损伤,白酒
胃损伤,鸭掌
胃下垂,螃蟹
胃下垂,海螺
胃下垂,鸭肉
胃下垂,泥鳅
胃扭转,海螺
胃扭转,泥鳅
胃扭转,羊肝
胃扭转,火腿
胃空肠输入袢综合征,南瓜子仁
胃空肠输入袢综合征,啤酒
胃空肠输入袢综合征,白酒
胃空肠输入袢综合征,白果（鲜）
胃节律紊乱综合征,南瓜子仁
胃节律紊乱综合征,啤酒
胃节律紊乱综合征,白酒
胃节律紊乱综合征,白果（鲜）
胃、十二指肠溃疡急性穿孔,海螺
胃、十二指肠溃疡急性穿孔,鱼腥草
胃、十二指肠溃疡急性穿孔,腊肉(生)
胃、十二指肠溃疡急性穿孔,兔肉
胃、十二指肠溃疡出血,辣椒(红、尖、干)
胃、十二指肠溃疡出血,腊肉(生)
胃、十二指肠溃疡出血,兔肉
胃、十二指肠溃疡出血,木耳菜
胃肠型食物中毒,南瓜子仁
胃肠型食物中毒,啤酒
胃肠型食物中毒,白酒
胃肠型食物中毒,白果（鲜）
胃泌素瘤,南瓜子仁
胃泌素瘤,啤酒
胃泌素瘤,白酒
胃泌素瘤,白果（鲜）
胃肠食物不耐受症,南瓜子仁
胃肠食物不耐受症,啤酒
胃肠食物不耐受症,白酒
胃肠食物不耐受症,白果（鲜）
胃肠道功能紊乱,南瓜子仁
胃肠道功能紊乱,白扁豆
胃肠道功能紊乱,赤小豆
胃肠道功能紊乱,白果（鲜）
胃粘膜脱垂症,南瓜子仁
胃粘膜脱垂症,啤酒
胃粘膜脱垂症,白酒
胃粘膜脱垂症,白果（鲜）
胃切除后胆汁返流性胃炎,南瓜子仁
胃切除后胆汁返流性胃炎,啤酒
胃切除后胆汁返流性胃炎,白酒
胃切除后胆汁返流性胃炎,白果（鲜）
胃潴留,南瓜子仁
胃潴留,啤酒
胃潴留,白酒
胃潴留,白果（鲜）
胃病,螃蟹
胃病,鸭肉
胃病,田螺
胃病,鸭掌
无胆色素尿性黄疸综合征,啤酒
无胆色素尿性黄疸综合征,白酒
无胆色素尿性黄疸综合征,绿豆
无胆色素尿性黄疸综合征,鸭掌
吻合口溃疡,啤酒
吻合口溃疡,白酒
吻合口溃疡,绿豆
吻合口溃疡,鸭掌
戊型病毒性肝炎,啤酒
戊型病毒性肝炎,白酒
戊型病毒性肝炎,绿豆
戊型病毒性肝炎,鸭掌
网膜肿瘤,白酒
网膜肿瘤,绿豆
网膜肿瘤,松花蛋（鸭蛋）
网膜肿瘤,鸭掌
网膜原发性节段性梗死,白扁豆
网膜原发性节段性梗死,绿豆
网膜原发性节段性梗死,赤小豆
网膜原发性节段性梗死,鸭掌
网膜炎,白酒
网膜炎,绿豆
网膜炎,赤小豆
网膜炎,鸭掌
伪膜性肠炎,啤酒
伪膜性肠炎,白酒
伪膜性肠炎,咸鸭蛋
伪膜性肠炎,鸭掌
胃息肉,啤酒
胃息肉,白酒
胃息肉,咸鸭蛋
胃息肉,鸭掌
胃良性肿瘤,啤酒
胃良性肿瘤,白酒
胃良性肿瘤,咸鸭蛋
胃良性肿瘤,鸭掌
小肠损伤,啤酒
小肠损伤,白酒
小肠损伤,咸鸭蛋
小肠损伤,鸭掌
小儿时期常见的呕吐,咸鸭蛋
小儿时期常见的呕吐,绿豆
小儿时期常见的呕吐,赤小豆
小儿时期常见的呕吐,鸭掌
蝎子螫伤,咸鸭蛋
蝎子螫伤,绿豆
蝎子螫伤,赤小豆
蝎子螫伤,鸭掌
锌中毒,啤酒
锌中毒,白酒
锌中毒,咸鸭蛋
锌中毒,鸭掌
消化性溃疡,洋葱
消化性溃疡,杏仁
消化性溃疡,鱼腥草
消化性溃疡,泥鳅
消化道重复畸形,杏仁
消化道重复畸形,核桃
消化道重复畸形,芝麻
消化道重复畸形,青豆
小肠系膜损伤,杏仁
小肠系膜损伤,芝麻
小肠系膜损伤,绿豆
小肠系膜损伤,青豆
小儿厌食症,洋葱
小儿厌食症,鱼腥草
小儿厌食症,香菜
小儿厌食症,茼蒿
先天性巨结肠,白酒
先天性巨结肠,杏仁
先天性巨结肠,芝麻
先天性巨结肠,油豆腐
小儿呕吐,洋葱
小儿呕吐,辣椒(红、尖、干)
小儿呕吐,鱼腥草
小儿呕吐,河蚌
小儿急性胆囊炎,杏仁
小儿急性胆囊炎,芝麻
小儿急性胆囊炎,油豆腐
小儿急性胆囊炎,干腌菜
小肠瘘,杏仁
小肠瘘,芝麻
小肠瘘,干腌菜
小肠瘘,青豆
细菌性肝脓肿,啤酒
细菌性肝脓肿,白酒
细菌性肝脓肿,芝麻
细菌性肝脓肿,干腌菜
下消化道出血,洋葱
下消化道出血,鱼腥草
下消化道出血,干腌菜
下消化道出血,腊肉（烟肉）
小儿消化性溃疡,洋葱
小儿消化性溃疡,香菜
小儿消化性溃疡,干腌菜
小儿消化性溃疡,腊肉（烟肉）
小肠吸收不良综合征,白酒
小肠吸收不良综合征,杏仁
小肠吸收不良综合征,芝麻
小肠吸收不良综合征,干腌菜
小儿急性胰腺炎,啤酒
小儿急性胰腺炎,白酒
小儿急性胰腺炎,芝麻
小儿急性胰腺炎,干腌菜
心源性肝硬化,啤酒
心源性肝硬化,白酒
心源性肝硬化,芝麻
心源性肝硬化,干腌菜
溴中毒,啤酒
溴中毒,白酒
溴中毒,芝麻
溴中毒,干腌菜
血吸虫肠病,啤酒
血吸虫肠病,白酒
血吸虫肠病,芝麻
血吸虫肠病,干腌菜
吸收不良综合征,啤酒
吸收不良综合征,白酒
吸收不良综合征,芝麻
吸收不良综合征,干腌菜
心血管和血栓栓塞综合征,杏仁
心血管和血栓栓塞综合征,芝麻
心血管和血栓栓塞综合征,油豆腐
心血管和血栓栓塞综合征,干腌菜
消化道出血,白酒
消化道出血,干腌菜
消化道出血,泥鳅
消化道出血,虾米
消化系癌伴血液病综合征,杏仁
消化系癌伴血液病综合征,芝麻
消化系癌伴血液病综合征,干腌菜
消化系癌伴血液病综合征,青豆
先天性梅毒性肝硬化,杏仁
先天性梅毒性肝硬化,核桃
先天性梅毒性肝硬化,芝麻
先天性梅毒性肝硬化,干腌菜
血色病,杏仁
血色病,芝麻
血色病,干腌菜
血色病,青豆
细菌性痢疾,螃蟹
细菌性痢疾,白酒
细菌性痢疾,田螺
细菌性痢疾,泥鳅
消化道憩室病,白酒
消化道憩室病,白扁豆
消化道憩室病,鸭血(白鸭)
消化道憩室病,绿豆
小儿先天性巨结肠,白酒
小儿先天性巨结肠,白扁豆
小儿先天性巨结肠,鸭血(白鸭)
小儿先天性巨结肠,绿豆
乙酰苯胺类中毒,白扁豆
乙酰苯胺类中毒,干腌菜
乙酰苯胺类中毒,鸭血(白鸭)
乙酰苯胺类中毒,绿豆
有机氯杀虫剂中毒,啤酒
有机氯杀虫剂中毒,白酒
有机氯杀虫剂中毒,鸭血(白鸭)
有机氯杀虫剂中毒,绿豆
幽门梗阻,田螺
幽门梗阻,蛏子
幽门梗阻,猪肉(肥)
幽门梗阻,猪脑
原发性肝内硬化综合征,白酒
原发性肝内硬化综合征,白扁豆
原发性肝内硬化综合征,鸭血(白鸭)
原发性肝内硬化综合征,绿豆
胰腺损伤,啤酒
胰腺损伤,白酒
胰腺损伤,油豆腐
胰腺损伤,鸭血(白鸭)
胰腺假性囊肿,白酒
胰腺假性囊肿,白扁豆
胰腺假性囊肿,鸭血(白鸭)
胰腺假性囊肿,绿豆
药物性胃病,白扁豆
药物性胃病,田螺
药物性胃病,鸭血(白鸭)
药物性胃病,绿豆
原发性胆汁性肝硬化,白扁豆
原发性胆汁性肝硬化,田螺
原发性胆汁性肝硬化,鸭血(白鸭)
原发性胆汁性肝硬化,绿豆
营养不良性肝硬化,白扁豆
营养不良性肝硬化,油豆腐
营养不良性肝硬化,鸭血(白鸭)
营养不良性肝硬化,绿豆
药物性肝硬化,白酒
药物性肝硬化,白扁豆
药物性肝硬化,鸭血(白鸭)
药物性肝硬化,绿豆
亚硝酸盐中毒,白扁豆
亚硝酸盐中毒,田螺
亚硝酸盐中毒,鸭血(白鸭)
亚硝酸盐中毒,绿豆
药物性肝病,啤酒
药物性肝病,白酒
药物性肝病,咸鸭蛋
药物性肝病,鸭血(白鸭)
乙肝,啤酒
乙肝,咸鱼
乙肝,咸鸭蛋
乙肝,鸭血(白鸭)
胰胆汁综合征,白酒
胰胆汁综合征,白扁豆
胰胆汁综合征,咸鸭蛋
胰胆汁综合征,鸭血(白鸭)
原发性腹膜后肿瘤,啤酒
原发性腹膜后肿瘤,白酒
原发性腹膜后肿瘤,咸鸭蛋
原发性腹膜后肿瘤,鸭血(白鸭)
鱼肝中毒,啤酒
鱼肝中毒,白酒
鱼肝中毒,咸鸭蛋
鱼肝中毒,鸭血(白鸭)
鱼胆中毒,啤酒
鱼胆中毒,白酒
鱼胆中毒,咸鸭蛋
鱼胆中毒,鸭血(白鸭)
原发性肝癌,啤酒
原发性肝癌,白酒
原发性肝癌,咸鸭蛋
原发性肝癌,干腌菜
真菌性食物中毒,啤酒
真菌性食物中毒,白酒
真菌性食物中毒,咸鸭蛋
真菌性食物中毒,鸭血(白鸭)
真菌中毒症,啤酒
真菌中毒症,咸鸭蛋
真菌中毒症,鸡蛋黄
真菌中毒症,干腌菜
直肠损伤,白酒
直肠损伤,鸡肉
直肠损伤,咸鸭蛋
直肠损伤,鸭血(白鸭)
脂肪肝,鸡蛋
脂肪肝,鸭肉
脂肪肝,鹌鹑蛋
脂肪肝,虾皮
肿瘤性息肉,鸡蛋
肿瘤性息肉,啤酒
肿瘤性息肉,白酒
肿瘤性息肉,鸭肉
直肠脱垂,螃蟹
直肠脱垂,带鱼
直肠脱垂,泥鳅
直肠脱垂,乌骨鸡
紫绀-杵状指-肝病综合征,杏仁
紫绀-杵状指-肝病综合征,松子仁
紫绀-杵状指-肝病综合征,芝麻
紫绀-杵状指-肝病综合征,乌骨鸡
早孕反应,螃蟹
早孕反应,黄酒
早孕反应,乌骨鸡
早孕反应,三文鱼
自发性食管破裂,白酒
自发性食管破裂,咸鸭蛋
自发性食管破裂,黄酒
自发性食管破裂,乌骨鸡
真菌性肠炎,咸鸭蛋
真菌性肠炎,黄酒
真菌性肠炎,乌骨鸡
真菌性肠炎,黄豆粉
巴特综合征,白扁豆
巴特综合征,咸鸭蛋
巴特综合征,黄酒
巴特综合征,乌骨鸡
成人多囊肾,啤酒
成人多囊肾,白酒
成人多囊肾,咸鸭蛋
成人多囊肾,黄酒
产褥感染,螃蟹
产褥感染,田螺
产褥感染,黄酒
产褥感染,泥鳅
常染色体显性多囊肾,白扁豆
常染色体显性多囊肾,花生
常染色体显性多囊肾,黄酒
常染色体显性多囊肾,乌骨鸡
多囊肾,啤酒
多囊肾,白酒
多囊肾,黄酒
多囊肾,乌骨鸡
等渗性脱水,啤酒
等渗性脱水,白酒
等渗性脱水,黄酒
等渗性脱水,乌骨鸡
低渗性脱水,啤酒
低渗性脱水,白酒
低渗性脱水,黄酒
低渗性脱水,乌骨鸡
低钾血症,黄酒
低钾血症,泥鳅
低钾血症,蛏子
低钾血症,甲鱼
儿童遗尿症,螃蟹
儿童遗尿症,黄酒
儿童遗尿症,蛏子
儿童遗尿症,甲鱼
非特异性尿道炎,白扁豆
非特异性尿道炎,白砂糖
非特异性尿道炎,黄酒
非特异性尿道炎,乌骨鸡
非IgA系膜增生性肾炎,白扁豆
非IgA系膜增生性肾炎,白砂糖
非IgA系膜增生性肾炎,黄酒
非IgA系膜增生性肾炎,乌骨鸡
非淋菌性尿道炎,啤酒
非淋菌性尿道炎,白酒
非淋菌性尿道炎,白砂糖
非淋菌性尿道炎,黄酒
高渗性脱水,白砂糖
高渗性脱水,黄酒
高渗性脱水,羊油
高渗性脱水,乌骨鸡
梗阻性尿路疾病,啤酒
梗阻性尿路疾病,白酒
梗阻性尿路疾病,白砂糖
梗阻性尿路疾病,黄酒
高血压肾病,啤酒
高血压肾病,白酒
高血压肾病,白砂糖
高血压肾病,黄酒
肝源性肾损害,啤酒
肝源性肾损害,白酒
肝源性肾损害,白砂糖
肝源性肾损害,黄酒
高钾血症,啤酒
高钾血症,白酒
高钾血症,白砂糖
高钾血症,黄酒
间质性膀胱炎,螃蟹
间质性膀胱炎,白扁豆
间质性膀胱炎,黄酒
间质性膀胱炎,乌骨鸡
急性风湿热肾损害,白扁豆
急性风湿热肾损害,白砂糖
急性风湿热肾损害,黄酒
急性风湿热肾损害,乌骨鸡
急性肾盂肾炎,啤酒
急性肾盂肾炎,白酒
急性肾盂肾炎,白砂糖
急性肾盂肾炎,黄酒
急性肾功能衰竭,啤酒
急性肾功能衰竭,白酒
急性肾功能衰竭,白砂糖
急性肾功能衰竭,黄酒
急性肾小管坏死,啤酒
急性肾小管坏死,白酒
急性肾小管坏死,白砂糖
急性肾小管坏死,黄酒
间质性肾炎,啤酒
间质性肾炎,白酒
间质性肾炎,白砂糖
间质性肾炎,黄酒
急进性肾炎,白酒
急进性肾炎,白砂糖
急进性肾炎,黄酒
急进性肾炎,乌骨鸡
近端(Ⅱ型)肾小管性酸中毒,啤酒
近端(Ⅱ型)肾小管性酸中毒,白酒
近端(Ⅱ型)肾小管性酸中毒,白砂糖
近端(Ⅱ型)肾小管性酸中毒,黄酒
急性肾炎,螃蟹
急性肾炎,带鱼
急性肾炎,黄酒
急性肾炎,泥鳅
急性肾小管间质性肾炎,白酒
急性肾小管间质性肾炎,白扁豆
急性肾小管间质性肾炎,黄酒
急性肾小管间质性肾炎,乌骨鸡
急性肾炎综合征,白酒
急性肾炎综合征,白扁豆
急性肾炎综合征,黄酒
急性肾炎综合征,乌骨鸡
局灶性肾小球硬化症,啤酒
局灶性肾小球硬化症,白扁豆
局灶性肾小球硬化症,黄酒
局灶性肾小球硬化症,乌骨鸡
良性高血压性小动脉性肾硬化,啤酒
良性高血压性小动脉性肾硬化,白酒
良性高血压性小动脉性肾硬化,黄酒
良性高血压性小动脉性肾硬化,乌骨鸡
流行性出血热,白酒
流行性出血热,白扁豆
流行性出血热,黄酒
流行性出血热,乌骨鸡
狼疮性肾炎,啤酒
狼疮性肾炎,白酒
狼疮性肾炎,黄酒
狼疮性肾炎,乌骨鸡
链球菌感染后的急性肾小球肾炎,啤酒
链球菌感染后的急性肾小球肾炎,白扁豆
链球菌感染后的急性肾小球肾炎,黄酒
链球菌感染后的急性肾小球肾炎,乌骨鸡
类风湿性关节炎肾损害,啤酒
类风湿性关节炎肾损害,白酒
类风湿性关节炎肾损害,黄酒
类风湿性关节炎肾损害,乌骨鸡
慢性呼吸衰竭,螃蟹
慢性呼吸衰竭,黄酒
慢性呼吸衰竭,草鱼
慢性呼吸衰竭,乌骨鸡
免疫介导性肾脏病,啤酒
免疫介导性肾脏病,白酒
免疫介导性肾脏病,黄酒
免疫介导性肾脏病,乌骨鸡
慢性肾功能衰竭,螃蟹
慢性肾功能衰竭,田螺
慢性肾功能衰竭,黄酒
慢性肾功能衰竭,乌骨鸡
膜性肾小球肾炎,啤酒
膜性肾小球肾炎,白酒
膜性肾小球肾炎,黄酒
膜性肾小球肾炎,乌骨鸡
慢性肾盂肾炎,啤酒
慢性肾盂肾炎,白酒
慢性肾盂肾炎,黄酒
慢性肾盂肾炎,乌骨鸡
慢性肾炎,腐竹
慢性肾炎,猪油（板油）
慢性肾炎,虾皮
慢性肾炎,虾米
尿路真菌感染,啤酒
尿路真菌感染,白酒
尿路真菌感染,杏仁
尿路真菌感染,乌骨鸡
尿失禁,腐竹
尿失禁,白扁豆
尿失禁,虾皮
尿失禁,乌骨鸡
尿道炎,螃蟹
尿道炎,腐竹
尿道炎,猪油（板油）
尿道炎,虾皮
尿崩症,螃蟹
尿崩症,腐竹
尿崩症,虾皮
尿崩症,乌骨鸡
尿道结石,螃蟹
尿道结石,杏仁
尿道结石,腐竹
尿道结石,泥鳅
钠过多,啤酒
钠过多,白酒
钠过多,干腌菜
钠过多,乌骨鸡
尿路感染,螃蟹
尿路感染,豆浆
尿路感染,猪油（板油）
尿路感染,猪头肉
膀胱炎,鹿肉
膀胱炎,鸡肉
膀胱炎,虾皮
膀胱炎,龙虾
膀胱癌,螃蟹
膀胱癌,鹿肉
膀胱癌,田螺
膀胱癌,虾皮
肾前性肾功能衰竭,啤酒
肾前性肾功能衰竭,白酒
肾前性肾功能衰竭,鹿肉
肾前性肾功能衰竭,咸鸭蛋
肾结核对侧肾积水,啤酒
肾结核对侧肾积水,白酒
肾结核对侧肾积水,鹿肉
肾结核对侧肾积水,咸鸭蛋
肾及输尿管重复畸形,啤酒
肾及输尿管重复畸形,白酒
肾及输尿管重复畸形,杏仁
肾及输尿管重复畸形,鹿肉
神经源性膀胱,啤酒
神经源性膀胱,白酒
神经源性膀胱,杏仁
神经源性膀胱,鹿肉
输尿管损伤,啤酒
输尿管损伤,白酒
输尿管损伤,鹿肉
输尿管损伤,白砂糖
肾发育不全,杏仁
肾发育不全,核桃
肾发育不全,鹿肉
肾发育不全,松子仁
肾积水,螃蟹
肾积水,海蟹
肾积水,鹿肉
肾积水,河虾
肾及输尿管结石,杏仁
肾及输尿管结石,核桃
肾及输尿管结石,鹿肉
肾及输尿管结石,松子仁
肾结核,螃蟹
肾结核,鹿肉
肾结核,田螺
肾结核,虾皮
肾病综合征,杏仁
肾病综合征,核桃
肾病综合征,鹿肉
肾病综合征,虾皮
肾下垂,啤酒
肾下垂,白酒
肾下垂,鹿肉
肾下垂,干腌菜
肾石症,杏仁
肾石症,鹿肉
肾石症,花生
肾石症,孢子甘蓝
肾血管性高血压,啤酒
肾血管性高血压,白酒
肾血管性高血压,鹿肉
肾血管性高血压,咸鸭蛋
双侧先天性肾上腺皮质增生,啤酒
双侧先天性肾上腺皮质增生,白酒
双侧先天性肾上腺皮质增生,鹿肉
双侧先天性肾上腺皮质增生,咸鸭蛋
肾上腺皮质功能减退症,白酒
肾上腺皮质功能减退症,鹿肉
肾上腺皮质功能减退症,咸鸭蛋
肾上腺皮质功能减退症,白砂糖
烧伤后急性肾功能衰竭,啤酒
烧伤后急性肾功能衰竭,白酒
烧伤后急性肾功能衰竭,鹿肉
烧伤后急性肾功能衰竭,咸鸭蛋
肾脏损伤,鹿肉
肾脏损伤,咸鱼
肾脏损伤,咸鸭蛋
肾脏损伤,虾皮
肾囊肿,杏仁
肾囊肿,鹿肉
肾囊肿,咸鸭蛋
肾囊肿,干腌菜
肾细胞癌,啤酒
肾细胞癌,白酒
肾细胞癌,鹿肉
肾细胞癌,咸鸭蛋
肾盂肾炎,鹿肉
肾盂肾炎,咸鱼
肾盂肾炎,虾皮
肾盂肾炎,泥鳅
肾小管性酸中毒,白酒
肾小管性酸中毒,杏仁
肾小管性酸中毒,核桃
肾小管性酸中毒,鹿肉
肾动脉闭塞,杏仁
肾动脉闭塞,核桃
肾动脉闭塞,鹿肉
肾动脉闭塞,白扁豆
蹄铁形肾,白酒
蹄铁形肾,杏仁
蹄铁形肾,核桃
蹄铁形肾,鹿肉
特异性肾实质疾病,白酒
特异性肾实质疾病,杏仁
特异性肾实质疾病,核桃
特异性肾实质疾病,鹿肉
糖尿病肾病,杏仁
糖尿病肾病,核桃
糖尿病肾病,鹿肉
糖尿病肾病,羊油
微小病变性肾病,啤酒
微小病变性肾病,白酒
微小病变性肾病,杏仁
微小病变性肾病,鹿肉
血尿,杏仁
血尿,核桃
血尿,鹿肉
血尿,白扁豆
小儿原发性肾病综合征,杏仁
小儿原发性肾病综合征,核桃
小儿原发性肾病综合征,鹿肉
小儿原发性肾病综合征,白扁豆
小儿尿感,豆浆
小儿尿感,杏仁
小儿尿感,核桃
小儿尿感,鹿肉
小儿慢性肾功能衰竭,杏仁
小儿慢性肾功能衰竭,核桃
小儿慢性肾功能衰竭,鹿肉
小儿慢性肾功能衰竭,白扁豆
小儿急性肾功能衰竭,杏仁
小儿急性肾功能衰竭,核桃
小儿急性肾功能衰竭,鹿肉
小儿急性肾功能衰竭,干腌菜
小儿肾小管性酸中毒,白酒
小儿肾小管性酸中毒,鹿肉
小儿肾小管性酸中毒,咸鸭蛋
小儿肾小管性酸中毒,干腌菜
阴茎纤维性海绵体炎,啤酒
阴茎纤维性海绵体炎,白酒
阴茎纤维性海绵体炎,鹿肉
阴茎纤维性海绵体炎,干腌菜
遗尿症,杏仁
遗尿症,核桃
遗尿症,鹿肉
遗尿症,干腌菜
原发性小血管炎性肾损害,杏仁
原发性小血管炎性肾损害,核桃
原发性小血管炎性肾损害,鹿肉
原发性小血管炎性肾损害,白扁豆
原发性IgA肾病,杏仁
原发性IgA肾病,鹿肉
原发性IgA肾病,鸭肝
原发性IgA肾病,松花蛋（鸭蛋）
隐匿性肾小球肾炎,杏仁
隐匿性肾小球肾炎,鹿肉
隐匿性肾小球肾炎,油豆腐
隐匿性肾小球肾炎,鸭肝
中毒性肾病,杏仁
中毒性肾病,鹿肉
中毒性肾病,油豆腐
中毒性肾病,鸭肝
紫癜性肾炎,杏仁
紫癜性肾炎,鹿肉
紫癜性肾炎,白扁豆
紫癜性肾炎,干腌菜
癌性神经肌病,啤酒
癌性神经肌病,白酒
癌性神经肌病,鹿肉
癌性神经肌病,公鸡
阿尔茨海默病,白酒
阿尔茨海默病,鹿肉
阿尔茨海默病,松花蛋（鸭蛋）
阿尔茨海默病,公鸡
安眠药中毒,白酒
安眠药中毒,杏仁
安眠药中毒,鹿肉
安眠药中毒,鹅肉
阿片中毒,白酒
阿片中毒,杏仁
阿片中毒,鹿肉
阿片中毒,鹅肉
臂丛神经痛,白酒
臂丛神经痛,杏仁
臂丛神经痛,鹿肉
臂丛神经痛,鹅肉
痴呆综合征,白酒
痴呆综合征,杏仁
痴呆综合征,鹿肉
痴呆综合征,鹅肉
纯植物神经功能衰竭,白酒
纯植物神经功能衰竭,杏仁
纯植物神经功能衰竭,鹿肉
纯植物神经功能衰竭,鹅肉
丛集性头痛,啤酒
丛集性头痛,白酒
丛集性头痛,鹿肉
丛集性头痛,干腌菜
多发性硬化,啤酒
多发性硬化,白酒
多发性硬化,鹿肉
多发性硬化,鹅肉
动眼、滑车及外展神经疾病,啤酒
动眼、滑车及外展神经疾病,白酒
动眼、滑车及外展神经疾病,鹿肉
动眼、滑车及外展神经疾病,鹅肉
多发性神经炎,啤酒
多发性神经炎,白酒
多发性神经炎,鹿肉
多发性神经炎,鹅肉
多发性末梢神经炎,啤酒
多发性末梢神经炎,白酒
多发性末梢神经炎,鹿肉
多发性末梢神经炎,鹅肉
短暂性脑缺血发作,啤酒
短暂性脑缺血发作,白酒
短暂性脑缺血发作,鹿肉
短暂性脑缺血发作,鹅肉
大便失禁,白酒
大便失禁,杏仁
大便失禁,鹿肉
大便失禁,鹅肉
儿童学习能力障碍,白酒
儿童学习能力障碍,鹿肉
儿童学习能力障碍,干腌菜
儿童学习能力障碍,鹅肉
儿童口吃,白酒
儿童口吃,鹿肉
儿童口吃,田螺
儿童口吃,虾皮
风湿性舞蹈病,白酒
风湿性舞蹈病,杏仁
风湿性舞蹈病,鹿肉
风湿性舞蹈病,白扁豆
吩噻嗪类抗精神病药物中毒,白酒
吩噻嗪类抗精神病药物中毒,杏仁
吩噻嗪类抗精神病药物中毒,鹿肉
吩噻嗪类抗精神病药物中毒,白扁豆
膈肌麻痹,杏仁
膈肌麻痹,鹿肉
膈肌麻痹,腐竹
膈肌麻痹,白扁豆
昏迷,杏仁
昏迷,鹿肉
昏迷,白扁豆
昏迷,虾皮
昏厥,杏仁
昏厥,鹿肉
昏厥,白扁豆
昏厥,虾皮
颈椎病,海虾
颈椎病,杏仁
颈椎病,鹿肉
颈椎病,虾皮
急性脊髓炎,杏仁
急性脊髓炎,鹿肉
急性脊髓炎,鸡肝
急性脊髓炎,黑芝麻
脊髓压迫症,杏仁
脊髓压迫症,鹿肉
脊髓压迫症,白扁豆
脊髓压迫症,虾皮
延髓进行性麻痹,杏仁
延髓进行性麻痹,鹿肉
延髓进行性麻痹,白扁豆
延髓进行性麻痹,虾皮
结节性硬化病,杏仁
结节性硬化病,鹿肉
结节性硬化病,白扁豆
结节性硬化病,泥鳅
脊髓亚急性联合变性,白酒
脊髓亚急性联合变性,杏仁
脊髓亚急性联合变性,鹿肉
脊髓亚急性联合变性,油豆腐
脊髓血管病,白扁豆
脊髓血管病,草鱼
脊髓血管病,泥鳅
脊髓血管病,河虾
紧张性头痛,鹿肉
紧张性头痛,白扁豆
紧张性头痛,虾皮
紧张性头痛,泥鳅
脊神经根炎,鹿肉
脊神经根炎,白扁豆
脊神经根炎,泥鳅
脊神经根炎,河虾
酒精中毒,杏仁
酒精中毒,鹿肉
酒精中毒,虾皮
酒精中毒,河虾
急性中毒性脑炎,白酒
急性中毒性脑炎,杏仁
急性中毒性脑炎,鹿肉
急性中毒性脑炎,白扁豆
老年痴呆,杏仁
老年痴呆,鹿肉
老年痴呆,干腌菜
老年痴呆,虾皮
雷诺综合征,白酒
雷诺综合征,杏仁
雷诺综合征,鹿肉
雷诺综合征,白扁豆
老年眩晕,鹿肉
老年眩晕,白扁豆
老年眩晕,虾皮
老年眩晕,黄豆粉
老年性耳聋,鹿肉
老年性耳聋,腐竹
老年性耳聋,白扁豆
老年性耳聋,鸡蛋黄
淋巴细胞脉络丛脑膜炎,白酒
淋巴细胞脉络丛脑膜炎,鹿肉
淋巴细胞脉络丛脑膜炎,腐竹
淋巴细胞脉络丛脑膜炎,白扁豆
末梢神经炎,啤酒
末梢神经炎,白酒
末梢神经炎,鹿肉
末梢神经炎,腐竹
慢性进行性舞蹈病,鹿肉
慢性进行性舞蹈病,腐竹
慢性进行性舞蹈病,白扁豆
慢性进行性舞蹈病,鸡蛋黄
麻痹性臂丛神经炎,白扁豆
麻痹性臂丛神经炎,草鱼
麻痹性臂丛神经炎,泥鳅
麻痹性臂丛神经炎,猪肺
面神经炎,海虾
面神经炎,鹿肉
面神经炎,虾皮
面神经炎,河虾
脑出血,啤酒
脑出血,白酒
脑出血,鹿肉
脑出血,泥鳅
脑血栓,杏仁
脑血栓,鹿肉
脑血栓,油条
脑血栓,河虾
脑动脉硬化症,螃蟹
脑动脉硬化症,鹿肉
脑动脉硬化症,腐竹
脑动脉硬化症,田螺
脑脓肿,白酒
脑脓肿,鹿肉
脑脓肿,白扁豆
脑脓肿,虾皮
脑梗塞,白酒
脑梗塞,葵花子仁
脑梗塞,鸭肝
脑梗塞,干腌菜
皮肌炎,杏仁
皮肌炎,松子仁
皮肌炎,芝麻
皮肌炎,鸭肝
偏头痛,白酒
偏头痛,芝麻
偏头痛,鸭肝
偏头痛,公鸡
帕金森病,田螺
帕金森病,鸭肝
帕金森病,鳕鱼
帕金森病,虾米
前庭神经炎,杏仁
前庭神经炎,松子仁
前庭神经炎,芝麻
前庭神经炎,鸭肝
桡神经麻痹,白酒
桡神经麻痹,杏仁
桡神经麻痹,芝麻
桡神经麻痹,鸭肝
上矢状窦血栓性静脉炎,白扁豆
上矢状窦血栓性静脉炎,泥鳅
上矢状窦血栓性静脉炎,咸肉
上矢状窦血栓性静脉炎,猪肺
神经系统的放射性损伤,白酒
神经系统的放射性损伤,鸡肉
神经系统的放射性损伤,鸡蛋黄
神经系统的放射性损伤,鸭肝
手足徐动症,核桃
手足徐动症,松子仁
手足徐动症,鸡蛋黄
手足徐动症,鸭肝
视神经炎,啤酒
视神经炎,白酒
视神经炎,羊油
视神经炎,鳕鱼
视神经萎缩,白酒
视神经萎缩,鸭肝
视神经萎缩,羊油
视神经萎缩,泥鳅
神经症,核桃
神经症,松子仁
神经症,鸭肉
神经症,鸭肝
Shy-Drager综合征,白酒
Shy-Drager综合征,核桃
Shy-Drager综合征,松子仁
Shy-Drager综合征,鸭肝
舌咽神经痛,白酒
舌咽神经痛,松子仁
舌咽神经痛,鸡肉
舌咽神经痛,鸭肝
神经鞘瘤,白酒
神经鞘瘤,核桃
神经鞘瘤,松子仁
神经鞘瘤,鸭肝
神经衰弱,核桃
神经衰弱,松子仁
神经衰弱,白扁豆
神经衰弱,鸭肝
头痛,杏仁
头痛,腐竹
头痛,白扁豆
头痛,泥鳅
位置性眩晕,腐竹
位置性眩晕,白扁豆
位置性眩晕,草鱼
位置性眩晕,泥鳅
小儿结核性脑膜炎,腐竹
小儿结核性脑膜炎,白扁豆
小儿结核性脑膜炎,羊油
小儿结核性脑膜炎,泥鳅
小舞蹈病,腐竹
小舞蹈病,白扁豆
小舞蹈病,干腌菜
小舞蹈病,泥鳅
小儿脑瘫,腐竹
小儿脑瘫,白扁豆
小儿脑瘫,白砂糖
小儿脑瘫,干腌菜
运动神经元疾病,腐竹
运动神经元疾病,白砂糖
运动神经元疾病,干腌菜
运动神经元疾病,绿豆沙
意识障碍,螃蟹
意识障碍,腐竹
意识障碍,白扁豆
意识障碍,田螺
有机磷农药中毒,啤酒
有机磷农药中毒,白酒
有机磷农药中毒,腐竹
有机磷农药中毒,干腌菜
晕厥,腐竹
晕厥,白扁豆
晕厥,咸鱼
晕厥,咸鸭蛋
咽肌麻痹,白酒
咽肌麻痹,腐竹
咽肌麻痹,白扁豆
咽肌麻痹,咸鸭蛋
遗传性共济失调,啤酒
遗传性共济失调,白酒
遗传性共济失调,腐竹
遗传性共济失调,咸鸭蛋
运动神经元病,白酒
运动神经元病,腐竹
运动神经元病,白扁豆
运动神经元病,咸鸭蛋
晕动病,腐竹
晕动病,白扁豆
晕动病,田螺
晕动病,咸鸭蛋
压迫性视神经病变,白酒
压迫性视神经病变,腐竹
压迫性视神经病变,咸鸭蛋
压迫性视神经病变,干腌菜
正中神经损伤,白酒
正中神经损伤,腐竹
正中神经损伤,咸鸭蛋
正中神经损伤,泥鳅
躁狂症,白酒
躁狂症,腐竹
躁狂症,白扁豆
躁狂症,咸鸭蛋
中枢神经兴奋药中毒,啤酒
中枢神经兴奋药中毒,白酒
中枢神经兴奋药中毒,咸鸭蛋
中枢神经兴奋药中毒,鸡蛋黄
镇静、安定、催眠药中毒,啤酒
镇静、安定、催眠药中毒,白酒
镇静、安定、催眠药中毒,腐竹
镇静、安定、催眠药中毒,咸鸭蛋
直立性低血压,白酒
直立性低血压,葵花子仁
直立性低血压,咸鸭蛋
直立性低血压,绿豆
重症肌无力危象,白酒
重症肌无力危象,腐竹
重症肌无力危象,白扁豆
重症肌无力危象,咸鸭蛋
重症肌无力,白酒
重症肌无力,杏仁
重症肌无力,腐竹
重症肌无力,咸鸭蛋
蛛网膜炎,白酒
蛛网膜炎,腐竹
蛛网膜炎,白扁豆
蛛网膜炎,咸鸭蛋
ADH分泌过多综合征,白酒
ADH分泌过多综合征,腐竹
ADH分泌过多综合征,白扁豆
ADH分泌过多综合征,咸鸭蛋
闭经,鸭肉
闭经,田螺
闭经,绿豆
闭经,赤小豆
垂体瘤,啤酒
垂体瘤,白酒
垂体瘤,绿豆
垂体瘤,赤小豆
成人全垂体功能减退,啤酒
成人全垂体功能减退,白酒
成人全垂体功能减退,绿豆
成人全垂体功能减退,赤小豆
垂体危象与垂体卒中,啤酒
垂体危象与垂体卒中,白酒
垂体危象与垂体卒中,绿豆
垂体危象与垂体卒中,赤小豆
垂体前叶机能减退症,啤酒
垂体前叶机能减退症,白酒
垂体前叶机能减退症,绿豆
垂体前叶机能减退症,赤小豆
垂体性矮小病,啤酒
垂体性矮小病,白酒
垂体性矮小病,绿豆
垂体性矮小病,赤小豆
单纯性甲状腺肿,啤酒
单纯性甲状腺肿,白酒
单纯性甲状腺肿,绿豆
单纯性甲状腺肿,赤小豆
多囊卵巢综合征,杏仁
多囊卵巢综合征,鸭肉
多囊卵巢综合征,绿豆
多囊卵巢综合征,赤小豆
单纯性肥胖,猪油（板油）
单纯性肥胖,油豆腐
单纯性肥胖,油条
单纯性肥胖,猪网油
多腺体缺陷综合征,白酒
多腺体缺陷综合征,杏仁
多腺体缺陷综合征,绿豆
多腺体缺陷综合征,赤小豆
多发性内分泌肿瘤综合征Ⅰ型,白酒
多发性内分泌肿瘤综合征Ⅰ型,杏仁
多发性内分泌肿瘤综合征Ⅰ型,绿豆
多发性内分泌肿瘤综合征Ⅰ型,赤小豆
低血糖症,啤酒
低血糖症,白酒
低血糖症,杏仁
低血糖症,绿豆
代谢性碱中毒,螃蟹
代谢性碱中毒,田螺
代谢性碱中毒,红葡萄酒
代谢性碱中毒,鱿鱼(鲜)
代谢性酸中毒,杏仁
代谢性酸中毒,鹅肝
代谢性酸中毒,黑豆
代谢性酸中毒,绿豆
儿童睡眠障碍,杏仁
儿童睡眠障碍,油豆腐
儿童睡眠障碍,黑豆
儿童睡眠障碍,绿豆
肥胖症,杏仁
肥胖症,核桃
肥胖症,松子仁
肥胖症,鸡肉
高血脂,杏仁
高血脂,核桃
高血脂,松子仁
高血脂,腐竹
呼吸性碱中毒,杏仁
呼吸性碱中毒,核桃
呼吸性碱中毒,松子仁
呼吸性碱中毒,赤小豆
呼吸性酸中毒,杏仁
呼吸性酸中毒,核桃
呼吸性酸中毒,松子仁
呼吸性酸中毒,芝麻
甲状腺功能减退,杏仁
甲状腺功能减退,核桃
甲状腺功能减退,白扁豆
甲状腺功能减退,赤小豆
甲状腺功能正常的甲状腺肿大,杏仁
甲状腺功能正常的甲状腺肿大,核桃
甲状腺功能正常的甲状腺肿大,白扁豆
甲状腺功能正常的甲状腺肿大,赤小豆
甲状腺腺瘤,白酒
甲状腺腺瘤,杏仁
甲状腺腺瘤,核桃
甲状腺腺瘤,赤小豆
甲状腺舌管囊肿与瘘,啤酒
甲状腺舌管囊肿与瘘,白酒
甲状腺舌管囊肿与瘘,杏仁
甲状腺舌管囊肿与瘘,核桃
继发性肾上腺功能不足,啤酒
继发性肾上腺功能不足,白酒
继发性肾上腺功能不足,杏仁
继发性肾上腺功能不足,核桃
急性颌下腺炎,啤酒
急性颌下腺炎,白酒
急性颌下腺炎,杏仁
急性颌下腺炎,核桃
急性乳腺炎,杏仁
急性乳腺炎,核桃
急性乳腺炎,白扁豆
急性乳腺炎,赤小豆
急性淋巴结炎,啤酒
急性淋巴结炎,白酒
急性淋巴结炎,白扁豆
急性淋巴结炎,虾皮
假性甲状旁腺功能减退症,啤酒
假性甲状旁腺功能减退症,杏仁
假性甲状旁腺功能减退症,核桃
假性甲状旁腺功能减退症,鸡蛋黄
继发性甲状旁腺功能亢进症,白酒
继发性甲状旁腺功能亢进症,杏仁
继发性甲状旁腺功能亢进症,核桃
继发性甲状旁腺功能亢进症,赤小豆
脚气病,鸡蛋
脚气病,白酒
脚气病,杏仁
脚气病,核桃
巨人症及肢端肥大症,白酒
巨人症及肢端肥大症,杏仁
巨人症及肢端肥大症,核桃
巨人症及肢端肥大症,赤小豆
基底细胞腺瘤,啤酒
基底细胞腺瘤,白酒
基底细胞腺瘤,杏仁
基底细胞腺瘤,核桃
颈部淋巴结结核,啤酒
颈部淋巴结结核,白酒
颈部淋巴结结核,杏仁
颈部淋巴结结核,干腌菜
库欣综合征,杏仁
库欣综合征,核桃
库欣综合征,白扁豆
库欣综合征,赤小豆
慢性淋巴细胞性甲状腺炎,啤酒
慢性淋巴细胞性甲状腺炎,白酒
慢性淋巴细胞性甲状腺炎,杏仁
慢性淋巴细胞性甲状腺炎,核桃
泌乳素瘤,啤酒
泌乳素瘤,白酒
泌乳素瘤,咸鸭蛋
泌乳素瘤,干腌菜
慢性淋巴结炎,啤酒
慢性淋巴结炎,白酒
慢性淋巴结炎,杏仁
慢性淋巴结炎,核桃
男性乳房肥大症,白酒
男性乳房肥大症,杏仁
男性乳房肥大症,核桃
男性乳房肥大症,油豆腐
男性生殖腺机能减退症,白酒
男性生殖腺机能减退症,杏仁
男性生殖腺机能减退症,核桃
男性生殖腺机能减退症,赤小豆
男子乳房发育症,白酒
男子乳房发育症,杏仁
男子乳房发育症,核桃
男子乳房发育症,油豆腐
皮脂腺痣,白酒
皮脂腺痣,杏仁
皮脂腺痣,核桃
皮脂腺痣,赤小豆
气管支气管异物,杏仁
气管支气管异物,核桃
气管支气管异物,白扁豆
气管支气管异物,赤小豆
雀斑,油条
雀斑,干腌菜
雀斑,咸肉
雀斑,香肠
乳腺增生,杏仁
乳腺增生,腐竹
乳腺增生,白扁豆
乳腺增生,赤小豆
乳腺癌,杏仁
乳腺癌,腐竹
乳腺癌,白扁豆
乳腺癌,赤小豆
乳溢,杏仁
乳溢,腐竹
乳溢,白扁豆
乳溢,赤小豆
乳头状囊腺癌,杏仁
乳头状囊腺癌,腐竹
乳头状囊腺癌,白扁豆
乳头状囊腺癌,赤小豆
肾上腺危象,杏仁
肾上腺危象,腐竹
肾上腺危象,鸡蛋黄
肾上腺危象,赤小豆
舌扁平苔藓,啤酒
舌扁平苔藓,白酒
舌扁平苔藓,杏仁
舌扁平苔藓,腐竹
糖尿病乳酸性酸中毒,白酒
糖尿病乳酸性酸中毒,杏仁
糖尿病乳酸性酸中毒,鸡蛋黄
糖尿病乳酸性酸中毒,西瓜子仁
糖尿病酮症酸中毒,鸡蛋黄
糖尿病酮症酸中毒,麦芽糖
糖尿病酮症酸中毒,白砂糖
糖尿病酮症酸中毒,冰糖
糖尿病足,啤酒
糖尿病足,白酒
糖尿病足,杏仁
糖尿病足,腐竹
维生素C缺乏病,白酒
维生素C缺乏病,白扁豆
维生素C缺乏病,田螺
维生素C缺乏病,赤小豆
维生素D中毒症,杏仁
维生素D中毒症,腐竹
维生素D中毒症,鸡蛋黄
维生素D中毒症,松花蛋（鸭蛋）
维生素E缺乏病,啤酒
维生素E缺乏病,白酒
维生素E缺乏病,杏仁
维生素E缺乏病,腐竹
外科皮脂腺囊肿,杏仁
外科皮脂腺囊肿,油豆腐
外科皮脂腺囊肿,花生仁（炸）
外科皮脂腺囊肿,赤小豆
外科淋巴管瘤,啤酒
外科淋巴管瘤,白酒
外科淋巴管瘤,干腌菜
涎瘘,白酒
涎瘘,杏仁
涎瘘,花生仁（炸）
涎瘘,赤小豆
胸腺瘤,啤酒
胸腺瘤,杏仁
胸腺瘤,油皮
胸腺瘤,花生仁（炸）
血卟啉病,白酒
血卟啉病,杏仁
血卟啉病,花生仁（炸）
血卟啉病,赤小豆
下丘脑疾病,白酒
下丘脑疾病,杏仁
下丘脑疾病,白砂糖
下丘脑疾病,花生仁（炸）
性变态,白酒
性变态,杏仁
性变态,白砂糖
性变态,花生仁（炸）
腺样体肥大,白酒
腺样体肥大,杏仁
腺样体肥大,白砂糖
腺样体肥大,花生仁（炸）
涎腺囊肿,白酒
涎腺囊肿,鸡蛋清
涎腺囊肿,杏仁
涎腺囊肿,花生仁（炸）
腺泡细胞癌,啤酒
腺泡细胞癌,白酒
腺泡细胞癌,杏仁
腺泡细胞癌,花生仁（炸）
涎腺的未分化癌,啤酒
涎腺的未分化癌,白酒
涎腺的未分化癌,杏仁
涎腺的未分化癌,花生仁（炸）
腺淋巴瘤,啤酒
腺淋巴瘤,白酒
腺淋巴瘤,杏仁
腺淋巴瘤,花生仁（炸）
亚急性甲状腺炎,杏仁
亚急性甲状腺炎,腐竹
亚急性甲状腺炎,白扁豆
亚急性甲状腺炎,赤小豆
原发性醛固酮增多症,啤酒
原发性醛固酮增多症,白酒
原发性醛固酮增多症,腐竹
原发性醛固酮增多症,赤小豆
c胰岛功能性β细胞瘤,啤酒
c胰岛功能性β细胞瘤,白酒
c胰岛功能性β细胞瘤,腐竹
c胰岛功能性β细胞瘤,赤小豆
胰岛素瘤,啤酒
胰岛素瘤,白酒
胰岛素瘤,腐竹
胰岛素瘤,赤小豆
原发性甲状旁腺功能亢进症,啤酒
原发性甲状旁腺功能亢进症,白酒
原发性甲状旁腺功能亢进症,腐竹
原发性甲状旁腺功能亢进症,赤小豆
溢乳闭经综合征,腐竹
溢乳闭经综合征,白扁豆
溢乳闭经综合征,田螺
溢乳闭经综合征,赤小豆
白细胞减少症和粒细胞缺乏症,啤酒
白细胞减少症和粒细胞缺乏症,白酒
白细胞减少症和粒细胞缺乏症,腐竹
白细胞减少症和粒细胞缺乏症,赤小豆
白血病,白扁豆
白血病,田螺
白血病,鸭血(白鸭)
白血病,绿豆
白血病性咽峡炎,白扁豆
白血病性咽峡炎,田螺
白血病性咽峡炎,鸭血(白鸭)
白血病性咽峡炎,绿豆
出血性疾病,啤酒
出血性疾病,白酒
出血性疾病,鸭血(白鸭)
出血性疾病,绿豆
单纯红细胞再障性贫血,啤酒
单纯红细胞再障性贫血,白酒
单纯红细胞再障性贫血,鸭血(白鸭)
单纯红细胞再障性贫血,绿豆
低钙血症和低镁血症,啤酒
低钙血症和低镁血症,白酒
低钙血症和低镁血症,鸭血(白鸭)
低钙血症和低镁血症,绿豆
地中海贫血,啤酒
地中海贫血,白酒
地中海贫血,鸭血(白鸭)
地中海贫血,绿豆
多发性骨髓瘤,啤酒
多发性骨髓瘤,白酒
多发性骨髓瘤,鸭血(白鸭)
多发性骨髓瘤,绿豆
恶性组织细胞病,白酒
恶性组织细胞病,油豆腐
恶性组织细胞病,干腌菜
恶性组织细胞病,鸭血(白鸭)
恶性淋巴瘤,啤酒
恶性淋巴瘤,白酒
恶性淋巴瘤,干腌菜
恶性淋巴瘤,鸭血(白鸭)
复合型酸碱失衡,啤酒
复合型酸碱失衡,白酒
复合型酸碱失衡,黄酒
复合型酸碱失衡,干腌菜
过敏性紫癜,白扁豆
过敏性紫癜,干腌菜
过敏性紫癜,鸭血(白鸭)
过敏性紫癜,绿豆
获得性血小板功能障碍,啤酒
获得性血小板功能障碍,白酒
获得性血小板功能障碍,干腌菜
获得性血小板功能障碍,鸭血(白鸭)
化脓性骨髓炎,啤酒
化脓性骨髓炎,白酒
化脓性骨髓炎,干腌菜
化脓性骨髓炎,鸭血(白鸭)
霍奇金淋巴瘤,白酒
霍奇金淋巴瘤,鸡蛋黄
霍奇金淋巴瘤,干腌菜
霍奇金淋巴瘤,鸭血(白鸭)
菌血症,啤酒
菌血症,白酒
菌血症,干腌菜
菌血症,鸭血(白鸭)
巨球蛋白血症,啤酒
巨球蛋白血症,白酒
巨球蛋白血症,干腌菜
巨球蛋白血症,鸭血(白鸭)
急性白血病,白扁豆
急性白血病,干腌菜
急性白血病,鸭血(白鸭)
急性白血病,绿豆
巨幼细胞性贫血,啤酒
巨幼细胞性贫血,白酒
巨幼细胞性贫血,鸡蛋黄
巨幼细胞性贫血,干腌菜
急性淋巴细胞性白血病,白酒
急性淋巴细胞性白血病,干腌菜
急性淋巴细胞性白血病,鸭血(白鸭)
急性淋巴细胞性白血病,绿豆
淋巴细胞减少症,白酒
淋巴细胞减少症,油豆腐
淋巴细胞减少症,干腌菜
淋巴细胞减少症,鸭血(白鸭)
慢性疾病的贫血,啤酒
慢性疾病的贫血,白酒
慢性疾病的贫血,干腌菜
慢性疾病的贫血,鸭血(白鸭)
弥散性血管内凝血,啤酒
弥散性血管内凝血,白酒
弥散性血管内凝血,干腌菜
弥散性血管内凝血,鸭血(白鸭)
慢性骨髓炎,啤酒
慢性骨髓炎,白酒
慢性骨髓炎,干腌菜
慢性骨髓炎,鸭血(白鸭)
慢性粒细胞性白血病,啤酒
慢性粒细胞性白血病,白酒
慢性粒细胞性白血病,干腌菜
慢性粒细胞性白血病,鸭血(白鸭)
慢性淋巴细胞性白血病,啤酒
慢性淋巴细胞性白血病,白酒
慢性淋巴细胞性白血病,干腌菜
慢性淋巴细胞性白血病,鸭血(白鸭)
尿道上裂,啤酒
尿道上裂,白酒
尿道上裂,干腌菜
尿道上裂,鸭血(白鸭)
充血性脾肿大,啤酒
充血性脾肿大,白酒
充血性脾肿大,干腌菜
充血性脾肿大,红葡萄酒
贫血,白扁豆
贫血,田螺
贫血,鸭血(白鸭)
贫血,绿豆
破伤风,白扁豆
破伤风,田螺
破伤风,鸭血(白鸭)
破伤风,绿豆
脾功能亢进症,白扁豆
脾功能亢进症,草鱼
脾功能亢进症,绿豆
脾功能亢进症,猪头肉
葡萄糖-6-磷酸脱氢酶缺乏症,白酒
葡萄糖-6-磷酸脱氢酶缺乏症,杏仁
葡萄糖-6-磷酸脱氢酶缺乏症,干腌菜
葡萄糖-6-磷酸脱氢酶缺乏症,绿豆
缺铁性贫血,白酒
缺铁性贫血,杏仁
缺铁性贫血,干腌菜
缺铁性贫血,绿豆
溶血过度所致贫血,啤酒
溶血过度所致贫血,杏仁
溶血过度所致贫血,鸡肉
溶血过度所致贫血,鸡蛋黄
溶血性贫血,杏仁
溶血性贫血,白扁豆
溶血性贫血,绿豆
溶血性贫血,蟹肉
失血性休克,螃蟹
失血性休克,杏仁
失血性休克,白扁豆
失血性休克,绿豆
嗜酸性细胞增多症,啤酒
嗜酸性细胞增多症,白酒
嗜酸性细胞增多症,杏仁
嗜酸性细胞增多症,黄酒
特发性高嗜酸性细胞综合征,杏仁
特发性高嗜酸性细胞综合征,白扁豆
特发性高嗜酸性细胞综合征,鸡肉
特发性高嗜酸性细胞综合征,绿豆
特发性血小板减少性紫癜,啤酒
特发性血小板减少性紫癜,白酒
特发性血小板减少性紫癜,杏仁
特发性血小板减少性紫癜,绿豆
铁利用性贫血,白酒
铁利用性贫血,杏仁
铁利用性贫血,咸鸭蛋
铁利用性贫血,干腌菜
维生素K缺乏病,啤酒
维生素K缺乏病,白酒
维生素K缺乏病,杏仁
维生素K缺乏病,咸鸭蛋
维生素B12缺乏所致贫血,啤酒
维生素B12缺乏所致贫血,白酒
维生素B12缺乏所致贫血,杏仁
维生素B12缺乏所致贫血,咸鸭蛋
小儿过敏性紫瘢,啤酒
小儿过敏性紫瘢,白酒
小儿过敏性紫瘢,杏仁
小儿过敏性紫瘢,绿豆
血栓性血小板减少性紫癜,啤酒
血栓性血小板减少性紫癜,白酒
血栓性血小板减少性紫癜,杏仁
血栓性血小板减少性紫癜,绿豆
血小板减少症,啤酒
血小板减少症,白酒
血小板减少症,杏仁
血小板减少症,绿豆
血友病,杏仁
血友病,腐竹
血友病,白扁豆
血友病,草鱼
血管母细胞瘤,啤酒
血管母细胞瘤,白酒
血管母细胞瘤,杏仁
血管母细胞瘤,腐竹
先天性红细胞膜病,啤酒
先天性红细胞膜病,白酒
先天性红细胞膜病,杏仁
先天性红细胞膜病,腐竹
血管性血友病,啤酒
血管性血友病,白酒
血管性血友病,杏仁
血管性血友病,腐竹
叶酸缺乏所致贫血,啤酒
叶酸缺乏所致贫血,白酒
叶酸缺乏所致贫血,杏仁
叶酸缺乏所致贫血,腐竹
遗传性出血性毛细血管扩张症,白酒
遗传性出血性毛细血管扩张症,杏仁
遗传性出血性毛细血管扩张症,腐竹
营养性巨幼红细胞性贫血,啤酒
营养性巨幼红细胞性贫血,白酒
营养性巨幼红细胞性贫血,杏仁
营养性巨幼红细胞性贫血,花生
原发性血小板减少性紫瘢,啤酒
原发性血小板减少性紫瘢,白酒
原发性血小板减少性紫瘢,杏仁
原发性血小板减少性紫瘢,腐竹
原发性血小板增多症,啤酒
原发性血小板增多症,白酒
原发性血小板增多症,杏仁
原发性血小板增多症,腐竹
异常血红蛋白病,啤酒
异常血红蛋白病,杏仁
异常血红蛋白病,腐竹
异常血红蛋白病,草鱼
中性白(粒)细胞减少症,白酒
中性白(粒)细胞减少症,杏仁
中性白(粒)细胞减少症,腐竹
中性白(粒)细胞减少症,干腌菜
组织细胞增殖症,白酒
组织细胞增殖症,白扁豆
组织细胞增殖症,干腌菜
组织细胞增殖症,羊油
再生障碍性贫血,啤酒
再生障碍性贫血,白扁豆
再生障碍性贫血,干腌菜
再生障碍性贫血,海蜇皮
自身免疫性溶血性贫血,鸡蛋清
自身免疫性溶血性贫血,白扁豆
自身免疫性溶血性贫血,干腌菜
自身免疫性溶血性贫血,海蜇皮
真性红细胞增多症,海蟹
真性红细胞增多症,海虾
真性红细胞增多症,白扁豆
真性红细胞增多症,海蜇皮
阵发性睡眠性血红蛋白尿,白酒
阵发性睡眠性血红蛋白尿,白扁豆
阵发性睡眠性血红蛋白尿,油豆腐
阵发性睡眠性血红蛋白尿,干腌菜
白塞综合征,白酒
白塞综合征,白扁豆
白塞综合征,干腌菜
白塞综合征,羊油
白塞病,白酒
白塞病,白扁豆
白塞病,干腌菜
白塞病,羊油
Behcet病,白酒
Behcet病,白扁豆
Behcet病,干腌菜
Behcet病,海蜇皮
迟发性低丙球血症,啤酒
迟发性低丙球血症,白酒
迟发性低丙球血症,白扁豆
迟发性低丙球血症,干腌菜
常年性鼻炎,啤酒
常年性鼻炎,白酒
常年性鼻炎,白扁豆
常年性鼻炎,鱼肉
多发性大动脉炎,白酒
多发性大动脉炎,白扁豆
多发性大动脉炎,油豆腐
多发性大动脉炎,羊油
多发性肌炎,海蟹
多发性肌炎,白扁豆
多发性肌炎,鱼肉
多发性肌炎,海蜇皮
大骨节病,腰果
大骨节病,白扁豆
大骨节病,油豆腐
大骨节病,花生
淀粉样变病,白酒
淀粉样变病,白扁豆
淀粉样变病,油豆腐
淀粉样变病,羊油
风湿性多肌痛,白扁豆
风湿性多肌痛,咸鸭蛋
风湿性多肌痛,干腌菜
风湿性多肌痛,羊油
过敏性哮喘,啤酒
过敏性哮喘,白酒
过敏性哮喘,黄酒
过敏性哮喘,糖桂花
干燥综合征,白酒
干燥综合征,鹿肉
干燥综合征,白扁豆
干燥综合征,油豆腐
骨关节炎,海蟹
骨关节炎,鹿肉
骨关节炎,白扁豆
骨关节炎,海蜇皮
红斑狼疮,杏仁
红斑狼疮,腐竹
红斑狼疮,虾皮
红斑狼疮,虾米
混合结缔组织病,白酒
混合结缔组织病,杏仁
混合结缔组织病,腐竹
混合结缔组织病,油豆腐
碱性磷酸钙结晶沉积病,白酒
碱性磷酸钙结晶沉积病,杏仁
碱性磷酸钙结晶沉积病,白扁豆
碱性磷酸钙结晶沉积病,羊油
巨细胞动脉炎,白酒
巨细胞动脉炎,杏仁
巨细胞动脉炎,白扁豆
巨细胞动脉炎,羊油
结节性多动脉炎,白酒
结节性多动脉炎,杏仁
结节性多动脉炎,白扁豆
结节性多动脉炎,虾皮
结节性脂膜炎,白酒
结节性脂膜炎,杏仁
结节性脂膜炎,白扁豆
结节性脂膜炎,虾皮
急性化脓性腱鞘炎,白酒
急性化脓性腱鞘炎,杏仁
急性化脓性腱鞘炎,白扁豆
急性化脓性腱鞘炎,咸鸭蛋
结节病,白酒
结节病,杏仁
结节病,白扁豆
结节病,虾皮
肩关节结核,白酒
肩关节结核,杏仁
肩关节结核,白扁豆
肩关节结核,虾皮
急性淋巴管炎,啤酒
急性淋巴管炎,白酒
急性淋巴管炎,杏仁
急性淋巴管炎,黄酒
类风湿关节炎,杏仁
类风湿关节炎,白扁豆
类风湿关节炎,虾皮
类风湿关节炎,虾米
慢性皮肤粘膜念珠菌病,啤酒
慢性皮肤粘膜念珠菌病,白酒
慢性皮肤粘膜念珠菌病,杏仁
慢性皮肤粘膜念珠菌病,黄酒
慢性肉芽肿病,白酒
慢性肉芽肿病,杏仁
慢性肉芽肿病,白扁豆
慢性肉芽肿病,油皮
盘状红斑狼疮,白酒
盘状红斑狼疮,杏仁
盘状红斑狼疮,白扁豆
盘状红斑狼疮,虾皮
皮肤过敏,白酒
皮肤过敏,杏仁
皮肤过敏,鹿肉
皮肤过敏,白扁豆
强直性脊柱炎,鸡蛋
强直性脊柱炎,白酒
强直性脊柱炎,杏仁
强直性脊柱炎,干腌菜
乳房纤维瘤,啤酒
乳房纤维瘤,白酒
乳房纤维瘤,杏仁
乳房纤维瘤,油豆腐
软组织肿瘤,啤酒
软组织肿瘤,白酒
软组织肿瘤,杏仁
软组织肿瘤,白扁豆
痛风,鸡肝
痛风,鸡心
痛风,白扁豆
痛风,鹅肉
痛风性关节炎,啤酒
痛风性关节炎,白酒
痛风性关节炎,鸡心
痛风性关节炎,黄酒
物理性变应性,啤酒
物理性变应性,白酒
物理性变应性,鸡心
物理性变应性,干腌菜
小儿风湿热,鸡心
小儿风湿热,白扁豆
小儿风湿热,沙丁鱼
小儿风湿热,鹅肉
先天性胸腺发育不全,白酒
先天性胸腺发育不全,鸡心
先天性胸腺发育不全,白扁豆
先天性胸腺发育不全,鹅肉
血清病,啤酒
血清病,白酒
血清病,鸡心
血清病,鹅肉
选择性IgA缺乏症,啤酒
选择性IgA缺乏症,白酒
选择性IgA缺乏症,鸡心
选择性IgA缺乏症,黄酒
纤维瘤病,啤酒
纤维瘤病,白酒
纤维瘤病,鸡心
纤维瘤病,鹅肉
原发性免疫缺陷病,啤酒
原发性免疫缺陷病,白酒
原发性免疫缺陷病,鸡心
原发性免疫缺陷病,黄酒
银屑病关节炎,啤酒
银屑病关节炎,白酒
银屑病关节炎,鸡心
银屑病关节炎,黄酒
药物过敏,白酒
药物过敏,鸡心
药物过敏,白扁豆
药物过敏,鹅肉
硬皮病,啤酒
硬皮病,白酒
硬皮病,鸡心
硬皮病,黄酒
创伤性窒息,啤酒
创伤性窒息,白酒
创伤性窒息,鸡心
创伤性窒息,黄酒
创伤性气胸,啤酒
创伤性气胸,白酒
创伤性气胸,鸡心
创伤性气胸,黄酒
动脉硬化性闭塞症,白酒
动脉硬化性闭塞症,咸鸭蛋
动脉硬化性闭塞症,油皮
动脉硬化性闭塞症,鹅肉
肺栓塞和肺梗死,啤酒
肺栓塞和肺梗死,白酒
肺栓塞和肺梗死,咸鸭蛋
肺栓塞和肺梗死,黄酒
感染性肋软骨炎,白酒
感染性肋软骨炎,白扁豆
感染性肋软骨炎,咸鸭蛋
感染性肋软骨炎,鹅肉
膈肌膨出,白酒
膈肌膨出,油豆腐
膈肌膨出,咸鸭蛋
膈肌膨出,鹅肉
急性气管－支气管炎,啤酒
急性气管－支气管炎,白酒
急性气管－支气管炎,咸鸭蛋
急性气管－支气管炎,鹅肉
鸡胸,白酒
鸡胸,白扁豆
鸡胸,咸鸭蛋
鸡胸,鹅肉
矫正型大动脉错位,白酒
矫正型大动脉错位,咸鸭蛋
矫正型大动脉错位,干腌菜
矫正型大动脉错位,鹅肉
继发性纵隔感染,啤酒
继发性纵隔感染,白酒
继发性纵隔感染,黄酒
继发性纵隔感染,干腌菜
局限型间皮瘤,白酒
局限型间皮瘤,油豆腐
局限型间皮瘤,咸鸭蛋
局限型间皮瘤,鹅肉
急性脓胸,啤酒
急性脓胸,白酒
急性脓胸,咸鸭蛋
急性脓胸,鹅肉
肋骨骨折,白扁豆
肋骨骨折,咸鱼
肋骨骨折,咸鸭蛋
肋骨骨折,鹅肉
联合瓣膜病变,白酒
联合瓣膜病变,油豆腐
联合瓣膜病变,咸鸭蛋
联合瓣膜病变,鹅肉
漏斗胸,啤酒
漏斗胸,白酒
漏斗胸,咸鸭蛋
漏斗胸,鹅肉
慢性支气管炎,白酒
慢性支气管炎,白扁豆
慢性支气管炎,咸鸭蛋
慢性支气管炎,鹅肉
慢性缩窄性心包炎,啤酒
慢性缩窄性心包炎,白酒
慢性缩窄性心包炎,咸鸭蛋
慢性缩窄性心包炎,鹅肉
慢性心功能不全,啤酒
慢性心功能不全,白酒
慢性心功能不全,咸鸭蛋
慢性心包炎,啤酒
慢性心包炎,白酒
慢性心包炎,鸭肉
慢性心包炎,咸鸭蛋
慢性心力衰竭,啤酒
慢性心力衰竭,白酒
慢性心力衰竭,咸鸭蛋
慢性心力衰竭,鹅肉
梅毒性心血管病,啤酒
梅毒性心血管病,白酒
梅毒性心血管病,咸鸭蛋
梅毒性心血管病,鹅肉
慢性肺炎,白酒
慢性肺炎,白扁豆
慢性肺炎,咸鸭蛋
慢性肺炎,鹅肉
慢性脓胸,啤酒
慢性脓胸,白酒
慢性脓胸,咸鸭蛋
慢性脓胸,鹅肉
食管裂孔疝,啤酒
食管裂孔疝,白酒
食管裂孔疝,咸鸭蛋
食管裂孔疝,鹅肉
损伤性休克,白酒
损伤性休克,油豆腐
损伤性休克,咸鸭蛋
损伤性休克,鹅肉
缩窄性心包炎,杏仁
缩窄性心包炎,油豆腐
缩窄性心包炎,咸鸭蛋
缩窄性心包炎,鹅肉
外伤性乳糜胸,啤酒
外伤性乳糜胸,白酒
外伤性乳糜胸,咸鸭蛋
外伤性乳糜胸,鹅肉
心脏穿透伤,白扁豆
心脏穿透伤,咸鱼
心脏穿透伤,咸鸭蛋
心脏穿透伤,鹅肉
胸骨骨折,啤酒
胸骨骨折,白酒
胸骨骨折,咸鸭蛋
胸骨骨折,鹅肉
限制型心脏病,啤酒
限制型心脏病,白酒
限制型心脏病,咸鸭蛋
限制型心脏病,鹅肉
胸廓出口综合征,啤酒
胸廓出口综合征,白酒
胸廓出口综合征,咸鸭蛋
胸廓出口综合征,鹅肉
先天性膈疝,白扁豆
先天性膈疝,咸鱼
先天性膈疝,咸鸭蛋
先天性膈疝,鹅肉
心性猝死综合征,啤酒
心性猝死综合征,白酒
心性猝死综合征,咸鸭蛋
心性猝死综合征,鸭血(白鸭)
心脏钝性闭合伤,啤酒
心脏钝性闭合伤,白酒
心脏钝性闭合伤,咸鸭蛋
心脏钝性闭合伤,鹅肉
原发性心脏肿瘤,白酒
原发性心脏肿瘤,咸鸭蛋
原发性心脏肿瘤,干腌菜
原发性心脏肿瘤,鹅肉
预激综合征,白扁豆
预激综合征,干腌菜
预激综合征,鹅肉
预激综合征,豆腐
原发性纵隔感染,白酒
原发性纵隔感染,油豆腐
原发性纵隔感染,咸鸭蛋
原发性纵隔感染,鹅肉
原发性纵隔肿瘤,啤酒
原发性纵隔肿瘤,白酒
原发性纵隔肿瘤,咸鸭蛋
原发性纵隔肿瘤,鹅肉
纵隔脓肿,啤酒
纵隔脓肿,白酒
纵隔脓肿,咸鸭蛋
纵隔脓肿,鹅肉
转移性胸膜肿瘤,啤酒
转移性胸膜肿瘤,白酒
转移性胸膜肿瘤,咸鸭蛋
转移性胸膜肿瘤,黄酒
搏动性眼球突出症,白酒
搏动性眼球突出症,咸鸭蛋
搏动性眼球突出症,烤鸭
搏动性眼球突出症,公鸡
侧脑室肿瘤,啤酒
侧脑室肿瘤,白酒
侧脑室肿瘤,咸鸭蛋
侧脑室肿瘤,红葡萄酒
第四脑室肿瘤,啤酒
第四脑室肿瘤,白酒
第四脑室肿瘤,咸鸭蛋
第四脑室肿瘤,鹅肉
顶叶肿瘤,啤酒
顶叶肿瘤,白酒
顶叶肿瘤,油豆腐
顶叶肿瘤,鹅肉
短颈畸形,啤酒
短颈畸形,白酒
短颈畸形,油豆腐
短颈畸形,鹅肉
多发性颅内血肿,啤酒
多发性颅内血肿,白酒
多发性颅内血肿,油豆腐
多发性颅内血肿,鹅肉
蝶窦恶性肿瘤,啤酒
蝶窦恶性肿瘤,白酒
蝶窦恶性肿瘤,油豆腐
蝶窦恶性肿瘤,鹅肉
第三脑室肿瘤,啤酒
第三脑室肿瘤,白酒
第三脑室肿瘤,干腌菜
第三脑室肿瘤,鹅肉
额叶肿瘤,啤酒
额叶肿瘤,白酒
额叶肿瘤,黄酒
额叶肿瘤,红葡萄酒
耳源性脑积水,啤酒
耳源性脑积水,白酒
耳源性脑积水,油豆腐
耳源性脑积水,鹅肉
高血压性脑出血,啤酒
高血压性脑出血,白酒
高血压性脑出血,油豆腐
高血压性脑出血,鹅肉
寰椎骨折脱位,白酒
寰椎骨折脱位,赤砂糖
寰椎骨折脱位,冰糖
寰椎骨折脱位,鹅肉
颈椎半脱位,啤酒
颈椎半脱位,白酒
颈椎半脱位,油豆腐
颈椎半脱位,鹅肉
颈椎骨折脱位,啤酒
颈椎骨折脱位,白酒
颈椎骨折脱位,黄酒
颈椎骨折脱位,鹅肉
颈椎管狭窄症,啤酒
颈椎管狭窄症,白酒
颈椎管狭窄症,油豆腐
颈椎管狭窄症,鹅肉
颈椎过伸性损伤,啤酒
颈椎过伸性损伤,白酒
颈椎过伸性损伤,油豆腐
颈椎过伸性损伤,鹅肉
颈椎后脱位,白酒
颈椎后脱位,白扁豆
颈椎后脱位,油豆腐
颈椎后脱位,鹅肉
颈椎后纵韧带骨化症,白酒
颈椎后纵韧带骨化症,白扁豆
颈椎后纵韧带骨化症,油豆腐
颈椎后纵韧带骨化症,鹅肉
颈椎黄韧带骨化症,啤酒
颈椎黄韧带骨化症,白酒
颈椎黄韧带骨化症,油豆腐
颈椎黄韧带骨化症,鹅肉
颈椎结核,啤酒
颈椎结核,白酒
颈椎结核,油豆腐
颈椎结核,鹅肉
颈椎小关节创伤性退变性关节炎,白酒
颈椎小关节创伤性退变性关节炎,白扁豆
颈椎小关节创伤性退变性关节炎,油豆腐
颈椎小关节创伤性退变性关节炎,鹅肉
颈椎椎弓裂,啤酒
颈椎椎弓裂,白酒
颈椎椎弓裂,黄酒
颈椎椎弓裂,鹅肉
基底节血肿,啤酒
基底节血肿,白酒
基底节血肿,油豆腐
基底节血肿,鹅肉
急性单纯疱疹病毒性脑炎,啤酒
急性单纯疱疹病毒性脑炎,白酒
急性单纯疱疹病毒性脑炎,黄酒
急性单纯疱疹病毒性脑炎,鹅肉
急性颈椎间盘突出症,啤酒
急性颈椎间盘突出症,白酒
急性颈椎间盘突出症,油豆腐
急性颈椎间盘突出症,鹅肉
脊椎结核,啤酒
脊椎结核,白酒
脊椎结核,鸡蛋黄
脊椎结核,鹅肉
脊柱裂,啤酒
脊柱裂,白酒
脊柱裂,油豆腐
脊柱裂,鹅肉
肌营养不良症,白酒
肌营养不良症,油豆腐
肌营养不良症,花生
肌营养不良症,鹅肉
急性硬脑膜外血肿,白酒
急性硬脑膜外血肿,油豆腐
急性硬脑膜外血肿,鸡蛋黄
急性硬脑膜外血肿,鹅肉
急性和亚急性硬脑膜下血肿,啤酒
急性和亚急性硬脑膜下血肿,白酒
急性和亚急性硬脑膜下血肿,咸鸭蛋
急性和亚急性硬脑膜下血肿,赤砂糖
急性及亚急性脑内血肿,啤酒
急性及亚急性脑内血肿,白酒
急性及亚急性脑内血肿,咸鸭蛋
急性及亚急性脑内血肿,鹅肉
脊髓小脑变性症,啤酒
脊髓小脑变性症,白酒
脊髓小脑变性症,黄酒
脊髓小脑变性症,鹅肉
颅骨骨髓炎,白酒
颅骨骨髓炎,白扁豆
颅骨骨髓炎,油豆腐
颅骨骨髓炎,鹅肉
颅底骨折,白酒
颅底骨折,白扁豆
颅底骨折,油豆腐
颅底骨折,鹅肉
颅内动脉瘤,啤酒
颅内动脉瘤,白酒
颅内动脉瘤,红葡萄酒
颅内动脉瘤,鹅肉
颅内低压性头痛,啤酒
颅内低压性头痛,白酒
颅内低压性头痛,油豆腐
颅内低压性头痛,鹅肉
颅内占位性病变引起的头痛,啤酒
颅内占位性病变引起的头痛,白酒
颅内占位性病变引起的头痛,油豆腐
颅内占位性病变引起的头痛,鹅肉
颅内转移瘤,啤酒
颅内转移瘤,白酒
颅内转移瘤,油豆腐
颅内转移瘤,鹅肉
帽状腱膜下脓肿,白酒
帽状腱膜下脓肿,白扁豆
帽状腱膜下脓肿,油豆腐
帽状腱膜下脓肿,鹅肉
面神经损伤,白酒
面神经损伤,油豆腐
面神经损伤,干腌菜
面神经损伤,鹅肉
慢性硬脑膜外血肿,鸡腿
慢性硬脑膜外血肿,鸡翅
慢性硬脑膜外血肿,鹅肉
慢性硬脑膜外血肿,乌骨鸡
脑室炎,杏仁
脑室炎,白扁豆
脑室炎,虾皮
脑室炎,鹅肉
脑性瘫痪,杏仁
脑性瘫痪,白扁豆
脑性瘫痪,虾皮
脑性瘫痪,鹅肉
脑疝,白酒
脑疝,杏仁
脑疝,虾皮
脑疝,鹅肉
脑蛛网膜下腔出血,杏仁
脑蛛网膜下腔出血,干腌菜
脑蛛网膜下腔出血,鹅肉
脑蛛网膜下腔出血,螺丝菜
脑震荡,杏仁
脑震荡,干腌菜
脑震荡,鹅肉
脑震荡,螺丝菜
脑血栓形成,白酒
脑血栓形成,白砂糖
脑血栓形成,猪肚
脑血栓形成,鹅肉
脑损伤后综合征,啤酒
脑损伤后综合征,黄酒
脑损伤后综合征,红葡萄酒
脑损伤后综合征,江米酒
脑室内出血,啤酒
脑室内出血,咸鸭蛋
脑室内出血,赤砂糖
脑室内出血,江米酒
脑脊液漏,白扁豆
脑脊液漏,草鱼
脑脊液漏,猪肚
脑脊液漏,鹅肉
脑弓形体病,白酒
脑弓形体病,白扁豆
脑弓形体病,草鱼
脑弓形体病,鹅肉
脑挫裂伤,白扁豆
脑挫裂伤,草鱼
脑挫裂伤,鹅肉
脑挫裂伤,猪肉(肥)
脑膜炎,白扁豆
脑膜炎,猪小排（猪肋排）
脑膜炎,草鱼
脑膜炎,鹅肉
脑积水,白扁豆
脑积水,猪油（板油）
脑积水,猪肚
脑积水,鹅肉
脑结核瘤,白扁豆
脑结核瘤,猪油（板油）
脑结核瘤,草鱼
脑结核瘤,鹅肉
脑垂体腺瘤,白酒
脑垂体腺瘤,白扁豆
脑垂体腺瘤,草鱼
脑垂体腺瘤,鹅肉
脑膜瘤,白酒
脑膜瘤,白扁豆
脑膜瘤,草鱼
脑膜瘤,鹅肉
皮脂腺囊肿,啤酒
皮脂腺囊肿,白酒
皮脂腺囊肿,白扁豆
皮脂腺囊肿,鹅肉
迁延性昏迷,螃蟹
迁延性昏迷,白扁豆
迁延性昏迷,草鱼
迁延性昏迷,鹅肉
丘脑下部损伤,白扁豆
丘脑下部损伤,咸鱼
丘脑下部损伤,草鱼
丘脑下部损伤,鹅肉
上皮样囊肿,白扁豆
上皮样囊肿,猪油（板油）
上皮样囊肿,草鱼
上皮样囊肿,鹅肉
神经胶质瘤,白酒
神经胶质瘤,白扁豆
神经胶质瘤,草鱼
神经胶质瘤,鹅肉
散发性脑炎,麦芽糖
散发性脑炎,赤砂糖
散发性脑炎,白砂糖
散发性脑炎,冰糖
头皮血肿,白扁豆
头皮血肿,咸鱼
头皮血肿,咸鸭蛋
头皮血肿,鹅肉
外伤性颈内动脉海绵窦瘘,白酒
外伤性颈内动脉海绵窦瘘,白扁豆
外伤性颈内动脉海绵窦瘘,草鱼
外伤性颈内动脉海绵窦瘘,鹅肉
外伤性癫痫,白酒
外伤性癫痫,猪油（板油）
外伤性癫痫,草鱼
外伤性癫痫,猪肚
外伤后脑脂肪栓塞,白酒
外伤后脑脂肪栓塞,白扁豆
外伤后脑脂肪栓塞,草鱼
外伤后脑脂肪栓塞,鹅肉
外伤后脑膨出,白酒
外伤后脑膨出,白扁豆
外伤后脑膨出,草鱼
外伤后脑膨出,鹅肉
外伤后颅内积气,螃蟹
外伤后颅内积气,白酒
外伤后颅内积气,白扁豆
外伤后颅内积气,鹅肉
外伤后低颅压综合征,白扁豆
外伤后低颅压综合征,油条
外伤后低颅压综合征,草鱼
外伤后低颅压综合征,鹅肉
外伤后头痛,杏仁
外伤后头痛,白扁豆
外伤后头痛,草鱼
外伤后头痛,鹅肉
外伤性硬脑膜下积液,白酒
外伤性硬脑膜下积液,白扁豆
外伤性硬脑膜下积液,草鱼
外伤性硬脑膜下积液,鹅肉
先天性脑积水,白酒
先天性脑积水,油条
先天性脑积水,草鱼
先天性脑积水,鹅肉
小脑扁桃体疝,白酒
小脑扁桃体疝,白扁豆
小脑扁桃体疝,干腌菜
小脑扁桃体疝,鹅肉
先天性肿瘤,白酒
先天性肿瘤,白扁豆
先天性肿瘤,草鱼
先天性肿瘤,鹅肉
硬脑膜下血肿,白酒
硬脑膜下血肿,白扁豆
硬脑膜下血肿,赤砂糖
硬脑膜下血肿,鹅肉
蛛网膜下腔出血,白酒
蛛网膜下腔出血,白扁豆
蛛网膜下腔出血,赤砂糖
蛛网膜下腔出血,鹅肉
中风,杏仁
中风,腐竹
中风,白扁豆
中风,草鱼
周围神经损伤,杏仁
周围神经损伤,腐竹
周围神经损伤,白扁豆
周围神经损伤,草鱼
胆囊癌,白酒
胆囊癌,杏仁
胆囊癌,腐竹
胆囊癌,猪油（板油）
胆囊腺肌增生病,杏仁
胆囊腺肌增生病,腐竹
胆囊腺肌增生病,白扁豆
胆囊腺肌增生病,草鱼
胆结石,啤酒
胆结石,白酒
胆结石,杏仁
胆结石,芝麻
胆管良性狭窄,啤酒
胆管良性狭窄,白酒
胆管良性狭窄,杏仁
胆管良性狭窄,芝麻
胆管扩张症,杏仁
胆管扩张症,芝麻
胆管扩张症,白扁豆
胆管扩张症,虾皮
胆管结石与胆管炎,杏仁
胆管结石与胆管炎,芝麻
胆管结石与胆管炎,白扁豆
胆管结石与胆管炎,虾皮
胆道蛔虫病,杏仁
胆道蛔虫病,芝麻
胆道蛔虫病,鸭肉
胆道蛔虫病,鸽肉
胆道出血,杏仁
胆道出血,芝麻
胆道出血,白扁豆
胆道出血,虾皮
肝性血卟啉病综合征,啤酒
肝性血卟啉病综合征,芝麻
肝性血卟啉病综合征,黄酒
肝性血卟啉病综合征,红葡萄酒
肝内胆管结石,白酒
肝内胆管结石,杏仁
肝内胆管结石,芝麻
肝内胆管结石,白扁豆
环状胰腺,白酒
环状胰腺,黄酒
环状胰腺,红葡萄酒
环状胰腺,江米酒
急性结石性胆囊炎,白酒
急性结石性胆囊炎,杏仁
急性结石性胆囊炎,芝麻
急性结石性胆囊炎,黄豆粉
急性出血坏死型胰腺炎,白酒
急性出血坏死型胰腺炎,杏仁
急性出血坏死型胰腺炎,芝麻
急性出血坏死型胰腺炎,白扁豆
溃疡病急性穿孔,杏仁
溃疡病急性穿孔,芝麻
溃疡病急性穿孔,白扁豆
溃疡病急性穿孔,虾皮
慢性胆囊炎,杏仁
慢性胆囊炎,芝麻
慢性胆囊炎,白扁豆
慢性胆囊炎,虾皮
慢性胆管炎,杏仁
慢性胆管炎,芝麻
慢性胆管炎,白扁豆
慢性胆管炎,咸鱼
门静脉高压症,鸡蛋
门静脉高压症,杏仁
门静脉高压症,芝麻
门静脉高压症,鹅肝
生长激素释放抑制素瘤,杏仁
生长激素释放抑制素瘤,芝麻
生长激素释放抑制素瘤,白扁豆
生长激素释放抑制素瘤,咸鸭蛋
胰腺癌,杏仁
胰腺癌,腐竹
胰腺癌,白扁豆
胰腺癌,田螺
胰腺囊腺癌,腐竹
胰腺囊腺癌,白扁豆
胰腺囊腺癌,田螺
胰腺囊腺癌,羊油
原发性硬化性胆管炎,腐竹
原发性硬化性胆管炎,白扁豆
原发性硬化性胆管炎,田螺
原发性硬化性胆管炎,泥鳅
异位胰腺,腐竹
异位胰腺,白扁豆
异位胰腺,田螺
异位胰腺,泥鳅
胰腺外伤,白酒
胰腺外伤,腐竹
胰腺外伤,白扁豆
胰腺外伤,田螺
胰腺囊肿,大豆
胰腺囊肿,白酒
胰腺囊肿,腐竹
胰腺脓肿,大豆
胰腺脓肿,白酒
胰腺脓肿,腐竹
胰腺瘘,啤酒
胰腺瘘,白酒
胰腺瘘,腐竹
胰腺瘘,白扁豆
胰腺多肽瘤,腐竹
胰腺多肽瘤,白扁豆
胰腺多肽瘤,田螺
胰腺多肽瘤,虾仁
胰石症,啤酒
胰石症,白酒
胰石症,鸡心
胰石症,黄酒
胰岛细胞类癌,啤酒
胰岛细胞类癌,白酒
胰岛细胞类癌,鸡肝
胰岛细胞类癌,鸡心
包皮龟头炎,鸡蛋
包皮龟头炎,啤酒
包皮龟头炎,白酒
包皮龟头炎,鸡心
包皮阴茎头炎,白酒
包皮阴茎头炎,鸡心
包皮阴茎头炎,腐竹
包皮阴茎头炎,白扁豆
附睾炎,杏仁
附睾炎,腐竹
附睾炎,白扁豆
附睾炎,田螺
非细菌性前列腺炎,腐竹
非细菌性前列腺炎,白扁豆
非细菌性前列腺炎,田螺
非细菌性前列腺炎,泥鳅
结核性膀胱挛缩,腐竹
结核性膀胱挛缩,白扁豆
结核性膀胱挛缩,田螺
结核性膀胱挛缩,泥鳅
结核性膀胱自发破裂,腐竹
结核性膀胱自发破裂,白扁豆
结核性膀胱自发破裂,田螺
结核性膀胱自发破裂,泥鳅
急性膀胱炎,腐竹
急性膀胱炎,白扁豆
急性膀胱炎,咸鸭蛋
急性膀胱炎,羊油
精索静脉曲张,啤酒
精索静脉曲张,白酒
精索静脉曲张,腐竹
精索静脉曲张,白扁豆
尿道下裂,腐竹
尿道下裂,白扁豆
尿道下裂,田螺
尿道下裂,泥鳅
尿路梗阻,豆浆
尿路梗阻,鸭肉
尿路梗阻,腐竹
尿路梗阻,白扁豆
尿瘘,腐竹
尿瘘,白扁豆
尿瘘,田螺
尿瘘,蟹肉
尿道创伤,螃蟹
尿道创伤,腐竹
尿道创伤,白扁豆
尿道创伤,田螺
尿道狭窄,鸭肉
尿道狭窄,腐竹
尿道狭窄,白扁豆
尿道狭窄,鱼肉
尿道损伤,啤酒
尿道损伤,白酒
尿道损伤,腐竹
尿道损伤,白扁豆
男性尿道癌,白酒
男性尿道癌,腐竹
男性尿道癌,白扁豆
男性尿道癌,田螺
女性尿道癌,啤酒
女性尿道癌,白酒
女性尿道癌,腐竹
女性尿道癌,白扁豆
膀胱损伤,腐竹
膀胱损伤,白扁豆
膀胱损伤,田螺
膀胱损伤,鱼肉
膀胱结石,腐竹
膀胱结石,白扁豆
膀胱结石,田螺
膀胱结石,鱼肉
膀胱瘘,腐竹
膀胱瘘,白扁豆
膀胱瘘,田螺
膀胱瘘,泥鳅
膀胱外翻,啤酒
膀胱外翻,白酒
膀胱外翻,腐竹
膀胱外翻,白扁豆
脐尿管囊肿及脐尿管瘘,啤酒
脐尿管囊肿及脐尿管瘘,白酒
脐尿管囊肿及脐尿管瘘,腐竹
脐尿管囊肿及脐尿管瘘,白扁豆
鞘膜积液,啤酒
鞘膜积液,白酒
鞘膜积液,腐竹
鞘膜积液,白扁豆
前列腺增生,杏仁
前列腺增生,腐竹
前列腺增生,白扁豆
前列腺增生,草鱼
前列腺炎,杏仁
前列腺炎,腐竹
前列腺炎,白扁豆
前列腺炎,草鱼
前列腺癌,杏仁
前列腺癌,腐竹
前列腺癌,白扁豆
前列腺癌,鱼肉
射精功能障碍,啤酒
射精功能障碍,白酒
射精功能障碍,杏仁
射精功能障碍,腐竹
肾上腺性征异常症,啤酒
肾上腺性征异常症,白酒
肾上腺性征异常症,杏仁
肾上腺性征异常症,鸡肉
肾损伤,杏仁
肾损伤,腐竹
肾损伤,白扁豆
肾损伤,赤砂糖
输尿管结石,啤酒
输尿管结石,杏仁
输尿管结石,鸭肉
输尿管结石,腐竹
肾创伤,杏仁
肾创伤,腐竹
肾创伤,白扁豆
肾创伤,花生
肾上腺髓质功能亢进,啤酒
肾上腺髓质功能亢进,白酒
肾上腺髓质功能亢进,杏仁
肾上腺髓质功能亢进,腐竹
肾皮质髓质脓肿,杏仁
肾皮质髓质脓肿,腐竹
肾皮质髓质脓肿,白扁豆
肾皮质髓质脓肿,草鱼
肾皮质脓肿,啤酒
肾皮质脓肿,白酒
肾皮质脓肿,杏仁
肾皮质脓肿,花生
肾周脓肿,鸡肝
肾周脓肿,腐竹
肾周脓肿,咸鸭蛋
肾周脓肿,鸡血
肾盂癌,腐竹
肾盂癌,白扁豆
肾盂癌,咸鸭蛋
肾盂癌,鸡血
肾癌,腐竹
肾癌,白扁豆
肾癌,咸鸭蛋
肾癌,鸡血
隐睾,白酒
隐睾,咸鸭蛋
隐睾,鸡血
隐睾,面肥
遗精,啤酒
遗精,白酒
遗精,芝麻
遗精,白扁豆
阴茎异常勃起,啤酒
阴茎异常勃起,白酒
阴茎异常勃起,白扁豆
阴茎异常勃起,田螺
阴茎硬结症,啤酒
阴茎硬结症,白酒
阴茎硬结症,白扁豆
阴茎硬结症,蟹肉
白线疝,鸡蛋
白线疝,啤酒
白线疝,白酒
白线疝,鸡蛋清
成人脐疝,鸡蛋
成人脐疝,啤酒
成人脐疝,白酒
成人脐疝,白扁豆
穿腹膜疝,鸡蛋
穿腹膜疝,啤酒
穿腹膜疝,白酒
穿腹膜疝,白扁豆
腹膜后血肿,啤酒
腹膜后血肿,白酒
腹膜后血肿,鹅肉
腹膜后血肿,公鸡
腹内疝,啤酒
腹内疝,白酒
腹内疝,豆浆
腹内疝,白扁豆
腹股沟直疝（疝气）,啤酒
腹股沟直疝（疝气）,白酒
腹股沟直疝（疝气）,白扁豆
腹股沟直疝（疝气）,面肥
腹股沟斜疝,啤酒
腹股沟斜疝,白酒
腹股沟斜疝,白扁豆
腹股沟斜疝,田螺
肛窦炎,啤酒
肛窦炎,白酒
肛窦炎,杏仁
肛窦炎,腐竹
肛瘘,啤酒
肛瘘,白酒
肛瘘,白扁豆
肛瘘,草鱼
肛门瘙痒症,啤酒
肛门瘙痒症,白酒
肛门瘙痒症,白扁豆
肛门瘙痒症,鱼肉
肛门失禁,啤酒
肛门失禁,白酒
肛门失禁,干腌菜
肛门失禁,螺丝菜
肛门外伤,啤酒
肛门外伤,白酒
肛门外伤,杏仁
肛门外伤,腐竹
肛乳头炎,啤酒
肛乳头炎,白酒
肛乳头炎,杏仁
肛乳头炎,腐竹
肛周脓肿,啤酒
肛周脓肿,杏仁
肛周脓肿,腐竹
肛周脓肿,白扁豆
骨盆直肠脓肿,啤酒
骨盆直肠脓肿,白酒
骨盆直肠脓肿,杏仁
骨盆直肠脓肿,腐竹
肛门直肠周围脓肿,啤酒
肛门直肠周围脓肿,杏仁
肛门直肠周围脓肿,腐竹
肛门直肠周围脓肿,白扁豆
肛裂,啤酒
肛裂,腐竹
肛裂,白扁豆
肛裂,草鱼
肛周湿疹,啤酒
肛周湿疹,腐竹
肛周湿疹,白扁豆
肛周湿疹,鱼肉
会阴裂伤,啤酒
会阴裂伤,腐竹
会阴裂伤,白扁豆
会阴裂伤,鱼肉
结肠过敏症,啤酒
结肠过敏症,鸡蛋清
结肠过敏症,蜂蜜
结肠过敏症,白扁豆
急性出血性坏死性小肠炎,啤酒
急性出血性坏死性小肠炎,白扁豆
急性出血性坏死性小肠炎,猪油（板油）
急性出血性坏死性小肠炎,草鱼
结肠脂肪瘤,啤酒
结肠脂肪瘤,白扁豆
结肠脂肪瘤,猪油（板油）
结肠脂肪瘤,草鱼
溃疡病大出血,啤酒
溃疡病大出血,白酒
溃疡病大出血,白扁豆
溃疡病大出血,草鱼
盲肠肉芽肿,啤酒
盲肠肉芽肿,白扁豆
盲肠肉芽肿,猪油（板油）
盲肠肉芽肿,草鱼
内痔,啤酒
内痔,白扁豆
内痔,干腌菜
内痔,草鱼
蛲虫病,啤酒
蛲虫病,白扁豆
蛲虫病,草鱼
蛲虫病,虾仁
外痔,啤酒
外痔,白扁豆
外痔,草鱼
外痔,鱼肉
先天性直肠与周围脏器瘘,啤酒
先天性直肠与周围脏器瘘,白酒
先天性直肠与周围脏器瘘,白扁豆
先天性直肠与周围脏器瘘,草鱼
直肠息肉,啤酒
直肠息肉,白扁豆
直肠息肉,油条
直肠息肉,草鱼
直肠癌,啤酒
直肠癌,白扁豆
直肠癌,鱼肉
直肠癌,蟹肉
痔疮,杏仁
痔疮,腐竹
痔疮,白扁豆
痔疮,草鱼
直肠内异物,啤酒
直肠内异物,白酒
直肠内异物,杏仁
直肠内异物,腐竹
坐骨直肠窝脓肿,啤酒
坐骨直肠窝脓肿,白酒
坐骨直肠窝脓肿,杏仁
坐骨直肠窝脓肿,腐竹
直肠阴道瘘,杏仁
直肠阴道瘘,腐竹
直肠阴道瘘,白扁豆
直肠阴道瘘,草鱼
直肠闭锁,啤酒
直肠闭锁,白酒
直肠闭锁,杏仁
直肠闭锁,腐竹
扁平足,杏仁
扁平足,腐竹
扁平足,白扁豆
扁平足,干腌菜
髌骨骨折,腐竹
髌骨骨折,白扁豆
髌骨骨折,草鱼
髌骨骨折,母鸡
髌骨软化症,腐竹
髌骨软化症,白扁豆
髌骨软化症,猪油（板油）
髌骨软化症,草鱼
变形性骨炎,腐竹
变形性骨炎,白扁豆
变形性骨炎,猪油（板油）
变形性骨炎,草鱼
剥脱性骨软骨炎,啤酒
剥脱性骨软骨炎,白酒
剥脱性骨软骨炎,腐竹
剥脱性骨软骨炎,白扁豆
髌股关节疼痛,腐竹
髌股关节疼痛,白扁豆
髌股关节疼痛,猪油（板油）
髌股关节疼痛,草鱼
鼻骨骨折,白酒
鼻骨骨折,腐竹
鼻骨骨折,白扁豆
鼻骨骨折,草鱼
耻骨结核,白酒
耻骨结核,腐竹
耻骨结核,白扁豆
耻骨结核,草鱼
尺桡骨干双骨折,白酒
尺桡骨干双骨折,腐竹
尺桡骨干双骨折,白扁豆
尺桡骨干双骨折,草鱼
成骨不全,啤酒
成骨不全,白酒
成骨不全,腐竹
成骨不全,白扁豆
尺骨上1/3骨折合并桡骨头脱位,啤酒
尺骨上1/3骨折合并桡骨头脱位,白酒
尺骨上1/3骨折合并桡骨头脱位,腐竹
尺骨上1/3骨折合并桡骨头脱位,白扁豆
尺骨下1/3骨折合并下尺桡关节脱位,啤酒
尺骨下1/3骨折合并下尺桡关节脱位,白酒
尺骨下1/3骨折合并下尺桡关节脱位,腐竹
尺骨下1/3骨折合并下尺桡关节脱位,白扁豆
尺桡骨干骨折,腐竹
尺桡骨干骨折,白扁豆
尺桡骨干骨折,油条
尺桡骨干骨折,草鱼
脆弱性骨硬化,腐竹
脆弱性骨硬化,白扁豆
脆弱性骨硬化,油条
脆弱性骨硬化,草鱼
创伤性肘关节炎,白酒
创伤性肘关节炎,腐竹
创伤性肘关节炎,白扁豆
创伤性肘关节炎,草鱼
尺骨鹰嘴骨折,啤酒
尺骨鹰嘴骨折,白酒
尺骨鹰嘴骨折,腐竹
尺骨鹰嘴骨折,白扁豆
成软骨细胞瘤,白酒
成软骨细胞瘤,腐竹
成软骨细胞瘤,白扁豆
成软骨细胞瘤,草鱼
第三腰椎横突综合征,白酒
第三腰椎横突综合征,腐竹
第三腰椎横突综合征,白扁豆
第三腰椎横突综合征,草鱼
动脉瘤样骨囊肿,白酒
动脉瘤样骨囊肿,腐竹
动脉瘤样骨囊肿,白扁豆
动脉瘤样骨囊肿,草鱼
断指再植,白酒
断指再植,腐竹
断指再植,白扁豆
断指再植,草鱼
多发性骨骺发育异常,啤酒
多发性骨骺发育异常,白酒
多发性骨骺发育异常,腐竹
多发性骨骺发育异常,白扁豆
点状骨骺发育异常,腐竹
点状骨骺发育异常,白扁豆
点状骨骺发育异常,猪油（板油）
点状骨骺发育异常,草鱼
单侧关节突关节脱位,啤酒
单侧关节突关节脱位,白酒
单侧关节突关节脱位,腐竹
单侧关节突关节脱位,白扁豆
骶髂关节结核,腐竹
骶髂关节结核,白扁豆
骶髂关节结核,油条
骶髂关节结核,草鱼
骶髂关节扭伤,啤酒
骶髂关节扭伤,白酒
骶髂关节扭伤,腐竹
骶髂关节扭伤,白扁豆
风湿性关节炎,白酒
风湿性关节炎,腐竹
风湿性关节炎,白扁豆
风湿性关节炎,干腌菜
腓骨近端骨折,腐竹
腓骨近端骨折,白扁豆
腓骨近端骨折,猪油（板油）
腓骨近端骨折,草鱼
腓骨肌萎缩症,螃蟹
腓骨肌萎缩症,腐竹
腓骨肌萎缩症,白扁豆
腓骨肌萎缩症,虾仁
骨肉瘤,啤酒
骨肉瘤,白酒
骨肉瘤,腐竹
骨肉瘤,白扁豆
骨折,腐竹
骨折,白扁豆
骨折,油条
骨折,草鱼
感染性关节炎,白酒
感染性关节炎,腐竹
感染性关节炎,白扁豆
感染性关节炎,草鱼
关节脱位,腐竹
关节脱位,白扁豆
关节脱位,干腌菜
关节脱位,螺丝菜
跟骨骨折,腐竹
跟骨骨折,白扁豆
跟骨骨折,黄酒
跟骨骨折,羊油
肱骨干骨折,腐竹
肱骨干骨折,白扁豆
肱骨干骨折,猪油（板油）
肱骨干骨折,草鱼
肱骨髁上骨折,腐竹
肱骨髁上骨折,白扁豆
肱骨髁上骨折,猪油（板油）
肱骨髁上骨折,草鱼
肱骨内髁骨折,啤酒
肱骨内髁骨折,白酒
肱骨内髁骨折,腐竹
肱骨内髁骨折,白扁豆
肱骨外髁骨折,啤酒
肱骨外髁骨折,白酒
肱骨外髁骨折,腐竹
肱骨外髁骨折,面肥
佝偻病,腐竹
佝偻病,白扁豆
佝偻病,草鱼
佝偻病,面肥
股骨粗隆间骨折,啤酒
股骨粗隆间骨折,白酒
股骨粗隆间骨折,腐竹
股骨粗隆间骨折,鸭肝
股骨干骨折,啤酒
股骨干骨折,白酒
股骨干骨折,腐竹
股骨干骨折,白扁豆
骨硬化病,腐竹
骨硬化病,白扁豆
骨硬化病,猪油（板油）
骨硬化病,草鱼
骨放线菌病,啤酒
骨放线菌病,白酒
骨放线菌病,腐竹
骨放线菌病,鸡蛋黄
骨化性肌炎,啤酒
骨化性肌炎,白酒
骨化性肌炎,腐竹
骨化性肌炎,白扁豆
骨巨细胞瘤,白酒
骨巨细胞瘤,腐竹
骨巨细胞瘤,白扁豆
骨巨细胞瘤,草鱼
骨囊肿,啤酒
骨囊肿,白酒
骨囊肿,腐竹
骨囊肿,白扁豆
骨盆骨折,啤酒
骨盆骨折,白酒
骨盆骨折,腐竹
骨盆骨折,白扁豆
骨纤维异常增殖症,啤酒
骨纤维异常增殖症,白酒
骨纤维异常增殖症,腐竹
骨纤维异常增殖症,白扁豆
骨软骨瘤,啤酒
骨软骨瘤,白酒
骨软骨瘤,干腌菜
肱骨小头骨折,啤酒
肱骨小头骨折,白酒
肱骨小头骨折,腐竹
肱骨小头骨折,白扁豆
骨与关节结核,啤酒
骨与关节结核,白酒
骨与关节结核,腐竹
骨与关节结核,绿豆
骨肿瘤,白酒
骨肿瘤,腐竹
骨肿瘤,白扁豆
骨肿瘤,草鱼
股骨大粗隆结核,啤酒
股骨大粗隆结核,白酒
股骨大粗隆结核,腐竹
股骨大粗隆结核,红葡萄酒
肱骨内上髁骨折,腐竹
肱骨内上髁骨折,白扁豆
肱骨内上髁骨折,猪油（板油）
肱骨内上髁骨折,草鱼
股骨头骨骺骨软骨病,腐竹
股骨头骨骺骨软骨病,白扁豆
股骨头骨骺骨软骨病,猪油（板油）
股骨头骨骺骨软骨病,草鱼
骨样骨瘤,啤酒
骨样骨瘤,白酒
骨样骨瘤,腐竹
骨样骨瘤,红葡萄酒
骨髓炎,腐竹
骨髓炎,白扁豆
骨髓炎,干腌菜
骨髓炎,螺丝菜
肱骨外上髁炎,啤酒
肱骨外上髁炎,白酒
肱骨外上髁炎,腐竹
肱骨外上髁炎,白扁豆
腘肌腱损伤,啤酒
腘肌腱损伤,白酒
腘肌腱损伤,腐竹
腘肌腱损伤,面肥
跟腱前囊炎,啤酒
跟腱前囊炎,白酒
跟腱前囊炎,腐竹
跟腱前囊炎,白扁豆
骨与关节梅毒,啤酒
骨与关节梅毒,白酒
骨与关节梅毒,赤砂糖
骨与关节梅毒,白砂糖
骨外软骨肉瘤,啤酒
骨外软骨肉瘤,白酒
骨外软骨肉瘤,腐竹
骨外软骨肉瘤,红葡萄酒
骨旁骨肉瘤,啤酒
骨旁骨肉瘤,白酒
骨旁骨肉瘤,腐竹
骨旁骨肉瘤,白扁豆
骨的原发性淋巴瘤,啤酒
骨的原发性淋巴瘤,白酒
骨的原发性淋巴瘤,腐竹
骨的原发性淋巴瘤,白扁豆
股骨髁骨折,啤酒
股骨髁骨折,白酒
股骨髁骨折,腐竹
股骨髁骨折,面肥
跟骨骨髓炎,啤酒
跟骨骨髓炎,白酒
跟骨骨髓炎,腐竹
跟骨骨髓炎,面肥
高弓足,啤酒
高弓足,白酒
高弓足,腐竹
高弓足,白扁豆
股骨颈骨折,啤酒
股骨颈骨折,白酒
股骨颈骨折,腐竹
股骨颈骨折,面肥
肱骨外科颈骨折,啤酒
肱骨外科颈骨折,白酒
肱骨外科颈骨折,腐竹
肱骨外科颈骨折,面肥
股骨头坏死,啤酒
股骨头坏死,白酒
股骨头坏死,腐竹
股骨头坏死,面肥
肱骨内上髁炎,啤酒
肱骨内上髁炎,白酒
肱骨内上髁炎,腐竹
肱骨内上髁炎,红葡萄酒
股后肌劳损,啤酒
股后肌劳损,白酒
股后肌劳损,腐竹
股后肌劳损,白扁豆
跟腱后滑囊炎,啤酒
跟腱后滑囊炎,白酒
跟腱后滑囊炎,腐竹
跟腱后滑囊炎,面肥
跟骨骨刺综合征,啤酒
跟骨骨刺综合征,白酒
跟骨骨刺综合征,红葡萄酒
跟骨骨刺综合征,面肥
颌骨骨折,啤酒
颌骨骨折,白酒
颌骨骨折,腐竹
颌骨骨折,白扁豆
寰枢关节脱位,啤酒
寰枢关节脱位,白酒
寰枢关节脱位,腐竹
寰枢关节脱位,白扁豆
化脓性关节炎,啤酒
化脓性关节炎,白酒
化脓性关节炎,腐竹
化脓性关节炎,面肥
颌骨造釉细胞瘤,啤酒
颌骨造釉细胞瘤,白酒
颌骨造釉细胞瘤,腐竹
颌骨造釉细胞瘤,白扁豆
踝部骨折,啤酒
踝部骨折,腐竹
踝部骨折,白扁豆
踝部骨折,草鱼
踝关节扭伤,啤酒
踝关节扭伤,腐竹
踝关节扭伤,干腌菜
踝关节扭伤,黑豆
滑囊炎,啤酒
滑囊炎,白酒
滑囊炎,干腌菜
滑囊炎,螺丝菜
滑膜肉瘤,啤酒
滑膜肉瘤,腐竹
滑膜肉瘤,白扁豆
滑膜肉瘤,草鱼
横纹肌肉瘤,腐竹
横纹肌肉瘤,白扁豆
横纹肌肉瘤,猪油（板油）
横纹肌肉瘤,草鱼
踝扭伤,腐竹
踝扭伤,白扁豆
踝扭伤,干腌菜
踝扭伤,草鱼
间充质软骨肉瘤,腐竹
间充质软骨肉瘤,白扁豆
间充质软骨肉瘤,猪油（板油）
间充质软骨肉瘤,草鱼
假痛风性关节炎,杏仁
假痛风性关节炎,腐竹
假痛风性关节炎,白扁豆
假痛风性关节炎,沙丁鱼
距骨骨折,腐竹
距骨骨折,白扁豆
距骨骨折,猪油（板油）
距骨骨折,草鱼
局限性骨脓肿,鹿肉
局限性骨脓肿,腐竹
局限性骨脓肿,白扁豆
局限性骨脓肿,河虾
颈肋综合征,啤酒
颈肋综合征,白酒
颈肋综合征,鹿肉
颈肋综合征,腐竹
肩-手综合征,鹿肉
肩-手综合征,腐竹
肩-手综合征,白扁豆
肩-手综合征,河虾
脊椎椎弓峡部裂,啤酒
脊椎椎弓峡部裂,白酒
脊椎椎弓峡部裂,鹿肉
脊椎椎弓峡部裂,干腌菜
脊椎结核后突畸形,鹿肉
脊椎结核后突畸形,腐竹
脊椎结核后突畸形,白扁豆
脊椎结核后突畸形,淡菜（干）
脊椎结核并发截瘫,啤酒
脊椎结核并发截瘫,白酒
脊椎结核并发截瘫,腐竹
脊椎结核并发截瘫,白扁豆
脊柱侧凸,腐竹
脊柱侧凸,白扁豆
脊柱侧凸,猪油（板油）
脊柱侧凸,草鱼
脊柱、脊髓损伤,腐竹
脊柱、脊髓损伤,白扁豆
脊柱、脊髓损伤,猪油（板油）
脊柱、脊髓损伤,草鱼
脊髓空洞症,啤酒
脊髓空洞症,白酒
脊髓空洞症,腐竹
脊髓空洞症,红葡萄酒
急性血源性骨髓炎,腐竹
急性血源性骨髓炎,白扁豆
急性血源性骨髓炎,烤鸭
急性血源性骨髓炎,草鱼
畸形性骨炎,啤酒
畸形性骨炎,白酒
畸形性骨炎,腐竹
畸形性骨炎,白扁豆
肌萎缩侧索硬化症,啤酒
肌萎缩侧索硬化症,白酒
肌萎缩侧索硬化症,腐竹
肌萎缩侧索硬化症,白扁豆
急性腰扭伤,啤酒
急性腰扭伤,白酒
急性腰扭伤,干腌菜
急性腰扭伤,螺丝菜
肩关节脱位,啤酒
肩关节脱位,白酒
肩关节脱位,干腌菜
肩关节脱位,螺丝菜
脊椎结核寒性脓肿穿入空腔脏器,啤酒
脊椎结核寒性脓肿穿入空腔脏器,白酒
脊椎结核寒性脓肿穿入空腔脏器,腐竹
脊椎结核寒性脓肿穿入空腔脏器,白扁豆
脊髓肿瘤,啤酒
脊髓肿瘤,白酒
脊髓肿瘤,腐竹
脊髓肿瘤,红葡萄酒
距骨后外结节骨折,啤酒
距骨后外结节骨折,白酒
距骨后外结节骨折,腐竹
距骨后外结节骨折,面肥
肌张力异常,腐竹
肌张力异常,白扁豆
肌张力异常,干腌菜
肌张力异常,草鱼
痉挛性斜颈,啤酒
痉挛性斜颈,白酒
痉挛性斜颈,腐竹
痉挛性斜颈,白扁豆
肌腱炎和腱鞘炎,啤酒
肌腱炎和腱鞘炎,白酒
肌腱炎和腱鞘炎,腐竹
肌腱炎和腱鞘炎,面肥
脊髓灰质炎,啤酒
脊髓灰质炎,白酒
脊髓灰质炎,腐竹
脊髓灰质炎,白扁豆
胫骨髁骨折,啤酒
胫骨髁骨折,白酒
胫骨髁骨折,腐竹
胫骨髁骨折,白扁豆
胫骨内髁骨软骨病,啤酒
胫骨内髁骨软骨病,白酒
胫骨内髁骨软骨病,绿豆
胫骨内髁骨软骨病,面肥
胫骨结节骨软骨病,啤酒
胫骨结节骨软骨病,白酒
胫骨结节骨软骨病,咸鸭蛋
胫骨结节骨软骨病,面肥
胫腓骨干骨折,啤酒
胫腓骨干骨折,白酒
胫腓骨干骨折,腐竹
胫腓骨干骨折,白扁豆
进行性脊髓性肌萎缩症,啤酒
进行性脊髓性肌萎缩症,白酒
进行性脊髓性肌萎缩症,腐竹
进行性脊髓性肌萎缩症,白扁豆
进行性骨干发育不全,啤酒
进行性骨干发育不全,白砂糖
进行性骨干发育不全,冰糖
进行性骨干发育不全,糖桂花
甲状旁腺骨营养不良,啤酒
甲状旁腺骨营养不良,白酒
甲状旁腺骨营养不良,豆浆
甲状旁腺骨营养不良,腐竹
脊椎结核并发窦道,白酒
脊椎结核并发窦道,腐竹
脊椎结核并发窦道,白扁豆
脊椎结核并发窦道,蟹黄
脊椎骨髓炎,啤酒
脊椎骨髓炎,白酒
脊椎骨髓炎,红葡萄酒
脊椎骨髓炎,面肥
肌萎缩性侧索硬化,啤酒
肌萎缩性侧索硬化,白酒
肌萎缩性侧索硬化,咸鸭蛋
肌萎缩性侧索硬化,面肥
胫腓骨骨折,啤酒
胫腓骨骨折,白酒
胫腓骨骨折,红葡萄酒
胫腓骨骨折,面肥
眶底骨折,螃蟹
眶底骨折,腐竹
眶底骨折,白扁豆
眶底骨折,蚝豉
髋关节脱位,螃蟹
髋关节脱位,白酒
髋关节脱位,白扁豆
髋关节脱位,干腌菜
髋关节结核,啤酒
髋关节结核,白酒
髋关节结核,腐竹
髋关节结核,红葡萄酒
Maffucci综合征,啤酒
Maffucci综合征,白酒
Maffucci综合征,红葡萄酒
Maffucci综合征,面肥
慢性化脓性骨髓炎,啤酒
慢性化脓性骨髓炎,白酒
慢性化脓性骨髓炎,腐竹
慢性化脓性骨髓炎,红葡萄酒
难产,螃蟹
难产,腐竹
难产,白扁豆
难产,蚝豉
颞骨骨折,螃蟹
颞骨骨折,腐竹
颞骨骨折,白扁豆
颞骨骨折,烤鸭
颞下颌关节脱位,啤酒
颞下颌关节脱位,白酒
颞下颌关节脱位,腐竹
颞下颌关节脱位,红葡萄酒
颞下颌关节强直,啤酒
颞下颌关节强直,白酒
颞下颌关节强直,腐竹
颞下颌关节强直,红葡萄酒
颧骨骨折,啤酒
颧骨骨折,白酒
颧骨骨折,腐竹
颧骨骨折,红葡萄酒
缺血性坏死,啤酒
缺血性坏死,白酒
缺血性坏死,腐竹
缺血性坏死,黄酒
屈肌腱损伤,啤酒
屈肌腱损伤,白酒
屈肌腱损伤,腐竹
屈肌腱损伤,红葡萄酒
前斜角肌综合征,啤酒
前斜角肌综合征,白酒
前斜角肌综合征,腐竹
前斜角肌综合征,红葡萄酒
桡骨小头骨骺分离,啤酒
桡骨小头骨骺分离,白酒
桡骨小头骨骺分离,腐竹
桡骨小头骨骺分离,红葡萄酒
桡骨下端骨折,啤酒
桡骨下端骨折,白酒
桡骨下端骨折,腐竹
桡骨下端骨折,白扁豆
桡骨颈骨折,啤酒
桡骨颈骨折,白酒
桡骨颈骨折,腐竹
桡骨颈骨折,白扁豆
桡骨、尺骨茎突骨折,啤酒
桡骨、尺骨茎突骨折,白酒
桡骨、尺骨茎突骨折,腐竹
桡骨、尺骨茎突骨折,白扁豆
软骨肉瘤,啤酒
软骨肉瘤,白酒
软骨肉瘤,腐竹
软骨肉瘤,鹅肉
软骨瘤,啤酒
软骨瘤,白酒
软骨瘤,腐竹
软骨瘤,红葡萄酒
软骨发育异常,啤酒
软骨发育异常,白酒
软骨发育异常,腐竹
软骨发育异常,红葡萄酒
软骨发育不全,啤酒
软骨发育不全,白酒
软骨发育不全,腐竹
软骨发育不全,面肥
桡骨小头骨折,白酒
桡骨小头骨折,腐竹
桡骨小头骨折,白扁豆
桡骨小头骨折,红葡萄酒
桡骨远端骨折,白扁豆
桡骨远端骨折,猪油（板油）
桡骨远端骨折,草鱼
桡骨远端骨折,猪肚
锁骨骨折,螃蟹
锁骨骨折,腐竹
锁骨骨折,白扁豆
锁骨骨折,干腌菜
枢椎齿状突骨折,腐竹
枢椎齿状突骨折,白扁豆
枢椎齿状突骨折,咸鱼
枢椎齿状突骨折,白砂糖
神经性关节病,腐竹
神经性关节病,花生
神经性关节病,绿豆
神经性关节病,面肥
神经卡压综合征,白酒
神经卡压综合征,腐竹
神经卡压综合征,白扁豆
神经卡压综合征,干腌菜
少年性椎体骨软骨病,腐竹
少年性椎体骨软骨病,白扁豆
少年性椎体骨软骨病,干腌菜
少年性椎体骨软骨病,螺丝菜
同型胱氨酸尿症,螃蟹
同型胱氨酸尿症,腐竹
同型胱氨酸尿症,白扁豆
同型胱氨酸尿症,蚝豉
退变性关节病,螃蟹
退变性关节病,腐竹
退变性关节病,白扁豆
退变性关节病,蚝豉
特发性脊柱侧凸,啤酒
特发性脊柱侧凸,腐竹
特发性脊柱侧凸,黄酒
特发性脊柱侧凸,面肥
维生素D缺乏性佝偻病,腐竹
维生素D缺乏性佝偻病,白扁豆
维生素D缺乏性佝偻病,黑豆
维生素D缺乏性佝偻病,绿豆
无脊髓损伤的颈椎骨折脱位,啤酒
无脊髓损伤的颈椎骨折脱位,白酒
无脊髓损伤的颈椎骨折脱位,腐竹
无脊髓损伤的颈椎骨折脱位,白扁豆
腕舟骨骨折,啤酒
腕舟骨骨折,白酒
腕舟骨骨折,腐竹
腕舟骨骨折,白扁豆
腕管综合征,啤酒
腕管综合征,白酒
腕管综合征,腐竹
腕管综合征,白扁豆
腕关节结核,啤酒
腕关节结核,白酒
腕关节结核,腐竹
腕关节结核,面肥
斜颈,螃蟹
斜颈,腐竹
斜颈,白扁豆
斜颈,干腌菜
先天性仰趾外翻足,啤酒
先天性仰趾外翻足,白酒
先天性仰趾外翻足,腐竹
先天性仰趾外翻足,面肥
先天性马蹄内翻足,啤酒
先天性马蹄内翻足,白酒
先天性马蹄内翻足,腐竹
先天性马蹄内翻足,面肥
先天性髋内翻,螃蟹
先天性髋内翻,白酒
先天性髋内翻,腐竹
先天性髋内翻,白扁豆
先天性脊柱侧凸,啤酒
先天性脊柱侧凸,白酒
先天性脊柱侧凸,腐竹
先天性脊柱侧凸,面肥
先天性肌性斜颈,啤酒
先天性肌性斜颈,白酒
先天性肌性斜颈,腐竹
先天性肌性斜颈,面肥
颈椎双侧关节突关节脱位,啤酒
颈椎双侧关节突关节脱位,白酒
颈椎双侧关节突关节脱位,腐竹
颈椎双侧关节突关节脱位,面肥
习惯性髌骨脱位,啤酒
习惯性髌骨脱位,白酒
习惯性髌骨脱位,腐竹
习惯性髌骨脱位,面肥
膝关节结核,啤酒
膝关节结核,白酒
膝关节结核,腐竹
膝关节结核,面肥
胸椎结核椎旁脓肿穿入胸腔,腐竹
胸椎结核椎旁脓肿穿入胸腔,白扁豆
胸椎结核椎旁脓肿穿入胸腔,干腌菜
胸椎结核椎旁脓肿穿入胸腔,面肥
先天性颅锁骨发育不全,腐竹
先天性颅锁骨发育不全,白扁豆
先天性颅锁骨发育不全,干腌菜
先天性颅锁骨发育不全,面肥
下背部痛,啤酒
下背部痛,白酒
下背部痛,腐竹
下背部痛,面肥
纤维肌痛症,螃蟹
纤维肌痛症,腐竹
纤维肌痛症,白扁豆
纤维肌痛症,面肥
先天性椎体畸形,螃蟹
先天性椎体畸形,腐竹
先天性椎体畸形,白扁豆
先天性椎体畸形,面肥
先天性颈椎齿状突畸形,螃蟹
先天性颈椎齿状突畸形,腐竹
先天性颈椎齿状突畸形,白扁豆
先天性颈椎齿状突畸形,面肥
先天性垂直距骨,螃蟹
先天性垂直距骨,腐竹
先天性垂直距骨,白扁豆
先天性垂直距骨,面肥
系统性红斑狼疮性关节炎,啤酒
系统性红斑狼疮性关节炎,白酒
系统性红斑狼疮性关节炎,腐竹
系统性红斑狼疮性关节炎,面肥
膝关节创伤性滑膜炎,啤酒
膝关节创伤性滑膜炎,白酒
膝关节创伤性滑膜炎,腐竹
膝关节创伤性滑膜炎,面肥
膝关节半月板损伤,啤酒
膝关节半月板损伤,白酒
膝关节半月板损伤,干腌菜
膝关节半月板损伤,面肥
旋转带肌腱炎,啤酒
旋转带肌腱炎,白酒
旋转带肌腱炎,腐竹
旋转带肌腱炎,面肥
腰肌劳损,腐竹
腰肌劳损,白扁豆
腰肌劳损,干腌菜
腰肌劳损,蚝豉
月状骨骨软骨病,干腌菜
月状骨骨软骨病,绿豆
月状骨骨软骨病,荠菜根
月状骨骨软骨病,螺丝菜
月骨脱位,腐竹
月骨脱位,干腌菜
月骨脱位,红葡萄酒
月骨脱位,螺丝菜
腰部慢性劳损,啤酒
腰部慢性劳损,白酒
腰部慢性劳损,腐竹
腰部慢性劳损,咸鸭蛋
眼眶击出性骨折,腐竹
眼眶击出性骨折,咸鸭蛋
眼眶击出性骨折,干腌菜
眼眶击出性骨折,螺丝菜
眼眶骨折,啤酒
眼眶骨折,白酒
眼眶骨折,腐竹
眼眶骨折,面肥
坐骨神经痛,白酒
坐骨神经痛,腐竹
坐骨神经痛,白扁豆
坐骨神经痛,干腌菜
跖骨疲劳性骨折,腐竹
跖骨疲劳性骨折,白扁豆
跖骨疲劳性骨折,干腌菜
跖骨疲劳性骨折,蚝豉
灼性神经痛,腐竹
灼性神经痛,白扁豆
灼性神经痛,干腌菜
灼性神经痛,蚝豉
椎管内结核肉芽肿,腐竹
椎管内结核肉芽肿,白扁豆
椎管内结核肉芽肿,草鱼
椎管内结核肉芽肿,蚝豉
肘关节结核,啤酒
肘关节结核,白酒
肘关节结核,腐竹
肘关节结核,面肥
跖骨、趾骨骨折,啤酒
跖骨、趾骨骨折,白酒
跖骨、趾骨骨折,腐竹
跖骨、趾骨骨折,面肥
掌指关节脱位,啤酒
掌指关节脱位,白酒
掌指关节脱位,腐竹
掌指关节脱位,咸鸭蛋
肘关节脱位,啤酒
肘关节脱位,白酒
肘关节脱位,腐竹
肘关节脱位,白扁豆
肢骨纹状肥大,啤酒
肢骨纹状肥大,白酒
肢骨纹状肥大,干腌菜
肢骨纹状肥大,泥胡菜
椎弓结核,啤酒
椎弓结核,白酒
椎弓结核,腐竹
椎弓结核,面肥
趾间神经痛,啤酒
趾间神经痛,白酒
趾间神经痛,腐竹
趾间神经痛,面肥
肘关节骨化肌炎,啤酒
肘关节骨化肌炎,白酒
肘关节骨化肌炎,腐竹
肘关节骨化肌炎,白扁豆
肘关节强直,鸡心
肘关节强直,腐竹
肘关节强直,黑豆
肘关节强直,赤小豆
肘外翻,腐竹
肘外翻,干腌菜
肘外翻,黑豆
肘外翻,螺丝菜
足舟状骨骨软骨病,腐竹
足舟状骨骨软骨病,白扁豆
足舟状骨骨软骨病,黄酒
足舟状骨骨软骨病,羊油
姿态性腰腿痛,腐竹
姿态性腰腿痛,白扁豆
姿态性腰腿痛,干腌菜
姿态性腰腿痛,荠菜根
周围性软骨肉瘤,腐竹
周围性软骨肉瘤,干腌菜
周围性软骨肉瘤,螺丝菜
周围性软骨肉瘤,鹌鹑肉
致密性髂骨炎,腐竹
致密性髂骨炎,干腌菜
致密性髂骨炎,荠菜根
致密性髂骨炎,鹌鹑肉
跖趾关节痛,腐竹
跖趾关节痛,白扁豆
跖趾关节痛,咸鱼
跖趾关节痛,干腌菜
闭合性脑外伤,腐竹
闭合性脑外伤,白扁豆
闭合性脑外伤,草鱼
闭合性脑外伤,蚝豉
鼻窦创伤,腐竹
鼻窦创伤,白扁豆
鼻窦创伤,蚝豉
鼻窦创伤,蛤蜊
鼻疖,腐竹
鼻疖,白扁豆
鼻疖,蛏子
鼻疖,蚝豉
鼻窦气压性创伤,啤酒
鼻窦气压性创伤,白酒
鼻窦气压性创伤,干腌菜
鼻窦气压性创伤,荠菜根
爆震性耳聋,腐竹
爆震性耳聋,白扁豆
爆震性耳聋,干腌菜
爆震性耳聋,蚝豉
创伤性溃疡,腐竹
创伤性溃疡,白扁豆
创伤性溃疡,蛏子
创伤性溃疡,蚝豉
尺神经损伤,腐竹
尺神经损伤,白扁豆
尺神经损伤,干腌菜
尺神经损伤,荠菜根
创伤性鼻中隔穿孔,腐竹
创伤性鼻中隔穿孔,白扁豆
创伤性鼻中隔穿孔,干腌菜
创伤性鼻中隔穿孔,蚝豉
创伤性鼻出血,白酒
创伤性鼻出血,腐竹
创伤性鼻出血,白扁豆
创伤性鼻出血,蚝豉
电击伤,腐竹
电击伤,白扁豆
电击伤,蛏子
电击伤,蚝豉
腹部创伤,白酒
腹部创伤,腐竹
腹部创伤,白扁豆
腹部创伤,干腌菜
鼓膜外伤,腐竹
鼓膜外伤,白扁豆
鼓膜外伤,干腌菜
鼓膜外伤,荠菜根
喉部创伤,螃蟹
喉部创伤,腐竹
喉部创伤,白扁豆
喉部创伤,蚝豉
急性失血所致贫血,螃蟹
急性失血所致贫血,腐竹
急性失血所致贫血,白扁豆
急性失血所致贫血,赤砂糖
急性单纯外伤性腰腿痛,腐竹
急性单纯外伤性腰腿痛,白扁豆
急性单纯外伤性腰腿痛,草鱼
急性单纯外伤性腰腿痛,蚝豉
晶体脱位,腐竹
晶体脱位,白扁豆
晶体脱位,草鱼
晶体脱位,蚝豉
开放性脑外伤,腐竹
开放性脑外伤,白扁豆
开放性脑外伤,虾米
开放性脑外伤,蚝豉
开放性手外伤,腐竹
开放性手外伤,白扁豆
开放性手外伤,草鱼
开放性手外伤,蚝豉
慢性单纯外伤性腰腿痛,腐竹
慢性单纯外伤性腰腿痛,白扁豆
慢性单纯外伤性腰腿痛,草鱼
慢性单纯外伤性腰腿痛,蚝豉
脓性指头炎,白酒
脓性指头炎,腐竹
脓性指头炎,白扁豆
脓性指头炎,干腌菜
气压创伤性中耳炎,白酒
气压创伤性中耳炎,腐竹
气压创伤性中耳炎,白扁豆
气压创伤性中耳炎,蚝豉
强酸类中毒,腐竹
强酸类中毒,白扁豆
强酸类中毒,草鱼
强酸类中毒,蚝豉
梭状芽胞杆菌伤口感染,腐竹
梭状芽胞杆菌伤口感染,白扁豆
梭状芽胞杆菌伤口感染,草鱼
梭状芽胞杆菌伤口感染,蚝豉
头皮感染,腐竹
头皮感染,白扁豆
头皮感染,草鱼
头皮感染,蚝豉
头外伤,腐竹
头外伤,白扁豆
头外伤,干腌菜
头外伤,蚝豉
血胸,腐竹
血胸,白扁豆
血胸,猪油（板油）
血胸,草鱼
咽部机械性创伤,腐竹
咽部机械性创伤,白扁豆
咽部机械性创伤,猪油（板油）
咽部机械性创伤,草鱼
腰腿痛,腐竹
腰腿痛,白扁豆
腰腿痛,干腌菜
腰腿痛,螺丝菜
咽喉部外伤,腐竹
咽喉部外伤,白扁豆
咽喉部外伤,猪油（板油）
咽喉部外伤,草鱼
冻僵,腐竹
冻僵,白扁豆
冻僵,猪油（板油）
冻僵,草鱼
电烧伤,腐竹
电烧伤,白扁豆
电烧伤,猪油（板油）
电烧伤,草鱼
化学烧伤,腐竹
化学烧伤,白扁豆
化学烧伤,草鱼
化学烧伤,羊油
热烧伤,腐竹
热烧伤,白扁豆
热烧伤,咸鸭蛋
热烧伤,草鱼
应激性溃疡,腐竹
应激性溃疡,白扁豆
应激性溃疡,干腌菜
应激性溃疡,螺丝菜
烧伤感染,腐竹
烧伤感染,白扁豆
烧伤感染,干腌菜
烧伤感染,螺丝菜
烧伤,猪油（板油）
烧伤,猪小排（猪肋排）
烧伤,猪里脊肉
烧伤,草鱼
烧伤休克,白扁豆
烧伤休克,猪油（板油）
烧伤休克,猪小排（猪肋排）
烧伤休克,草鱼
头皮及颅骨烧伤,白扁豆
头皮及颅骨烧伤,猪油（板油）
头皮及颅骨烧伤,猪小排（猪肋排）
头皮及颅骨烧伤,草鱼
小儿烧伤,白扁豆
小儿烧伤,猪油（板油）
小儿烧伤,猪小排（猪肋排）
小儿烧伤,草鱼
咽喉烧伤及化学伤,白扁豆
咽喉烧伤及化学伤,猪油（板油）
咽喉烧伤及化学伤,干腌菜
咽喉烧伤及化学伤,草鱼
咽部灼伤,白扁豆
咽部灼伤,猪油（板油）
咽部灼伤,猪小排（猪肋排）
咽部灼伤,草鱼
眼烧伤,白扁豆
眼烧伤,猪油（板油）
眼烧伤,草鱼
鸡眼,白扁豆
鸡眼,干腌菜
鸡眼,草鱼
鸡眼,螺丝菜
疖,白扁豆
疖,草鱼
疖,泥鳅
疖,鹅肉
皮肤囊肿,啤酒
皮肤囊肿,白扁豆
皮肤囊肿,干腌菜
皮肤囊肿,螺丝菜
色素痣,白扁豆
色素痣,干腌菜
色素痣,草鱼
色素痣,螺丝菜
痈,白酒
痈,猪油（板油）
痈,干腌菜
痈,螺丝菜
鼻血管瘤,啤酒
鼻血管瘤,白酒
鼻血管瘤,鸡肉
鼻血管瘤,干腌菜
急性动脉栓塞,白扁豆
急性动脉栓塞,干腌菜
急性动脉栓塞,红葡萄酒
急性动脉栓塞,螺丝菜
脑动静脉畸形,白酒
脑动静脉畸形,白扁豆
脑动静脉畸形,干腌菜
脑动静脉畸形,草鱼
血管网织细胞瘤,白扁豆
血管网织细胞瘤,猪油（板油）
血管网织细胞瘤,猪小排（猪肋排）
血管网织细胞瘤,草鱼
血管肉瘤,白扁豆
血管肉瘤,猪油（板油）
血管肉瘤,干腌菜
血管肉瘤,草鱼
血管活性肠肽瘤,白扁豆
血管活性肠肽瘤,猪油（板油）
血管活性肠肽瘤,猪小排（猪肋排）
血管活性肠肽瘤,草鱼
下肢深静脉血栓形成,白扁豆
下肢深静脉血栓形成,猪油（板油）
下肢深静脉血栓形成,猪小排（猪肋排）
下肢深静脉血栓形成,草鱼
拇指再造,白扁豆
拇指再造,猪油（板油）
拇指再造,猪小排（猪肋排）
拇指再造,草鱼
柏哲病,白扁豆
柏哲病,猪油（板油）
柏哲病,猪小排（猪肋排）
柏哲病,草鱼
产褥期乳腺炎,白扁豆
产褥期乳腺炎,干腌菜
产褥期乳腺炎,草鱼
产褥期乳腺炎,螺丝菜
急性化脓性乳腺炎,白扁豆
急性化脓性乳腺炎,干腌菜
急性化脓性乳腺炎,草鱼
急性化脓性乳腺炎,羊油
乳腺囊性增生症,白扁豆
乳腺囊性增生症,猪油（板油）
乳腺囊性增生症,猪小排（猪肋排）
乳腺囊性增生症,草鱼
乳房纤维腺瘤,啤酒
乳房纤维腺瘤,白酒
乳房纤维腺瘤,白扁豆
乳房纤维腺瘤,草鱼
乳腺结核,啤酒
乳腺结核,白酒
乳腺结核,白扁豆
乳腺结核,黄酒
鼻咽癌,啤酒
鼻咽癌,白酒
鼻咽癌,烤鸭
鼻咽癌,鸭血(白鸭)
鼻咽肉瘤,田螺
鼻咽肉瘤,干腌菜
鼻咽肉瘤,鸭血(白鸭)
鼻咽肉瘤,绿豆
鼻咽血管纤维瘤,啤酒
鼻咽血管纤维瘤,白酒
鼻咽血管纤维瘤,干腌菜
鼻咽血管纤维瘤,螺丝菜
成纤维性纤维瘤,啤酒
成纤维性纤维瘤,白酒
成纤维性纤维瘤,干腌菜
成纤维性纤维瘤,螺丝菜
单发性骨软骨瘤,干腌菜
单发性骨软骨瘤,鸭血(白鸭)
单发性骨软骨瘤,绿豆
单发性骨软骨瘤,螺丝菜
多发性遗传性骨软骨瘤,啤酒
多发性遗传性骨软骨瘤,白酒
多发性遗传性骨软骨瘤,干腌菜
多发性遗传性骨软骨瘤,鸭血(白鸭)
多发性软骨瘤,田螺
多发性软骨瘤,干腌菜
多发性软骨瘤,鸭血(白鸭)
多发性软骨瘤,绿豆
恶性葡萄胎,啤酒
恶性葡萄胎,白酒
恶性葡萄胎,鸭血(白鸭)
恶性葡萄胎,绿豆
耳部恶性肿瘤,田螺
耳部恶性肿瘤,干腌菜
耳部恶性肿瘤,鸭血(白鸭)
耳部恶性肿瘤,绿豆
血管内皮瘤,干腌菜
血管内皮瘤,鸭血(白鸭)
血管内皮瘤,绿豆
血管内皮瘤,螺丝菜
恶性纤维组织细胞瘤,田螺
恶性纤维组织细胞瘤,干腌菜
恶性纤维组织细胞瘤,鸭血(白鸭)
恶性纤维组织细胞瘤,绿豆
颞叶肿瘤,咸鱼
颞叶肿瘤,干腌菜
颞叶肿瘤,鸭血(白鸭)
颞叶肿瘤,绿豆
恶性黑色素瘤,啤酒
恶性黑色素瘤,白酒
恶性黑色素瘤,鸭血(白鸭)
恶性黑色素瘤,绿豆
腹膜后肿瘤,白酒
腹膜后肿瘤,干腌菜
腹膜后肿瘤,鸭血(白鸭)
腹膜后肿瘤,螺丝菜
非霍奇金淋巴瘤,啤酒
非霍奇金淋巴瘤,白酒
非霍奇金淋巴瘤,鸭血(白鸭)
非霍奇金淋巴瘤,乌龟
非骨化性纤维瘤,田螺
非骨化性纤维瘤,鸭血(白鸭)
非骨化性纤维瘤,绿豆
非骨化性纤维瘤,乌龟
高泌乳素血症,啤酒
高泌乳素血症,白酒
高泌乳素血症,鸭血(白鸭)
高泌乳素血症,绿豆
宫颈癌,啤酒
宫颈癌,白酒
宫颈癌,干腌菜
宫颈癌,螺丝菜
骨血管瘤,啤酒
骨血管瘤,白酒
骨血管瘤,干腌菜
骨血管瘤,鸭血(白鸭)
骨膜性软骨瘤,啤酒
骨膜性软骨瘤,白酒
骨膜性软骨瘤,干腌菜
骨膜性软骨瘤,螺丝菜
骨化性纤维瘤,啤酒
骨化性纤维瘤,白酒
骨化性纤维瘤,干腌菜
骨化性纤维瘤,螺丝菜
骨的恶性纤维组织细胞瘤,啤酒
骨的恶性纤维组织细胞瘤,白酒
骨的恶性纤维组织细胞瘤,干腌菜
骨的恶性纤维组织细胞瘤,鸭血(白鸭)
骨瘤,啤酒
骨瘤,白酒
骨瘤,鸭血(白鸭)
骨瘤,绿豆
睾丸肿瘤,田螺
睾丸肿瘤,干腌菜
睾丸肿瘤,鸭血(白鸭)
睾丸肿瘤,绿豆
颌面部神经纤维瘤,田螺
颌面部神经纤维瘤,干腌菜
颌面部神经纤维瘤,鸭血(白鸭)
颌面部神经纤维瘤,绿豆
颌面部淋巴管瘤,田螺
颌面部淋巴管瘤,干腌菜
颌面部淋巴管瘤,鸭血(白鸭)
颌面部淋巴管瘤,绿豆
喉癌,田螺
喉癌,干腌菜
喉癌,鸭血(白鸭)
喉癌,绿豆
汗管瘤,啤酒
汗管瘤,白酒
汗管瘤,鸭血(白鸭)
汗管瘤,绿豆
基底细胞瘤,啤酒
基底细胞瘤,白酒
基底细胞瘤,鸭血(白鸭)
基底细胞瘤,绿豆
脊索瘤,啤酒
脊索瘤,白酒
脊索瘤,鸭血(白鸭)
脊索瘤,绿豆
甲状腺癌,干腌菜
甲状腺癌,鸭血(白鸭)
甲状腺癌,鹅肉
甲状腺癌,螺丝菜
颈部囊状淋巴管瘤,啤酒
颈部囊状淋巴管瘤,白酒
颈部囊状淋巴管瘤,鸭血(白鸭)
颈部囊状淋巴管瘤,绿豆
卵巢癌,田螺
卵巢癌,干腌菜
卵巢癌,鸭血(白鸭)
卵巢癌,绿豆
良性葡萄胎,田螺
良性葡萄胎,干腌菜
良性葡萄胎,鸭血(白鸭)
良性葡萄胎,绿豆
淋巴管肉瘤,干腌菜
淋巴管肉瘤,羊油
淋巴管肉瘤,鸭血(白鸭)
淋巴管肉瘤,绿豆
良性纤维组织细胞瘤,白酒
良性纤维组织细胞瘤,干腌菜
良性纤维组织细胞瘤,鸭血(白鸭)
良性纤维组织细胞瘤,螺丝菜
淋巴管瘤,干腌菜
淋巴管瘤,鸭血(白鸭)
淋巴管瘤,绿豆
淋巴管瘤,螺丝菜
颅咽管瘤,田螺
颅咽管瘤,河蚌
颅咽管瘤,干腌菜
颅咽管瘤,蛏子
鳞状细胞癌,干腌菜
鳞状细胞癌,鸭血(白鸭)
鳞状细胞癌,绿豆
鳞状细胞癌,螺丝菜
弥漫性恶性间皮瘤,啤酒
弥漫性恶性间皮瘤,白酒
弥漫性恶性间皮瘤,鸭血(白鸭)
弥漫性恶性间皮瘤,绿豆
弥漫型间皮瘤,啤酒
弥漫型间皮瘤,白酒
弥漫型间皮瘤,咸鸭蛋
弥漫型间皮瘤,鸭血(白鸭)
弥漫性血管内凝血,啤酒
弥漫性血管内凝血,白酒
弥漫性血管内凝血,干腌菜
弥漫性血管内凝血,鸭血(白鸭)
粘液表皮样癌,田螺
粘液表皮样癌,河蚌
粘液表皮样癌,鸭血(白鸭)
粘液表皮样癌,绿豆
平滑骨肉瘤,田螺
平滑骨肉瘤,干腌菜
平滑骨肉瘤,鸭血(白鸭)
平滑骨肉瘤,绿豆
皮肤癌,啤酒
皮肤癌,白酒
皮肤癌,鸭血(白鸭)
皮肤癌,白果（鲜）
乳管内乳头状瘤,啤酒
乳管内乳头状瘤,白酒
乳管内乳头状瘤,干腌菜
乳管内乳头状瘤,鸭血(白鸭)
绒毛膜癌,啤酒
绒毛膜癌,白酒
绒毛膜癌,干腌菜
绒毛膜癌,鸭血(白鸭)
软骨粘液样纤维瘤,啤酒
软骨粘液样纤维瘤,白酒
软骨粘液样纤维瘤,干腌菜
软骨粘液样纤维瘤,鸭血(白鸭)
软骨母细胞瘤,啤酒
软骨母细胞瘤,白酒
软骨母细胞瘤,干腌菜
软骨母细胞瘤,螺丝菜
乳头状囊腺瘤,啤酒
乳头状囊腺瘤,白酒
乳头状囊腺瘤,干腌菜
乳头状囊腺瘤,螺丝菜
舌癌,啤酒
舌癌,白酒
舌癌,螺丝菜
上颌窦癌,啤酒
上颌窦癌,白酒
上颌窦癌,干腌菜
上颌窦癌,螺丝菜
神经纤维肉瘤,啤酒
神经纤维肉瘤,白酒
神经纤维肉瘤,鸭血(白鸭)
神经纤维肉瘤,绿豆
上皮样肉瘤,啤酒
上皮样肉瘤,白酒
上皮样肉瘤,鸭血(白鸭)
上皮样肉瘤,绿豆
神经瘤,田螺
神经瘤,干腌菜
神经瘤,鸭血(白鸭)
神经瘤,绿豆
上颌窦恶性肿瘤,田螺
上颌窦恶性肿瘤,干腌菜
上颌窦恶性肿瘤,鸭血(白鸭)
上颌窦恶性肿瘤,绿豆
筛窦恶性肿瘤,田螺
筛窦恶性肿瘤,干腌菜
筛窦恶性肿瘤,鸭血(白鸭)
筛窦恶性肿瘤,绿豆
视网膜母细胞瘤,啤酒
视网膜母细胞瘤,白酒
视网膜母细胞瘤,鸭血(白鸭)
视网膜母细胞瘤,绿豆
听神经瘤,啤酒
听神经瘤,白酒
听神经瘤,冰糖
听神经瘤,鸭血(白鸭)
纹状骨瘤,啤酒
纹状骨瘤,白酒
纹状骨瘤,鸭血(白鸭)
纹状骨瘤,绿豆
外阴癌,干腌菜
外阴癌,鸭血(白鸭)
外阴癌,绿豆
外阴癌,螺丝菜
网状细胞肉瘤,啤酒
网状细胞肉瘤,白酒
网状细胞肉瘤,鸭血(白鸭)
网状细胞肉瘤,绿豆
外耳道乳头状瘤,田螺
外耳道乳头状瘤,鸭血(白鸭)
外耳道乳头状瘤,绿豆
外耳道乳头状瘤,鳝鱼
腺泡状软组织肉瘤,田螺
腺泡状软组织肉瘤,淡菜(鲜)
腺泡状软组织肉瘤,鸭血(白鸭)
腺泡状软组织肉瘤,绿豆
纤维肉瘤,啤酒
纤维肉瘤,白酒
纤维肉瘤,鸭血(白鸭)
纤维肉瘤,绿豆
涎腺癌,啤酒
涎腺癌,白酒
涎腺癌,鸭血(白鸭)
涎腺癌,绿豆
纤维软骨间质瘤,啤酒
纤维软骨间质瘤,白酒
纤维软骨间质瘤,鸭血(白鸭)
纤维软骨间质瘤,绿豆
小肠肿瘤,啤酒
小肠肿瘤,白酒
小肠肿瘤,干腌菜
小肠肿瘤,鸭血(白鸭)
牙瘤,啤酒
牙瘤,白酒
牙瘤,鸭血(白鸭)
牙瘤,绿豆
阴茎癌,啤酒
阴茎癌,白酒
阴茎癌,干腌菜
阴茎癌,鸭血(白鸭)
尤文氏肉瘤,啤酒
尤文氏肉瘤,白酒
尤文氏肉瘤,干腌菜
尤文氏肉瘤,鸭血(白鸭)
阴道恶性肿瘤,啤酒
阴道恶性肿瘤,白酒
阴道恶性肿瘤,鸭血(白鸭)
阴道恶性肿瘤,绿豆
眼眶肉瘤,干腌菜
眼眶肉瘤,鸭血(白鸭)
眼眶肉瘤,绿豆
眼眶肉瘤,螺丝菜
牙龈癌,田螺
牙龈癌,干腌菜
牙龈癌,鸭血(白鸭)
牙龈癌,绿豆
脂肪瘤,干腌菜
脂肪瘤,鸭血(白鸭)
脂肪瘤,绿豆
脂肪瘤,螺丝菜
子宫内膜癌,白酒
子宫内膜癌,干腌菜
子宫内膜癌,鸭血(白鸭)
子宫内膜癌,绿豆
脂肪肉瘤,田螺
脂肪肉瘤,干腌菜
脂肪肉瘤,鸭血(白鸭)
脂肪肉瘤,绿豆
中耳癌,干腌菜
中耳癌,鸭血(白鸭)
中耳癌,绿豆
中耳癌,鹅肉
中心性软骨肉瘤,螃蟹
中心性软骨肉瘤,田螺
中心性软骨肉瘤,鸭血(白鸭)
中心性软骨肉瘤,绿豆
枕叶肿瘤,白酒
枕叶肿瘤,田螺
枕叶肿瘤,鸭血(白鸭)
枕叶肿瘤,绿豆
阿米巴性阴道炎,啤酒
阿米巴性阴道炎,白酒
阿米巴性阴道炎,鸭血(白鸭)
阿米巴性阴道炎,绿豆
女性不孕症,啤酒
女性不孕症,白酒
女性不孕症,干腌菜
女性不孕症,螺丝菜
处女膜闭锁,啤酒
处女膜闭锁,白酒
处女膜闭锁,鸭血(白鸭)
处女膜闭锁,绿豆
滴虫性阴道炎,啤酒
滴虫性阴道炎,白酒
滴虫性阴道炎,鸭血(白鸭)
滴虫性阴道炎,绿豆
单纯性外阴炎,啤酒
单纯性外阴炎,白酒
单纯性外阴炎,鸭血(白鸭)
单纯性外阴炎,绿豆
附件炎,白酒
附件炎,田螺
附件炎,鸭血(白鸭)
附件炎,绿豆
非特异性阴道炎,啤酒
非特异性阴道炎,白酒
非特异性阴道炎,鸭血(白鸭)
非特异性阴道炎,绿豆
宫外孕,干腌菜
宫外孕,鸭血(白鸭)
宫外孕,绿豆
宫外孕,螺丝菜
宫颈白斑,啤酒
宫颈白斑,白酒
宫颈白斑,鸭血(白鸭)
宫颈白斑,绿豆
宫颈外翻,干腌菜
宫颈外翻,鸭血(白鸭)
宫颈外翻,绿豆
宫颈外翻,螺丝菜
宫颈息肉,田螺
宫颈息肉,干腌菜
宫颈息肉,鸭血(白鸭)
宫颈息肉,绿豆
宫颈糜烂,田螺
宫颈糜烂,鸭血(白鸭)
宫颈糜烂,绿豆
宫颈糜烂,蛏子
功血,杏仁
功血,鸭肉
功血,绿豆
功血,赤小豆
更年期综合征,白酒
更年期综合征,辣椒(红、尖、干)
更年期综合征,葱白
经前期综合征,啤酒
经前期综合征,白酒
经前期综合征,鹿肉
经前期综合征,鸡肝
急性子宫内膜炎,杏仁
急性子宫内膜炎,鹿肉
急性子宫内膜炎,鸡肝
急性子宫内膜炎,干腌菜
急性宫颈炎,杏仁
急性宫颈炎,鹿肉
急性宫颈炎,鸡肝
急性宫颈炎,松子仁
老年性阴道炎,杏仁
老年性阴道炎,鹿肉
老年性阴道炎,鸡肝
老年性阴道炎,松子仁
卵巢囊肿,杏仁
卵巢囊肿,鸭肉
卵巢囊肿,绿豆
卵巢囊肿,赤小豆
卵巢破裂,杏仁
卵巢破裂,白扁豆
卵巢破裂,绿豆
卵巢破裂,赤小豆
慢性宫颈炎,杏仁
慢性宫颈炎,白扁豆
慢性宫颈炎,绿豆
慢性宫颈炎,赤小豆
霉菌性外阴炎,啤酒
霉菌性外阴炎,白酒
霉菌性外阴炎,杏仁
霉菌性外阴炎,绿豆
慢性子宫内膜炎,白扁豆
慢性子宫内膜炎,田螺
慢性子宫内膜炎,赤小豆
慢性子宫内膜炎,蛏子
慢性输卵管卵巢炎,白扁豆
慢性输卵管卵巢炎,田螺
慢性输卵管卵巢炎,绿豆
慢性输卵管卵巢炎,赤小豆
盆腔炎,螃蟹
盆腔炎,田螺
盆腔炎,蛏子
盆腔炎,蛤蜊
葡萄胎,螃蟹
葡萄胎,田螺
葡萄胎,蛏子
葡萄胎,猪脑
盆腔腹膜炎,螃蟹
盆腔腹膜炎,田螺
盆腔腹膜炎,鸭血(白鸭)
盆腔腹膜炎,绿豆
前置胎盘,白酒
前置胎盘,田螺
前置胎盘,鸭血(白鸭)
前置胎盘,绿豆
前庭大腺炎,鸭血(白鸭)
前庭大腺炎,绿豆
前庭大腺炎,鱿鱼(鲜)
前庭大腺炎,鲟鱼
妊娠合并糖尿病,腐竹
妊娠合并糖尿病,虾皮
妊娠合并糖尿病,鸭血(白鸭)
妊娠合并糖尿病,绿豆
妊娠期心脏病,鸡肉
妊娠期心脏病,田螺
妊娠期心脏病,鸭血(白鸭)
妊娠期心脏病,绿豆
妊高征,螃蟹
妊高征,咸鸭蛋
妊高征,黄酒
妊高征,三文鱼
输卵管妊娠,螃蟹
输卵管妊娠,咸鸭蛋
输卵管妊娠,黄酒
输卵管妊娠,甲鱼
生殖器念珠菌病,黄酒
生殖器念珠菌病,猪肚
生殖器念珠菌病,蛏子
生殖器念珠菌病,甲鱼
胎盘早剥,螃蟹
胎盘早剥,鸭肉
胎盘早剥,黄酒
胎盘早剥,甲鱼
痛经,莲子
痛经,白果（干）
痛经,鸭血(白鸭)
痛经,绿豆
外阴瘙痒,莲子
外阴瘙痒,白果（干）
外阴瘙痒,鸭血(白鸭)
外阴瘙痒,鸡翅
外阴炎,海螺
外阴炎,猪肚
外阴炎,蛏子
外阴炎,猪脑
先天性无阴道,莲子
先天性无阴道,白果（干）
先天性无阴道,鸭血(白鸭)
先天性无阴道,绿豆
性交疼痛,莲子
性交疼痛,白果（干）
性交疼痛,鸭血(白鸭)
性交疼痛,绿豆
幼女性外阴阴道炎,莲子
幼女性外阴阴道炎,白果（干）
幼女性外阴阴道炎,鸭血(白鸭)
幼女性外阴阴道炎,绿豆
月经不调,螃蟹
月经不调,鱼腥草
月经不调,田螺
月经不调,蛏子
阴道痉挛,杏仁
阴道痉挛,白扁豆
阴道痉挛,绿豆
阴道痉挛,赤小豆
月经周期性精神病,啤酒
月经周期性精神病,白酒
月经周期性精神病,黄酒
月经周期性精神病,江米酒
阴道横隔,啤酒
阴道横隔,白酒
阴道横隔,黄酒
阴道横隔,江米酒
霉菌性阴道炎,啤酒
霉菌性阴道炎,黄酒
霉菌性阴道炎,绿豆
霉菌性阴道炎,江米酒
阴道毛滴虫病,啤酒
阴道毛滴虫病,黄酒
阴道毛滴虫病,绿豆
阴道毛滴虫病,江米酒
子宫肥大,啤酒
子宫肥大,白酒
子宫肥大,绿豆
子宫肥大,江米酒
子宫肌瘤,田螺
子宫肌瘤,河蚌
子宫肌瘤,泥鳅
子宫肌瘤,腊肉（烟肉）
子宫内膜异位症,螃蟹
子宫内膜异位症,辣椒(红、尖、干)
子宫内膜异位症,河蚌
子宫内膜异位症,苜蓿
子宫脱垂,白酒
子宫脱垂,辣椒(红、尖、干)
子宫脱垂,咖啡
子宫脱垂,花椒
子宫息肉,海蟹
子宫息肉,白酒
子宫息肉,辣椒(红、尖、干)
子宫息肉,咖啡
持续性枕后位、枕横位,田螺
持续性枕后位、枕横位,鸭血(白鸭)
持续性枕后位、枕横位,绿豆
持续性枕后位、枕横位,赤小豆
产后出血,啤酒
产后出血,白酒
产后出血,鸭血(白鸭)
产后出血,绿豆
多胎,白酒
多胎,辣椒(红、尖、干)
多胎,大蒜
多胎,姜
流产,白酒
流产,辣椒(红、尖、干)
流产,江米酒
流产,猪肉(肥)
胎膜早破,螃蟹
胎膜早破,啤酒
胎膜早破,白酒
胎膜早破,干腌菜
胎膜早破,鸭血(白鸭)
胎膜早破,绿豆
胎膜早破,红豆沙
胎膜早破,海蜇头
脐带脱垂,洋葱
脐带脱垂,蒜苔
脐带脱垂,蒜黄
脐带脱垂,青蒜
臀先露,辣椒(青、尖)
臀先露,白酒
臀先露,咖啡
臀先露,红花
羊水栓塞,辣椒(青、尖)
羊水栓塞,白酒
羊水栓塞,洋葱
羊水栓塞,辣椒(红、尖、干)
子宫收缩过强,鸭血(白鸭)
子宫收缩过强,黑豆
子宫收缩过强,绿豆
子宫收缩过强,红豆沙
子宫收缩乏力,海螺
子宫收缩乏力,白酒
子宫收缩乏力,洋葱
子宫收缩乏力,田螺
子宫破裂,白酒
子宫破裂,洋葱
子宫破裂,茼蒿
子宫破裂,蒜苔
早产,螃蟹
早产,海螺
早产,鸭肉
早产,莴笋
早产儿,鸭血(白鸭)
早产儿,黑豆
早产儿,绿豆
早产儿,红豆沙
多种抽动综合征,鸭血(白鸭)
多种抽动综合征,黑豆
多种抽动综合征,绿豆
多种抽动综合征,红豆沙
鹅口疮,辣椒(青、尖)
鹅口疮,洋葱
鹅口疮,小葱
鹅口疮,青葱
小儿多动症,大蒜
小儿多动症,干腌菜
小儿多动症,肥膘肉
儿童抽动障碍,鸡腿
儿童抽动障碍,鸭血(白鸭)
儿童抽动障碍,绿豆
儿童抽动障碍,红豆沙
儿童孤独症,鸭血(白鸭)
儿童孤独症,黑豆
儿童孤独症,绿豆
儿童孤独症,红豆沙
儿童期情绪障碍,鸭血(白鸭)
儿童期情绪障碍,黑豆
儿童期情绪障碍,绿豆
儿童期情绪障碍,红豆沙
儿童精神分裂症,鸭血(白鸭)
儿童精神分裂症,黑豆
儿童精神分裂症,绿豆
儿童精神分裂症,红豆沙
结节性硬化,鸭血(白鸭)
结节性硬化,黑豆
结节性硬化,绿豆
结节性硬化,红豆沙
流行性腮腺炎,螃蟹
流行性腮腺炎,白酒
流行性腮腺炎,辣椒(红、尖、干)
流行性腮腺炎,大蒜
母儿血型不合溶血病,白酒
母儿血型不合溶血病,鸭血(白鸭)
母儿血型不合溶血病,绿豆
母儿血型不合溶血病,红豆沙
奶癣,白酒
奶癣,火腿
奶癣,小葱
奶癣,火腿肠
乳汁吸入性肺炎,白酒
乳汁吸入性肺炎,田螺
乳汁吸入性肺炎,青蒜
乳汁吸入性肺炎,小葱
水杨酸类中毒,鸭血(白鸭)
水杨酸类中毒,黑豆
水杨酸类中毒,绿豆
水杨酸类中毒,红豆沙
疝气,鸡蛋
疝气,啤酒
疝气,白酒
疝气,干腌菜
胎儿宫内窘迫,啤酒
胎儿宫内窘迫,白酒
胎儿宫内窘迫,咸鸭蛋
胎儿宫内窘迫,鸡蛋黄
维生素A中毒症,鸡蛋
维生素A中毒症,啤酒
维生素A中毒症,白酒
维生素A中毒症,鸭血(白鸭)
维生素B1缺乏病,鸭血(白鸭)
维生素B1缺乏病,黑豆
维生素B1缺乏病,绿豆
维生素B1缺乏病,红豆沙
维生素B6依赖综合征,鸭血(白鸭)
维生素B6依赖综合征,黑豆
维生素B6依赖综合征,绿豆
维生素B6依赖综合征,红豆沙
维生素A缺乏病,啤酒
维生素A缺乏病,白酒
维生素A缺乏病,鸭血(白鸭)
维生素A缺乏病,绿豆
先天性全丙种球蛋白低下血症,鸭血(白鸭)
先天性全丙种球蛋白低下血症,黑豆
先天性全丙种球蛋白低下血症,绿豆
先天性全丙种球蛋白低下血症,红豆沙
小儿肥胖,猪大肠
小儿肥胖,猪肚
小儿肥胖,咸肉
小儿肥胖,香肠
小儿缺铁性贫血,鸭血(白鸭)
小儿缺铁性贫血,黑豆
小儿缺铁性贫血,绿豆
小儿缺铁性贫血,红豆沙
小儿营养不良,白酒
小儿营养不良,鸭血(白鸭)
小儿营养不良,绿豆
锌缺乏病,鸭血(白鸭)
锌缺乏病,黑豆
锌缺乏病,绿豆
锌缺乏病,红豆沙
小儿麻痹症,鸡蛋黄
小儿麻痹症,鸭血(白鸭)
小儿麻痹症,绿豆
小儿麻痹症,红豆沙
先天性声门下狭窄,鸭血(白鸭)
先天性声门下狭窄,黑豆
先天性声门下狭窄,绿豆
先天性声门下狭窄,红豆沙
先天性白内障,鸭血(白鸭)
先天性白内障,黑豆
先天性白内障,绿豆
先天性白内障,红豆沙
婴儿玫瑰疹,鸭血(白鸭)
婴儿玫瑰疹,黑豆
婴儿玫瑰疹,绿豆
婴儿玫瑰疹,红豆沙
异位急性阑尾炎,啤酒
异位急性阑尾炎,白酒
异位急性阑尾炎,鸭血(白鸭)
异位急性阑尾炎,绿豆
婴儿脐疝,啤酒
婴儿脐疝,白酒
婴儿脐疝,鸭血(白鸭)
婴儿脐疝,绿豆
婴幼儿腹泻,啤酒
婴幼儿腹泻,白酒
婴幼儿腹泻,鸭血(白鸭)
婴幼儿腹泻,绿豆
幼年型类风湿病,鸭血(白鸭)
幼年型类风湿病,黑豆
幼年型类风湿病,绿豆
幼年型类风湿病,红豆沙
婴儿肠痉挛,啤酒
婴儿肠痉挛,白酒
婴儿肠痉挛,黄酒
婴儿肠痉挛,江米酒
牙体缺损,鸭血(白鸭)
牙体缺损,黑豆
牙体缺损,绿豆
牙体缺损,红豆沙
咽扁桃体肥大,啤酒
咽扁桃体肥大,白酒
咽扁桃体肥大,鸭血(白鸭)
咽扁桃体肥大,绿豆
自闭症,啤酒
自闭症,白酒
自闭症,鸭血(白鸭)
自闭症,绿豆
智力低下,鸭血(白鸭)
智力低下,黑豆
智力低下,绿豆
智力低下,红豆沙
伴有虹膜睫状体炎的继发性青光眼,干腌菜
伴有虹膜睫状体炎的继发性青光眼,鸭血(白鸭)
伴有虹膜睫状体炎的继发性青光眼,绿豆
伴有虹膜睫状体炎的继发性青光眼,红豆沙
玻璃体猪囊虫病,鸭血(白鸭)
玻璃体猪囊虫病,黑豆
玻璃体猪囊虫病,绿豆
玻璃体猪囊虫病,红豆沙
白内障,白酒
白内障,腐竹
白内障,鸭血(白鸭)
白内障,赤小豆
玻璃体混浊,腐竹
玻璃体混浊,白扁豆
玻璃体混浊,鸭血(白鸭)
玻璃体混浊,赤小豆
瘢痕性类天疱疮,啤酒
瘢痕性类天疱疮,白酒
瘢痕性类天疱疮,鸭血(白鸭)
瘢痕性类天疱疮,赤小豆
玻璃体出血,白酒
玻璃体出血,白扁豆
玻璃体出血,鸭血(白鸭)
玻璃体出血,赤小豆
表层巩膜炎,啤酒
表层巩膜炎,白酒
表层巩膜炎,鸭血(白鸭)
表层巩膜炎,赤小豆
暴露性角膜炎,白扁豆
暴露性角膜炎,田螺
暴露性角膜炎,鸭血(白鸭)
暴露性角膜炎,赤小豆
包涵体性结膜炎,白扁豆
包涵体性结膜炎,干腌菜
包涵体性结膜炎,鸭血(白鸭)
包涵体性结膜炎,赤小豆
春季性结膜炎,白扁豆
春季性结膜炎,田螺
春季性结膜炎,鸭血(白鸭)
春季性结膜炎,赤小豆
春季卡他性结膜炎,啤酒
春季卡他性结膜炎,白酒
春季卡他性结膜炎,鸭血(白鸭)
春季卡他性结膜炎,赤小豆
蚕蚀性角膜溃疡,白扁豆
蚕蚀性角膜溃疡,田螺
蚕蚀性角膜溃疡,鸭血(白鸭)
蚕蚀性角膜溃疡,赤小豆
低眼压性青光眼,白扁豆
低眼压性青光眼,田螺
低眼压性青光眼,鸭血(白鸭)
低眼压性青光眼,赤小豆
大泡性角膜病变,啤酒
大泡性角膜病变,白酒
大泡性角膜病变,鸭血(白鸭)
大泡性角膜病变,赤小豆
单纯疱疹病毒性角膜炎,白酒
单纯疱疹病毒性角膜炎,白扁豆
单纯疱疹病毒性角膜炎,鸭血(白鸭)
单纯疱疹病毒性角膜炎,赤小豆
恶性青光眼,白酒
恶性青光眼,白扁豆
恶性青光眼,鸭血(白鸭)
恶性青光眼,赤小豆
酚类中毒,白扁豆
酚类中毒,鸡肉
酚类中毒,鸭血(白鸭)
酚类中毒,赤小豆
共同性外斜视,白扁豆
共同性外斜视,田螺
共同性外斜视,鸭血(白鸭)
共同性外斜视,赤小豆
干燥性角结膜炎,白扁豆
干燥性角结膜炎,田螺
干燥性角结膜炎,鸭血(白鸭)
干燥性角结膜炎,赤小豆
巩膜炎,白扁豆
巩膜炎,田螺
巩膜炎,鸭血(白鸭)
巩膜炎,赤小豆
共同性斜视,白扁豆
共同性斜视,田螺
共同性斜视,鸭血(白鸭)
共同性斜视,赤小豆
恒定性外斜视,白扁豆
恒定性外斜视,田螺
恒定性外斜视,鸭血(白鸭)
恒定性外斜视,赤小豆
红外线伤,白扁豆
红外线伤,田螺
红外线伤,鸭血(白鸭)
红外线伤,赤小豆
化学性眼外伤,白扁豆
化学性眼外伤,田螺
化学性眼外伤,鸭血(白鸭)
化学性眼外伤,赤小豆
化脓性葡萄膜炎,白扁豆
化脓性葡萄膜炎,田螺
化脓性葡萄膜炎,鸭血(白鸭)
化脓性葡萄膜炎,赤小豆
虹膜睫状体炎,白扁豆
虹膜睫状体炎,田螺
虹膜睫状体炎,鸭血(白鸭)
虹膜睫状体炎,赤小豆
急性泪囊炎,白扁豆
急性泪囊炎,田螺
急性泪囊炎,鸭血(白鸭)
急性泪囊炎,赤小豆
近视眼,白扁豆
近视眼,田螺
近视眼,鸭血(白鸭)
近视眼,赤小豆
角膜病,白酒
角膜病,白扁豆
角膜病,鸭血(白鸭)
角膜病,赤小豆
间歇性外斜视,白酒
间歇性外斜视,白扁豆
间歇性外斜视,鸭血(白鸭)
间歇性外斜视,赤小豆
急性眼眶蜂窝织炎,啤酒
急性眼眶蜂窝织炎,白酒
急性眼眶蜂窝织炎,鸭血(白鸭)
急性眼眶蜂窝织炎,赤小豆
急性出血性结膜炎,啤酒
急性出血性结膜炎,白酒
急性出血性结膜炎,黄酒
急性出血性结膜炎,鸭血(白鸭)
晶体异位和脱位,啤酒
晶体异位和脱位,白酒
晶体异位和脱位,黄酒
晶体异位和脱位,鸭血(白鸭)
结膜干燥症,白扁豆
结膜干燥症,田螺
结膜干燥症,鸭血(白鸭)
结膜干燥症,赤小豆
角膜擦伤,白扁豆
角膜擦伤,田螺
角膜擦伤,鸭血(白鸭)
角膜擦伤,赤小豆
交感性眼炎,白扁豆
交感性眼炎,田螺
交感性眼炎,鸭血(白鸭)
交感性眼炎,赤小豆
急性卡他性结膜炎,白扁豆
急性卡他性结膜炎,田螺
急性卡他性结膜炎,鸭血(白鸭)
急性卡他性结膜炎,赤小豆
急性闭角性青光眼,白酒
急性闭角性青光眼,黄酒
急性闭角性青光眼,鸭血(白鸭)
急性闭角性青光眼,赤小豆
睑外翻,白扁豆
睑外翻,田螺
睑外翻,鸭血(白鸭)
睑外翻,赤小豆
基质性角膜炎,白酒
基质性角膜炎,白扁豆
基质性角膜炎,鸭血(白鸭)
基质性角膜炎,赤小豆
角膜软化症,白酒
角膜软化症,黄酒
角膜软化症,鸭血(白鸭)
角膜软化症,赤小豆
急性虹膜睫状体炎,白酒
急性虹膜睫状体炎,咸鸭蛋
急性虹膜睫状体炎,黄酒
急性虹膜睫状体炎,鸭血(白鸭)
眶上神经痛,鸡肝
眶上神经痛,白扁豆
眶上神经痛,鸭血(白鸭)
眶上神经痛,赤小豆
眶蜂窝织炎,白扁豆
眶蜂窝织炎,田螺
眶蜂窝织炎,鸭血(白鸭)
眶蜂窝织炎,赤小豆
开角型青光眼,白酒
开角型青光眼,白扁豆
开角型青光眼,鸭血(白鸭)
开角型青光眼,赤小豆
泪腺分泌功能减退,白扁豆
泪腺分泌功能减退,干腌菜
泪腺分泌功能减退,鸭血(白鸭)
泪腺分泌功能减退,赤小豆
泪液分泌过多,白酒
泪液分泌过多,白扁豆
泪液分泌过多,鸭血(白鸭)
泪液分泌过多,赤小豆
泪腺混合瘤,干腌菜
泪腺混合瘤,鸭血(白鸭)
泪腺混合瘤,赤小豆
泪腺混合瘤,螺丝菜
淋菌性结膜炎,白扁豆
淋菌性结膜炎,田螺
淋菌性结膜炎,鸭血(白鸭)
淋菌性结膜炎,赤小豆
老年性黄斑变性,白酒
老年性黄斑变性,白扁豆
老年性黄斑变性,鸭血(白鸭)
老年性黄斑变性,赤小豆
流行性角结膜炎,白酒
流行性角结膜炎,黄酒
流行性角结膜炎,鸭血(白鸭)
流行性角结膜炎,赤小豆
绿脓杆菌性角膜溃疡,白扁豆
绿脓杆菌性角膜溃疡,田螺
绿脓杆菌性角膜溃疡,鸭血(白鸭)
绿脓杆菌性角膜溃疡,赤小豆
麦粒肿,啤酒
麦粒肿,白酒
麦粒肿,鸭血(白鸭)
慢性泪腺炎,白扁豆
慢性泪腺炎,田螺
慢性泪腺炎,鸭血(白鸭)
慢性泪腺炎,赤小豆
脉络膜裂伤,白扁豆
脉络膜裂伤,鸭血(白鸭)
脉络膜裂伤,花生仁（炸）
脉络膜裂伤,赤小豆
麻痹性斜视,白扁豆
麻痹性斜视,干腌菜
麻痹性斜视,鸭血(白鸭)
麻痹性斜视,赤小豆
脉络膜黑色素瘤,白扁豆
脉络膜黑色素瘤,干腌菜
脉络膜黑色素瘤,鸭血(白鸭)
脉络膜黑色素瘤,赤小豆
慢性泪囊炎,白扁豆
慢性泪囊炎,田螺
慢性泪囊炎,鸭血(白鸭)
慢性泪囊炎,赤小豆
脉络膜炎,白酒
脉络膜炎,白扁豆
脉络膜炎,鸭血(白鸭)
脉络膜炎,赤小豆
慢性闭角型青光眼,白酒
慢性闭角型青光眼,白扁豆
慢性闭角型青光眼,鸭血(白鸭)
慢性闭角型青光眼,赤小豆
内隐斜,白酒
内隐斜,白扁豆
内隐斜,鸭血(白鸭)
内隐斜,赤小豆
泡性角结膜炎,白酒
泡性角结膜炎,干腌菜
泡性角结膜炎,鸭血(白鸭)
泡性角结膜炎,赤小豆
匐行性角膜溃疡,白扁豆
匐行性角膜溃疡,干腌菜
匐行性角膜溃疡,鸭血(白鸭)
匐行性角膜溃疡,赤小豆
青光眼,啤酒
青光眼,白酒
青光眼,鸭血(白鸭)
青光眼,赤小豆
缺血性视神经病变,白扁豆
缺血性视神经病变,田螺
缺血性视神经病变,鸭血(白鸭)
缺血性视神经病变,赤小豆
屈光不正,白扁豆
屈光不正,田螺
屈光不正,鸭血(白鸭)
屈光不正,赤小豆
球后视神经炎,白扁豆
球后视神经炎,田螺
球后视神经炎,鸭血(白鸭)
球后视神经炎,赤小豆
青光眼睫状体炎综合征,白扁豆
青光眼睫状体炎综合征,田螺
青光眼睫状体炎综合征,鸭血(白鸭)
青光眼睫状体炎综合征,赤小豆
浅层点状角膜炎,白扁豆
浅层点状角膜炎,田螺
浅层点状角膜炎,鸭血(白鸭)
浅层点状角膜炎,赤小豆
前房积血,白扁豆
前房积血,干腌菜
前房积血,鸭血(白鸭)
前房积血,赤小豆
缺血性视盘病变,白扁豆
缺血性视盘病变,干腌菜
缺血性视盘病变,鸭血(白鸭)
缺血性视盘病变,赤小豆
上隐斜,白扁豆
上隐斜,鸭血(白鸭)
上隐斜,赤小豆
上隐斜,公鸡
沙眼,杏仁
沙眼,腐竹
沙眼,鸭血(白鸭)
沙眼,赤小豆
视网膜静脉阻塞,白酒
视网膜静脉阻塞,杏仁
视网膜静脉阻塞,黄酒
视网膜静脉阻塞,鸭血(白鸭)
视网膜动脉阻塞,杏仁
视网膜动脉阻塞,腐竹
视网膜动脉阻塞,鸭血(白鸭)
视网膜动脉阻塞,赤小豆
视网膜静脉周围炎,腐竹
视网膜静脉周围炎,白扁豆
视网膜静脉周围炎,鸭血(白鸭)
视网膜静脉周围炎,赤小豆
丝状角膜病变,白酒
丝状角膜病变,杏仁
丝状角膜病变,腐竹
丝状角膜病变,鸭血(白鸭)
视网膜色素上皮炎,杏仁
视网膜色素上皮炎,干腌菜
视网膜色素上皮炎,鸭血(白鸭)
视网膜色素上皮炎,螺丝菜
视盘炎,杏仁
视盘炎,腐竹
视盘炎,鸭血(白鸭)
视盘炎,螺丝菜
视网膜色素变性,杏仁
视网膜色素变性,腐竹
视网膜色素变性,鸭血(白鸭)
视网膜色素变性,赤小豆
视网膜脱离,腐竹
视网膜脱离,白扁豆
视网膜脱离,鸭血(白鸭)
视网膜脱离,赤小豆
视盘水肿,腐竹
视盘水肿,白扁豆
视盘水肿,鸭血(白鸭)
视盘水肿,赤小豆
上睑下垂,腐竹
上睑下垂,白扁豆
上睑下垂,鸭血(白鸭)
上睑下垂,赤小豆
特发性葡萄膜大脑炎,白酒
特发性葡萄膜大脑炎,腐竹
特发性葡萄膜大脑炎,鸭血(白鸭)
特发性葡萄膜大脑炎,赤小豆
外层渗出性视网膜病变,腐竹
外层渗出性视网膜病变,干腌菜
外层渗出性视网膜病变,鸭血(白鸭)
外层渗出性视网膜病变,螺丝菜
外隐斜,腐竹
外隐斜,干腌菜
外隐斜,鸭血(白鸭)
外隐斜,赤小豆
外伤性白内障,白酒
外伤性白内障,腐竹
外伤性白内障,鸭血(白鸭)
外伤性白内障,赤小豆
雪盲,腐竹
雪盲,白扁豆
雪盲,鸭血(白鸭)
雪盲,赤小豆
旋转隐斜,腐竹
旋转隐斜,白扁豆
旋转隐斜,鸭血(白鸭)
旋转隐斜,赤小豆
霰粒肿,腐竹
霰粒肿,鸭血(白鸭)
霰粒肿,赤小豆
霰粒肿,公鸡
先天性视网膜劈裂,白酒
先天性视网膜劈裂,腐竹
先天性视网膜劈裂,鸭血(白鸭)
先天性视网膜劈裂,公鸡
细菌性角膜溃疡,白扁豆
细菌性角膜溃疡,猪肚
细菌性角膜溃疡,赤小豆
细菌性角膜溃疡,香肠
先天性青光眼,腐竹
先天性青光眼,鸭血(白鸭)
先天性青光眼,赤小豆
先天性青光眼,公鸡
溢泪症,腐竹
溢泪症,鸭血(白鸭)
溢泪症,赤小豆
溢泪症,公鸡
隐斜视,腐竹
隐斜视,鸭血(白鸭)
隐斜视,赤小豆
隐斜视,公鸡
眼眶骨膜炎,腐竹
眼眶骨膜炎,鸭血(白鸭)
眼眶骨膜炎,赤小豆
眼眶骨膜炎,公鸡
原发性共同性内斜视,腐竹
原发性共同性内斜视,鸭血(白鸭)
原发性共同性内斜视,赤小豆
原发性共同性内斜视,公鸡
原发性非调节性内斜视,腐竹
原发性非调节性内斜视,鸭血(白鸭)
原发性非调节性内斜视,赤小豆
原发性非调节性内斜视,公鸡
原发性开角型青光眼,腐竹
原发性开角型青光眼,鸭血(白鸭)
原发性开角型青光眼,赤小豆
原发性开角型青光眼,公鸡
眼眶假瘤,腐竹
眼眶假瘤,鸭血(白鸭)
眼眶假瘤,赤小豆
眼眶假瘤,公鸡
远视眼,腐竹
远视眼,白扁豆
远视眼,鸭血(白鸭)
远视眼,赤小豆
原发性视网膜脱离,白酒
原发性视网膜脱离,腐竹
原发性视网膜脱离,鸭血(白鸭)
原发性视网膜脱离,赤小豆
眼球突出,腐竹
眼球突出,干腌菜
眼球突出,鸭血(白鸭)
眼球突出,公鸡
眼球穿通伤,腐竹
眼球穿通伤,白扁豆
眼球穿通伤,鸭血(白鸭)
眼球穿通伤,赤小豆
眼内异物,白酒
眼内异物,腐竹
眼内异物,鸭血(白鸭)
眼内异物,赤小豆
眼部带状疱疹,白酒
眼部带状疱疹,腐竹
眼部带状疱疹,鸭血(白鸭)
眼部带状疱疹,赤小豆
眼睑带状疱疹,白酒
眼睑带状疱疹,腐竹
眼睑带状疱疹,黄酒
眼睑带状疱疹,鸭血(白鸭)
圆锥角膜,白酒
圆锥角膜,腐竹
圆锥角膜,鸭血(白鸭)
圆锥角膜,赤小豆
原发性视网膜色素变性,白酒
原发性视网膜色素变性,腐竹
原发性视网膜色素变性,干腌菜
原发性视网膜色素变性,鸭血(白鸭)
眼球震颤,白酒
眼球震颤,腐竹
眼球震颤,鸭血(白鸭)
眼球震颤,赤小豆
眼球破裂伤,白酒
眼球破裂伤,腐竹
眼球破裂伤,鸭血(白鸭)
眼球破裂伤,赤小豆
眼球内陷,白酒
眼球内陷,腐竹
眼球内陷,干腌菜
眼球内陷,鸭血(白鸭)
眼睑湿疹,白酒
眼睑湿疹,腐竹
眼睑湿疹,黄酒
眼睑湿疹,鸭血(白鸭)
翼状胬肉,白酒
翼状胬肉,腐竹
翼状胬肉,鸭血(白鸭)
翼状胬肉,赤小豆
紫外线伤,白酒
紫外线伤,腐竹
紫外线伤,黄酒
紫外线伤,鸭血(白鸭)
真菌性角膜溃疡,白酒
真菌性角膜溃疡,腐竹
真菌性角膜溃疡,黄酒
真菌性角膜溃疡,鸭血(白鸭)
中心性浆液性脉络膜视网膜病变,白酒
中心性浆液性脉络膜视网膜病变,腐竹
中心性浆液性脉络膜视网膜病变,黄酒
中心性浆液性脉络膜视网膜病变,鸭血(白鸭)
中毒性弱视,白酒
中毒性弱视,腐竹
中毒性弱视,干腌菜
中毒性弱视,鸭血(白鸭)
周边葡萄膜炎,白酒
周边葡萄膜炎,腐竹
周边葡萄膜炎,鸭血(白鸭)
周边葡萄膜炎,赤小豆
真菌性角膜炎,白酒
真菌性角膜炎,腐竹
真菌性角膜炎,黄酒
真菌性角膜炎,鸭血(白鸭)
阿斯匹林不耐受三联症,白酒
阿斯匹林不耐受三联症,腐竹
阿斯匹林不耐受三联症,鸭血(白鸭)
阿斯匹林不耐受三联症,赤小豆
鼻硬结病,啤酒
鼻硬结病,白酒
鼻硬结病,腐竹
鼻硬结病,鸭血(白鸭)
鼻出血,白扁豆
鼻出血,花生
鼻出血,鸭血(白鸭)
鼻出血,赤小豆
鼻腔异物,啤酒
鼻腔异物,白酒
鼻腔异物,花生
鼻腔异物,鸭血(白鸭)
鼻息肉,白扁豆
鼻息肉,花生
鼻息肉,鸭血(白鸭)
鼻息肉,赤小豆
鼻中隔偏曲,白扁豆
鼻中隔偏曲,花生
鼻中隔偏曲,鸭血(白鸭)
鼻中隔偏曲,赤小豆
鼻中隔血肿,白扁豆
鼻中隔血肿,花生
鼻中隔血肿,鸭血(白鸭)
鼻中隔血肿,赤小豆
鼻中隔穿孔,白扁豆
鼻中隔穿孔,花生
鼻中隔穿孔,鸭血(白鸭)
鼻中隔穿孔,赤小豆
扁桃体周围脓肿,白扁豆
扁桃体周围脓肿,花生
扁桃体周围脓肿,鸭血(白鸭)
扁桃体周围脓肿,赤小豆
鼻前庭炎,白扁豆
鼻前庭炎,花生
鼻前庭炎,鸭血(白鸭)
鼻前庭炎,赤小豆
鼻中隔溃疡,啤酒
鼻中隔溃疡,白酒
鼻中隔溃疡,花生
鼻中隔溃疡,鸭血(白鸭)
鼻石,白扁豆
鼻石,花生
鼻石,鸭血(白鸭)
鼻石,赤小豆
鼻瓣区狭窄,白扁豆
鼻瓣区狭窄,花生
鼻瓣区狭窄,鸭血(白鸭)
鼻瓣区狭窄,赤小豆
病毒性咽炎,花生
病毒性咽炎,咸鸭蛋
病毒性咽炎,鸭血(白鸭)
病毒性咽炎,赤小豆
鼻窦炎,白扁豆
鼻窦炎,田螺
鼻窦炎,鸭血(白鸭)
鼻窦炎,赤小豆
鼻恶性肉芽肿,白扁豆
鼻恶性肉芽肿,咸鸭蛋
鼻恶性肉芽肿,鸭血(白鸭)
鼻恶性肉芽肿,赤小豆
白喉,白扁豆
白喉,田螺
白喉,鸭血(白鸭)
白喉,赤小豆
大疱性鼓膜炎,白扁豆
大疱性鼓膜炎,田螺
大疱性鼓膜炎,鸭血(白鸭)
大疱性鼓膜炎,赤小豆
耳源性脑膜炎,白扁豆
耳源性脑膜炎,田螺
耳源性脑膜炎,鸭血(白鸭)
耳源性脑膜炎,赤小豆
耳后骨膜下脓肿,白扁豆
耳后骨膜下脓肿,田螺
耳后骨膜下脓肿,鸭血(白鸭)
耳后骨膜下脓肿,赤小豆
腭咽闭合不全,白扁豆
腭咽闭合不全,田螺
腭咽闭合不全,鸭血(白鸭)
腭咽闭合不全,赤小豆
分泌性中耳炎,白扁豆
分泌性中耳炎,咸鸭蛋
分泌性中耳炎,鸭血(白鸭)
分泌性中耳炎,赤小豆
过敏性鼻炎,杏仁
过敏性鼻炎,鸭血(白鸭)
过敏性鼻炎,绿豆
过敏性鼻炎,赤小豆
干酪性鼻炎,杏仁
干酪性鼻炎,鸭血(白鸭)
干酪性鼻炎,绿豆
干酪性鼻炎,赤小豆
鼓室硬化症,白酒
鼓室硬化症,杏仁
鼓室硬化症,黄酒
鼓室硬化症,鸭血(白鸭)
过强反射性鼻炎,白酒
过强反射性鼻炎,杏仁
过强反射性鼻炎,黄酒
过强反射性鼻炎,鸭血(白鸭)
颌骨骨髓炎,杏仁
颌骨骨髓炎,白扁豆
颌骨骨髓炎,绿豆
颌骨骨髓炎,赤小豆
化脓性耳廓软骨膜炎,杏仁
化脓性耳廓软骨膜炎,白扁豆
化脓性耳廓软骨膜炎,绿豆
化脓性耳廓软骨膜炎,赤小豆
喉阻塞,杏仁
喉阻塞,鸡蛋黄
喉阻塞,绿豆
喉阻塞,赤小豆
喉气囊肿,杏仁
喉气囊肿,腐竹
喉气囊肿,绿豆
喉气囊肿,赤小豆
急性扁桃体炎,杏仁
急性扁桃体炎,白扁豆
急性扁桃体炎,绿豆
急性扁桃体炎,赤小豆
甲状舌囊肿及瘘管,杏仁
甲状舌囊肿及瘘管,白扁豆
甲状舌囊肿及瘘管,绿豆
甲状舌囊肿及瘘管,赤小豆
急性舌扁桃体炎,杏仁
急性舌扁桃体炎,白扁豆
急性舌扁桃体炎,绿豆
急性舌扁桃体炎,赤小豆
急性化脓性乳突炎,杏仁
急性化脓性乳突炎,白扁豆
急性化脓性乳突炎,绿豆
急性化脓性乳突炎,赤小豆
急性单纯性咽炎,杏仁
急性单纯性咽炎,白扁豆
急性单纯性咽炎,绿豆
急性单纯性咽炎,赤小豆
急性鼻咽炎,杏仁
急性鼻咽炎,白扁豆
急性鼻咽炎,绿豆
急性鼻咽炎,赤小豆
急性化脓性中耳炎,杏仁
急性化脓性中耳炎,白扁豆
急性化脓性中耳炎,绿豆
急性化脓性中耳炎,赤小豆
急性化脓性鼻窦炎,杏仁
急性化脓性鼻窦炎,白扁豆
急性化脓性鼻窦炎,绿豆
急性化脓性鼻窦炎,赤小豆
急性会厌炎,螃蟹
急性会厌炎,杏仁
急性会厌炎,白扁豆
急性会厌炎,赤小豆
急性喉炎,杏仁
急性喉炎,白扁豆
急性喉炎,绿豆
急性喉炎,赤小豆
急性鼻炎,杏仁
急性鼻炎,白扁豆
急性鼻炎,绿豆
急性鼻炎,赤小豆
结核性中耳乳突炎,杏仁
结核性中耳乳突炎,白扁豆
结核性中耳乳突炎,绿豆
结核性中耳乳突炎,赤小豆
口咽部粘连,杏仁
口咽部粘连,腐竹
口咽部粘连,绿豆
口咽部粘连,赤小豆
蓝鼓膜与胆固醇肉芽肿,杏仁
蓝鼓膜与胆固醇肉芽肿,腐竹
蓝鼓膜与胆固醇肉芽肿,绿豆
蓝鼓膜与胆固醇肉芽肿,赤小豆
链球菌性咽炎,杏仁
链球菌性咽炎,白扁豆
链球菌性咽炎,绿豆
链球菌性咽炎,赤小豆
粒性白细胞缺乏性咽峡炎,杏仁
粒性白细胞缺乏性咽峡炎,白扁豆
粒性白细胞缺乏性咽峡炎,绿豆
粒性白细胞缺乏性咽峡炎,赤小豆
面肌痉挛,杏仁
面肌痉挛,白扁豆
面肌痉挛,绿豆
面肌痉挛,赤小豆
美尼尔氏综合症,啤酒
美尼尔氏综合症,白酒
美尼尔氏综合症,杏仁
美尼尔氏综合症,绿豆
迷路震荡,啤酒
迷路震荡,白酒
迷路震荡,杏仁
迷路震荡,绿豆
弥漫性外耳道炎,螃蟹
弥漫性外耳道炎,白扁豆
弥漫性外耳道炎,绿豆
弥漫性外耳道炎,赤小豆
慢性舌扁桃体炎,杏仁
慢性舌扁桃体炎,白扁豆
慢性舌扁桃体炎,绿豆
慢性舌扁桃体炎,赤小豆
慢性额窦炎,杏仁
慢性额窦炎,白扁豆
慢性额窦炎,绿豆
慢性额窦炎,赤小豆
慢性蝶窦炎,杏仁
慢性蝶窦炎,白扁豆
慢性蝶窦炎,绿豆
慢性蝶窦炎,赤小豆
慢性单纯性咽炎,杏仁
慢性单纯性咽炎,白扁豆
慢性单纯性咽炎,绿豆
慢性单纯性咽炎,赤小豆
慢性化脓性中耳炎,螃蟹
慢性化脓性中耳炎,杏仁
慢性化脓性中耳炎,白扁豆
慢性化脓性中耳炎,赤小豆
慢性扁桃体炎,螃蟹
慢性扁桃体炎,杏仁
慢性扁桃体炎,白扁豆
慢性扁桃体炎,赤小豆
慢性喉炎,螃蟹
慢性喉炎,咸鱼
慢性喉炎,猪肚
慢性喉炎,蛤蜊
慢性肥厚性鼻炎,啤酒
慢性肥厚性鼻炎,杏仁
慢性肥厚性鼻炎,白扁豆
慢性肥厚性鼻炎,赤小豆
慢性单纯性鼻炎,杏仁
慢性单纯性鼻炎,腐竹
慢性单纯性鼻炎,白扁豆
慢性单纯性鼻炎,赤小豆
慢性咽炎,螃蟹
慢性咽炎,杏仁
慢性咽炎,腐竹
慢性咽炎,赤小豆
粘连性中耳炎,杏仁
粘连性中耳炎,腐竹
粘连性中耳炎,白扁豆
粘连性中耳炎,赤小豆
潜水性内耳损伤,白酒
潜水性内耳损伤,杏仁
潜水性内耳损伤,腐竹
潜水性内耳损伤,赤小豆
气管及食管异物,啤酒
气管及食管异物,白酒
气管及食管异物,杏仁
气管及食管异物,腐竹
嗜酸细胞增多性非变态反应性鼻炎,杏仁
嗜酸细胞增多性非变态反应性鼻炎,腐竹
嗜酸细胞增多性非变态反应性鼻炎,白扁豆
嗜酸细胞增多性非变态反应性鼻炎,赤小豆
上颌窦后鼻孔息肉,白酒
上颌窦后鼻孔息肉,杏仁
上颌窦后鼻孔息肉,腐竹
上颌窦后鼻孔息肉,鸡肉
鳃裂瘘管,白酒
鳃裂瘘管,杏仁
鳃裂瘘管,腐竹
鳃裂瘘管,赤小豆
腮腺隙感染,杏仁
腮腺隙感染,腐竹
腮腺隙感染,白扁豆
腮腺隙感染,赤小豆
突发性聋,杏仁
突发性聋,腐竹
突发性聋,白扁豆
突发性聋,赤小豆
外耳道异物,杏仁
外耳道异物,腐竹
外耳道异物,白扁豆
外耳道异物,赤小豆
萎缩性咽炎,杏仁
萎缩性咽炎,腐竹
萎缩性咽炎,白扁豆
萎缩性咽炎,赤小豆
外耳道疖肿,杏仁
外耳道疖肿,腐竹
外耳道疖肿,白扁豆
外耳道疖肿,赤小豆
萎缩性鼻炎,杏仁
萎缩性鼻炎,腐竹
萎缩性鼻炎,白扁豆
萎缩性鼻炎,赤小豆
外耳道真菌病,杏仁
外耳道真菌病,腐竹
外耳道真菌病,白扁豆
外耳道真菌病,赤小豆
外耳道炎,螃蟹
外耳道炎,杏仁
外耳道炎,白扁豆
外耳道炎,赤小豆
外耳湿疹,杏仁
外耳湿疹,腐竹
外耳湿疹,白扁豆
外耳湿疹,赤小豆
悬雍垂过长症,杏仁
悬雍垂过长症,腐竹
悬雍垂过长症,白扁豆
悬雍垂过长症,赤小豆
先天性小喉,杏仁
先天性小喉,腐竹
先天性小喉,白扁豆
先天性小喉,赤小豆
先天性喉喘鸣,杏仁
先天性喉喘鸣,腐竹
先天性喉喘鸣,白扁豆
先天性喉喘鸣,赤小豆
先天性鼻咽部狭窄及闭锁,杏仁
先天性鼻咽部狭窄及闭锁,腐竹
先天性鼻咽部狭窄及闭锁,白扁豆
先天性鼻咽部狭窄及闭锁,赤小豆
先天性鼻部皮样囊肿及瘘管,杏仁
先天性鼻部皮样囊肿及瘘管,腐竹
先天性鼻部皮样囊肿及瘘管,白扁豆
先天性鼻部皮样囊肿及瘘管,赤小豆
咽部异感症,杏仁
咽部异感症,腐竹
咽部异感症,白扁豆
咽部异感症,赤小豆
硬脑膜外和硬脑膜下脓肿,螃蟹
硬脑膜外和硬脑膜下脓肿,杏仁
硬脑膜外和硬脑膜下脓肿,腐竹
硬脑膜外和硬脑膜下脓肿,赤小豆
咽血管畸形,杏仁
咽血管畸形,腐竹
咽血管畸形,白扁豆
咽血管畸形,赤小豆
咽肌痉挛,杏仁
咽肌痉挛,腐竹
咽肌痉挛,白扁豆
咽肌痉挛,赤小豆
咽后壁憩室,杏仁
咽后壁憩室,腐竹
咽后壁憩室,白扁豆
咽后壁憩室,赤小豆
咽鼓管异常开放症,杏仁
咽鼓管异常开放症,腐竹
咽鼓管异常开放症,白扁豆
咽鼓管异常开放症,赤小豆
咽侧壁憩室,杏仁
咽侧壁憩室,腐竹
咽侧壁憩室,干腌菜
咽侧壁憩室,赤小豆
咽部硬结病,杏仁
咽部硬结病,腐竹
咽部硬结病,白扁豆
咽部硬结病,赤小豆
咽部麻风,杏仁
咽部麻风,腐竹
咽部麻风,白扁豆
咽部麻风,赤小豆
咽部狼疮,杏仁
咽部狼疮,腐竹
咽部狼疮,白扁豆
咽部狼疮,赤小豆
咽部创伤,啤酒
咽部创伤,白酒
咽部创伤,杏仁
咽部创伤,腐竹
咽部瘢痕狭窄,啤酒
咽部瘢痕狭窄,白酒
咽部瘢痕狭窄,杏仁
咽部瘢痕狭窄,腐竹
咽角化症,啤酒
咽角化症,白酒
咽角化症,杏仁
咽角化症,腐竹
咽后脓肿,啤酒
咽后脓肿,白酒
咽后脓肿,杏仁
咽后脓肿,腐竹
咽旁脓肿,啤酒
咽旁脓肿,白酒
咽旁脓肿,麦芽糖
咽旁脓肿,白砂糖
中耳气压伤,啤酒
中耳气压伤,白酒
中耳气压伤,麦芽糖
中耳气压伤,白砂糖
噪声性耳聋,白酒
噪声性耳聋,杏仁
噪声性耳聋,腐竹
中毒性眩晕,白酒
中毒性眩晕,杏仁
中毒性眩晕,腐竹
中毒性眩晕,鸡蛋黄
扁平苔癣,啤酒
扁平苔癣,白酒
扁平苔癣,杏仁
扁平苔癣,腐竹
边缘性龈炎,白酒
边缘性龈炎,杏仁
边缘性龈炎,腐竹
边缘性龈炎,赤小豆
变应性口炎,白酒
变应性口炎,杏仁
变应性口炎,腐竹
变应性口炎,赤小豆
唇裂,白酒
唇裂,杏仁
唇裂,腐竹
唇裂,赤小豆
创伤性口炎,白酒
创伤性口炎,杏仁
创伤性口炎,腐竹
创伤性口炎,赤小豆
唇病,白酒
唇病,杏仁
唇病,腐竹
唇病,赤小豆
多形红斑,白酒
多形红斑,杏仁
多形红斑,腐竹
多形红斑,赤小豆
单纯性牙周炎,啤酒
单纯性牙周炎,白酒
单纯性牙周炎,杏仁
单纯性牙周炎,腐竹
肥大性龈炎,白酒
肥大性龈炎,杏仁
肥大性龈炎,腐竹
肥大性龈炎,赤小豆
氟骨症,白酒
氟骨症,杏仁
氟骨症,腐竹
氟骨症,赤小豆
氟牙症,啤酒
氟牙症,白酒
氟牙症,杏仁
氟牙症,腐竹
根尖周病,杏仁
根尖周病,腐竹
根尖周病,白扁豆
根尖周病,赤小豆
红斑,杏仁
红斑,腐竹
红斑,干腌菜
红斑,赤小豆
坏死性龈口炎,杏仁
坏死性龈口炎,腐竹
坏死性龈口炎,白扁豆
坏死性龈口炎,赤小豆
颌面部放线菌病,白酒
颌面部放线菌病,杏仁
颌面部放线菌病,腐竹
颌面部放线菌病,赤小豆
颌周蜂窝织炎,白酒
颌周蜂窝织炎,辣椒(红、尖、干)
颌周蜂窝织炎,大蒜
颌周蜂窝织炎,大葱
颌骨囊肿,螃蟹
颌骨囊肿,杏仁
颌骨囊肿,白扁豆
颌骨囊肿,赤小豆
颌骨癌,螃蟹
颌骨癌,杏仁
颌骨癌,白扁豆
颌骨癌,赤小豆
急性颌骨骨髓炎,螃蟹
急性颌骨骨髓炎,杏仁
急性颌骨骨髓炎,白扁豆
急性颌骨骨髓炎,赤小豆
甲状舌管囊肿与鳃裂囊肿,螃蟹
甲状舌管囊肿与鳃裂囊肿,杏仁
甲状舌管囊肿与鳃裂囊肿,白扁豆
甲状舌管囊肿与鳃裂囊肿,赤小豆
急性化脓性腮腺炎,螃蟹
急性化脓性腮腺炎,杏仁
急性化脓性腮腺炎,白扁豆
急性化脓性腮腺炎,赤小豆
颊间隙感染,螃蟹
颊间隙感染,杏仁
颊间隙感染,白扁豆
颊间隙感染,赤小豆
结核性溃疡,杏仁
结核性溃疡,白扁豆
结核性溃疡,松子（炒）
结核性溃疡,赤小豆
口底多间隙感染,螃蟹
口底多间隙感染,杏仁
口底多间隙感染,白扁豆
口底多间隙感染,赤小豆
口腔溃疡,白酒
口腔溃疡,杏仁
口腔溃疡,花生仁（炸）
口腔溃疡,赤小豆
口腔扁平苔藓,螃蟹
口腔扁平苔藓,杏仁
口腔扁平苔藓,白扁豆
口腔扁平苔藓,赤小豆
口腔单纯性疱疹,螃蟹
口腔单纯性疱疹,杏仁
口腔单纯性疱疹,白扁豆
口腔单纯性疱疹,赤小豆
口腔白斑病,啤酒
口腔白斑病,白酒
口腔白斑病,杏仁
口腔白斑病,赤小豆
口腔念珠菌病,螃蟹
口腔念珠菌病,杏仁
口腔念珠菌病,白扁豆
口腔念珠菌病,赤小豆
颏下间隙感染,螃蟹
颏下间隙感染,杏仁
颏下间隙感染,白扁豆
颏下间隙感染,赤小豆
眶下间隙感染,白酒
眶下间隙感染,杏仁
眶下间隙感染,白扁豆
眶下间隙感染,赤小豆
开合,白酒
开合,杏仁
开合,白扁豆
开合,赤小豆
口腔颌面部皮样、表皮样囊肿,螃蟹
口腔颌面部皮样、表皮样囊肿,杏仁
口腔颌面部皮样、表皮样囊肿,白扁豆
口腔颌面部皮样、表皮样囊肿,赤小豆
口腔颌面部软组织损伤,螃蟹
口腔颌面部软组织损伤,杏仁
口腔颌面部软组织损伤,白扁豆
口腔颌面部软组织损伤,赤小豆
膜性口炎,啤酒
膜性口炎,白酒
膜性口炎,杏仁
膜性口炎,赤小豆
磨损,啤酒
磨损,白酒
磨损,杏仁
磨损,赤小豆
慢性上颌窦炎,白酒
慢性上颌窦炎,杏仁
慢性上颌窦炎,白扁豆
慢性上颌窦炎,赤小豆
慢性筛窦炎,螃蟹
慢性筛窦炎,杏仁
慢性筛窦炎,白扁豆
慢性筛窦炎,赤小豆
慢性化脓性腮腺炎,螃蟹
慢性化脓性腮腺炎,杏仁
慢性化脓性腮腺炎,白扁豆
慢性化脓性腮腺炎,赤小豆
颞下间隙感染,杏仁
颞下间隙感染,白扁豆
颞下间隙感染,虾皮
颞下间隙感染,赤小豆
颞间隙感染,杏仁
颞间隙感染,白扁豆
颞间隙感染,虾皮
颞间隙感染,赤小豆
颞骨岩部炎,白酒
颞骨岩部炎,杏仁
颞骨岩部炎,白扁豆
颞骨岩部炎,赤小豆
青少年牙周炎,螃蟹
青少年牙周炎,杏仁
青少年牙周炎,白扁豆
青少年牙周炎,赤小豆
龋齿,麦芽糖
龋齿,白砂糖
龋齿,冰糖
龋齿,糖桂花
舌甲状腺,白酒
舌甲状腺,杏仁
舌甲状腺,白扁豆
舌甲状腺,赤小豆
舌白斑,白酒
舌白斑,杏仁
舌白斑,白扁豆
舌白斑,赤小豆
锁合,白酒
锁合,杏仁
锁合,白扁豆
锁合,赤小豆
双颌前突,白酒
双颌前突,杏仁
双颌前突,白扁豆
双颌前突,赤小豆
深覆合,白酒
深覆合,杏仁
深覆合,白扁豆
深覆合,赤小豆
舌下间隙感染,白酒
舌下间隙感染,杏仁
舌下间隙感染,白扁豆
舌下间隙感染,赤小豆
上颌前突,白酒
上颌前突,杏仁
上颌前突,白扁豆
上颌前突,赤小豆
舌病,白酒
舌病,杏仁
舌病,白扁豆
舌病,赤小豆
四环素牙,啤酒
四环素牙,白酒
四环素牙,白砂糖
四环素牙,冰糖
上颌后缩,啤酒
上颌后缩,白酒
上颌后缩,白砂糖
上颌后缩,冰糖
天疱疮,白酒
天疱疮,杏仁
天疱疮,白扁豆
天疱疮,赤小豆
楔状缺损,白酒
楔状缺损,杏仁
楔状缺损,白扁豆
楔状缺损,赤小豆
下颌后缩,白酒
下颌后缩,杏仁
下颌后缩,白扁豆
下颌后缩,赤小豆
下颌下隙感染,白酒
下颌下隙感染,杏仁
下颌下隙感染,白扁豆
下颌下隙感染,赤小豆
牙周病,白酒
牙周病,杏仁
牙周病,白扁豆
牙周病,赤小豆
牙周萎缩,白酒
牙周萎缩,杏仁
牙周萎缩,白扁豆
牙周萎缩,赤小豆
牙外伤,啤酒
牙外伤,白酒
牙外伤,杏仁
牙外伤,赤小豆
牙列拥挤,啤酒
牙列拥挤,白酒
牙列拥挤,杏仁
牙列拥挤,赤小豆
牙列稀疏,啤酒
牙列稀疏,白酒
牙列稀疏,杏仁
牙列稀疏,赤小豆
牙髓病,啤酒
牙髓病,白酒
牙髓病,杏仁
牙髓病,赤小豆
颜面部疖痈,啤酒
颜面部疖痈,白酒
颜面部疖痈,杏仁
颜面部疖痈,赤小豆
牙隐裂,白酒
牙隐裂,杏仁
牙隐裂,白扁豆
牙隐裂,赤小豆
牙折,白酒
牙折,杏仁
牙折,白扁豆
牙折,赤小豆
遗传性乳光牙,白酒
遗传性乳光牙,杏仁
遗传性乳光牙,白扁豆
遗传性乳光牙,赤小豆
药物性牙龈增生,螃蟹
药物性牙龈增生,杏仁
药物性牙龈增生,白扁豆
药物性牙龈增生,赤小豆
釉质发育不全,螃蟹
釉质发育不全,杏仁
釉质发育不全,白扁豆
釉质发育不全,赤小豆
牙齿感觉过敏症,螃蟹
牙齿感觉过敏症,杏仁
牙齿感觉过敏症,白扁豆
牙齿感觉过敏症,赤小豆
咬肌间隙感染,螃蟹
咬肌间隙感染,杏仁
咬肌间隙感染,白扁豆
咬肌间隙感染,赤小豆
翼下颌间隙感染,螃蟹
翼下颌间隙感染,杏仁
翼下颌间隙感染,白扁豆
翼下颌间隙感染,赤小豆
智齿冠周炎,螃蟹
智齿冠周炎,杏仁
智齿冠周炎,白扁豆
智齿冠周炎,赤小豆
肝硬化男性性功能减弱综合征,螃蟹
肝硬化男性性功能减弱综合征,杏仁
肝硬化男性性功能减弱综合征,白扁豆
肝硬化男性性功能减弱综合征,赤小豆
淋病合并症前列腺炎,杏仁
淋病合并症前列腺炎,白扁豆
淋病合并症前列腺炎,田螺
淋病合并症前列腺炎,赤小豆
淋病合并症精囊炎,啤酒
淋病合并症精囊炎,白酒
淋病合并症精囊炎,杏仁
淋病合并症精囊炎,赤小豆
良性前列腺增生,螃蟹
良性前列腺增生,杏仁
良性前列腺增生,白扁豆
良性前列腺增生,赤小豆
慢性细菌性前列腺炎,啤酒
慢性细菌性前列腺炎,白酒
慢性细菌性前列腺炎,杏仁
慢性细菌性前列腺炎,赤小豆
男性不育症,啤酒
男性不育症,白酒
男性不育症,杏仁
男性不育症,鸭肉
男性更年期综合症,啤酒
男性更年期综合症,白酒
男性更年期综合症,杏仁
男性更年期综合症,赤小豆
尿道与阴茎结核,啤酒
尿道与阴茎结核,白酒
尿道与阴茎结核,杏仁
尿道与阴茎结核,赤小豆
性欲亢进,啤酒
性欲亢进,白酒
性欲亢进,杏仁
性欲亢进,鸽肉
小阴茎,啤酒
小阴茎,白酒
小阴茎,杏仁
小阴茎,赤小豆
阳痿,白扁豆
阳痿,田螺
阳痿,绿豆
阳痿,赤小豆
早泄,白扁豆
早泄,鸭血(白鸭)
早泄,绿豆
早泄,赤小豆
埃里希体病,白扁豆
埃里希体病,鸭血(白鸭)
埃里希体病,绿豆
埃里希体病,赤小豆
艾滋病,杏仁
艾滋病,腐竹
艾滋病,白扁豆
艾滋病,赤小豆
病毒性肝炎,白酒
病毒性肝炎,杏仁
病毒性肝炎,腐竹
病毒性肝炎,赤小豆
包虫病,杏仁
包虫病,腐竹
包虫病,鸭血(白鸭)
包虫病,赤小豆
巴尔通体病,杏仁
巴尔通体病,腐竹
巴尔通体病,鸭血(白鸭)
巴尔通体病,赤小豆
布氏杆菌病,鸡蛋
布氏杆菌病,白酒
布氏杆菌病,杏仁
布氏杆菌病,腐竹
布鲁菌病,杏仁
布鲁菌病,腐竹
布鲁菌病,白扁豆
布鲁菌病,赤小豆
软产道异常性难产,啤酒
软产道异常性难产,白酒
软产道异常性难产,杏仁
软产道异常性难产,绿豆
孢子丝菌病,杏仁
孢子丝菌病,腐竹
孢子丝菌病,白扁豆
孢子丝菌病,赤小豆
II型糖尿病,杏仁
II型糖尿病,猪油（板油）
II型糖尿病,黑豆
II型糖尿病,赤小豆
创伤后应激障碍,啤酒
创伤后应激障碍,白酒
创伤后应激障碍,杏仁
创伤后应激障碍,干腌菜
代偿性多汗症,杏仁
代偿性多汗症,黑豆
代偿性多汗症,绿豆
代偿性多汗症,赤小豆
肠道蛔虫,腐竹
肠道蛔虫,白扁豆
肠道蛔虫,猪小排（猪肋排）
肠道蛔虫,赤小豆
传染性脓疱病,白酒
传染性脓疱病,腐竹
传染性脓疱病,白扁豆
传染性脓疱病,赤小豆
传染性红斑,白酒
传染性红斑,白扁豆
传染性红斑,猪小排（猪肋排）
传染性红斑,赤小豆
传染性软疣,白酒
传染性软疣,白扁豆
传染性软疣,猪小排（猪肋排）
传染性软疣,赤小豆
肺炎球菌脑膜炎,啤酒
肺炎球菌脑膜炎,白酒
肺炎球菌脑膜炎,杏仁
肺炎球菌脑膜炎,绿豆
传染性单核细胞增多,白扁豆
传染性单核细胞增多,赤小豆
传染性单核细胞增多,虾米
传染性单核细胞增多,河虾
传染性湿疹样皮炎,白扁豆
传染性湿疹样皮炎,猪小排（猪肋排）
传染性湿疹样皮炎,赤小豆
传染性湿疹样皮炎,猪脑
单纯性疱疹,白扁豆
单纯性疱疹,猪小排（猪肋排）
单纯性疱疹,赤小豆
单纯性疱疹,猪脑
肺疟疾病,啤酒
肺疟疾病,白酒
肺疟疾病,杏仁
肺疟疾病,绿豆
肺损伤,杏仁
肺损伤,黑豆
肺损伤,绿豆
肺损伤,赤小豆
肺炎衣原体肺炎,啤酒
肺炎衣原体肺炎,白酒
肺炎衣原体肺炎,杏仁
肺炎衣原体肺炎,绿豆
肺癌皮肤转移,啤酒
肺癌皮肤转移,白酒
肺癌皮肤转移,杏仁
肺癌皮肤转移,绿豆
带状疱疹,杏仁
带状疱疹,腐竹
带状疱疹,干腌菜
带状疱疹,赤小豆
呼吸系统疾病伴发的精神障碍,啤酒
呼吸系统疾病伴发的精神障碍,白酒
呼吸系统疾病伴发的精神障碍,杏仁
呼吸系统疾病伴发的精神障碍,绿豆
地方性斑疹伤寒,杏仁
地方性斑疹伤寒,腐竹
地方性斑疹伤寒,白扁豆
地方性斑疹伤寒,赤小豆
登革热,白扁豆
登革热,猪肚
登革热,赤小豆
登革热,猪肉皮
单纯疱疹病毒感染症,杏仁
单纯疱疹病毒感染症,腐竹
单纯疱疹病毒感染症,白扁豆
单纯疱疹病毒感染症,赤小豆
金黄色葡萄球菌脑膜炎,啤酒
金黄色葡萄球菌脑膜炎,白酒
金黄色葡萄球菌脑膜炎,杏仁
金黄色葡萄球菌脑膜炎,鸡蛋黄
丹毒丝菌病,杏仁
丹毒丝菌病,腐竹
丹毒丝菌病,白扁豆
丹毒丝菌病,赤小豆
老年急性白血病,啤酒
老年急性白血病,白酒
老年急性白血病,鸡蛋黄
老年急性白血病,鸭血(白鸭)
缺血性肠绞痛,啤酒
缺血性肠绞痛,白酒
缺血性肠绞痛,杏仁
缺血性肠绞痛,绿豆
二期梅毒,啤酒
二期梅毒,白酒
二期梅毒,杏仁
二期梅毒,黄酒
放线菌病,杏仁
放线菌病,腐竹
放线菌病,白扁豆
放线菌病,赤小豆
哮喘持续状态,啤酒
哮喘持续状态,白酒
哮喘持续状态,杏仁
哮喘持续状态,蜂蜜
副球孢子菌病,杏仁
副球孢子菌病,腐竹
副球孢子菌病,白扁豆
副球孢子菌病,赤小豆
小儿哮喘性肌萎缩综合征,白酒
小儿哮喘性肌萎缩综合征,杏仁
小儿哮喘性肌萎缩综合征,咸鸭蛋
小儿哮喘性肌萎缩综合征,绿豆
风疹,核桃
风疹,鸡肝
风疹,松子仁
风疹,赤小豆
特发性室性心动过速,啤酒
特发性室性心动过速,白酒
特发性室性心动过速,咸鸭蛋
特发性室性心动过速,干腌菜
肺结核,鸡肝
肺结核,白扁豆
肺结核,赤小豆
肺结核,河虾
休止期脱发,白酒
休止期脱发,杏仁
休止期脱发,黑豆
休止期脱发,绿豆
特发性嗜酸性粒细胞增多综合征,啤酒
特发性嗜酸性粒细胞增多综合征,白酒
特发性嗜酸性粒细胞增多综合征,鸡肉
特发性嗜酸性粒细胞增多综合征,咸鸭蛋
肺吸虫病,鸡肝
肺吸虫病,白扁豆
肺吸虫病,赤小豆
肺吸虫病,河虾
特发性心室颤动,啤酒
特发性心室颤动,白酒
特发性心室颤动,咸鸭蛋
特发性心室颤动,干腌菜
关节炎,杏仁
关节炎,鸡肝
关节炎,鸡心
关节炎,腰果
胸壁静脉炎,白酒
胸壁静脉炎,杏仁
胸壁静脉炎,黑豆
胸壁静脉炎,绿豆
疼痛性脂肪疝,啤酒
疼痛性脂肪疝,白酒
疼痛性脂肪疝,油豆腐
疼痛性脂肪疝,干腌菜
静脉曲张,螃蟹
静脉曲张,田螺
静脉曲张,蛏子
静脉曲张,蛤蜊
滑膜炎,白扁豆
滑膜炎,田螺
滑膜炎,鸭血(白鸭)
滑膜炎,绿豆
支气管哮喘,腐竹
支气管哮喘,干腌菜
支气管哮喘,黑豆
支气管哮喘,绿豆
白大衣高血压,白酒
白大衣高血压,腐竹
白大衣高血压,黑豆
白大衣高血压,绿豆
窦性心律失常,螃蟹
窦性心律失常,黑豆
窦性心律失常,绿豆
窦性心律失常,赤小豆
混合型脑瘫,白扁豆
混合型脑瘫,田螺
混合型脑瘫,鸭血(白鸭)
混合型脑瘫,绿豆
铁尘肺,螃蟹
铁尘肺,啤酒
铁尘肺,白酒
铁尘肺,干腌菜
钩端螺旋体病,啤酒
钩端螺旋体病,白酒
钩端螺旋体病,鸡肝
钩端螺旋体病,江米酒
铜绿假单胞菌感染,螃蟹
铜绿假单胞菌感染,海虾
铜绿假单胞菌感染,啤酒
铜绿假单胞菌感染,白酒
铜绿假单胞菌性角膜炎,白酒
铜绿假单胞菌性角膜炎,油豆腐
铜绿假单胞菌性角膜炎,干腌菜
铜绿假单胞菌性角膜炎,羊油
多囊肝,螃蟹
多囊肝,白扁豆
多囊肝,猪肚
多囊肝,香肠
铜绿色假单胞菌肺炎,螃蟹
铜绿色假单胞菌肺炎,海螺
铜绿色假单胞菌肺炎,白酒
铜绿色假单胞菌肺炎,白果（鲜）
二尖瓣和主动脉瓣的疾患,啤酒
二尖瓣和主动脉瓣的疾患,白酒
二尖瓣和主动脉瓣的疾患,黑豆
二尖瓣和主动脉瓣的疾患,绿豆
肾功能衰竭,白扁豆
肾功能衰竭,田螺
肾功能衰竭,鸭血(白鸭)
肾功能衰竭,绿豆
回归热,啤酒
回归热,白酒
回归热,鸡肝
回归热,江米酒
混合性厌氧菌感染,啤酒
混合性厌氧菌感染,白酒
混合性厌氧菌感染,鸡肝
混合性厌氧菌感染,江米酒
肥胖性生殖无能综合征,啤酒
肥胖性生殖无能综合征,白酒
肥胖性生殖无能综合征,黑豆
肥胖性生殖无能综合征,绿豆
童年情绪障碍,螃蟹
童年情绪障碍,海螺
童年情绪障碍,白酒
童年情绪障碍,白果（鲜）
高血压病伴发的精神障碍,啤酒
高血压病伴发的精神障碍,白酒
高血压病伴发的精神障碍,黑豆
高血压病伴发的精神障碍,绿豆
黄热病,啤酒
黄热病,白酒
黄热病,干腌菜
黄热病,江米酒
风湿性心脏病,杏仁
风湿性心脏病,腐竹
风湿性心脏病,鸭血(白鸭)
风湿性心脏病,绿豆
心脏病,白酒
心脏病,鸡肉
心脏病,鹌鹑蛋
心脏病,鸡腿
黑热病,啤酒
黑热病,白酒
黑热病,鸭血(白鸭)
黑热病,江米酒
脊髓炎,杏仁
脊髓炎,鸡肝
脊髓炎,鸡肉
脊髓炎,鹌鹑蛋
甲亢合并妊娠,啤酒
甲亢合并妊娠,白酒
甲亢合并妊娠,黑豆
甲亢合并妊娠,绿豆
支气管炎,杏仁
支气管炎,鸡肝
支气管炎,白扁豆
支气管炎,虾皮
慢性附睾炎,啤酒
慢性附睾炎,白酒
慢性附睾炎,黑豆
慢性附睾炎,绿豆
头皮损伤,白酒
头皮损伤,咸鱼
头皮损伤,咸鸭蛋
头皮损伤,干腌菜
霍乱,白扁豆
霍乱,田螺
霍乱,鸭血(白鸭)
霍乱,赤小豆
三尖瓣闭锁不全,啤酒
三尖瓣闭锁不全,白酒
三尖瓣闭锁不全,黑豆
三尖瓣闭锁不全,绿豆
心肌梗死后心包炎,啤酒
心肌梗死后心包炎,白酒
心肌梗死后心包炎,黑豆
心肌梗死后心包炎,绿豆
心包间皮瘤,啤酒
心包间皮瘤,白酒
心包间皮瘤,黑豆
心包间皮瘤,绿豆
甲状腺炎,杏仁
甲状腺炎,腐竹
甲状腺炎,白扁豆
甲状腺炎,河蚌
心包转移瘤,啤酒
心包转移瘤,白酒
心包转移瘤,黑豆
心包转移瘤,绿豆
甲状腺结节,杏仁
甲状腺结节,腐竹
甲状腺结节,白扁豆
甲状腺结节,河蚌
胸锁关节脱位,啤酒
胸锁关节脱位,白酒
胸锁关节脱位,黑豆
胸锁关节脱位,绿豆
吞咽困难,啤酒
吞咽困难,白酒
吞咽困难,咸鸭蛋
吞咽困难,干腌菜
假单胞菌感染,白扁豆
假单胞菌感染,田螺
假单胞菌感染,鸭血(白鸭)
假单胞菌感染,赤小豆
心尖肥厚型心肌病,啤酒
心尖肥厚型心肌病,白酒
心尖肥厚型心肌病,黑豆
心尖肥厚型心肌病,绿豆
臀位难产,咸鱼
臀位难产,咸鸭蛋
臀位难产,干腌菜
臀位难产,羊油
巴顿骨折,啤酒
巴顿骨折,白酒
巴顿骨折,黑豆
巴顿骨折,绿豆
脱水,啤酒
脱水,白酒
脱水,赤砂糖
脱水,干腌菜
食管炎,白扁豆
食管炎,猪肚
食管炎,火腿
食管炎,香肠
暴发性紫癜,啤酒
暴发性紫癜,白酒
暴发性紫癜,黑豆
暴发性紫癜,绿豆
视网膜炎,白酒
视网膜炎,杏仁
视网膜炎,鸭血(白鸭)
视网膜炎,绿豆
丙型肝炎病毒感染与肾小球肾炎,啤酒
丙型肝炎病毒感染与肾小球肾炎,白酒
丙型肝炎病毒感染与肾小球肾炎,黑豆
丙型肝炎病毒感染与肾小球肾炎,绿豆
脱屑性间质肺炎,油豆腐
脱屑性间质肺炎,咸鸭蛋
脱屑性间质肺炎,干腌菜
脱屑性间质肺炎,羊油
尖锐湿疣,啤酒
尖锐湿疣,白酒
尖锐湿疣,白扁豆
尖锐湿疣,赤小豆
残胃淋巴瘤,啤酒
残胃淋巴瘤,白酒
残胃淋巴瘤,黑豆
残胃淋巴瘤,绿豆
蛋白质-能量营养不良,啤酒
蛋白质-能量营养不良,白酒
蛋白质-能量营养不良,黑豆
蛋白质-能量营养不良,绿豆
肠癌,杏仁
肠癌,白扁豆
肠癌,鸭血(白鸭)
肠癌,绿豆
胃炎,杏仁
胃炎,白扁豆
胃炎,鸭血(白鸭)
胃炎,绿豆
胆囊结石,啤酒
胆囊结石,白酒
胆囊结石,黑豆
胆囊结石,绿豆
外伤性低颅内压综合征,白酒
外伤性低颅内压综合征,咸鸭蛋
外伤性低颅内压综合征,干腌菜
外伤性低颅内压综合征,松花蛋（鸭蛋）
胆源性急性胰腺炎,啤酒
胆源性急性胰腺炎,白酒
胆源性急性胰腺炎,黑豆
胆源性急性胰腺炎,绿豆
外伤性脑脊液漏,白酒
外伤性脑脊液漏,咸鸭蛋
外伤性脑脊液漏,干腌菜
外伤性脑脊液漏,松花蛋（鸭蛋）
大肠平滑肌肉瘤,啤酒
大肠平滑肌肉瘤,白酒
大肠平滑肌肉瘤,黑豆
大肠平滑肌肉瘤,绿豆
咽炎,杏仁
咽炎,田螺
咽炎,鸭血(白鸭)
咽炎,绿豆
柯萨奇病毒和埃可病毒感染,螃蟹
柯萨奇病毒和埃可病毒感染,鲤鱼
柯萨奇病毒和埃可病毒感染,白扁豆
柯萨奇病毒和埃可病毒感染,赤小豆
外伤性脑脓肿,白酒
外伤性脑脓肿,咸鸭蛋
外伤性脑脓肿,干腌菜
外伤性脑脓肿,松花蛋（鸭蛋）
狂犬病,白酒
狂犬病,干腌菜
狂犬病,鸡翅
狂犬病,鹅肉
外伤性脾破裂,油豆腐
外伤性脾破裂,鸡肉
外伤性脾破裂,干腌菜
外伤性脾破裂,松花蛋（鸭蛋）
中耳炎,田螺
中耳炎,蛏子
中耳炎,猪脑
中耳炎,河虾
肝结核,啤酒
肝结核,白酒
肝结核,黑豆
肝结核,绿豆
口蹄病,螃蟹
口蹄病,白酒
口蹄病,鸡翅
口蹄病,鹅肉
外伤性乳房血肿,油豆腐
外伤性乳房血肿,鸡肉
外伤性乳房血肿,干腌菜
外伤性乳房血肿,松花蛋（鸭蛋）
外伤性乳房脂肪坏死,白酒
外伤性乳房脂肪坏死,油豆腐
外伤性乳房脂肪坏死,干腌菜
外伤性乳房脂肪坏死,松花蛋（鸭蛋）
结膜炎,杏仁
结膜炎,白扁豆
结膜炎,鸭血(白鸭)
结膜炎,绿豆
皮炎,白扁豆
皮炎,田螺
皮炎,鸭血(白鸭)
皮炎,绿豆
肝小静脉闭塞症,啤酒
肝小静脉闭塞症,白酒
肝小静脉闭塞症,绿豆
肝小静脉闭塞症,面肥
阴道炎,白扁豆
阴道炎,虾皮
阴道炎,鸭血(白鸭)
阴道炎,绿豆
淋病,啤酒
淋病,白酒
淋病,鸡翅
淋病,赤小豆
肝血管平滑肌脂肪瘤,白酒
肝血管平滑肌脂肪瘤,绿豆
肝血管平滑肌脂肪瘤,面肥
黄杆菌肺炎,啤酒
黄杆菌肺炎,白酒
黄杆菌肺炎,黄酒
黄杆菌肺炎,面肥
利斯特菌病,螃蟹
利斯特菌病,白扁豆
利斯特菌病,鸡翅
利斯特菌病,赤小豆
结核性宫颈炎,黑豆
结核性宫颈炎,绿豆
结核性宫颈炎,赤小豆
结核性宫颈炎,面肥
急性化脓性关节炎,白酒
急性化脓性关节炎,黑豆
急性化脓性关节炎,绿豆
急性化脓性关节炎,面肥
类鼻疽,螃蟹
类鼻疽,白扁豆
类鼻疽,鸡翅
类鼻疽,赤小豆
结肠平滑肌瘤,啤酒
结肠平滑肌瘤,白酒
结肠平滑肌瘤,绿豆
结肠平滑肌瘤,面肥
输卵管阻塞,白扁豆
输卵管阻塞,田螺
输卵管阻塞,鸭血(白鸭)
输卵管阻塞,绿豆
流行性脑脊髓膜炎,啤酒
流行性脑脊髓膜炎,白酒
流行性脑脊髓膜炎,干腌菜
流行性脑脊髓膜炎,鸡翅
急性细支气管炎,啤酒
急性细支气管炎,白酒
急性细支气管炎,绿豆
急性细支气管炎,面肥
流行性乙型脑炎,螃蟹
流行性乙型脑炎,白扁豆
流行性乙型脑炎,鸡翅
流行性乙型脑炎,赤小豆
急性附睾炎,白酒
急性附睾炎,黑豆
急性附睾炎,绿豆
急性附睾炎,面肥
黄体功能不全,白酒
黄体功能不全,辣椒(红、尖、干)
黄体功能不全,猪肚
黄体功能不全,火腿
A-V综合征,白酒
A-V综合征,黑豆
A-V综合征,绿豆
A-V综合征,面肥
酒精性脑萎缩,啤酒
酒精性脑萎缩,白酒
酒精性脑萎缩,黄酒
酒精性脑萎缩,面肥
结肠息肉和息肉病,白酒
结肠息肉和息肉病,黑豆
结肠息肉和息肉病,绿豆
结肠息肉和息肉病,面肥
结缔组织增生性毛发上皮瘤,啤酒
结缔组织增生性毛发上皮瘤,白酒
结缔组织增生性毛发上皮瘤,绿豆
结缔组织增生性毛发上皮瘤,面肥
假性尖锐湿疣,啤酒
假性尖锐湿疣,白酒
假性尖锐湿疣,白扁豆
假性尖锐湿疣,鸭血(白鸭)
结直肠损伤,啤酒
结直肠损伤,白酒
结直肠损伤,绿豆
结直肠损伤,面肥
口腔尖锐湿疣,啤酒
口腔尖锐湿疣,白酒
口腔尖锐湿疣,白扁豆
口腔尖锐湿疣,鸭血(白鸭)
流行性斑疹伤寒,螃蟹
流行性斑疹伤寒,白扁豆
流行性斑疹伤寒,鸡翅
流行性斑疹伤寒,赤小豆
外阴黑色素瘤,白酒
外阴黑色素瘤,油豆腐
外阴黑色素瘤,干腌菜
外阴黑色素瘤,松花蛋（鸭蛋）
溃疡性结肠炎性关节炎,啤酒
溃疡性结肠炎性关节炎,白酒
溃疡性结肠炎性关节炎,绿豆
溃疡性结肠炎性关节炎,面肥
外阴横纹肌肉瘤,螃蟹
外阴横纹肌肉瘤,白酒
外阴横纹肌肉瘤,干腌菜
外阴横纹肌肉瘤,松花蛋（鸭蛋）
类癌综合征,啤酒
类癌综合征,白酒
类癌综合征,黑豆
类癌综合征,绿豆
子宫恶性肿瘤,白扁豆
子宫恶性肿瘤,猪肚
子宫恶性肿瘤,火腿
子宫恶性肿瘤,香肠
阑尾类癌,啤酒
阑尾类癌,白酒
阑尾类癌,黑豆
阑尾类癌,绿豆
外阴滑膜肉瘤,螃蟹
外阴滑膜肉瘤,白酒
外阴滑膜肉瘤,干腌菜
外阴滑膜肉瘤,松花蛋（鸭蛋）
铅中毒引起的溶血性贫血,啤酒
铅中毒引起的溶血性贫血,白酒
铅中毒引起的溶血性贫血,绿豆
铅中毒引起的溶血性贫血,面肥
外阴基底细胞癌,白酒
外阴基底细胞癌,干腌菜
外阴基底细胞癌,松花蛋（鸭蛋）
外阴基底细胞癌,鹅肉
胃肠道癌,啤酒
胃肠道癌,白酒
胃肠道癌,黑豆
胃肠道癌,绿豆
外阴急性蜂窝组织炎,螃蟹
外阴急性蜂窝组织炎,干腌菜
外阴急性蜂窝组织炎,羊油
外阴急性蜂窝组织炎,鹅肉
外阴假上皮瘤样增生,螃蟹
外阴假上皮瘤样增生,油豆腐
外阴假上皮瘤样增生,干腌菜
外阴假上皮瘤样增生,羊油
消化系统疾病伴发的精神障碍,啤酒
消化系统疾病伴发的精神障碍,白酒
消化系统疾病伴发的精神障碍,黑豆
消化系统疾病伴发的精神障碍,绿豆
子宫内膜炎,白扁豆
子宫内膜炎,田螺
子宫内膜炎,河蚌
子宫内膜炎,河虾
外阴疖病,白酒
外阴疖病,干腌菜
外阴疖病,鸡翅
外阴疖病,鸡爪
细菌性心包炎,啤酒
细菌性心包炎,白酒
细菌性心包炎,黄酒
细菌性心包炎,绿豆
宫颈炎,白酒
宫颈炎,白扁豆
宫颈炎,田螺
宫颈炎,河虾
外阴接触性皮炎,啤酒
外阴接触性皮炎,白酒
外阴接触性皮炎,干腌菜
外阴接触性皮炎,鸡爪
乳腺肿瘤,白扁豆
乳腺肿瘤,田螺
乳腺肿瘤,河蚌
乳腺肿瘤,河虾
外阴结核,干腌菜
外阴结核,鸡翅
外阴结核,鸡爪
慢性腹泻,螃蟹
慢性腹泻,鲤鱼
慢性腹泻,白扁豆
慢性腹泻,赤小豆
急性肾小球肾炎,啤酒
急性肾小球肾炎,白酒
急性肾小球肾炎,黑豆
急性肾小球肾炎,绿豆
外阴浸润性鳞癌,白酒
外阴浸润性鳞癌,干腌菜
外阴浸润性鳞癌,鸡翅
外阴浸润性鳞癌,鸡爪
流行性出血性结膜炎,啤酒
流行性出血性结膜炎,白酒
流行性出血性结膜炎,黑豆
流行性出血性结膜炎,赤小豆
乳腺炎,杏仁
乳腺炎,腐竹
乳腺炎,白扁豆
乳腺炎,猪油（板油）
肾功能不全,鸡肝
肾功能不全,鹌鹑蛋
肾功能不全,鸭肝
肾功能不全,鸡翅
霉菌性尿道炎,鸡肝
霉菌性尿道炎,腐竹
霉菌性尿道炎,白扁豆
霉菌性尿道炎,干贝
淋菌性尿道炎,油条
淋菌性尿道炎,姜
淋菌性尿道炎,香椿
淋菌性尿道炎,红辣椒
慢性化脓性鼻窦炎,啤酒
慢性化脓性鼻窦炎,白酒
慢性化脓性鼻窦炎,黑豆
慢性化脓性鼻窦炎,绿豆
外阴溃疡,啤酒
外阴溃疡,白酒
外阴溃疡,干腌菜
外阴溃疡,公鸡
浅表性胃炎,腐竹
浅表性胃炎,白扁豆
浅表性胃炎,猪油（板油）
浅表性胃炎,油条
脑血吸虫病,螃蟹
脑血吸虫病,鲤鱼
脑血吸虫病,白扁豆
脑血吸虫病,赤小豆
脉管炎,螃蟹
脉管炎,海参
脉管炎,腐竹
脉管炎,白扁豆
慢性肾小球肾炎,啤酒
慢性肾小球肾炎,白酒
慢性肾小球肾炎,咸鸭蛋
慢性肾小球肾炎,绿豆
囊虫病,啤酒
囊虫病,白酒
囊虫病,黄酒
囊虫病,赤小豆
膜增生性肾小球肾炎,啤酒
膜增生性肾小球肾炎,白酒
膜增生性肾小球肾炎,黑豆
膜增生性肾小球肾炎,绿豆
外阴毛囊炎,啤酒
外阴毛囊炎,白酒
外阴毛囊炎,干腌菜
外阴毛囊炎,红葡萄酒
慢性嗜酸性粒细胞性肺炎,啤酒
慢性嗜酸性粒细胞性肺炎,白酒
慢性嗜酸性粒细胞性肺炎,绿豆
慢性嗜酸性粒细胞性肺炎,糖桂花
性功能障碍,螃蟹
性功能障碍,腐竹
性功能障碍,白扁豆
性功能障碍,蛤蜊
疟疾,螃蟹
疟疾,鲤鱼
疟疾,白扁豆
疟疾,赤小豆
皮肤念珠菌病,螃蟹
皮肤念珠菌病,白酒
皮肤念珠菌病,白扁豆
皮肤念珠菌病,赤小豆
尿道黏膜脱垂,啤酒
尿道黏膜脱垂,白酒
尿道黏膜脱垂,黑豆
尿道黏膜脱垂,绿豆
葡萄球菌感染,螃蟹
葡萄球菌感染,鲤鱼
葡萄球菌感染,白扁豆
葡萄球菌感染,赤小豆
外阴黏膜白斑,啤酒
外阴黏膜白斑,白酒
外阴黏膜白斑,干腌菜
外阴黏膜白斑,红葡萄酒
细菌性前列腺炎,螃蟹
细菌性前列腺炎,腐竹
细菌性前列腺炎,白扁豆
细菌性前列腺炎,猪油（板油）
外阴皮肤脂溢性皮炎,白酒
外阴皮肤脂溢性皮炎,咸鱼
外阴皮肤脂溢性皮炎,公鸡
外阴皮肤脂溢性皮炎,鹅
外阴平滑肌瘤,螃蟹
外阴平滑肌瘤,白酒
外阴平滑肌瘤,公鸡
外阴平滑肌瘤,鹅
外阴平滑肌肉瘤,螃蟹
外阴平滑肌肉瘤,白酒
外阴平滑肌肉瘤,公鸡
外阴平滑肌肉瘤,鹅
输尿管脱垂,啤酒
输尿管脱垂,白酒
输尿管脱垂,干腌菜
输尿管脱垂,绿豆
全身性念珠菌病,螃蟹
全身性念珠菌病,鲤鱼
全身性念珠菌病,白扁豆
全身性念珠菌病,赤小豆
外阴前庭炎,白酒
外阴前庭炎,鹅肉
外阴前庭炎,公鸡
外阴前庭炎,鹅
潜伏梅毒,螃蟹
潜伏梅毒,白酒
潜伏梅毒,白扁豆
潜伏梅毒,赤小豆
外阴乳头状瘤,白酒
外阴乳头状瘤,干腌菜
外阴乳头状瘤,鹅肉
外阴乳头状瘤,公鸡
外阴软纤维瘤,干腌菜
外阴软纤维瘤,鹅肉
外阴软纤维瘤,公鸡
外阴软纤维瘤,鹅
精神病,腐竹
精神病,白扁豆
精神病,猪油（板油）
精神病,猪腰子
外阴色素痣,白酒
外阴色素痣,干腌菜
外阴色素痣,公鸡
外阴色素痣,鹅
外阴上皮样肉瘤,白酒
外阴上皮样肉瘤,鸡翅
外阴上皮样肉瘤,鸡爪
外阴上皮样肉瘤,公鸡
肾动脉瘤,啤酒
肾动脉瘤,白酒
肾动脉瘤,黑豆
肾动脉瘤,绿豆
肉毒中毒,螃蟹
肉毒中毒,白酒
肉毒中毒,白扁豆
肉毒中毒,赤小豆
外阴烧伤、烫伤和化学损伤,白酒
外阴烧伤、烫伤和化学损伤,干腌菜
外阴烧伤、烫伤和化学损伤,鸡翅
外阴烧伤、烫伤和化学损伤,鸡爪
念珠龟头炎,杏仁
念珠龟头炎,腐竹
念珠龟头炎,白扁豆
念珠龟头炎,猪油（板油）
外阴神经鞘瘤,白酒
外阴神经鞘瘤,干腌菜
外阴神经鞘瘤,鹅肉
外阴神经鞘瘤,公鸡
溶组织内阿米巴病,螃蟹
溶组织内阿米巴病,白酒
溶组织内阿米巴病,白扁豆
溶组织内阿米巴病,赤小豆
微小病毒感染,啤酒
微小病毒感染,白酒
微小病毒感染,黑豆
微小病毒感染,绿豆
外阴神经纤维瘤,白酒
外阴神经纤维瘤,鸡翅
外阴神经纤维瘤,鸡爪
外阴神经纤维瘤,公鸡
小儿原发性纤毛运动障碍,啤酒
小儿原发性纤毛运动障碍,白酒
小儿原发性纤毛运动障碍,黑豆
小儿原发性纤毛运动障碍,绿豆
软下疳,螃蟹
软下疳,鲤鱼
软下疳,白扁豆
软下疳,赤小豆
外阴神经性皮炎,白酒
外阴神经性皮炎,干腌菜
外阴神经性皮炎,鸡翅
外阴神经性皮炎,鸡爪
疱疹,杏仁
疱疹,白扁豆
疱疹,猪油（板油）
疱疹,猪小排（猪肋排）
小儿慢性肾小球肾炎,啤酒
小儿慢性肾小球肾炎,白酒
小儿慢性肾小球肾炎,黑豆
小儿慢性肾小球肾炎,绿豆
外阴湿疹,啤酒
外阴湿疹,白酒
外阴湿疹,油豆腐
外阴湿疹,咸鸭蛋
小儿急性肾小球肾炎,啤酒
小儿急性肾小球肾炎,白酒
小儿急性肾小球肾炎,黑豆
小儿急性肾小球肾炎,绿豆
外阴天疱疮,白酒
外阴天疱疮,油豆腐
外阴天疱疮,咸鸭蛋
外阴天疱疮,干腌菜
外阴痛,白酒
外阴痛,油豆腐
外阴痛,咸鸭蛋
外阴痛,羊油
外阴纤维瘤,白酒
外阴纤维瘤,油豆腐
外阴纤维瘤,咸鸭蛋
外阴纤维瘤,干腌菜
生殖器疱疹,螃蟹
生殖器疱疹,白酒
生殖器疱疹,白扁豆
生殖器疱疹,赤小豆
外阴纤维肉瘤,白酒
外阴纤维肉瘤,油豆腐
外阴纤维肉瘤,咸鸭蛋
外阴纤维肉瘤,干腌菜
外阴腺鳞癌,白酒
外阴腺鳞癌,咸鸭蛋
外阴腺鳞癌,干腌菜
牙周炎,啤酒
牙周炎,白酒
牙周炎,杏仁
牙周炎,白扁豆
伤寒,螃蟹
伤寒,海虾
伤寒,淡菜(鲜)
伤寒,河虾
外阴腺泡状软组织肉瘤,白酒
外阴腺泡状软组织肉瘤,咸鸭蛋
外阴腺泡状软组织肉瘤,干腌菜
外阴腺泡状软组织肉瘤,鸡爪
三期梅毒,螃蟹
三期梅毒,白酒
三期梅毒,白扁豆
三期梅毒,赤小豆
角膜炎,啤酒
角膜炎,白酒
角膜炎,杏仁
角膜炎,白扁豆
丝虫病,白扁豆
丝虫病,花生
丝虫病,赤小豆
丝虫病,虾米
结肠炎,杏仁
结肠炎,芝麻
结肠炎,松子（炒）
结肠炎,黑豆
脑梗死,杏仁
脑梗死,松子仁
脑梗死,芝麻
脑梗死,鸭肝
斜视,杏仁
斜视,腐竹
斜视,白扁豆
斜视,猪肉皮
糖尿病性肾病,白酒
糖尿病性肾病,杏仁
糖尿病性肾病,松子仁
糖尿病性肾病,芝麻
唇炎,啤酒
唇炎,白酒
唇炎,杏仁
唇炎,腐竹
小儿结核性心包炎,白酒
小儿结核性心包炎,杏仁
小儿结核性心包炎,松子仁
小儿结核性心包炎,芝麻
牙龈炎,白酒
牙龈炎,杏仁
牙龈炎,核桃
牙龈炎,松子仁
伤寒与副伤寒,白酒
伤寒与副伤寒,白扁豆
伤寒与副伤寒,花生
伤寒与副伤寒,赤小豆
闭经溢乳综合征,白酒
闭经溢乳综合征,杏仁
闭经溢乳综合征,松子仁
闭经溢乳综合征,芝麻
喉炎,杏仁
喉炎,白扁豆
喉炎,猪肚
喉炎,猪肉皮
水痘,白扁豆
水痘,淡菜(鲜)
水痘,赤小豆
水痘,河虾
睾丸癌,杏仁
睾丸癌,白扁豆
睾丸癌,猪肚
睾丸癌,猪肉皮
成人斯蒂尔病,白酒
成人斯蒂尔病,杏仁
成人斯蒂尔病,松子仁
成人斯蒂尔病,芝麻
肝癌,杏仁
肝癌,白扁豆
肝癌,猪肚
肝癌,猪肉皮
鼠疫,白酒
鼠疫,淡菜(鲜)
鼠疫,赤小豆
鼠疫,鳝鱼
胸膜炎,杏仁
胸膜炎,白扁豆
胸膜炎,猪肚
胸膜炎,猪肉皮
绦虫病,白酒
绦虫病,白扁豆
绦虫病,干腌菜
绦虫病,赤小豆
天花,白酒
天花,白扁豆
天花,赤小豆
天花,河虾
甲状腺激素抵抗综合征,啤酒
甲状腺激素抵抗综合征,白酒
甲状腺激素抵抗综合征,杏仁
甲状腺激素抵抗综合征,芝麻
阑尾炎,杏仁
阑尾炎,腐竹
阑尾炎,白扁豆
阑尾炎,猪小排（猪肋排）
酒精伴发的精神障碍,啤酒
酒精伴发的精神障碍,黄酒
酒精伴发的精神障碍,红葡萄酒
酒精伴发的精神障碍,江米酒
炭疽病,白扁豆
炭疽病,淡菜(鲜)
炭疽病,赤小豆
炭疽病,河虾
肾虚,螃蟹
肾虚,白扁豆
肾虚,猪小排（猪肋排）
肾虚,蛤蜊
巨人症与肢端肥大症,啤酒
巨人症与肢端肥大症,白酒
巨人症与肢端肥大症,芝麻
巨人症与肢端肥大症,干腌菜
头癣,白扁豆
头癣,淡菜(鲜)
头癣,赤小豆
头癣,河虾
心内膜炎,杏仁
心内膜炎,白扁豆
心内膜炎,猪油（板油）
心内膜炎,猪小排（猪肋排）
血管炎,杏仁
血管炎,白扁豆
血管炎,猪油（板油）
血管炎,猪小排（猪肋排）
甲状腺微小癌,啤酒
甲状腺微小癌,白酒
甲状腺微小癌,芝麻
甲状腺微小癌,干腌菜
胃穿孔,螃蟹
胃穿孔,白扁豆
胃穿孔,鸭血(白鸭)
胃穿孔,蛤蜊
继发性铁粒幼细胞性贫血,啤酒
继发性铁粒幼细胞性贫血,白酒
继发性铁粒幼细胞性贫血,芝麻
继发性铁粒幼细胞性贫血,干腌菜
弯曲菌性肠炎,白扁豆
弯曲菌性肠炎,淡菜(鲜)
弯曲菌性肠炎,赤小豆
弯曲菌性肠炎,河虾
先天性巨细胞包涵体病,白扁豆
先天性巨细胞包涵体病,淡菜(鲜)
先天性巨细胞包涵体病,赤小豆
先天性巨细胞包涵体病,河虾
微小病变型肾病,白酒
微小病变型肾病,咸鸭蛋
微小病变型肾病,干腌菜
微小病变型肾病,鸡爪
微小度数斜视,啤酒
微小度数斜视,咸鸭蛋
微小度数斜视,干腌菜
微小度数斜视,红葡萄酒
上呼吸道感染,猪小排（猪肋排）
上呼吸道感染,猪里脊肉
上呼吸道感染,猪肚
上呼吸道感染,猪肉皮
微小核糖核酸病毒性角膜炎,白酒
微小核糖核酸病毒性角膜炎,咸鱼
微小核糖核酸病毒性角膜炎,咸鸭蛋
微小核糖核酸病毒性角膜炎,干腌菜
慢性黏膜皮肤念珠菌病,啤酒
慢性黏膜皮肤念珠菌病,白酒
慢性黏膜皮肤念珠菌病,杏仁
慢性黏膜皮肤念珠菌病,绿豆
结膜充血,白扁豆
结膜充血,猪小排（猪肋排）
结膜充血,猪里脊肉
结膜充血,猪肉皮
微血管病性溶血性贫血,白酒
微血管病性溶血性贫血,咸鱼
微血管病性溶血性贫血,咸鸭蛋
微血管病性溶血性贫血,干腌菜
鞍上生殖细胞瘤,啤酒
鞍上生殖细胞瘤,白酒
鞍上生殖细胞瘤,杏仁
鞍上生殖细胞瘤,绿豆
脾大,啤酒
脾大,白酒
脾大,杏仁
脾大,绿豆
慢性乳腺炎,白扁豆
慢性乳腺炎,猪小排（猪肋排）
慢性乳腺炎,猪里脊肉
慢性乳腺炎,猪肉皮
妊娠合并宫颈癌,啤酒
妊娠合并宫颈癌,白酒
妊娠合并宫颈癌,干腌菜
妊娠合并宫颈癌,红葡萄酒
胸腺囊肿,杏仁
胸腺囊肿,干腌菜
胸腺囊肿,黑豆
胸腺囊肿,绿豆
血吸虫病,螃蟹
血吸虫病,白扁豆
血吸虫病,虾皮
血吸虫病,赤小豆
围绝经期功能失调性子宫出血,螃蟹
围绝经期功能失调性子宫出血,咸鱼
围绝经期功能失调性子宫出血,咸鸭蛋
围绝经期功能失调性子宫出血,干腌菜
猩红热,白扁豆
猩红热,淡菜(鲜)
猩红热,赤小豆
猩红热,河虾
矮小症,白扁豆
矮小症,猪小排（猪肋排）
矮小症,猪里脊肉
矮小症,猪肉皮
围绝经期前后的外阴白色病变,白酒
围绝经期前后的外阴白色病变,咸鱼
围绝经期前后的外阴白色病变,咸鸭蛋
围绝经期前后的外阴白色病变,干腌菜
旋毛虫病,白扁豆
旋毛虫病,淡菜(鲜)
旋毛虫病,赤小豆
旋毛虫病,河虾
新疆出血热,白扁豆
新疆出血热,淡菜(鲜)
新疆出血热,赤小豆
新疆出血热,河虾
社交恐惧症,白扁豆
社交恐惧症,猪小排（猪肋排）
社交恐惧症,猪里脊肉
社交恐惧症,猪肉皮
围绝经期综合征,啤酒
围绝经期综合征,白酒
围绝经期综合征,咸鸭蛋
围绝经期综合征,鸡爪
白血病伴发的精神障碍,啤酒
白血病伴发的精神障碍,白酒
白血病伴发的精神障碍,麦芽糖
白血病伴发的精神障碍,白砂糖
急性胆管炎,啤酒
急性胆管炎,白酒
急性胆管炎,白扁豆
急性胆管炎,红葡萄酒
围生期心肌病,啤酒
围生期心肌病,白酒
围生期心肌病,咸鸭蛋
围生期心肌病,公鸡
出血性脑梗死,啤酒
出血性脑梗死,白酒
出血性脑梗死,黑豆
出血性脑梗死,绿豆
糜烂性胃炎,啤酒
糜烂性胃炎,白酒
糜烂性胃炎,白扁豆
糜烂性胃炎,红葡萄酒
围术期伴发的精神障碍,啤酒
围术期伴发的精神障碍,白酒
围术期伴发的精神障碍,咸鸭蛋
围术期伴发的精神障碍,红葡萄酒
第Ⅰ型脊髓血管畸形,啤酒
第Ⅰ型脊髓血管畸形,白酒
第Ⅰ型脊髓血管畸形,黑豆
第Ⅰ型脊髓血管畸形,绿豆
维生素A过多病,啤酒
维生素A过多病,白酒
维生素A过多病,咸鸭蛋
维生素A过多病,公鸡
瘢痕性睑内翻,啤酒
瘢痕性睑内翻,白酒
瘢痕性睑内翻,白扁豆
瘢痕性睑内翻,红葡萄酒
多发性骨髓瘤病肾病,啤酒
多发性骨髓瘤病肾病,白酒
多发性骨髓瘤病肾病,黑豆
多发性骨髓瘤病肾病,绿豆
神经性头痛,啤酒
神经性头痛,白酒
神经性头痛,白扁豆
神经性头痛,红葡萄酒
办公室综合症,啤酒
办公室综合症,白酒
办公室综合症,白扁豆
办公室综合症,红葡萄酒
氨气中毒,啤酒
氨气中毒,白酒
氨气中毒,黑豆
氨气中毒,绿豆
维生素B2缺乏病,螃蟹
维生素B2缺乏病,啤酒
维生素B2缺乏病,白酒
维生素B2缺乏病,核桃
急性海绵窦栓塞性静脉炎,啤酒
急性海绵窦栓塞性静脉炎,白酒
急性海绵窦栓塞性静脉炎,黑豆
急性海绵窦栓塞性静脉炎,绿豆
衣原体感染症,白酒
衣原体感染症,白扁豆
衣原体感染症,赤小豆
衣原体感染症,河虾
尾神经丛痛,螃蟹
尾神经丛痛,海虾
尾神经丛痛,核桃
尾神经丛痛,蛤蜊
肾绞痛,啤酒
肾绞痛,白酒
肾绞痛,白扁豆
肾绞痛,红葡萄酒
厌氧菌感染,白酒
厌氧菌感染,白扁豆
厌氧菌感染,赤小豆
厌氧菌感染,河虾
泌尿系结石,白扁豆
泌尿系结石,猪油（板油）
泌尿系结石,咸鱼
泌尿系结石,咸鸭蛋
心血管疾病,白扁豆
心血管疾病,猪油（板油）
心血管疾病,咸鱼
心血管疾病,咸鸭蛋
阴虱病,白扁豆
阴虱病,淡菜(鲜)
阴虱病,赤小豆
阴虱病,河虾
萎缩纹,螃蟹
萎缩纹,白酒
萎缩纹,核桃
萎缩纹,火鸡肝
肾脓肿,啤酒
肾脓肿,白酒
肾脓肿,咸鸭蛋
肾脓肿,红葡萄酒
血小板无力症,啤酒
血小板无力症,白酒
血小板无力症,黑豆
血小板无力症,绿豆
包涵体肌炎,啤酒
包涵体肌炎,白酒
包涵体肌炎,咸鸭蛋
包涵体肌炎,红葡萄酒
血友病甲,啤酒
血友病甲,白酒
血友病甲,黑豆
血友病甲,绿豆
胃肠道癌皮肤转移,螃蟹
胃肠道癌皮肤转移,啤酒
胃肠道癌皮肤转移,白酒
胃肠道癌皮肤转移,核桃
鼻部囊肿,啤酒
鼻部囊肿,白酒
鼻部囊肿,咸鸭蛋
鼻部囊肿,红葡萄酒
血管炎前期综合征,啤酒
血管炎前期综合征,白酒
血管炎前期综合征,黑豆
血管炎前期综合征,绿豆
胃肠道癌转移卵巢,螃蟹
胃肠道癌转移卵巢,啤酒
胃肠道癌转移卵巢,白酒
胃肠道癌转移卵巢,核桃
一期梅毒,白酒
一期梅毒,白扁豆
一期梅毒,白砂糖
一期梅毒,赤小豆
乳腺囊肿,啤酒
乳腺囊肿,白酒
乳腺囊肿,咸鸭蛋
乳腺囊肿,红葡萄酒
胃恶性淋巴瘤,螃蟹
胃恶性淋巴瘤,啤酒
胃恶性淋巴瘤,白酒
胃恶性淋巴瘤,核桃
叶酸缺乏症,虾皮
叶酸缺乏症,黑豆
叶酸缺乏症,绿豆
叶酸缺乏症,赤小豆
医院内感染,白扁豆
医院内感染,淡菜(鲜)
医院内感染,赤小豆
医院内感染,河虾
胃反应性淋巴增生,螃蟹
胃反应性淋巴增生,海虾
胃反应性淋巴增生,核桃
胃反应性淋巴增生,蛤蜊
鼻外伤,啤酒
鼻外伤,白酒
鼻外伤,咸鸭蛋
鼻外伤,红葡萄酒
胃隔膜,螃蟹
胃隔膜,啤酒
胃隔膜,白酒
胃隔膜,核桃
恙虫病,白扁豆
恙虫病,淡菜(鲜)
恙虫病,赤小豆
恙虫病,河虾
胃畸胎瘤,螃蟹
胃畸胎瘤,海虾
胃畸胎瘤,核桃
胃畸胎瘤,蛤蜊
羊痘,白酒
羊痘,白扁豆
羊痘,赤小豆
羊痘,河虾
耳鸣,杏仁
耳鸣,腐竹
耳鸣,白扁豆
耳鸣,猪油（板油）
胃急性扩张,螃蟹
胃急性扩张,海虾
胃急性扩张,核桃
胃急性扩张,蛤蜊
类风湿性关节炎的肾损害,啤酒
类风湿性关节炎的肾损害,白酒
类风湿性关节炎的肾损害,干腌菜
类风湿性关节炎的肾损害,绿豆
肺纤维化,啤酒
肺纤维化,白酒
肺纤维化,杏仁
肺纤维化,红葡萄酒
胃溃疡出血,啤酒
胃溃疡出血,白酒
胃溃疡出血,油豆腐
胃溃疡出血,羊油
隐孢子虫病,白酒
隐孢子虫病,白扁豆
隐孢子虫病,鸭血(白鸭)
隐孢子虫病,赤小豆
脑水肿,啤酒
脑水肿,白酒
脑水肿,咸鸭蛋
脑水肿,红葡萄酒
胃溃疡性穿孔,啤酒
胃溃疡性穿孔,白酒
胃溃疡性穿孔,油豆腐
胃溃疡性穿孔,羊油
闭合性颅脑损伤,啤酒
闭合性颅脑损伤,白酒
闭合性颅脑损伤,杏仁
闭合性颅脑损伤,红葡萄酒
排卵障碍,啤酒
排卵障碍,白酒
排卵障碍,杏仁
排卵障碍,红葡萄酒
胃类癌瘤,螃蟹
胃类癌瘤,油豆腐
胃类癌瘤,羊油
胃类癌瘤,蛤蜊
慢性血源性骨髓炎,啤酒
慢性血源性骨髓炎,白酒
慢性血源性骨髓炎,黑豆
慢性血源性骨髓炎,绿豆
偏瘫,啤酒
偏瘫,白酒
偏瘫,咸鸭蛋
偏瘫,红葡萄酒
梅克尔憩室,啤酒
梅克尔憩室,白酒
梅克尔憩室,黑豆
梅克尔憩室,绿豆
扁桃体结石,啤酒
扁桃体结石,白酒
扁桃体结石,咸鸭蛋
扁桃体结石,红葡萄酒
胃内异物,螃蟹
胃内异物,啤酒
胃内异物,白酒
胃内异物,蛤蜊
慢性盆腔疼痛,啤酒
慢性盆腔疼痛,白酒
慢性盆腔疼痛,黑豆
慢性盆腔疼痛,绿豆
中间型链球菌感染,白扁豆
中间型链球菌感染,淡菜(鲜)
中间型链球菌感染,赤小豆
中间型链球菌感染,河虾
胃黏膜脱垂,螃蟹
胃黏膜脱垂,油条
胃黏膜脱垂,猪肚
胃黏膜脱垂,蛤蜊
肾阳虚,白扁豆
肾阳虚,田螺
肾阳虚,鸭血(白鸭)
肾阳虚,绿豆
胃石症,螃蟹
胃石症,油条
胃石症,猪肚
胃石症,蛤蜊
脑外伤,白酒
脑外伤,鸭血(白鸭)
脑外伤,绿豆
脑外伤,红葡萄酒
蝶骨嵴脑膜瘤,虾皮
蝶骨嵴脑膜瘤,黑豆
蝶骨嵴脑膜瘤,绿豆
蝶骨嵴脑膜瘤,赤小豆
足菌肿,白扁豆
足菌肿,淡菜(鲜)
足菌肿,赤小豆
足菌肿,河虾
胃食管反流病,螃蟹
胃食管反流病,啤酒
胃食管反流病,红葡萄酒
胃食管反流病,蛤蜊
变异性哮喘,啤酒
变异性哮喘,白酒
变异性哮喘,鸭血(白鸭)
变异性哮喘,红葡萄酒
胃脂肪瘤,螃蟹
胃脂肪瘤,啤酒
胃脂肪瘤,干腌菜
胃脂肪瘤,红葡萄酒
高血压脑出血,啤酒
高血压脑出血,白酒
高血压脑出血,黑豆
高血压脑出血,绿豆
肾阴虚,啤酒
肾阴虚,白酒
肾阴虚,鸭血(白鸭)
肾阴虚,绿豆
真菌过敏症,白酒
真菌过敏症,白扁豆
真菌过敏症,赤小豆
真菌过敏症,虾米
窝状角质松解症,螃蟹
窝状角质松解症,啤酒
窝状角质松解症,白酒
窝状角质松解症,红葡萄酒
脑血管畸形,啤酒
脑血管畸形,白酒
脑血管畸形,鸭血(白鸭)
脑血管畸形,红葡萄酒
自由生活阿米巴感染,白酒
自由生活阿米巴感染,白扁豆
自由生活阿米巴感染,赤小豆
自由生活阿米巴感染,河虾
胆囊胆固醇沉着症,啤酒
胆囊胆固醇沉着症,白酒
胆囊胆固醇沉着症,黑豆
胆囊胆固醇沉着症,绿豆
无功能垂体腺瘤,螃蟹
无功能垂体腺瘤,啤酒
无功能垂体腺瘤,白酒
无功能垂体腺瘤,红葡萄酒
渗出性中耳炎,白酒
渗出性中耳炎,鸭血(白鸭)
渗出性中耳炎,绿豆
渗出性中耳炎,红葡萄酒
急性颈部软组织损伤,啤酒
急性颈部软组织损伤,白酒
急性颈部软组织损伤,黑豆
急性颈部软组织损伤,绿豆
剥脱性皮炎型药疹,啤酒
剥脱性皮炎型药疹,白酒
剥脱性皮炎型药疹,白扁豆
剥脱性皮炎型药疹,赤小豆
无功能性甲状旁腺囊肿,螃蟹
无功能性甲状旁腺囊肿,啤酒
无功能性甲状旁腺囊肿,红葡萄酒
无功能性甲状旁腺囊肿,蛤蜊
急性肺水肿,啤酒
急性肺水肿,白酒
急性肺水肿,鸭血(白鸭)
急性肺水肿,红葡萄酒
无汗症,螃蟹
无汗症,啤酒
无汗症,红葡萄酒
无汗症,蛤蜊
急性根尖牙周炎,啤酒
急性根尖牙周炎,白酒
急性根尖牙周炎,鸭血(白鸭)
急性根尖牙周炎,红葡萄酒
扁平疣,啤酒
扁平疣,白酒
扁平疣,干腌菜
扁平疣,赤小豆
无脉络膜症,螃蟹
无脉络膜症,啤酒
无脉络膜症,白酒
无脉络膜症,红葡萄酒
白癜风,白扁豆
白癜风,猪大肠
白癜风,猪肚
白癜风,赤小豆
无排卵型功能失调性子宫出血,螃蟹
无排卵型功能失调性子宫出血,猪肚
无排卵型功能失调性子宫出血,蛤蜊
无排卵型功能失调性子宫出血,羊骨
白发症,白酒
白发症,辣椒(红、尖、干)
白发症,大蒜
无色性色素失调症,螃蟹
无色性色素失调症,白酒
无色性色素失调症,猪肚
无色性色素失调症,蛤蜊
失眠抑郁,辣椒(红、尖、干)
失眠抑郁,油条
失眠抑郁,香椿
失眠抑郁,芥菜
无痛性甲状腺炎,螃蟹
无痛性甲状腺炎,猪肚
无痛性甲状腺炎,蛤蜊
无痛性甲状腺炎,羊骨
斑秃,腐竹
斑秃,白扁豆
斑秃,猪油（板油）
斑秃,赤小豆
无痛性心肌梗死,螃蟹
无痛性心肌梗死,猪肚
无痛性心肌梗死,龙虾
无痛性心肌梗死,蛤蜊
慢性根尖牙周炎,啤酒
慢性根尖牙周炎,白酒
慢性根尖牙周炎,鸭血(白鸭)
慢性根尖牙周炎,红葡萄酒
无症状型心肌缺血,螃蟹
无症状型心肌缺血,猪油（板油）
无症状型心肌缺血,猪肚
无症状型心肌缺血,蛤蜊
食道溃疡,啤酒
食道溃疡,白酒
食道溃疡,鸭血(白鸭)
食道溃疡,红葡萄酒
无症状性脑梗死,螃蟹
无症状性脑梗死,鲫鱼
无症状性脑梗死,甲鱼
无症状性脑梗死,黑芝麻
蜈蚣蜇伤,螃蟹
蜈蚣蜇伤,白酒
蜈蚣蜇伤,猪肚
蜈蚣蜇伤,蛤蜊
脑干梗塞,啤酒
脑干梗塞,白酒
脑干梗塞,鸭血(白鸭)
脑干梗塞,红葡萄酒
X综合征,螃蟹
X综合征,白酒
X综合征,猪肚
X综合征,蛤蜊
垂体腺瘤,螃蟹
垂体腺瘤,白酒
垂体腺瘤,猪肚
垂体腺瘤,蛤蜊
病毒性结膜炎,啤酒
病毒性结膜炎,白酒
病毒性结膜炎,鸭血(白鸭)
病毒性结膜炎,红葡萄酒
前列腺结石,啤酒
前列腺结石,白酒
前列腺结石,黑豆
前列腺结石,绿豆
小儿扁脸关节脱位足异常综合征,螃蟹
小儿扁脸关节脱位足异常综合征,白酒
小儿扁脸关节脱位足异常综合征,猪肚
小儿扁脸关节脱位足异常综合征,蛤蜊
藏毛囊肿,白酒
藏毛囊肿,白扁豆
藏毛囊肿,猪油（板油）
藏毛囊肿,赤小豆
肾上腺意外瘤,啤酒
肾上腺意外瘤,白酒
肾上腺意外瘤,黑豆
肾上腺意外瘤,绿豆
牙髓炎,啤酒
牙髓炎,赤砂糖
牙髓炎,白砂糖
牙髓炎,冰糖
西方马型脑炎,螃蟹
西方马型脑炎,白酒
西方马型脑炎,猪肚
西方马型脑炎,蛤蜊
急性牙髓炎,啤酒
急性牙髓炎,赤砂糖
急性牙髓炎,白砂糖
急性牙髓炎,冰糖
维生素D依赖性佝偻病,啤酒
维生素D依赖性佝偻病,白酒
维生素D依赖性佝偻病,黑豆
维生素D依赖性佝偻病,绿豆
系统性血管炎,啤酒
系统性血管炎,黑豆
系统性血管炎,绿豆
系统性血管炎,赤小豆
α1抗胰蛋白酶缺乏性肝病,啤酒
α1抗胰蛋白酶缺乏性肝病,黑豆
α1抗胰蛋白酶缺乏性肝病,绿豆
α1抗胰蛋白酶缺乏性肝病,赤小豆
睑缘炎,啤酒
睑缘炎,赤砂糖
睑缘炎,白砂糖
睑缘炎,冰糖
痤疮,啤酒
痤疮,白酒
痤疮,白砂糖
痤疮,冰糖
大疱性类天疱疮,啤酒
大疱性类天疱疮,白酒
大疱性类天疱疮,蜂蜜
大疱性类天疱疮,赤小豆
希尔德病,螃蟹
希尔德病,白酒
希尔德病,猪肚
希尔德病,蛤蜊
丹毒,啤酒
丹毒,白酒
丹毒,白扁豆
丹毒,赤小豆
鼻咽癌的眼部病变,啤酒
鼻咽癌的眼部病变,黑豆
鼻咽癌的眼部病变,绿豆
鼻咽癌的眼部病变,赤小豆
锡尘肺,螃蟹
锡尘肺,白酒
锡尘肺,猪肚
锡尘肺,蛤蜊
膝关节脱位,螃蟹
膝关节脱位,白酒
膝关节脱位,猪肚
膝关节脱位,蛤蜊
甲状腺功能减低所致贫血,啤酒
甲状腺功能减低所致贫血,白酒
甲状腺功能减低所致贫血,黑豆
甲状腺功能减低所致贫血,绿豆
内分泌性高血压,啤酒
内分泌性高血压,赤砂糖
内分泌性高血压,白砂糖
内分泌性高血压,冰糖
膝外侧韧带损伤,螃蟹
膝外侧韧带损伤,啤酒
膝外侧韧带损伤,白酒
膝外侧韧带损伤,蛤蜊
系统性红斑狼疮伴发的精神障碍,螃蟹
系统性红斑狼疮伴发的精神障碍,啤酒
系统性红斑狼疮伴发的精神障碍,白酒
系统性红斑狼疮伴发的精神障碍,蛤蜊
系统性红斑狼疮伴发的葡萄膜炎,螃蟹
系统性红斑狼疮伴发的葡萄膜炎,啤酒
系统性红斑狼疮伴发的葡萄膜炎,白酒
系统性红斑狼疮伴发的葡萄膜炎,蛤蜊
病毒性上呼吸道感染,白扁豆
病毒性上呼吸道感染,田螺
病毒性上呼吸道感染,赤砂糖
病毒性上呼吸道感染,蛏子
系统性红斑狼疮所致脊髓病,螃蟹
系统性红斑狼疮所致脊髓病,啤酒
系统性红斑狼疮所致脊髓病,白酒
系统性红斑狼疮所致脊髓病,蛤蜊
输卵管畸形,白扁豆
输卵管畸形,田螺
输卵管畸形,赤砂糖
输卵管畸形,蛏子
冻疮,啤酒
冻疮,白酒
冻疮,白扁豆
冻疮,赤小豆
系统性血管炎所致神经损害,螃蟹
系统性血管炎所致神经损害,啤酒
系统性血管炎所致神经损害,白酒
系统性血管炎所致神经损害,蛤蜊
细菌协同性坏疽,螃蟹
细菌协同性坏疽,啤酒
细菌协同性坏疽,白酒
细菌协同性坏疽,蛤蜊
阿米巴性宫颈炎,啤酒
阿米巴性宫颈炎,鸡蛋黄
阿米巴性宫颈炎,黑豆
阿米巴性宫颈炎,绿豆
细菌性阴道病,螃蟹
细菌性阴道病,啤酒
细菌性阴道病,白酒
细菌性阴道病,红葡萄酒
鹅掌风,啤酒
鹅掌风,白酒
鹅掌风,白扁豆
鹅掌风,赤小豆
蜂螫伤,啤酒
蜂螫伤,鲤鱼
蜂螫伤,白扁豆
蜂螫伤,赤小豆
病毒性胃肠炎,白扁豆
病毒性胃肠炎,田螺
病毒性胃肠炎,赤砂糖
病毒性胃肠炎,蛏子
下尺桡关节脱位,螃蟹
下尺桡关节脱位,啤酒
下尺桡关节脱位,白酒
下尺桡关节脱位,红葡萄酒
蜂窝织炎,白酒
蜂窝织炎,白扁豆
蜂窝织炎,赤小豆
蜂窝织炎,公鸡
下疳样脓皮病,螃蟹
下疳样脓皮病,啤酒
下疳样脓皮病,白酒
下疳样脓皮病,红葡萄酒
痱子,啤酒
痱子,白扁豆
痱子,赤小豆
痱子,公鸡
慢性髓细胞白血病,啤酒
慢性髓细胞白血病,白酒
慢性髓细胞白血病,黑豆
慢性髓细胞白血病,绿豆
空巢综合症,白扁豆
空巢综合症,田螺
空巢综合症,赤砂糖
空巢综合症,蛏子
下腔静脉后输尿管,螃蟹
下腔静脉后输尿管,啤酒
下腔静脉后输尿管,白酒
下腔静脉后输尿管,红葡萄酒
妊娠高血压疾病,啤酒
妊娠高血压疾病,白酒
妊娠高血压疾病,鸡蛋黄
妊娠高血压疾病,绿豆
老年性睑外翻,白扁豆
老年性睑外翻,田螺
老年性睑外翻,赤砂糖
老年性睑外翻,蛏子
妊娠合并肺栓塞,啤酒
妊娠合并肺栓塞,白酒
妊娠合并肺栓塞,黑豆
妊娠合并肺栓塞,绿豆
不孕不育,鸭肉
不孕不育,田螺
不孕不育,绿豆
不孕不育,赤小豆
下丘脑错构瘤,螃蟹
下丘脑错构瘤,啤酒
下丘脑错构瘤,白酒
下丘脑错构瘤,红葡萄酒
下丘脑多汗症,螃蟹
下丘脑多汗症,啤酒
下丘脑多汗症,白酒
下丘脑多汗症,红葡萄酒
副牛痘,啤酒
副牛痘,白酒
副牛痘,赤小豆
副牛痘,公鸡
输卵管妊娠流产,鸭肉
输卵管妊娠流产,田螺
输卵管妊娠流产,绿豆
输卵管妊娠流产,赤小豆
下肢动脉硬化闭塞症,螃蟹
下肢动脉硬化闭塞症,啤酒
下肢动脉硬化闭塞症,白酒
下肢动脉硬化闭塞症,红葡萄酒
光感型药疹,啤酒
光感型药疹,白扁豆
光感型药疹,赤小豆
光感型药疹,公鸡
结核性脑膜炎,啤酒
结核性脑膜炎,白酒
结核性脑膜炎,咸鱼
结核性脑膜炎,白砂糖
下肢交通静脉瓣膜关闭不全,螃蟹
下肢交通静脉瓣膜关闭不全,啤酒
下肢交通静脉瓣膜关闭不全,白酒
下肢交通静脉瓣膜关闭不全,红葡萄酒
草莓状血管瘤,海螺
草莓状血管瘤,田螺
草莓状血管瘤,蛤蜊
草莓状血管瘤,牡蛎(鲜)
固定性药疹,啤酒
固定性药疹,白扁豆
固定性药疹,赤小豆
固定性药疹,公鸡
精神发育迟缓,啤酒
精神发育迟缓,白酒
精神发育迟缓,黑豆
精神发育迟缓,绿豆
下肢静脉曲张,螃蟹
下肢静脉曲张,啤酒
下肢静脉曲张,白酒
下肢静脉曲张,红葡萄酒
肠痉挛,啤酒
肠痉挛,白酒
肠痉挛,绿豆
肠痉挛,赤小豆
下肢静脉血栓形成,螃蟹
下肢静脉血栓形成,啤酒
下肢静脉血栓形成,白酒
下肢静脉血栓形成,红葡萄酒
夏伊-德雷格综合征,螃蟹
夏伊-德雷格综合征,啤酒
夏伊-德雷格综合征,白酒
夏伊-德雷格综合征,红葡萄酒
抽动症,白酒
抽动症,田螺
抽动症,绿豆
抽动症,赤小豆
先天性半侧肥大,螃蟹
先天性半侧肥大,啤酒
先天性半侧肥大,白酒
先天性半侧肥大,红葡萄酒
先天性肠闭锁,螃蟹
先天性肠闭锁,啤酒
先天性肠闭锁,白酒
先天性肠闭锁,红葡萄酒
青春前期牙周炎,白酒
青春前期牙周炎,田螺
青春前期牙周炎,绿豆
青春前期牙周炎,赤小豆
花斑癣,啤酒
花斑癣,白酒
花斑癣,赤小豆
花斑癣,公鸡
先天性大疱性鱼鳞病样红皮病,螃蟹
先天性大疱性鱼鳞病样红皮病,啤酒
先天性大疱性鱼鳞病样红皮病,白酒
先天性大疱性鱼鳞病样红皮病,红葡萄酒
艾滋病人的急性阑尾炎,啤酒
艾滋病人的急性阑尾炎,黑豆
艾滋病人的急性阑尾炎,绿豆
艾滋病人的急性阑尾炎,赤小豆
先天性胆总管囊肿,螃蟹
先天性胆总管囊肿,啤酒
先天性胆总管囊肿,白酒
先天性胆总管囊肿,红葡萄酒
病毒性脑膜炎,啤酒
病毒性脑膜炎,麦芽糖
病毒性脑膜炎,白砂糖
病毒性脑膜炎,冰糖
复张性肺水肿,白酒
复张性肺水肿,田螺
复张性肺水肿,绿豆
复张性肺水肿,赤小豆
先天性短食管,螃蟹
先天性短食管,啤酒
先天性短食管,白酒
先天性短食管,红葡萄酒
传染性单核细胞增多症,啤酒
传染性单核细胞增多症,白酒
传染性单核细胞增多症,黑豆
传染性单核细胞增多症,绿豆
出血性脑中风,啤酒
出血性脑中风,白酒
出血性脑中风,绿豆
出血性脑中风,赤小豆
先天性肺动静脉瘘,螃蟹
先天性肺动静脉瘘,啤酒
先天性肺动静脉瘘,白酒
先天性肺动静脉瘘,红葡萄酒
地方性甲状腺肿,啤酒
地方性甲状腺肿,白酒
地方性甲状腺肿,黑豆
地方性甲状腺肿,绿豆
青春期厌食症,啤酒
青春期厌食症,白酒
青春期厌食症,绿豆
青春期厌食症,赤小豆
核黄素缺乏病,啤酒
核黄素缺乏病,白扁豆
核黄素缺乏病,赤小豆
核黄素缺乏病,公鸡
先天性肺发育不全,螃蟹
先天性肺发育不全,啤酒
先天性肺发育不全,白酒
先天性肺发育不全,红葡萄酒
先天性副肌强直症,螃蟹
先天性副肌强直症,啤酒
先天性副肌强直症,白酒
先天性副肌强直症,红葡萄酒
结核性苔藓,啤酒
结核性苔藓,白扁豆
结核性苔藓,赤小豆
结核性苔藓,公鸡
先天性副舟骨,螃蟹
先天性副舟骨,啤酒
先天性副舟骨,白酒
先天性副舟骨,红葡萄酒
急性脓肿,啤酒
急性脓肿,白酒
急性脓肿,赤小豆
急性脓肿,公鸡
先天性腹壁肌肉发育不良,螃蟹
先天性腹壁肌肉发育不良,啤酒
先天性腹壁肌肉发育不良,白酒
先天性腹壁肌肉发育不良,红葡萄酒
唇癌,田螺
唇癌,绿豆
唇癌,赤小豆
唇癌,牡蛎(鲜)
先天性肝内胆管囊状扩张症,螃蟹
先天性肝内胆管囊状扩张症,啤酒
先天性肝内胆管囊状扩张症,白酒
先天性肝内胆管囊状扩张症,红葡萄酒
钙化性肌腱炎,田螺
钙化性肌腱炎,绿豆
钙化性肌腱炎,赤小豆
钙化性肌腱炎,牡蛎(鲜)
先天性肝囊肿,螃蟹
先天性肝囊肿,啤酒
先天性肝囊肿,白酒
先天性肝囊肿,红葡萄酒
甲癣,啤酒
甲癣,白酒
甲癣,赤小豆
甲癣,公鸡
色斑,田螺
色斑,绿豆
色斑,赤小豆
色斑,牡蛎(鲜)
先天性肝纤维化,螃蟹
先天性肝纤维化,啤酒
先天性肝纤维化,白酒
先天性肝纤维化,红葡萄酒
色素性痒疹,田螺
色素性痒疹,绿豆
色素性痒疹,赤小豆
色素性痒疹,牡蛎(鲜)
先天性感觉性神经病,螃蟹
先天性感觉性神经病,啤酒
先天性感觉性神经病,白酒
先天性感觉性神经病,红葡萄酒
先天性肛门直肠畸形,螃蟹
先天性肛门直肠畸形,啤酒
先天性肛门直肠畸形,白酒
先天性肛门直肠畸形,红葡萄酒
先天性睾丸发育不全,螃蟹
先天性睾丸发育不全,啤酒
先天性睾丸发育不全,白酒
先天性睾丸发育不全,红葡萄酒
甲沟炎,啤酒
甲沟炎,白酒
甲沟炎,赤小豆
甲沟炎,公鸡
先天性厚甲症,螃蟹
先天性厚甲症,啤酒
先天性厚甲症,白酒
先天性厚甲症,红葡萄酒
胆管结石,白酒
胆管结石,猪油（板油）
胆管结石,鸭肝
血吸虫病与肝胆疾病,啤酒
血吸虫病与肝胆疾病,白酒
血吸虫病与肝胆疾病,绿豆
先天性环状束带,螃蟹
先天性环状束带,啤酒
先天性环状束带,白酒
先天性环状束带,红葡萄酒
剥脱综合征,啤酒
剥脱综合征,白酒
剥脱综合征,黑豆
剥脱综合征,绿豆
先天性肌强直,螃蟹
先天性肌强直,啤酒
先天性肌强直,白酒
先天性肌强直,红葡萄酒
面红和面红恐惧症,栗子（熟）
面红和面红恐惧症,黑豆
面红和面红恐惧症,绿豆
面红和面红恐惧症,赤小豆
先天性肌缺如,螃蟹
先天性肌缺如,啤酒
先天性肌缺如,白酒
先天性肌缺如,红葡萄酒
胆管炎,鸭肉
胆管炎,绿豆
胆管炎,赤小豆
胆管炎,豆腐
高位截瘫,螃蟹
高位截瘫,海蟹
高位截瘫,海螺
高位截瘫,田螺
毛发囊肿,啤酒
毛发囊肿,白酒
毛发囊肿,绿豆
毛发囊肿,母鸡
甲真菌病,啤酒
甲真菌病,白酒
甲真菌病,黑豆
甲真菌病,绿豆
先天性巨输尿管,啤酒
先天性巨输尿管,白酒
先天性巨输尿管,红葡萄酒
先天性巨输尿管,鹅肉
麻风性角膜病变,啤酒
麻风性角膜病变,白酒
麻风性角膜病变,黑豆
麻风性角膜病变,绿豆
先天性髋关节外展挛缩和骨盆倾斜,螃蟹
先天性髋关节外展挛缩和骨盆倾斜,啤酒
先天性髋关节外展挛缩和骨盆倾斜,白酒
先天性髋关节外展挛缩和骨盆倾斜,红葡萄酒
先天性梅毒,螃蟹
先天性梅毒,啤酒
先天性梅毒,白酒
先天性梅毒,红葡萄酒
先天性囊状腺样畸形,螃蟹
先天性囊状腺样畸形,红葡萄酒
先天性囊状腺样畸形,猪肉(肥)
先天性囊状腺样畸形,蛤蜊
高血压眼病,鸭肉
高血压眼病,绿豆
高血压眼病,赤小豆
高血压眼病,豆腐
甲状腺功能亢进性肝病,啤酒
甲状腺功能亢进性肝病,白酒
甲状腺功能亢进性肝病,黑豆
甲状腺功能亢进性肝病,绿豆
先天性食管狭窄,螃蟹
先天性食管狭窄,啤酒
先天性食管狭窄,白酒
先天性食管狭窄,红葡萄酒
膀胱膨出,鸭肉
膀胱膨出,绿豆
膀胱膨出,赤小豆
膀胱膨出,豆腐
系统性红斑狼疮性巩膜炎,啤酒
系统性红斑狼疮性巩膜炎,白酒
系统性红斑狼疮性巩膜炎,黑豆
系统性红斑狼疮性巩膜炎,绿豆
先天性食管重复,螃蟹
先天性食管重复,啤酒
先天性食管重复,白酒
先天性食管重复,红葡萄酒
细粒棘球蚴病,啤酒
细粒棘球蚴病,白酒
细粒棘球蚴病,黑豆
细粒棘球蚴病,绿豆
接触性皮炎,啤酒
接触性皮炎,白酒
接触性皮炎,赤小豆
接触性皮炎,公鸡
靶样含铁血黄素沉积性血管瘤,啤酒
靶样含铁血黄素沉积性血管瘤,白酒
靶样含铁血黄素沉积性血管瘤,干腌菜
靶样含铁血黄素沉积性血管瘤,花生仁（炸）
先天性胃出口梗阻,螃蟹
先天性胃出口梗阻,啤酒
先天性胃出口梗阻,白酒
先天性胃出口梗阻,红葡萄酒
睾丸畸形,鸭肉
睾丸畸形,绿豆
睾丸畸形,赤小豆
睾丸畸形,豆腐
疥疮,啤酒
疥疮,白酒
疥疮,白扁豆
疥疮,赤小豆
先天性膝关节脱位,螃蟹
先天性膝关节脱位,啤酒
先天性膝关节脱位,白酒
先天性膝关节脱位,红葡萄酒
睾丸鞘膜积液,鸭肉
睾丸鞘膜积液,绿豆
睾丸鞘膜积液,赤小豆
睾丸鞘膜积液,豆腐
先天性小肠闭锁和肠狭窄,螃蟹
先天性小肠闭锁和肠狭窄,啤酒
先天性小肠闭锁和肠狭窄,白酒
先天性小肠闭锁和肠狭窄,红葡萄酒
皮肌炎与多发性肌炎,啤酒
皮肌炎与多发性肌炎,白酒
皮肌炎与多发性肌炎,黑豆
皮肌炎与多发性肌炎,绿豆
暗色丝孢霉病,鸡蛋
暗色丝孢霉病,啤酒
暗色丝孢霉病,白酒
暗色丝孢霉病,绿豆
毛发红糠疹,螃蟹
毛发红糠疹,啤酒
毛发红糠疹,白扁豆
毛发红糠疹,赤小豆
先天性斜颈,螃蟹
先天性斜颈,啤酒
先天性斜颈,白酒
先天性斜颈,红葡萄酒
电解质紊乱,虾皮
电解质紊乱,绿豆
电解质紊乱,赤小豆
电解质紊乱,豆腐
面部粟粒性狼疮,啤酒
面部粟粒性狼疮,白酒
面部粟粒性狼疮,白扁豆
面部粟粒性狼疮,赤小豆
先天性心包缺如或缺损,螃蟹
先天性心包缺如或缺损,啤酒
先天性心包缺如或缺损,白酒
先天性心包缺如或缺损,红葡萄酒
麻疹样红斑型药疹,啤酒
麻疹样红斑型药疹,白酒
麻疹样红斑型药疹,白扁豆
麻疹样红斑型药疹,赤小豆
先天性性联无γ-球蛋白血症,螃蟹
先天性性联无γ-球蛋白血症,啤酒
先天性性联无γ-球蛋白血症,白酒
先天性性联无γ-球蛋白血症,红葡萄酒
玫瑰糠疹,螃蟹
玫瑰糠疹,啤酒
玫瑰糠疹,白扁豆
玫瑰糠疹,赤小豆
先天性胸腹裂孔疝,螃蟹
先天性胸腹裂孔疝,啤酒
先天性胸腹裂孔疝,白酒
先天性胸腹裂孔疝,红葡萄酒
牙斑,啤酒
牙斑,白酒
牙斑,绿豆
牙斑,豆腐
毛囊炎,啤酒
毛囊炎,白酒
毛囊炎,白扁豆
毛囊炎,赤小豆
白塞病性巩膜炎,鸡蛋
白塞病性巩膜炎,啤酒
白塞病性巩膜炎,白酒
白塞病性巩膜炎,绿豆
先天性胸骨后膈疝,螃蟹
先天性胸骨后膈疝,啤酒
先天性胸骨后膈疝,白酒
先天性胸骨后膈疝,红葡萄酒
蝶窦炎,啤酒
蝶窦炎,白酒
蝶窦炎,绿豆
蝶窦炎,豆腐
麻风病,螃蟹
麻风病,啤酒
麻风病,白扁豆
麻风病,赤小豆
先天性血管萎缩性皮肤异色症,螃蟹
先天性血管萎缩性皮肤异色症,啤酒
先天性血管萎缩性皮肤异色症,白酒
先天性血管萎缩性皮肤异色症,红葡萄酒
白血病肾损害,鸡蛋
白血病肾损害,啤酒
白血病肾损害,白酒
白血病肾损害,绿豆
尿潴留,田螺
尿潴留,绿豆
尿潴留,赤小豆
尿潴留,豆腐
麻疹,螃蟹
麻疹,啤酒
麻疹,白扁豆
麻疹,赤小豆
先天性眼球震颤,螃蟹
先天性眼球震颤,啤酒
先天性眼球震颤,白酒
先天性眼球震颤,红葡萄酒
白血病视网膜病变,干腌菜
白血病视网膜病变,黑豆
白血病视网膜病变,绿豆
白血病视网膜病变,赤小豆
空调病,海蟹
空调病,白酒
空调病,田螺
空调病,干腌菜
败血症肾损害,白酒
败血症肾损害,黑豆
败血症肾损害,绿豆
败血症肾损害,赤小豆
先天性再生障碍性贫血,螃蟹
先天性再生障碍性贫血,啤酒
先天性再生障碍性贫血,白酒
先天性再生障碍性贫血,红葡萄酒
口炎,啤酒
口炎,白酒
口炎,绿豆
口炎,豆腐
脓肿,啤酒
脓肿,白酒
脓肿,白扁豆
脓肿,赤小豆
先天性支气管肺囊肿,螃蟹
先天性支气管肺囊肿,啤酒
先天性支气管肺囊肿,白酒
先天性支气管肺囊肿,红葡萄酒
斑状白化病,啤酒
斑状白化病,白酒
斑状白化病,杏仁
斑状白化病,绿豆
脓疱疮,啤酒
脓疱疮,白酒
脓疱疮,白扁豆
脓疱疮,赤小豆
先天性支气管囊肿,螃蟹
先天性支气管囊肿,啤酒
先天性支气管囊肿,白酒
先天性支气管囊肿,红葡萄酒
斑状萎缩,啤酒
斑状萎缩,白酒
斑状萎缩,杏仁
斑状萎缩,干腌菜
显微型多血管炎,螃蟹
显微型多血管炎,啤酒
显微型多血管炎,白酒
显微型多血管炎,红葡萄酒
线粒体病,螃蟹
线粒体病,啤酒
线粒体病,白酒
线粒体病,红葡萄酒
瘢痕癌,白酒
瘢痕癌,杏仁
瘢痕癌,黑豆
瘢痕癌,绿豆
牛皮癣,螃蟹
牛皮癣,海虾
牛皮癣,啤酒
牛皮癣,猪肚
板层状鱼鳞病,啤酒
板层状鱼鳞病,白酒
板层状鱼鳞病,杏仁
线粒体脑肌病,螃蟹
线粒体脑肌病,啤酒
线粒体脑肌病,白酒
线粒体脑肌病,红葡萄酒
风湿病,白酒
风湿病,绿豆
风湿病,赤小豆
风湿病,豆腐
皮样囊肿,啤酒
皮样囊肿,白扁豆
皮样囊肿,干腌菜
皮样囊肿,赤小豆
半月线疝,啤酒
半月线疝,白酒
半月线疝,杏仁
半月线疝,绿豆
线状IgA大疱性皮肤病,螃蟹
线状IgA大疱性皮肤病,啤酒
线状IgA大疱性皮肤病,白酒
线状IgA大疱性皮肤病,红葡萄酒
腺病毒性肠炎,螃蟹
腺病毒性肠炎,啤酒
腺病毒性肠炎,白酒
腺病毒性肠炎,红葡萄酒
女性假两性畸形,白酒
女性假两性畸形,绿豆
女性假两性畸形,赤小豆
女性假两性畸形,豆腐
半椎体畸形,啤酒
半椎体畸形,白酒
半椎体畸形,杏仁
半椎体畸形,绿豆
腺病毒性肺炎,螃蟹
腺病毒性肺炎,啤酒
腺病毒性肺炎,白酒
腺病毒性肺炎,红葡萄酒
多动症,白酒
多动症,绿豆
多动症,赤小豆
多动症,豆腐
伴齿状突骨折的寰枢椎前脱位,白酒
伴齿状突骨折的寰枢椎前脱位,杏仁
伴齿状突骨折的寰枢椎前脱位,白砂糖
伴齿状突骨折的寰枢椎前脱位,绿豆
向颈段脊髓供血的根动脉缺血症候群,螃蟹
向颈段脊髓供血的根动脉缺血症候群,啤酒
向颈段脊髓供血的根动脉缺血症候群,白酒
向颈段脊髓供血的根动脉缺血症候群,红葡萄酒
伴纤维囊性骨炎的假性甲状旁腺功能低下症,白酒
伴纤维囊性骨炎的假性甲状旁腺功能低下症,杏仁
伴纤维囊性骨炎的假性甲状旁腺功能低下症,绿豆
向胸腰段脊髓供血的大根动脉缺血症候群,螃蟹
向胸腰段脊髓供血的大根动脉缺血症候群,啤酒
向胸腰段脊髓供血的大根动脉缺血症候群,白酒
向胸腰段脊髓供血的大根动脉缺血症候群,红葡萄酒
鲍恩病,白酒
鲍恩病,杏仁
鲍恩病,黑豆
鲍恩病,绿豆
项痈,螃蟹
项痈,啤酒
项痈,白酒
项痈,红葡萄酒
鲍温样丘疹病,白酒
鲍温样丘疹病,杏仁
鲍温样丘疹病,黑豆
鲍温样丘疹病,绿豆
橡胶制品所致的皮肤病,螃蟹
橡胶制品所致的皮肤病,啤酒
橡胶制品所致的皮肤病,白酒
橡胶制品所致的皮肤病,红葡萄酒
暴发性痤疮,白酒
暴发性痤疮,杏仁
暴发性痤疮,黑豆
暴发性痤疮,绿豆
颅内出血,杏仁
颅内出血,白扁豆
颅内出血,虾皮
颅内出血,赤小豆
疱疹样湿疹,啤酒
疱疹样湿疹,白扁豆
疱疹样湿疹,赤小豆
疱疹样湿疹,虾仁
儿童股骨头坏死,杏仁
儿童股骨头坏死,白扁豆
儿童股骨头坏死,虾皮
儿童股骨头坏死,赤小豆
小肠过敏性紫癜,螃蟹
小肠过敏性紫癜,啤酒
小肠过敏性紫癜,白酒
小肠过敏性紫癜,红葡萄酒
背部弹力纤维瘤,白酒
背部弹力纤维瘤,杏仁
背部弹力纤维瘤,黑豆
背部弹力纤维瘤,绿豆
睾丸囊肿,海参
睾丸囊肿,油条
睾丸囊肿,河蚌
睾丸囊肿,猪小排（猪肋排）
鼻部穿通性毛囊炎,白酒
鼻部穿通性毛囊炎,杏仁
鼻部穿通性毛囊炎,黑豆
鼻部穿通性毛囊炎,绿豆
小肠结肠炎耶尔森菌肠炎,螃蟹
小肠结肠炎耶尔森菌肠炎,啤酒
小肠结肠炎耶尔森菌肠炎,白酒
小肠结肠炎耶尔森菌肠炎,红葡萄酒
小肠结肠炎耶尔森菌肺炎,螃蟹
小肠结肠炎耶尔森菌肺炎,啤酒
小肠结肠炎耶尔森菌肺炎,白酒
小肠结肠炎耶尔森菌肺炎,红葡萄酒
鼻疽假单胞菌肺炎,白酒
鼻疽假单胞菌肺炎,杏仁
鼻疽假单胞菌肺炎,黑豆
鼻疽假单胞菌肺炎,绿豆
小肠类癌,螃蟹
小肠类癌,啤酒
小肠类癌,白酒
小肠类癌,红葡萄酒
闭孔疝,白酒
闭孔疝,杏仁
闭孔疝,黑豆
闭孔疝,绿豆
小肠平滑肌瘤,螃蟹
小肠平滑肌瘤,啤酒
小肠平滑肌瘤,白酒
小肠平滑肌瘤,红葡萄酒
小儿支气管炎,海螺
小儿支气管炎,白扁豆
小儿支气管炎,田螺
小儿支气管炎,赤小豆
闭塞性动脉硬化,白酒
闭塞性动脉硬化,杏仁
闭塞性动脉硬化,黑豆
闭塞性动脉硬化,绿豆
小肠平滑肌肉瘤,螃蟹
小肠平滑肌肉瘤,啤酒
小肠平滑肌肉瘤,白酒
小肠平滑肌肉瘤,红葡萄酒
全身化脓性感染,啤酒
全身化脓性感染,白酒
全身化脓性感染,白扁豆
全身化脓性感染,赤小豆
闭塞性血栓性脉管炎,白酒
闭塞性血栓性脉管炎,杏仁
闭塞性血栓性脉管炎,黑豆
闭塞性血栓性脉管炎,绿豆
小肠腺癌,螃蟹
小肠腺癌,啤酒
小肠腺癌,白酒
小肠腺癌,红葡萄酒
耳结核,海螺
耳结核,白扁豆
耳结核,田螺
耳结核,赤小豆
闭锁肺综合征,白酒
闭锁肺综合征,杏仁
闭锁肺综合征,黑豆
闭锁肺综合征,绿豆
小肠腺瘤,螃蟹
小肠腺瘤,啤酒
小肠腺瘤,白酒
小肠腺瘤,红葡萄酒
慢性粒单核细胞白血病,海螺
慢性粒单核细胞白血病,白扁豆
慢性粒单核细胞白血病,田螺
慢性粒单核细胞白血病,赤小豆
小肠血管畸形,螃蟹
小肠血管畸形,啤酒
小肠血管畸形,白酒
小肠血管畸形,红葡萄酒
褥疮,螃蟹
褥疮,白扁豆
褥疮,赤小豆
褥疮,虾仁
臂丛神经损伤,白酒
臂丛神经损伤,杏仁
臂丛神经损伤,黑豆
臂丛神经损伤,绿豆
骨癌,海螺
骨癌,白扁豆
骨癌,田螺
骨癌,赤小豆
变态反应性结膜炎,白酒
变态反应性结膜炎,杏仁
变态反应性结膜炎,花生仁（炸）
变态反应性结膜炎,绿豆
小肠血管瘤,螃蟹
小肠血管瘤,啤酒
小肠血管瘤,白酒
小肠血管瘤,红葡萄酒
变形杆菌肺炎,白酒
变形杆菌肺炎,杏仁
变形杆菌肺炎,花生仁（炸）
变形杆菌肺炎,绿豆
马蹄形肾,海螺
马蹄形肾,白扁豆
马蹄形肾,田螺
马蹄形肾,赤小豆
小肠异物,螃蟹
小肠异物,啤酒
小肠异物,白酒
小肠异物,红葡萄酒
变性性近视的眼底损害,白酒
变性性近视的眼底损害,黑豆
变性性近视的眼底损害,绿豆
变性性近视的眼底损害,赤小豆
小肠原发性恶性淋巴瘤,螃蟹
小肠原发性恶性淋巴瘤,啤酒
小肠原发性恶性淋巴瘤,白酒
小肠原发性恶性淋巴瘤,红葡萄酒
变异型心绞痛,啤酒
变异型心绞痛,白酒
变异型心绞痛,鸡蛋黄
变异型心绞痛,白砂糖
神经性皮炎,鸡蛋
神经性皮炎,啤酒
神经性皮炎,白酒
神经性皮炎,赤小豆
小肠脂肪瘤,螃蟹
小肠脂肪瘤,啤酒
小肠脂肪瘤,白酒
小肠脂肪瘤,红葡萄酒
变异型预激综合征,啤酒
变异型预激综合征,白酒
变异型预激综合征,鸡蛋黄
变异型预激综合征,白砂糖
瘙痒症,白酒
瘙痒症,白扁豆
瘙痒症,干腌菜
瘙痒症,赤小豆
放射性口炎,海螺
放射性口炎,白扁豆
放射性口炎,田螺
放射性口炎,赤小豆
小袋纤毛虫病,螃蟹
小袋纤毛虫病,啤酒
小袋纤毛虫病,白酒
小袋纤毛虫病,红葡萄酒
变异性红斑角化病,白酒
变异性红斑角化病,鸡蛋黄
变异性红斑角化病,白砂糖
变异性红斑角化病,绿豆
小儿Alstrom综合征,螃蟹
小儿Alstrom综合征,啤酒
小儿Alstrom综合征,白酒
小儿Alstrom综合征,红葡萄酒
晒伤,啤酒
晒伤,白扁豆
晒伤,油条
晒伤,赤小豆
变应性皮肤血管炎,白酒
变应性皮肤血管炎,鸡蛋黄
变应性皮肤血管炎,白砂糖
变应性皮肤血管炎,绿豆
小儿IgA肾病,螃蟹
小儿IgA肾病,啤酒
小儿IgA肾病,白酒
小儿IgA肾病,红葡萄酒
骨坏死,海螺
骨坏死,白扁豆
骨坏死,田螺
骨坏死,赤小豆
表皮囊肿,白酒
表皮囊肿,鸡蛋黄
表皮囊肿,白砂糖
表皮囊肿,绿豆
表皮葡萄球菌肺炎,白酒
表皮葡萄球菌肺炎,鸡蛋黄
表皮葡萄球菌肺炎,白砂糖
表皮葡萄球菌肺炎,绿豆
手足癣,啤酒
手足癣,白扁豆
手足癣,猪肚
手足癣,赤小豆
表皮松解性棘皮瘤,啤酒
表皮松解性棘皮瘤,白酒
表皮松解性棘皮瘤,鸡蛋黄
表皮松解性棘皮瘤,白砂糖
湿疹,啤酒
湿疹,白扁豆
湿疹,干腌菜
湿疹,赤小豆
宾斯旺格病,啤酒
宾斯旺格病,白酒
宾斯旺格病,鸡蛋黄
宾斯旺格病,白砂糖
深脓疱病,啤酒
深脓疱病,白扁豆
深脓疱病,猪肚
深脓疱病,赤小豆
小儿α1-抗胰蛋白酶缺乏症,螃蟹
小儿α1-抗胰蛋白酶缺乏症,啤酒
小儿α1-抗胰蛋白酶缺乏症,白酒
小儿α1-抗胰蛋白酶缺乏症,红葡萄酒
骨结核,海螺
骨结核,海参
骨结核,田螺
骨结核,赤小豆
髌股关节软骨损伤,白酒
髌股关节软骨损伤,鸡蛋黄
髌股关节软骨损伤,白砂糖
髌股关节软骨损伤,绿豆
色素性荨麻疹,啤酒
色素性荨麻疹,白酒
色素性荨麻疹,白扁豆
色素性荨麻疹,赤小豆
小儿α-地中海贫血,螃蟹
小儿α-地中海贫血,啤酒
小儿α-地中海贫血,白酒
小儿α-地中海贫血,红葡萄酒
髌骨骨软骨病,白酒
髌骨骨软骨病,鸡蛋黄
髌骨骨软骨病,白砂糖
髌骨骨软骨病,绿豆
小儿β地中海贫血,螃蟹
小儿β地中海贫血,啤酒
小儿β地中海贫血,白酒
小儿β地中海贫血,红葡萄酒
丙酮酸激酶缺乏症,白酒
丙酮酸激酶缺乏症,鸡肉
丙酮酸激酶缺乏症,鸡蛋黄
丙酮酸激酶缺乏症,白砂糖
小儿阿姆斯特丹型侏儒,螃蟹
小儿阿姆斯特丹型侏儒,啤酒
小儿阿姆斯特丹型侏儒,白酒
小儿阿姆斯特丹型侏儒,红葡萄酒
并发截瘫的脊柱结核,啤酒
并发截瘫的脊柱结核,白酒
并发截瘫的脊柱结核,鸡蛋黄
并发截瘫的脊柱结核,白砂糖
小儿阿托品类中毒,螃蟹
小儿阿托品类中毒,啤酒
小儿阿托品类中毒,白酒
小儿阿托品类中毒,红葡萄酒
并发症白内障,啤酒
并发症白内障,白酒
并发症白内障,鸡蛋黄
并发症白内障,白砂糖
小儿埃博拉病毒病,螃蟹
小儿埃博拉病毒病,啤酒
小儿埃博拉病毒病,白酒
小儿埃博拉病毒病,红葡萄酒
病毒性出血热,啤酒
病毒性出血热,白酒
病毒性出血热,白砂糖
病毒性出血热,绿豆
输卵管妊娠破裂,海螺
输卵管妊娠破裂,白扁豆
输卵管妊娠破裂,田螺
输卵管妊娠破裂,赤小豆
秃头,啤酒
秃头,白扁豆
秃头,猪肚
秃头,赤小豆
截瘫,白扁豆
截瘫,田螺
截瘫,赤小豆
截瘫,鸡爪
小儿埃可及柯萨奇病毒感染,鸡蛋
小儿埃可及柯萨奇病毒感染,啤酒
小儿埃可及柯萨奇病毒感染,白酒
小儿埃可及柯萨奇病毒感染,红葡萄酒
病毒性食管炎,啤酒
病毒性食管炎,白酒
病毒性食管炎,干腌菜
病毒性食管炎,绿豆
骨筋膜室综合症,海螺
骨筋膜室综合症,白扁豆
骨筋膜室综合症,田螺
骨筋膜室综合症,赤小豆
玻璃体及视网膜脱离手术所致青光眼,啤酒
玻璃体及视网膜脱离手术所致青光眼,白酒
玻璃体及视网膜脱离手术所致青光眼,黑豆
玻璃体及视网膜脱离手术所致青光眼,绿豆
荨麻疹型药疹,啤酒
荨麻疹型药疹,白扁豆
荨麻疹型药疹,猪肚
荨麻疹型药疹,赤小豆
小儿爱德华兹综合征,螃蟹
小儿爱德华兹综合征,啤酒
小儿爱德华兹综合征,白酒
小儿爱德华兹综合征,红葡萄酒
荨麻疹和血管性水肿,啤酒
荨麻疹和血管性水肿,白酒
荨麻疹和血管性水肿,鸡肉
荨麻疹和血管性水肿,赤小豆
剥脱性唇炎,白酒
剥脱性唇炎,黑豆
剥脱性唇炎,绿豆
剥脱性唇炎,赤小豆
播散性复发性漏斗部毛囊炎,白酒
播散性复发性漏斗部毛囊炎,黑豆
播散性复发性漏斗部毛囊炎,绿豆
播散性复发性漏斗部毛囊炎,赤小豆
小儿鞍上生殖细胞瘤,螃蟹
小儿鞍上生殖细胞瘤,啤酒
小儿鞍上生殖细胞瘤,白酒
小儿鞍上生殖细胞瘤,红葡萄酒
荨麻疹性血管炎,啤酒
荨麻疹性血管炎,白扁豆
荨麻疹性血管炎,赤小豆
荨麻疹性血管炎,鱿鱼(鲜)
脊椎炎,海螺
脊椎炎,白扁豆
脊椎炎,田螺
脊椎炎,赤小豆
播散性黄瘤伴尿崩症,白酒
播散性黄瘤伴尿崩症,黑豆
播散性黄瘤伴尿崩症,绿豆
播散性黄瘤伴尿崩症,赤小豆
小儿巴德-吉亚利综合征,螃蟹
小儿巴德-吉亚利综合征,啤酒
小儿巴德-吉亚利综合征,白酒
小儿巴德-吉亚利综合征,红葡萄酒
输卵管肿瘤,海螺
输卵管肿瘤,白扁豆
输卵管肿瘤,田螺
输卵管肿瘤,赤小豆
小儿巴特综合征,螃蟹
小儿巴特综合征,啤酒
小儿巴特综合征,白酒
小儿巴特综合征,红葡萄酒
播散性嗜酸粒细胞增多性胶原病,啤酒
播散性嗜酸粒细胞增多性胶原病,白酒
播散性嗜酸粒细胞增多性胶原病,黑豆
播散性嗜酸粒细胞增多性胶原病,绿豆
荨麻疹,啤酒
荨麻疹,白扁豆
荨麻疹,猪大肠
荨麻疹,猪肚
播散性血管内凝血,白酒
播散性血管内凝血,黑豆
播散性血管内凝血,绿豆
播散性血管内凝血,赤小豆
小儿白塞病,螃蟹
小儿白塞病,啤酒
小儿白塞病,白酒
小儿白塞病,红葡萄酒
银屑病,啤酒
银屑病,白酒
银屑病,白扁豆
银屑病,赤小豆
勃起功能障碍,洋葱
勃起功能障碍,猪肚
勃起功能障碍,火腿
勃起功能障碍,香肠
不安腿综合征,啤酒
不安腿综合征,白酒
不安腿综合征,黑豆
不安腿综合征,绿豆
表皮样囊肿,海螺
表皮样囊肿,白扁豆
表皮样囊肿,田螺
表皮样囊肿,赤小豆
不动杆菌肺炎,啤酒
不动杆菌肺炎,白酒
不动杆菌肺炎,葵花子仁
不动杆菌肺炎,绿豆
小儿白血病,螃蟹
小儿白血病,啤酒
小儿白血病,白酒
小儿白血病,红葡萄酒
药疹,啤酒
药疹,白酒
药疹,白扁豆
药疹,赤小豆
小儿半乳糖血症,螃蟹
小儿半乳糖血症,啤酒
小儿半乳糖血症,白酒
小儿半乳糖血症,红葡萄酒
疣,啤酒
疣,白酒
疣,白扁豆
疣,赤小豆
小儿膀胱-输尿管反流综合征,螃蟹
小儿膀胱-输尿管反流综合征,白酒
小儿膀胱-输尿管反流综合征,红葡萄酒
小儿膀胱-输尿管反流综合征,蛤蜊
不动杆菌感染,大豆
不动杆菌感染,葵花子仁
不动杆菌感染,黑豆
不动杆菌感染,绿豆
心肌缺血,杏仁
心肌缺血,腐竹
心肌缺血,田螺
心肌缺血,赤小豆
不动纤毛综合征,大豆
不动纤毛综合征,葵花子仁
不动纤毛综合征,黑豆
不动纤毛综合征,绿豆
小儿贲门失弛缓症,螃蟹
小儿贲门失弛缓症,啤酒
小儿贲门失弛缓症,白酒
小儿贲门失弛缓症,红葡萄酒
不稳定型心绞痛,葵花子仁
不稳定型心绞痛,鸡蛋黄
不稳定型心绞痛,黑豆
不稳定型心绞痛,绿豆
小儿苯丙酮尿症,螃蟹
小儿苯丙酮尿症,啤酒
小儿苯丙酮尿症,白酒
小儿苯丙酮尿症,红葡萄酒
不稳定血红蛋白病,啤酒
不稳定血红蛋白病,花生
不稳定血红蛋白病,鸡肉
不稳定血红蛋白病,鸡蛋黄
小儿便秘,螃蟹
小儿便秘,啤酒
小儿便秘,猪肚
小儿便秘,蛤蜊
原发性皮肤淀粉样变性,啤酒
原发性皮肤淀粉样变性,白扁豆
原发性皮肤淀粉样变性,猪肚
原发性皮肤淀粉样变性,赤小豆
布氏杆菌性关节炎,啤酒
布氏杆菌性关节炎,黑豆
布氏杆菌性关节炎,绿豆
布氏杆菌性关节炎,赤小豆
小儿变形性肌张力障碍,螃蟹
小儿变形性肌张力障碍,啤酒
小儿变形性肌张力障碍,白酒
布氏菌病,啤酒
布氏菌病,黑豆
布氏菌病,绿豆
布氏菌病,赤小豆
心包炎,杏仁
心包炎,腐竹
心包炎,白扁豆
心包炎,赤小豆
小儿变应性鼻炎,螃蟹
小儿变应性鼻炎,啤酒
小儿变应性鼻炎,白酒
小儿变应性鼻炎,龙虾
布氏菌肺炎,啤酒
布氏菌肺炎,黑豆
布氏菌肺炎,绿豆
布氏菌肺炎,赤小豆
痒疹,啤酒
痒疹,猪肚
痒疹,鳕鱼
痒疹,墨鱼(干)
药物过敏性口炎,杏仁
药物过敏性口炎,腐竹
药物过敏性口炎,白扁豆
药物过敏性口炎,赤小豆
小儿变应性亚败血症综合征,螃蟹
小儿变应性亚败血症综合征,啤酒
小儿变应性亚败血症综合征,白酒
小儿变应性亚败血症综合征,龙虾
药物性耳聋,杏仁
药物性耳聋,腐竹
药物性耳聋,白扁豆
药物性耳聋,赤小豆
小儿丙酸血症,螃蟹
小儿丙酸血症,啤酒
小儿丙酸血症,白酒
小儿丙酸血症,龙虾
硬红斑,啤酒
硬红斑,白酒
硬红斑,白扁豆
硬红斑,赤小豆
小儿丙型病毒性肝炎,螃蟹
小儿丙型病毒性肝炎,白酒
小儿丙型病毒性肝炎,龙虾
小儿丙型病毒性肝炎,河虾
脂溢性皮炎,啤酒
脂溢性皮炎,白酒
脂溢性皮炎,白扁豆
脂溢性皮炎,赤小豆
C5功能不全综合征,啤酒
C5功能不全综合征,黑豆
C5功能不全综合征,绿豆
C5功能不全综合征,赤小豆
小儿病毒感染性口炎,螃蟹
小儿病毒感染性口炎,白酒
小儿病毒感染性口炎,海参
小儿病毒感染性口炎,河蚌
职业黑变病,啤酒
职业黑变病,白扁豆
职业黑变病,猪肚
职业黑变病,赤小豆
Castleman病,啤酒
Castleman病,黑豆
Castleman病,绿豆
Castleman病,赤小豆
小儿病毒相关吞噬血细胞综合征,白酒
小儿病毒相关吞噬血细胞综合征,猪肚
小儿病毒相关吞噬血细胞综合征,蛤蜊
小儿病毒相关吞噬血细胞综合征,羊骨
CD30阳性皮肤T细胞淋巴瘤,啤酒
CD30阳性皮肤T细胞淋巴瘤,黑豆
CD30阳性皮肤T细胞淋巴瘤,绿豆
CD30阳性皮肤T细胞淋巴瘤,赤小豆
小儿病毒性心肌炎,螃蟹
小儿病毒性心肌炎,白酒
小儿病毒性心肌炎,海参
小儿病毒性心肌炎,河蚌
小儿病态窦房结综合征,螃蟹
小儿病态窦房结综合征,白酒
小儿病态窦房结综合征,海参
小儿病态窦房结综合征,河蚌
Chance骨折,啤酒
Chance骨折,黑豆
Chance骨折,绿豆
Chance骨折,赤小豆
中毒性坏死性表皮松解型药疹,啤酒
中毒性坏死性表皮松解型药疹,白扁豆
中毒性坏死性表皮松解型药疹,猪肚
中毒性坏死性表皮松解型药疹,赤小豆
小儿波-杰综合征,螃蟹
小儿波-杰综合征,白酒
小儿波-杰综合征,河蚌
小儿波-杰综合征,干腌菜
着色芽生菌病和暗色丝孢霉病,啤酒
着色芽生菌病和暗色丝孢霉病,白扁豆
着色芽生菌病和暗色丝孢霉病,猪肚
着色芽生菌病和暗色丝孢霉病,赤小豆
小儿播散性血管内凝血,螃蟹
小儿播散性血管内凝血,白酒
小儿播散性血管内凝血,海参
小儿播散性血管内凝血,河蚌
小儿播散性脂肪肉芽肿综合征,螃蟹
小儿播散性脂肪肉芽肿综合征,白酒
小儿播散性脂肪肉芽肿综合征,海参
小儿播散性脂肪肉芽肿综合征,河蚌
残胃平滑肌肉瘤,啤酒
残胃平滑肌肉瘤,黑豆
残胃平滑肌肉瘤,绿豆
残胃平滑肌肉瘤,赤小豆
小细胞肺癌,海螺
小细胞肺癌,白扁豆
小细胞肺癌,田螺
小细胞肺癌,赤小豆
小儿伯-韦综合征,螃蟹
小儿伯-韦综合征,白酒
小儿伯-韦综合征,海参
小儿伯-韦综合征,河蚌
小儿不对称身材-矮小-性发育异常综合征,螃蟹
小儿不对称身材-矮小-性发育异常综合征,白酒
小儿不对称身材-矮小-性发育异常综合征,咸鱼
小儿不对称身材-矮小-性发育异常综合征,河蚌
胰腺结核,海螺
胰腺结核,白扁豆
胰腺结核,田螺
胰腺结核,赤小豆
茶毛虫皮炎,啤酒
茶毛虫皮炎,白酒
茶毛虫皮炎,黑豆
茶毛虫皮炎,绿豆
小儿部分性肺静脉异位连接,螃蟹
小儿部分性肺静脉异位连接,猪肚
小儿部分性肺静脉异位连接,蛤蜊
小儿部分性肺静脉异位连接,羊骨
腹股沟肉芽肿,白扁豆
腹股沟肉芽肿,猪大肠
腹股沟肉芽肿,猪肚
腹股沟肉芽肿,赤小豆
臀肌挛缩症,海螺
臀肌挛缩症,白扁豆
臀肌挛缩症,田螺
臀肌挛缩症,赤小豆
产后精神病,啤酒
产后精神病,黑豆
产后精神病,绿豆
产后精神病,赤小豆
小儿肠病性肢端皮炎,螃蟹
小儿肠病性肢端皮炎,猪肚
小儿肠病性肢端皮炎,蛤蜊
小儿肠病性肢端皮炎,羊肉(肥瘦)
遗传性肾炎,海螺
遗传性肾炎,白扁豆
遗传性肾炎,田螺
遗传性肾炎,赤小豆
产后泌尿道感染,啤酒
产后泌尿道感染,白酒
产后泌尿道感染,黑豆
产后泌尿道感染,绿豆
小儿肠套叠,螃蟹
小儿肠套叠,白酒
小儿肠套叠,油条
小儿肠套叠,蛤蜊
产后虚脱,虾皮
产后虚脱,黑豆
产后虚脱,绿豆
产后虚脱,赤小豆
小儿肠吸收不良综合征,螃蟹
小儿肠吸收不良综合征,白酒
小儿肠吸收不良综合征,海参
小儿肠吸收不良综合征,蛤蜊
产后抑郁症,螃蟹
产后抑郁症,海虾
产后抑郁症,虾皮
产后抑郁症,猪肝
小儿肠系膜淋巴结结核,螃蟹
小儿肠系膜淋巴结结核,白酒
小儿肠系膜淋巴结结核,干腌菜
小儿肠系膜淋巴结结核,蛤蜊
产碱杆菌肺炎,虾皮
产碱杆菌肺炎,黑豆
产碱杆菌肺炎,绿豆
产碱杆菌肺炎,赤小豆
小儿肠旋转不良,螃蟹
小儿肠旋转不良,白酒
小儿肠旋转不良,猪肉(肥)
小儿肠旋转不良,蛤蜊
产科播散性血管内凝血,虾皮
产科播散性血管内凝血,黑豆
产科播散性血管内凝血,绿豆
产科播散性血管内凝血,赤小豆
小儿常染色体显性小脑性共济失调,螃蟹
小儿常染色体显性小脑性共济失调,白酒
小儿常染色体显性小脑性共济失调,咸鱼
小儿常染色体显性小脑性共济失调,蛤蜊
躁狂抑郁症,海螺
躁狂抑郁症,白扁豆
躁狂抑郁症,田螺
躁狂抑郁症,赤小豆
梅毒,啤酒
梅毒,白酒
梅毒,白扁豆
梅毒,赤小豆
产科休克,鸡蛋黄
产科休克,黑豆
产科休克,绿豆
产科休克,赤小豆
小儿常染色体隐性小脑性共济失调,螃蟹
小儿常染色体隐性小脑性共济失调,白酒
小儿常染色体隐性小脑性共济失调,猪肚
小儿常染色体隐性小脑性共济失调,蛤蜊
真菌性脑膜炎,海螺
真菌性脑膜炎,白扁豆
真菌性脑膜炎,田螺
真菌性脑膜炎,赤小豆
产力异常性难产,啤酒
产力异常性难产,白酒
产力异常性难产,黑豆
产力异常性难产,绿豆
小儿潮红综合征,螃蟹
小儿潮红综合征,白酒
小儿潮红综合征,猪肚
小儿潮红综合征,蛤蜊
网络成瘾,海螺
网络成瘾,白扁豆
网络成瘾,猪油（板油）
网络成瘾,田螺
小儿成骨不全,螃蟹
小儿成骨不全,河蚌
小儿成骨不全,龙虾
小儿成骨不全,河虾
长骨造釉细胞瘤,啤酒
长骨造釉细胞瘤,白酒
长骨造釉细胞瘤,黑豆
长骨造釉细胞瘤,绿豆
小儿成人型慢性粒细胞白血病,螃蟹
小儿成人型慢性粒细胞白血病,海虾
小儿成人型慢性粒细胞白血病,龙虾
小儿成人型慢性粒细胞白血病,蛤蜊
小儿抽动症,干腌菜
小儿抽动症,松花蛋（鸭蛋）
小儿抽动症,鲜贝
小儿抽动症,扇贝(鲜)
肠病性肢端皮炎,啤酒
肠病性肢端皮炎,白酒
肠病性肢端皮炎,黑豆
肠病性肢端皮炎,绿豆
小儿出血性疾病,螃蟹
小儿出血性疾病,河蚌
小儿出血性疾病,龙虾
小儿出血性疾病,海蜇头
肠出血性大肠埃希杆菌感染,啤酒
肠出血性大肠埃希杆菌感染,白酒
肠出血性大肠埃希杆菌感染,黑豆
肠出血性大肠埃希杆菌感染,绿豆
小儿出血性休克和脑病综合征,螃蟹
小儿出血性休克和脑病综合征,海虾
小儿出血性休克和脑病综合征,龙虾
小儿出血性休克和脑病综合征,河虾
性病性淋巴肉芽肿,啤酒
性病性淋巴肉芽肿,白酒
性病性淋巴肉芽肿,白扁豆
性病性淋巴肉芽肿,赤小豆
小儿触电与雷击,螃蟹
小儿触电与雷击,白酒
小儿触电与雷击,龙虾
小儿触电与雷击,蛤蜊
肠道感染后反应性关节炎,虾皮
肠道感染后反应性关节炎,黑豆
肠道感染后反应性关节炎,绿豆
肠道感染后反应性关节炎,赤小豆
支气管结石症,海螺
支气管结石症,白扁豆
支气管结石症,田螺
支气管结石症,赤小豆
小儿传染性单核细胞增多症,螃蟹
小儿传染性单核细胞增多症,油条
小儿传染性单核细胞增多症,龙虾
小儿传染性单核细胞增多症,蛤蜊
肠道革兰阴性杆菌脑膜炎,白酒
肠道革兰阴性杆菌脑膜炎,黑豆
肠道革兰阴性杆菌脑膜炎,绿豆
肠道革兰阴性杆菌脑膜炎,赤小豆
消化道溃疡,海螺
消化道溃疡,白扁豆
消化道溃疡,田螺
消化道溃疡,赤小豆
小儿喘息样支气管炎,螃蟹
小儿喘息样支气管炎,鸡肉
小儿喘息样支气管炎,龙虾
小儿喘息样支气管炎,河虾
肠道血管畸形,白酒
肠道血管畸形,黑豆
肠道血管畸形,绿豆
肠道血管畸形,赤小豆
阿尔采末病,啤酒
阿尔采末病,白酒
阿尔采末病,白扁豆
阿尔采末病,赤小豆
肠毒性大肠埃希杆菌感染,虾皮
肠毒性大肠埃希杆菌感染,黑豆
肠毒性大肠埃希杆菌感染,绿豆
肠毒性大肠埃希杆菌感染,赤小豆
小儿纯红细胞再生障碍性贫血,螃蟹
小儿纯红细胞再生障碍性贫血,油条
小儿纯红细胞再生障碍性贫血,猪肚
小儿纯红细胞再生障碍性贫血,蛤蜊
侏儒症,海螺
侏儒症,白扁豆
侏儒症,田螺
侏儒症,赤小豆
肠杆菌肺炎,白酒
肠杆菌肺炎,黑豆
肠杆菌肺炎,绿豆
肠杆菌肺炎,赤小豆
阿斯伯格综合症,啤酒
阿斯伯格综合症,白酒
阿斯伯格综合症,白扁豆
阿斯伯格综合症,猪大肠
小儿脆性X染色体,螃蟹
小儿脆性X染色体,油条
小儿脆性X染色体,猪肚
小儿脆性X染色体,蛤蜊
胃窦炎,海螺
胃窦炎,白扁豆
胃窦炎,田螺
胃窦炎,赤小豆
肠毛滴虫病,鸡蛋黄
肠毛滴虫病,黑豆
肠毛滴虫病,绿豆
肠毛滴虫病,豆腐
抽动障碍,啤酒
抽动障碍,白酒
抽动障碍,白扁豆
抽动障碍,赤小豆
小儿错畸形,螃蟹
小儿错畸形,油条
小儿错畸形,猪肚
小儿错畸形,蛤蜊
肠球菌肺炎,啤酒
肠球菌肺炎,白酒
肠球菌肺炎,黄酒
肠球菌肺炎,绿豆
多发脑梗塞性精神障碍,啤酒
多发脑梗塞性精神障碍,白酒
多发脑梗塞性精神障碍,白扁豆
多发脑梗塞性精神障碍,赤小豆
小儿大动脉炎,螃蟹
小儿大动脉炎,河蚌
小儿大动脉炎,海蜇皮
小儿大动脉炎,海蜇头
肠伤寒穿孔,虾皮
肠伤寒穿孔,黑豆
肠伤寒穿孔,绿豆
肠伤寒穿孔,赤小豆
癫痫伴发的精神障碍,啤酒
癫痫伴发的精神障碍,白酒
癫痫伴发的精神障碍,白扁豆
癫痫伴发的精神障碍,赤小豆
消化不良,海螺
消化不良,白扁豆
消化不良,田螺
消化不良,赤小豆
儿童期精神障碍及精神发育迟缓,啤酒
儿童期精神障碍及精神发育迟缓,白酒
儿童期精神障碍及精神发育迟缓,鸡蛋黄
儿童期精神障碍及精神发育迟缓,赤小豆
小儿大脑半球胶质瘤,螃蟹
小儿大脑半球胶质瘤,猪肚
小儿大脑半球胶质瘤,蛤蜊
小儿大脑半球胶质瘤,海蜇头
肠石性肠梗阻,大豆
肠石性肠梗阻,黑豆
肠石性肠梗阻,绿豆
肠石性肠梗阻,赤小豆
小儿单侧肺异常透亮综合征,螃蟹
小儿单侧肺异常透亮综合征,海参
小儿单侧肺异常透亮综合征,河蚌
小儿单侧肺异常透亮综合征,蛤蜊
肠系膜静脉血栓形成,大豆
肠系膜静脉血栓形成,黑豆
肠系膜静脉血栓形成,绿豆
肠系膜静脉血栓形成,赤小豆
精神活性物质所致精神障碍,啤酒
精神活性物质所致精神障碍,白酒
精神活性物质所致精神障碍,白扁豆
精神活性物质所致精神障碍,赤小豆
肠系膜裂孔疝,大豆
肠系膜裂孔疝,黑豆
肠系膜裂孔疝,绿豆
肠系膜裂孔疝,赤小豆
肠系膜肿瘤,大豆
肠系膜肿瘤,黑豆
肠系膜肿瘤,绿豆
肠系膜肿瘤,赤小豆
习惯性便秘,白扁豆
习惯性便秘,田螺
习惯性便秘,赤小豆
习惯性便秘,鱿鱼(鲜)
焦虑症,啤酒
焦虑症,白酒
焦虑症,赤砂糖
焦虑症,白砂糖
尘螨过敏性哮喘,大豆
尘螨过敏性哮喘,黑豆
尘螨过敏性哮喘,绿豆
尘螨过敏性哮喘,赤小豆
紫癜,白酒
紫癜,白扁豆
紫癜,田螺
紫癜,赤小豆
记忆障碍,啤酒
记忆障碍,白酒
记忆障碍,赤砂糖
记忆障碍,白砂糖
小脑萎缩,海螺
小脑萎缩,白扁豆
小脑萎缩,田螺
小脑萎缩,赤小豆
成人腹股沟斜疝,啤酒
成人腹股沟斜疝,白酒
成人腹股沟斜疝,黑豆
成人腹股沟斜疝,绿豆
小儿单纯肺动脉口狭窄,螃蟹
小儿单纯肺动脉口狭窄,河蚌
小儿单纯肺动脉口狭窄,淡菜(鲜)
小儿单纯肺动脉口狭窄,蛤蜊
精神发育迟滞,啤酒
精神发育迟滞,白酒
精神发育迟滞,赤砂糖
精神发育迟滞,白砂糖
成人骨坏死,啤酒
成人骨坏死,白酒
成人骨坏死,黑豆
成人骨坏死,绿豆
小儿单纯性甲状腺肿,螃蟹
小儿单纯性甲状腺肿,油条
小儿单纯性甲状腺肿,猪肚
小儿单纯性甲状腺肿,蛤蜊
习惯性流产,螃蟹
习惯性流产,白扁豆
习惯性流产,田螺
习惯性流产,赤小豆
成人型慢性粒细胞白血病,啤酒
成人型慢性粒细胞白血病,白酒
成人型慢性粒细胞白血病,黑豆
成人型慢性粒细胞白血病,绿豆
小儿单纯性血尿,螃蟹
小儿单纯性血尿,海参
小儿单纯性血尿,河蚌
小儿单纯性血尿,蛤蜊
精神分裂症,啤酒
精神分裂症,白酒
精神分裂症,白扁豆
精神分裂症,赤小豆
肝硬化腹水,海螺
肝硬化腹水,白扁豆
肝硬化腹水,田螺
肝硬化腹水,赤小豆
成人型女性乳房肥大症,白酒
成人型女性乳房肥大症,黑豆
成人型女性乳房肥大症,绿豆
成人型女性乳房肥大症,赤小豆
胃痉挛,鸭肉
胃痉挛,白扁豆
胃痉挛,鸭血(白鸭)
胃痉挛,赤小豆
成人痒疹,干腌菜
成人痒疹,黑豆
成人痒疹,绿豆
成人痒疹,赤小豆
酒精所致精神障碍,啤酒
酒精所致精神障碍,白酒
酒精所致精神障碍,白扁豆
酒精所致精神障碍,赤小豆
小儿单房性骨囊肿,螃蟹
小儿单房性骨囊肿,猪肚
小儿单房性骨囊肿,蛤蜊
小儿单房性骨囊肿,羊肉(肥瘦)
小儿胆道蛔虫症,螃蟹
小儿胆道蛔虫症,油豆腐
小儿胆道蛔虫症,油条
小儿胆道蛔虫症,蛤蜊
甲状腺功能减退伴发的精神障碍,啤酒
甲状腺功能减退伴发的精神障碍,白酒
甲状腺功能减退伴发的精神障碍,白扁豆
甲状腺功能减退伴发的精神障碍,赤小豆
激素性股骨头坏死,鸭肉
激素性股骨头坏死,白扁豆
激素性股骨头坏死,鸭血(白鸭)
激素性股骨头坏死,赤小豆
成人硬肿症,黑豆
成人硬肿症,绿豆
成人硬肿症,赤小豆
成人硬肿症,虾仁
迟发性外伤性脑内血肿,虾皮
迟发性外伤性脑内血肿,黑豆
迟发性外伤性脑内血肿,绿豆
迟发性外伤性脑内血肿,赤小豆
小儿弹性假黄瘤,螃蟹
小儿弹性假黄瘤,油豆腐
小儿弹性假黄瘤,油条
小儿弹性假黄瘤,蛤蜊
恐缩症,啤酒
恐缩症,白酒
恐缩症,白扁豆
恐缩症,赤小豆
肌肉萎缩,海螺
肌肉萎缩,白扁豆
肌肉萎缩,田螺
肌肉萎缩,赤小豆
迟发性运动障碍,虾皮
迟发性运动障碍,黑豆
迟发性运动障碍,绿豆
迟发性运动障碍,赤小豆
小儿蛋白质-能量营养不良,螃蟹
小儿蛋白质-能量营养不良,油豆腐
小儿蛋白质-能量营养不良,油条
小儿蛋白质-能量营养不良,蛤蜊
窥阴癖,啤酒
窥阴癖,白酒
窥阴癖,白扁豆
窥阴癖,赤小豆
小儿低氯性氮质血症综合征,螃蟹
小儿低氯性氮质血症综合征,油豆腐
小儿低氯性氮质血症综合征,油条
小儿低氯性氮质血症综合征,蛤蜊
白带异常,海螺
白带异常,白扁豆
白带异常,田螺
白带异常,赤小豆
小儿低钠血症,螃蟹
小儿低钠血症,油条
小儿低钠血症,猪肚
小儿低钠血症,蛤蜊
持久性隆起性红斑,虾皮
持久性隆起性红斑,黑豆
持久性隆起性红斑,绿豆
持久性隆起性红斑,赤小豆
恐怖性焦虑障碍,啤酒
恐怖性焦虑障碍,白酒
恐怖性焦虑障碍,白扁豆
恐怖性焦虑障碍,赤小豆
小儿低心排出量综合征,螃蟹
小儿低心排出量综合征,海参
小儿低心排出量综合征,河蚌
小儿低心排出量综合征,蛤蜊
痛风石,海螺
痛风石,白扁豆
痛风石,田螺
痛风石,赤小豆
小儿低血糖,螃蟹
小儿低血糖,油条
小儿低血糖,猪肚
小儿低血糖,蛤蜊
恐怖症,啤酒
恐怖症,白酒
恐怖症,白扁豆
恐怖症,赤小豆
持续性输卵管妊娠,虾皮
持续性输卵管妊娠,黑豆
持续性输卵管妊娠,绿豆
持续性输卵管妊娠,赤小豆
小儿迪格奥尔格综合征,螃蟹
小儿迪格奥尔格综合征,油条
小儿迪格奥尔格综合征,猪肚
小儿迪格奥尔格综合征,蛤蜊
恋物癖,啤酒
恋物癖,白酒
恋物癖,白扁豆
恋物癖,赤小豆
持续性枕横位难产,虾皮
持续性枕横位难产,黑豆
持续性枕横位难产,绿豆
持续性枕横位难产,赤小豆
小儿骶尾部畸胎瘤,螃蟹
小儿骶尾部畸胎瘤,油条
小儿骶尾部畸胎瘤,猪肚
小儿骶尾部畸胎瘤,蛤蜊
露阴癖,啤酒
露阴癖,白酒
露阴癖,白扁豆
露阴癖,赤小豆
持续性肢皮炎,虾皮
持续性肢皮炎,黑豆
持续性肢皮炎,绿豆
持续性肢皮炎,赤小豆
小儿地方性克汀病,螃蟹
小儿地方性克汀病,油条
小儿地方性克汀病,猪肚
小儿地方性克汀病,蛤蜊
老年期抑郁障碍,白酒
老年期抑郁障碍,白扁豆
老年期抑郁障碍,猪肚
老年期抑郁障碍,赤小豆
小儿癫痫,螃蟹
小儿癫痫,杏仁
小儿癫痫,腐竹
小儿癫痫,白扁豆
脑外伤所致精神障碍,啤酒
脑外伤所致精神障碍,白酒
脑外伤所致精神障碍,鸡蛋黄
乳房疼痛,海螺
乳房疼痛,白扁豆
乳房疼痛,田螺
乳房疼痛,赤小豆
小儿癫痫发作诱发失语综合征,螃蟹
小儿癫痫发作诱发失语综合征,杏仁
小儿癫痫发作诱发失语综合征,腐竹
小儿癫痫发作诱发失语综合征,白扁豆
偏执性精神障碍,啤酒
偏执性精神障碍,白酒
偏执性精神障碍,白扁豆
偏执性精神障碍,赤小豆
乳房肿块,海螺
乳房肿块,白扁豆
乳房肿块,田螺
乳房肿块,赤小豆
尺骨干骨折,虾皮
尺骨干骨折,黑豆
尺骨干骨折,绿豆
尺骨干骨折,赤小豆
气功所致精神障碍,啤酒
气功所致精神障碍,白酒
气功所致精神障碍,白扁豆
气功所致精神障碍,赤小豆
小儿碘缺乏病,螃蟹
小儿碘缺乏病,杏仁
小儿碘缺乏病,腐竹
小儿碘缺乏病,白扁豆
耻骨直肠肌综合征,虾皮
耻骨直肠肌综合征,黑豆
耻骨直肠肌综合征,绿豆
耻骨直肠肌综合征,赤小豆
肛门尖锐湿疣,海螺
肛门尖锐湿疣,白扁豆
肛门尖锐湿疣,田螺
肛门尖锐湿疣,赤小豆
情感障碍,啤酒
情感障碍,白酒
情感障碍,白扁豆
情感障碍,赤小豆
充血性心力衰竭,虾皮
充血性心力衰竭,黑豆
充血性心力衰竭,绿豆
充血性心力衰竭,赤小豆
小儿淀粉样变性病,螃蟹
小儿淀粉样变性病,杏仁
小儿淀粉样变性病,腐竹
小儿淀粉样变性病,白扁豆
甲状腺血管瘤,海螺
甲状腺血管瘤,白扁豆
甲状腺血管瘤,田螺
甲状腺血管瘤,赤小豆
强迫症,啤酒
强迫症,白酒
强迫症,赤砂糖
强迫症,白砂糖
小儿丁型病毒性肝炎,螃蟹
小儿丁型病毒性肝炎,杏仁
小儿丁型病毒性肝炎,腐竹
小儿丁型病毒性肝炎,白扁豆
淤胆型肝炎,海螺
淤胆型肝炎,白扁豆
淤胆型肝炎,田螺
淤胆型肝炎,赤小豆
抽动秽语综合征,干腌菜
抽动秽语综合征,黑豆
抽动秽语综合征,绿豆
抽动秽语综合征,赤小豆
小儿动力性肠梗阻,螃蟹
小儿动力性肠梗阻,腐竹
小儿动力性肠梗阻,白扁豆
小儿动力性肠梗阻,龙虾
强迫性障碍,啤酒
强迫性障碍,白酒
强迫性障碍,白扁豆
强迫性障碍,赤小豆
大隐静脉曲张,辣椒(红、尖、干)
大隐静脉曲张,大蒜
大隐静脉曲张,姜
大隐静脉曲张,小葱
臭汗恐惧症,虾皮
臭汗恐惧症,黑豆
臭汗恐惧症,绿豆
臭汗恐惧症,赤小豆
躯体疾病伴发的精神障碍,啤酒
躯体疾病伴发的精神障碍,白酒
躯体疾病伴发的精神障碍,鸡蛋黄
躯体疾病伴发的精神障碍,干腌菜
小儿动脉导管未闭,螃蟹
小儿动脉导管未闭,白酒
小儿动脉导管未闭,腐竹
小儿动脉导管未闭,白扁豆
臭汗症,虾皮
臭汗症,黑豆
臭汗症,绿豆
臭汗症,赤小豆
复发性阿弗他溃疡,白扁豆
复发性阿弗他溃疡,田螺
复发性阿弗他溃疡,河蚌
复发性阿弗他溃疡,赤小豆
人格障碍,啤酒
人格障碍,白酒
人格障碍,白扁豆
人格障碍,赤小豆
小儿动脉肝脏发育异常综合征,螃蟹
小儿动脉肝脏发育异常综合征,腐竹
小儿动脉肝脏发育异常综合征,白扁豆
小儿动脉肝脏发育异常综合征,龙虾
出血败血性巴斯德菌感染,虾皮
出血败血性巴斯德菌感染,黑豆
出血败血性巴斯德菌感染,绿豆
出血败血性巴斯德菌感染,赤小豆
膝关节韧带损伤,白酒
膝关节韧带损伤,韭菜
膝关节韧带损伤,白扁豆
膝关节韧带损伤,猪油（板油）
神经发育迟滞,啤酒
神经发育迟滞,白酒
神经发育迟滞,干腌菜
神经发育迟滞,赤小豆
小儿动脉瘤样骨囊肿,螃蟹
小儿动脉瘤样骨囊肿,腐竹
小儿动脉瘤样骨囊肿,白扁豆
小儿动脉瘤样骨囊肿,河蚌
腰椎骨折,海螺
腰椎骨折,白扁豆
腰椎骨折,田螺
腰椎骨折,赤小豆
出血性膀胱炎,虾皮
出血性膀胱炎,黑豆
出血性膀胱炎,绿豆
出血性膀胱炎,赤小豆
小儿窦性心动过缓,螃蟹
小儿窦性心动过缓,腐竹
小儿窦性心动过缓,白扁豆
小儿窦性心动过缓,鸡蛋黄
失眠症,啤酒
失眠症,白扁豆
失眠症,猪肚
失眠症,赤小豆
出血性输卵管炎,麦芽糖
出血性输卵管炎,黑豆
出血性输卵管炎,绿豆
出血性输卵管炎,赤小豆
胸腰椎骨折,海参
胸腰椎骨折,河蚌
胸腰椎骨折,淡菜(鲜)
胸腰椎骨折,淡菜（干）
小儿窦性心动过速,啤酒
小儿窦性心动过速,白酒
小儿窦性心动过速,黄酒
小儿窦性心动过速,红葡萄酒
创伤性骨化性肌炎,啤酒
创伤性骨化性肌炎,白酒
创伤性骨化性肌炎,黑豆
创伤性骨化性肌炎,绿豆
小儿窦性心律失常,啤酒
小儿窦性心律失常,白酒
小儿窦性心律失常,腐竹
小儿窦性心律失常,鸡蛋黄
创伤性骨髓炎,虾皮
创伤性骨髓炎,黑豆
创伤性骨髓炎,绿豆
创伤性骨髓炎,赤小豆
子宫内膜厚,白扁豆
子宫内膜厚,田螺
子宫内膜厚,河蚌
子宫内膜厚,赤小豆
创伤性关节炎,啤酒
创伤性关节炎,咸鸭蛋
创伤性关节炎,黑豆
创伤性关节炎,绿豆
眼底病,白扁豆
眼底病,田螺
眼底病,河蚌
眼底病,赤小豆
嗜睡症,啤酒
嗜睡症,赤砂糖
嗜睡症,白砂糖
嗜睡症,花生仁（炸）
创伤性肩关节后脱位,啤酒
创伤性肩关节后脱位,咸鸭蛋
创伤性肩关节后脱位,黑豆
创伤性肩关节后脱位,绿豆
胚胎停育,白扁豆
胚胎停育,田螺
胚胎停育,河蚌
胚胎停育,赤小豆
系统性红斑狼疮所致精神病,啤酒
系统性红斑狼疮所致精神病,白酒
系统性红斑狼疮所致精神病,花生仁（炸）
系统性红斑狼疮所致精神病,赤小豆
创伤性休克,啤酒
创伤性休克,咸鸭蛋
创伤性休克,黑豆
创伤性休克,绿豆
创伤性血胸,啤酒
创伤性血胸,咸鸭蛋
创伤性血胸,黑豆
创伤性血胸,绿豆
性障碍,啤酒
性障碍,白扁豆
性障碍,猪肚
性障碍,赤小豆
内分泌失调,杏仁
内分泌失调,鸭肉
内分泌失调,白扁豆
内分泌失调,赤小豆
春季结膜炎,啤酒
春季结膜炎,白酒
春季结膜炎,黑豆
春季结膜炎,绿豆
小儿多源性房性心动过速,螃蟹
小儿多源性房性心动过速,腐竹
小儿多源性房性心动过速,白扁豆
小儿多源性房性心动过速,蛤蜊
性欲减退,啤酒
性欲减退,白扁豆
性欲减退,猪肚
性欲减退,赤小豆
催乳素瘤,啤酒
催乳素瘤,白酒
催乳素瘤,黑豆
催乳素瘤,绿豆
脆甲症,啤酒
脆甲症,白酒
脆甲症,黑豆
脆甲症,绿豆
小儿发育性髋脱位,螃蟹
小儿发育性髋脱位,腐竹
小儿发育性髋脱位,白扁豆
小儿发育性髋脱位,蛤蜊
放射性颌骨骨髓炎,杏仁
放射性颌骨骨髓炎,鸭肉
放射性颌骨骨髓炎,白扁豆
放射性颌骨骨髓炎,赤小豆
小儿法洛四联症,螃蟹
小儿法洛四联症,腐竹
小儿法洛四联症,白扁豆
小儿法洛四联症,龙虾
抑郁症,螃蟹
抑郁症,啤酒
抑郁症,白扁豆
抑郁症,赤小豆
DF-2败血症的皮肤表现,啤酒
DF-2败血症的皮肤表现,白酒
DF-2败血症的皮肤表现,黑豆
DF-2败血症的皮肤表现,绿豆
H7N9型禽流感,杏仁
H7N9型禽流感,白扁豆
H7N9型禽流感,田螺
H7N9型禽流感,赤小豆
抑郁性神经症,啤酒
抑郁性神经症,白酒
抑郁性神经症,白扁豆
抑郁性神经症,赤小豆
δ-贮存池病,啤酒
δ-贮存池病,白酒
δ-贮存池病,黑豆
δ-贮存池病,绿豆
小儿房间隔缺损,螃蟹
小儿房间隔缺损,腐竹
小儿房间隔缺损,白扁豆
小儿房间隔缺损,龙虾
大肠埃希杆菌性胃肠炎,啤酒
大肠埃希杆菌性胃肠炎,白酒
大肠埃希杆菌性胃肠炎,黑豆
大肠埃希杆菌性胃肠炎,绿豆
巧克力囊肿,杏仁
巧克力囊肿,白扁豆
巧克力囊肿,田螺
巧克力囊肿,赤小豆
大肠脂肪瘤,啤酒
大肠脂肪瘤,白酒
大肠脂肪瘤,干腌菜
大肠脂肪瘤,绿豆
小儿房室传导阻滞,螃蟹
小儿房室传导阻滞,白酒
小儿房室传导阻滞,腐竹
小儿房室传导阻滞,白扁豆
宫寒,杏仁
宫寒,白扁豆
宫寒,田螺
宫寒,赤小豆
癔症,啤酒
癔症,白酒
癔症,白扁豆
癔症,赤小豆
小儿非霍奇金淋巴瘤,螃蟹
小儿非霍奇金淋巴瘤,腐竹
小儿非霍奇金淋巴瘤,白扁豆
小儿非霍奇金淋巴瘤,龙虾
疑病症,啤酒
疑病症,白酒
疑病症,白扁豆
疑病症,赤小豆
小儿非内脂性网状内皮增殖综合征,螃蟹
小儿非内脂性网状内皮增殖综合征,腐竹
小儿非内脂性网状内皮增殖综合征,白扁豆
小儿非内脂性网状内皮增殖综合征,龙虾
大颗粒淋巴细胞白血病,啤酒
大颗粒淋巴细胞白血病,白酒
大颗粒淋巴细胞白血病,黑豆
大颗粒淋巴细胞白血病,绿豆
盆腔积液,田螺
盆腔积液,鸭血(白鸭)
盆腔积液,绿豆
盆腔积液,赤小豆
大脑镰旁脑膜瘤,啤酒
大脑镰旁脑膜瘤,白酒
大脑镰旁脑膜瘤,黑豆
大脑镰旁脑膜瘤,绿豆
小儿肥厚型心肌病,螃蟹
小儿肥厚型心肌病,腐竹
小儿肥厚型心肌病,白扁豆
小儿肥厚型心肌病,龙虾
输卵管上举,田螺
输卵管上举,鸭血(白鸭)
输卵管上举,绿豆
输卵管上举,赤小豆
大脑凸面脑膜瘤,啤酒
大脑凸面脑膜瘤,白酒
大脑凸面脑膜瘤,黑豆
大脑凸面脑膜瘤,绿豆
包皮水肿,啤酒
包皮水肿,白酒
包皮水肿,鸭肉
包皮水肿,鸭血(白鸭)
小儿肥胖性生殖无能综合征,螃蟹
小儿肥胖性生殖无能综合征,腐竹
小儿肥胖性生殖无能综合征,白扁豆
小儿肥胖性生殖无能综合征,龙虾
谵妄综合征及有关疾病,啤酒
谵妄综合征及有关疾病,白酒
谵妄综合征及有关疾病,白扁豆
谵妄综合征及有关疾病,赤小豆
小儿肥胖症,腐竹
小儿肥胖症,赤砂糖
小儿肥胖症,白砂糖
小儿肥胖症,冰糖
小儿腓骨肌萎缩症,螃蟹
小儿腓骨肌萎缩症,腐竹
小儿腓骨肌萎缩症,白扁豆
小儿腓骨肌萎缩症,蛤蜊
代谢性白内障,鸡蛋黄
代谢性白内障,白砂糖
代谢性白内障,黑豆
代谢性白内障,绿豆
小儿肺不张,啤酒
小儿肺不张,白酒
小儿肺不张,腐竹
小儿肺不张,白扁豆
阴囊潮湿,杏仁
阴囊潮湿,腐竹
阴囊潮湿,白扁豆
阴囊潮湿,赤小豆
带状疱疹性角膜炎,啤酒
带状疱疹性角膜炎,白酒
带状疱疹性角膜炎,干腌菜
带状疱疹性角膜炎,绿豆
小儿肺出血-肾炎综合征,螃蟹
小儿肺出血-肾炎综合征,腐竹
小儿肺出血-肾炎综合征,白扁豆
小儿肺出血-肾炎综合征,河蚌
急性尿道炎,杏仁
急性尿道炎,腐竹
急性尿道炎,白扁豆
急性尿道炎,赤小豆
单侧肺气肿,啤酒
单侧肺气肿,白酒
单侧肺气肿,黑豆
单侧肺气肿,绿豆
小儿肺动脉高压,螃蟹
小儿肺动脉高压,腐竹
小儿肺动脉高压,白扁豆
小儿肺动脉高压,河蚌
小儿咳嗽,螃蟹
小儿咳嗽,腐竹
小儿咳嗽,白扁豆
小儿咳嗽,赤小豆
单纯疱疹病毒肺炎,啤酒
单纯疱疹病毒肺炎,白酒
单纯疱疹病毒肺炎,黑豆
单纯疱疹病毒肺炎,绿豆
小儿肺隔离症,螃蟹
小儿肺隔离症,腐竹
小儿肺隔离症,白扁豆
小儿肺隔离症,海蜇头
小儿肺脓肿,螃蟹
小儿肺脓肿,腐竹
小儿肺脓肿,白扁豆
小儿肺脓肿,龙虾
单纯肾异位,啤酒
单纯肾异位,白酒
单纯肾异位,黑豆
单纯肾异位,绿豆
小儿肺泡性蛋白沉积症,螃蟹
小儿肺泡性蛋白沉积症,腐竹
小儿肺泡性蛋白沉积症,白扁豆
小儿肺泡性蛋白沉积症,蛤蜊
小儿肺栓塞,螃蟹
小儿肺栓塞,腐竹
小儿肺栓塞,白扁豆
小儿肺栓塞,蛤蜊
小儿肺水肿,螃蟹
小儿肺水肿,腐竹
小儿肺水肿,白扁豆
小儿肺水肿,河蚌
单纯性寰枢椎脱位,啤酒
单纯性寰枢椎脱位,白酒
单纯性寰枢椎脱位,白砂糖
单纯性寰枢椎脱位,绿豆
小儿肺炎链球菌脑膜炎,螃蟹
小儿肺炎链球菌脑膜炎,腐竹
小儿肺炎链球菌脑膜炎,白扁豆
小儿肺炎链球菌脑膜炎,蛤蜊
单纯性脊柱结核,啤酒
单纯性脊柱结核,白酒
单纯性脊柱结核,黑豆
单纯性脊柱结核,绿豆
小儿分离性焦虑症,啤酒
小儿分离性焦虑症,黄酒
小儿分离性焦虑症,红葡萄酒
小儿分离性焦虑症,江米酒
单纯性肾囊肿,啤酒
单纯性肾囊肿,白酒
单纯性肾囊肿,黑豆
单纯性肾囊肿,绿豆
小儿腹股沟斜疝,螃蟹
小儿腹股沟斜疝,腐竹
小儿腹股沟斜疝,白扁豆
小儿腹股沟斜疝,蛤蜊
单房性骨囊肿,啤酒
单房性骨囊肿,白酒
单房性骨囊肿,黑豆
单房性骨囊肿,绿豆
小儿腹泻病,螃蟹
小儿腹泻病,腐竹
小儿腹泻病,白扁豆
小儿腹泻病,蛤蜊
单核细胞白血病,啤酒
单核细胞白血病,白酒
单核细胞白血病,黑豆
单核细胞白血病,绿豆
小儿腹胀,蜂蜜
小儿腹胀,油豆腐
小儿腹胀,白砂糖
小儿腹胀,花生（炒）
子宫内膜不规则脱落,螃蟹
子宫内膜不规则脱落,腐竹
子宫内膜不规则脱落,白扁豆
子宫内膜不规则脱落,赤小豆
月经量少,杏仁
月经量少,白扁豆
月经量少,绿豆
月经量少,赤小豆
包皮炎,白酒
包皮炎,杏仁
包皮炎,绿豆
包皮炎,赤小豆
儿童尖锐湿疣,白酒
儿童尖锐湿疣,杏仁
儿童尖锐湿疣,绿豆
儿童尖锐湿疣,赤小豆
胆肠内引流术后内疝,啤酒
胆肠内引流术后内疝,白酒
胆肠内引流术后内疝,黑豆
胆肠内引流术后内疝,绿豆
胆道运动功能障碍,啤酒
胆道运动功能障碍,白酒
胆道运动功能障碍,黑豆
胆道运动功能障碍,绿豆
错构瘤,白酒
错构瘤,杏仁
错构瘤,绿豆
错构瘤,赤小豆
苯丙胺中毒,啤酒
苯丙胺中毒,白酒
苯丙胺中毒,白扁豆
苯丙胺中毒,赤小豆
苯海拉明中毒,啤酒
苯海拉明中毒,白酒
苯海拉明中毒,白扁豆
苯海拉明中毒,赤小豆
胆固醇脓胸,虾皮
胆固醇脓胸,黑豆
胆固醇脓胸,绿豆
胆固醇脓胸,赤小豆
胆囊类癌,啤酒
胆囊类癌,黑豆
胆囊类癌,绿豆
胆囊类癌,赤小豆
髌骨脱位,白酒
髌骨脱位,杏仁
髌骨脱位,绿豆
髌骨脱位,赤小豆
胆囊良性肿瘤,啤酒
胆囊良性肿瘤,黑豆
胆囊良性肿瘤,绿豆
胆囊良性肿瘤,赤小豆
胆囊平滑肌肉瘤,啤酒
胆囊平滑肌肉瘤,白酒
胆囊平滑肌肉瘤,鸡蛋黄
胆囊平滑肌肉瘤,松花蛋（鸭蛋）
胆源性慢性胰腺炎,啤酒
胆源性慢性胰腺炎,黑豆
胆源性慢性胰腺炎,绿豆
胆源性慢性胰腺炎,赤小豆
病毒性睑皮炎,啤酒
病毒性睑皮炎,白酒
病毒性睑皮炎,杏仁
病毒性睑皮炎,绿豆
小儿感染性休克,蜂蜜
小儿感染性休克,白砂糖
小儿感染性休克,黑豆
小儿感染性休克,花生（炒）
蛋白丢失性胃肠病,虾皮
蛋白丢失性胃肠病,黑豆
蛋白丢失性胃肠病,绿豆
蛋白丢失性胃肠病,赤小豆
稻农皮炎,白酒
稻农皮炎,黑豆
稻农皮炎,绿豆
稻农皮炎,赤小豆
玻璃体病,啤酒
玻璃体病,白酒
玻璃体病,杏仁
玻璃体病,绿豆
登革出血热,啤酒
登革出血热,白酒
登革出血热,黑豆
登革出血热,绿豆
低钠血症,啤酒
低钠血症,白酒
低钠血症,黑豆
低钠血症,绿豆
玻璃体寄生虫病,啤酒
玻璃体寄生虫病,白酒
玻璃体寄生虫病,杏仁
玻璃体寄生虫病,绿豆
低血压,螃蟹
低血压,海螺
低血压,田螺
低血压,黑豆
迪格奥尔格综合征,白酒
迪格奥尔格综合征,核桃
迪格奥尔格综合征,松子仁
迪格奥尔格综合征,青豆
骶骨骨折,核桃
骶骨骨折,松子仁
骶骨骨折,绿豆
骶骨骨折,青豆
小儿功能性消化不良,鸭肉
小儿功能性消化不良,白砂糖
小儿功能性消化不良,青豆
小儿功能性消化不良,花生（炒）
颠茄碱类植物药物中毒,啤酒
颠茄碱类植物药物中毒,白扁豆
颠茄碱类植物药物中毒,虾皮
颠茄碱类植物药物中毒,赤小豆
白化病,杏仁
白化病,白扁豆
白化病,绿豆
白化病,赤小豆
毒蛇咬伤,啤酒
毒蛇咬伤,白酒
毒蛇咬伤,白扁豆
毒蛇咬伤,赤小豆
白细胞减少症,咸鱼
白细胞减少症,赤砂糖
白细胞减少症,鸭血(白鸭)
白细胞减少症,赤小豆
对乙酰氨基酚中毒,螃蟹
对乙酰氨基酚中毒,啤酒
对乙酰氨基酚中毒,白扁豆
对乙酰氨基酚中毒,赤小豆
单纯性紫癜,赤砂糖
单纯性紫癜,白砂糖
单纯性紫癜,冰糖
单纯性紫癜,鸭蛋
玻璃体液化,啤酒
玻璃体液化,白酒
玻璃体液化,赤砂糖
玻璃体液化,冰糖
小儿孤独症,白扁豆
小儿孤独症,白砂糖
小儿孤独症,青豆
小儿孤独症,花生（炒）
侧颅底肿瘤,鸭肉
侧颅底肿瘤,鸭血(白鸭)
侧颅底肿瘤,绿豆
侧颅底肿瘤,鸭蛋
癫痫性精神障碍,啤酒
癫痫性精神障碍,白酒
癫痫性精神障碍,核桃
癫痫性精神障碍,松子仁
产后风湿,鸭肉
产后风湿,鸭血(白鸭)
产后风湿,绿豆
产后风湿,鸭蛋
不完全性肠梗阻,鸭肉
不完全性肠梗阻,鸭血(白鸭)
不完全性肠梗阻,绿豆
不完全性肠梗阻,鸭蛋
肠粘连,松子仁
肠粘连,鸭肉
肠粘连,鸭血(白鸭)
肠粘连,鸭蛋
肠系膜血管缺血性疾病,松子仁
肠系膜血管缺血性疾病,鸭肉
肠系膜血管缺血性疾病,鸭血(白鸭)
肠系膜血管缺血性疾病,鸭蛋
小儿骨硬化病,白扁豆
小儿骨硬化病,白砂糖
小儿骨硬化病,青豆
小儿骨硬化病,花生（炒）
小儿骨与关节结核,白扁豆
小儿骨与关节结核,白砂糖
小儿骨与关节结核,青豆
小儿骨与关节结核,花生（炒）
小儿关节过度活动综合征,麦芽糖
小儿关节过度活动综合征,白砂糖
小儿关节过度活动综合征,冰糖
小儿关节过度活动综合征,花生（炒）
小儿关节弯曲综合征,麦芽糖
小儿关节弯曲综合征,赤砂糖
小儿关节弯曲综合征,白砂糖
小儿关节弯曲综合征,冰糖
尺神经麻痹,松子仁
尺神经麻痹,鸭肉
尺神经麻痹,鸭血(白鸭)
尺神经麻痹,鸭蛋
出血性脑卒中,松子仁
出血性脑卒中,鸭肉
出血性脑卒中,鸭血(白鸭)
出血性脑卒中,鸭蛋
小儿过敏性紫癜肾炎,白砂糖
小儿过敏性紫癜肾炎,干腌菜
小儿过敏性紫癜肾炎,螺丝菜
小儿过敏性紫癜肾炎,泥胡菜
小儿过敏症,鸡蛋
小儿过敏症,花生
小儿过敏症,白砂糖
小儿过敏症,花生（炒）
高原适应不全症,啤酒
高原适应不全症,白酒
高原适应不全症,白扁豆
高原适应不全症,赤小豆
疤痕,鸭肉
疤痕,鸭血(白鸭)
疤痕,松花蛋（鸭蛋）
疤痕,鸭蛋
传导性耳聋,松子仁
传导性耳聋,鸭肉
传导性耳聋,鸭血(白鸭)
传导性耳聋,鸭蛋
小儿红白血病,白扁豆
小儿红白血病,白砂糖
小儿红白血病,青豆
小儿红白血病,花生（炒）
斑疹伤寒,啤酒
斑疹伤寒,白酒
斑疹伤寒,鸭血(白鸭)
斑疹伤寒,鸭蛋
创伤性耳聋,松子仁
创伤性耳聋,鸭肉
创伤性耳聋,鸭血(白鸭)
创伤性耳聋,鸭蛋
小儿呼吸衰竭,螃蟹
小儿呼吸衰竭,白扁豆
小儿呼吸衰竭,白砂糖
小儿呼吸衰竭,花生（炒）
小儿坏死性龈口炎,螃蟹
小儿坏死性龈口炎,白扁豆
小儿坏死性龈口炎,白砂糖
小儿坏死性龈口炎,花生（炒）
急性硫化氢中毒,啤酒
急性硫化氢中毒,白酒
急性硫化氢中毒,白扁豆
急性硫化氢中毒,赤小豆
小儿蛔虫性肠梗阻,白扁豆
小儿蛔虫性肠梗阻,田螺
小儿蛔虫性肠梗阻,白砂糖
小儿蛔虫性肠梗阻,花生（炒）
耳硬化症,松子仁
耳硬化症,鸭肉
耳硬化症,鸭血(白鸭)
耳硬化症,鸭蛋
小儿获得性免疫缺陷综合征,螃蟹
小儿获得性免疫缺陷综合征,白扁豆
小儿获得性免疫缺陷综合征,海蜇皮
小儿获得性免疫缺陷综合征,花生（炒）
鼻窦粘膜囊肿,松子仁
鼻窦粘膜囊肿,鸭肉
鼻窦粘膜囊肿,鸭血(白鸭)
鼻窦粘膜囊肿,鸭蛋
小儿获得性免疫缺陷综合征肾病,白扁豆
小儿获得性免疫缺陷综合征肾病,白砂糖
小儿获得性免疫缺陷综合征肾病,冰糖
小儿获得性免疫缺陷综合征肾病,花生（炒）
唇腭裂,松子仁
唇腭裂,鸭肉
唇腭裂,鸭血(白鸭)
唇腭裂,鸭蛋
发育迟缓,松子仁
发育迟缓,鸭肉
发育迟缓,鸭血(白鸭)
发育迟缓,鸭蛋
小儿肌阵挛性癫痫,螃蟹
小儿肌阵挛性癫痫,白扁豆
小儿肌阵挛性癫痫,白砂糖
小儿肌阵挛性癫痫,花生（炒）
鼻窦粘液囊肿,松子仁
鼻窦粘液囊肿,鸭肉
鼻窦粘液囊肿,鸭血(白鸭)
鼻窦粘液囊肿,鸭蛋
飞蚊症,白酒
飞蚊症,干腌菜
飞蚊症,鸭血(白鸭)
飞蚊症,鸭蛋
法洛三联症,松子仁
法洛三联症,鸭肉
法洛三联症,鸭血(白鸭)
法洛三联症,鸭蛋
小儿急进性肾小球肾炎,白扁豆
小儿急进性肾小球肾炎,白砂糖
小儿急进性肾小球肾炎,乌龟
小儿急进性肾小球肾炎,花生（炒）
肺动脉瓣关闭不全,白酒
肺动脉瓣关闭不全,辣椒(红、尖、干)
肺动脉瓣关闭不全,鸡蛋黄
肺动脉瓣关闭不全,红辣椒
小儿急性播散性脑脊髓炎,白酒
小儿急性播散性脑脊髓炎,白扁豆
小儿急性播散性脑脊髓炎,白砂糖
小儿急性播散性脑脊髓炎,花生（炒）
小儿急性肠系膜淋巴结炎,螃蟹
小儿急性肠系膜淋巴结炎,白扁豆
小儿急性肠系膜淋巴结炎,白砂糖
小儿急性肠系膜淋巴结炎,花生（炒）
反流性肾病,松子仁
反流性肾病,鸭肉
反流性肾病,鸭血(白鸭)
反流性肾病,鸭蛋
小儿急性出血性坏死性肠炎,白扁豆
小儿急性出血性坏死性肠炎,白砂糖
小儿急性出血性坏死性肠炎,冰糖
小儿急性出血性坏死性肠炎,花生（炒）
肺动脉闭锁,洋葱
肺动脉闭锁,猪油（板油）
肺动脉闭锁,油条
肺动脉闭锁,香椿
小儿急性非淋巴细胞性白血病,螃蟹
小儿急性非淋巴细胞性白血病,白扁豆
小儿急性非淋巴细胞性白血病,白砂糖
小儿急性非淋巴细胞性白血病,花生（炒）
小儿急性喉气管支气管炎,螃蟹
小儿急性喉气管支气管炎,白扁豆
小儿急性喉气管支气管炎,白砂糖
小儿急性喉气管支气管炎,花生（炒）
麻黄碱中毒,啤酒
麻黄碱中毒,白扁豆
麻黄碱中毒,猪肚
麻黄碱中毒,赤小豆
小儿急性呼吸衰竭,螃蟹
小儿急性呼吸衰竭,白扁豆
小儿急性呼吸衰竭,白砂糖
小儿急性呼吸衰竭,花生（炒）
小儿急性化脓性关节炎,螃蟹
小儿急性化脓性关节炎,白扁豆
小儿急性化脓性关节炎,白砂糖
小儿急性化脓性关节炎,花生（炒）
小儿急性化脓性甲状腺炎,螃蟹
小儿急性化脓性甲状腺炎,白扁豆
小儿急性化脓性甲状腺炎,白砂糖
小儿急性化脓性甲状腺炎,花生（炒）
小儿急性间歇性卟啉病,螃蟹
小儿急性间歇性卟啉病,白扁豆
小儿急性间歇性卟啉病,白砂糖
小儿急性间歇性卟啉病,花生（炒）
多系统器官功能衰竭,啤酒
多系统器官功能衰竭,白酒
多系统器官功能衰竭,核桃
多系统器官功能衰竭,松子仁
灭虫灵中毒,啤酒
灭虫灵中毒,白酒
灭虫灵中毒,白扁豆
灭虫灵中毒,赤小豆
小儿急性偏瘫,鸡蛋黄
小儿急性偏瘫,白砂糖
小儿急性偏瘫,冰糖
小儿急性偏瘫,鸭心
鼻前颅底肿瘤,松子仁
鼻前颅底肿瘤,鸭肉
鼻前颅底肿瘤,鸭血(白鸭)
鼻前颅底肿瘤,鸭蛋
小儿急性气管支气管炎,白扁豆
小儿急性气管支气管炎,白砂糖
小儿急性气管支气管炎,冰糖
小儿急性气管支气管炎,花生（炒）
多系统萎缩,啤酒
多系统萎缩,白酒
多系统萎缩,核桃
多系统萎缩,松子仁
鼻骨瘤,松子仁
鼻骨瘤,鸭肉
鼻骨瘤,鸭血(白鸭)
鼻骨瘤,鸭蛋
慢性铅中毒,啤酒
慢性铅中毒,白酒
慢性铅中毒,白扁豆
慢性铅中毒,赤小豆
小儿急性上呼吸道感染,鸭肉
小儿急性上呼吸道感染,鸡肉
小儿急性上呼吸道感染,白砂糖
小儿急性上呼吸道感染,冰糖
淋巴管平滑肌瘤,松子仁
淋巴管平滑肌瘤,鸭肉
淋巴管平滑肌瘤,鸭血(白鸭)
淋巴管平滑肌瘤,鸭蛋
拟除虫菊类农药中毒,啤酒
拟除虫菊类农药中毒,白酒
拟除虫菊类农药中毒,白扁豆
拟除虫菊类农药中毒,赤小豆
小儿急性髓样白血病,白扁豆
小儿急性髓样白血病,白砂糖
小儿急性髓样白血病,冰糖
小儿急性髓样白血病,花生（炒）
小儿急性胃炎,白扁豆
小儿急性胃炎,田螺
小儿急性胃炎,白砂糖
小儿急性胃炎,花生（炒）
鼻源性头痛,松子仁
鼻源性头痛,鸭肉
鼻源性头痛,鸭血(白鸭)
鼻源性头痛,鸭蛋
粉碎性骨折,大蒜
粉碎性骨折,河蚌
粉碎性骨折,姜
粉碎性骨折,蒜黄
胆道癌,松子仁
胆道癌,鸭肉
胆道癌,鸭血(白鸭)
胆道癌,鸭蛋
风湿性疾病,松子仁
风湿性疾病,鸭肉
风湿性疾病,鸭血(白鸭)
风湿性疾病,鸭蛋
鼻中隔血肿及脓肿,松子仁
鼻中隔血肿及脓肿,鸭肉
鼻中隔血肿及脓肿,鸭血(白鸭)
鼻中隔血肿及脓肿,鸭蛋
恶心和呕吐,核桃
恶心和呕吐,松子仁
恶心和呕吐,绿豆
恶心和呕吐,青豆
鼻肿瘤,白酒
鼻肿瘤,咸鸭蛋
鼻肿瘤,鸭血(白鸭)
鼻肿瘤,鸭蛋
恶性高血压,白酒
恶性高血压,核桃
恶性高血压,松子仁
恶性高血压,白砂糖
恶性高血压视网膜病变,核桃
恶性高血压视网膜病变,松子仁
恶性高血压视网膜病变,鸡蛋黄
恶性高血压视网膜病变,青豆
肝病,白酒
肝病,松子仁
肝病,鸭肉
肝病,鸭蛋
恶性营养不良病,啤酒
恶性营养不良病,白酒
恶性营养不良病,核桃
恶性营养不良病,松子仁
恶性肿瘤所致贫血,白酒
恶性肿瘤所致贫血,核桃
恶性肿瘤所致贫血,松子仁
恶性肿瘤所致贫血,青豆
过敏性皮炎,白酒
过敏性皮炎,松子仁
过敏性皮炎,鸭肉
过敏性皮炎,鸭蛋
闭锁综合征,啤酒
闭锁综合征,白酒
闭锁综合征,鸭肉
闭锁综合征,鸭蛋
咳嗽,螃蟹
咳嗽,松子仁
咳嗽,鸭肉
咳嗽,鸭蛋
扁桃体癌,螃蟹
扁桃体癌,松子仁
扁桃体癌,鸭肉
扁桃体癌,鸭蛋
跟腱断裂,螃蟹
跟腱断裂,松子仁
跟腱断裂,鸭肉
跟腱断裂,鸭蛋
颈部水囊瘤,螃蟹
颈部水囊瘤,松子仁
颈部水囊瘤,鸭肉
颈部水囊瘤,鸭蛋
淋巴癌,核桃
淋巴癌,松子仁
淋巴癌,绿豆
淋巴癌,青豆
黄斑前膜,螃蟹
黄斑前膜,松子仁
黄斑前膜,鸭肉
黄斑前膜,鸭蛋
颈肩痛,螃蟹
颈肩痛,松子仁
颈肩痛,鸭肉
颈肩痛,鸭蛋
发作性睡病,核桃
发作性睡病,松子仁
发作性睡病,绿豆
发作性睡病,青豆
蛋白尿,松子仁
蛋白尿,鸭肉
蛋白尿,鸭蛋
蛋白尿,鱿鱼(鲜)
躯体性神经病,核桃
躯体性神经病,松子仁
躯体性神经病,绿豆
躯体性神经病,青豆
颈内动脉海绵窦瘘,螃蟹
颈内动脉海绵窦瘘,松子仁
颈内动脉海绵窦瘘,鸭肉
颈内动脉海绵窦瘘,鸭蛋
体温过低,螃蟹
体温过低,啤酒
体温过低,白扁豆
体温过低,赤小豆
肌腱炎,螃蟹
肌腱炎,松子仁
肌腱炎,鸭肉
肌腱炎,鸭蛋
喉刺伤,螃蟹
喉刺伤,松子仁
喉刺伤,鸭肉
喉刺伤,鸭蛋
肌纤维组织炎,螃蟹
肌纤维组织炎,松子仁
肌纤维组织炎,鸭肉
肌纤维组织炎,鸭蛋
房间隔缺损,啤酒
房间隔缺损,白酒
房间隔缺损,核桃
房间隔缺损,松子仁
宫颈癌前病变,螃蟹
宫颈癌前病变,松子仁
宫颈癌前病变,鸭肉
宫颈癌前病变,鸭蛋
房性逸搏和房性逸搏心律,啤酒
房性逸搏和房性逸搏心律,白酒
房性逸搏和房性逸搏心律,核桃
房性逸搏和房性逸搏心律,松子仁
放射性皮炎,啤酒
放射性皮炎,白酒
放射性皮炎,核桃
放射性皮炎,松子仁
原发性膀胱输尿管返流,螃蟹
原发性膀胱输尿管返流,松子仁
原发性膀胱输尿管返流,鸭肉
原发性膀胱输尿管返流,鸭蛋
喉角化症,螃蟹
喉角化症,松子仁
喉角化症,鸭肉
喉角化症,鸭蛋
喉结核,螃蟹
喉结核,松子仁
喉结核,鸭肉
喉结核,鸭蛋
放射性周围神经病,啤酒
放射性周围神经病,白酒
放射性周围神经病,松子仁
放射性周围神经病,干腌菜
急腹症,螃蟹
急腹症,松子仁
急腹症,鸭肉
急腹症,鸭蛋
动脉粥样硬化,白酒
动脉粥样硬化,鸭肉
动脉粥样硬化,白砂糖
动脉粥样硬化,鸭蛋
急性肠炎,鸭肉
急性肠炎,黄酒
急性肠炎,鸭血(白鸭)
急性肠炎,鸭蛋
关节扭伤,白酒
关节扭伤,松子仁
关节扭伤,鸭肉
关节扭伤,鸭蛋
小儿良性先天性肌弛缓综合征,白扁豆
小儿良性先天性肌弛缓综合征,田螺
小儿良性先天性肌弛缓综合征,白砂糖
小儿良性先天性肌弛缓综合征,花生（炒）
中暑痉挛,啤酒
中暑痉挛,杏仁
中暑痉挛,鸡肉
中暑痉挛,赤小豆
关节痛,鸡肝
关节痛,鸭肉
关节痛,鸡心
关节痛,鸭蛋
小儿两性畸形,白扁豆
小儿两性畸形,田螺
小儿两性畸形,白砂糖
小儿两性畸形,花生（炒）
急性上呼吸道感染,白酒
急性上呼吸道感染,鸡肝
急性上呼吸道感染,鸡心
急性上呼吸道感染,白砂糖
小儿淋巴细胞间质性肺炎,白扁豆
小儿淋巴细胞间质性肺炎,田螺
小儿淋巴细胞间质性肺炎,白砂糖
小儿淋巴细胞间质性肺炎,花生（炒）
中毒性休克综合征,啤酒
中毒性休克综合征,白酒
中毒性休克综合征,杏仁
中毒性休克综合征,赤小豆
小儿磷酸酶过少症,白扁豆
小儿磷酸酶过少症,田螺
小儿磷酸酶过少症,白砂糖
小儿磷酸酶过少症,花生（炒）
小儿流感病毒肺炎,白扁豆
小儿流感病毒肺炎,田螺
小儿流感病毒肺炎,白砂糖
小儿流感病毒肺炎,花生（炒）
肥大细胞白血病,啤酒
肥大细胞白血病,白酒
肥大细胞白血病,松子仁
肥大细胞白血病,干腌菜
病毒性肺炎,啤酒
病毒性肺炎,白酒
病毒性肺炎,白扁豆
病毒性肺炎,赤小豆
疱疹性咽峡炎,啤酒
疱疹性咽峡炎,白酒
疱疹性咽峡炎,白扁豆
疱疹性咽峡炎,赤小豆
小儿颅面骨畸形综合征,白扁豆
小儿颅面骨畸形综合征,田螺
小儿颅面骨畸形综合征,白砂糖
小儿颅面骨畸形综合征,花生（炒）
煤气中毒,啤酒
煤气中毒,白酒
煤气中毒,白扁豆
煤气中毒,赤小豆
肺动静脉瘤,海虾
肺动静脉瘤,啤酒
肺动静脉瘤,白扁豆
肺动静脉瘤,赤小豆
小儿颅内肿瘤,白扁豆
小儿颅内肿瘤,田螺
小儿颅内肿瘤,白砂糖
小儿颅内肿瘤,花生（炒）
小儿颅脑损伤,白扁豆
小儿颅脑损伤,田螺
小儿颅脑损伤,白砂糖
小儿颅脑损伤,花生（炒）
胆囊息肉,啤酒
胆囊息肉,白酒
胆囊息肉,鸡蛋黄
胆囊息肉,赤小豆
小儿颅咽管瘤,白扁豆
小儿颅咽管瘤,田螺
小儿颅咽管瘤,白砂糖
小儿颅咽管瘤,花生（炒）
小儿卵巢肿瘤,白扁豆
小儿卵巢肿瘤,田螺
小儿卵巢肿瘤,白砂糖
小儿卵巢肿瘤,花生（炒）
脊椎病,白酒
脊椎病,鸭肉
脊椎病,鸡心
脊椎病,鸭蛋
肺部良性肿瘤,啤酒
肺部良性肿瘤,白酒
肺部良性肿瘤,松子仁
肺部良性肿瘤,干腌菜
放射病,啤酒
放射病,白酒
放射病,鸡蛋黄
放射病,赤小豆
小儿轮状病毒性肠炎,白扁豆
小儿轮状病毒性肠炎,田螺
小儿轮状病毒性肠炎,白砂糖
小儿轮状病毒性肠炎,花生（炒）
非酒精性脂肪肝病,啤酒
非酒精性脂肪肝病,白酒
非酒精性脂肪肝病,鸡肝
非酒精性脂肪肝病,鸭肝
小儿脉络丛乳头状瘤,白扁豆
小儿脉络丛乳头状瘤,田螺
小儿脉络丛乳头状瘤,白砂糖
小儿脉络丛乳头状瘤,花生（炒）
肺动脉高压,白酒
肺动脉高压,核桃
肺动脉高压,松子仁
肺动脉高压,干腌菜
黄曲霉素中毒,啤酒
黄曲霉素中毒,白酒
黄曲霉素中毒,白扁豆
黄曲霉素中毒,赤小豆
小儿慢性充血性脾肿大,白扁豆
小儿慢性充血性脾肿大,田螺
小儿慢性充血性脾肿大,白砂糖
小儿慢性充血性脾肿大,花生（炒）
十二指肠损伤,螃蟹
十二指肠损伤,啤酒
十二指肠损伤,白扁豆
十二指肠损伤,赤小豆
小儿慢性大疱性疾病,白扁豆
小儿慢性大疱性疾病,田螺
小儿慢性大疱性疾病,白砂糖
小儿慢性大疱性疾病,花生（炒）
十二指肠淤积症,螃蟹
十二指肠淤积症,啤酒
十二指肠淤积症,白扁豆
十二指肠淤积症,赤小豆
特发性胃肠道嗜酸性细胞浸润综合征,啤酒
特发性胃肠道嗜酸性细胞浸润综合征,白酒
特发性胃肠道嗜酸性细胞浸润综合征,白扁豆
特发性胃肠道嗜酸性细胞浸润综合征,赤小豆
小儿慢性肺炎,白扁豆
小儿慢性肺炎,田螺
小儿慢性肺炎,白砂糖
小儿慢性肺炎,花生（炒）
小儿慢性骨髓炎,螃蟹
小儿慢性骨髓炎,白扁豆
小儿慢性骨髓炎,白砂糖
小儿慢性骨髓炎,花生（炒）
萎缩性胃炎,啤酒
萎缩性胃炎,白酒
萎缩性胃炎,白扁豆
萎缩性胃炎,赤小豆
小儿慢性粒细胞白血病,螃蟹
小儿慢性粒细胞白血病,白扁豆
小儿慢性粒细胞白血病,白砂糖
小儿慢性粒细胞白血病,花生（炒）
小儿慢性良性中性粒细胞减少症,螃蟹
小儿慢性良性中性粒细胞减少症,白扁豆
小儿慢性良性中性粒细胞减少症,白砂糖
小儿慢性良性中性粒细胞减少症,花生（炒）
酒精性肝硬化,白酒
酒精性肝硬化,鸭肉
酒精性肝硬化,鸡心
酒精性肝硬化,鸭蛋
尿毒症,杏仁
尿毒症,鸡肝
尿毒症,松子仁
尿毒症,腰果
小儿慢性淋巴细胞性甲状腺炎,螃蟹
小儿慢性淋巴细胞性甲状腺炎,白扁豆
小儿慢性淋巴细胞性甲状腺炎,白砂糖
小儿慢性淋巴细胞性甲状腺炎,花生（炒）
肾结石,栗子（熟）
肾结石,杏仁
肾结石,芝麻
肾结石,豆腐干
小儿慢性肉芽肿病,螃蟹
小儿慢性肉芽肿病,白扁豆
小儿慢性肉芽肿病,白砂糖
小儿慢性肉芽肿病,花生（炒）
肾移植,栗子（熟）
肾移植,杏仁
肾移植,芝麻
肾移植,豆腐干
泪腺肿瘤,白酒
泪腺肿瘤,鸭肉
泪腺肿瘤,鸡心
泪腺肿瘤,鸭蛋
小儿慢性胃炎,白扁豆
小儿慢性胃炎,田螺
小儿慢性胃炎,白砂糖
小儿慢性胃炎,花生（炒）
小儿慢性胰腺炎,螃蟹
小儿慢性胰腺炎,猪油（板油）
小儿慢性胰腺炎,猪肚
小儿慢性硬膜下血肿,白酒
小儿慢性硬膜下血肿,白扁豆
小儿慢性硬膜下血肿,白砂糖
小儿慢性硬膜下血肿,花生（炒）
脊髓损伤,白酒
脊髓损伤,鸭肉
脊髓损伤,鸡心
脊髓损伤,鸭蛋
小儿慢性支气管炎,螃蟹
小儿慢性支气管炎,白扁豆
小儿慢性支气管炎,白砂糖
小儿慢性支气管炎,花生（炒）
先天性肾上腺皮质增生症,白酒
先天性肾上腺皮质增生症,杏仁
先天性肾上腺皮质增生症,芝麻
先天性肾上腺皮质增生症,干腌菜
癫痫,杏仁
癫痫,腐竹
癫痫,白扁豆
癫痫,干腌菜
小儿毛细支气管炎,螃蟹
小儿毛细支气管炎,白扁豆
小儿毛细支气管炎,白砂糖
小儿毛细支气管炎,花生（炒）
多发梗塞性痴呆,杏仁
多发梗塞性痴呆,腐竹
多发梗塞性痴呆,白扁豆
多发梗塞性痴呆,虾米
淋巴结核,白酒
淋巴结核,鸭肉
淋巴结核,鸡心
淋巴结核,鸭蛋
呼吸道感染,鸡肝
呼吸道感染,鸭肉
呼吸道感染,鸡心
呼吸道感染,鸭蛋
脊柱骨折,鸡肝
脊柱骨折,鸭肉
脊柱骨折,鸡心
脊柱骨折,鸭蛋
三叉神经痛,白酒
三叉神经痛,杏仁
三叉神经痛,腐竹
三叉神经痛,白扁豆
多毛症,大豆
多毛症,腐竹
多毛症,花生
多毛症,鸡蛋黄
戈谢病,大豆
戈谢病,腐竹
戈谢病,白扁豆
戈谢病,花生
巨人症,腐竹
巨人症,白扁豆
巨人症,虾皮
巨人症,虾米
肺炎链球菌败血症,啤酒
肺炎链球菌败血症,白酒
肺炎链球菌败血症,松子仁
肺炎链球菌败血症,干腌菜
踝部扭伤,白酒
踝部扭伤,鸭肉
踝部扭伤,鸡心
踝部扭伤,鸭蛋
肺炎链球菌性肺炎,啤酒
肺炎链球菌性肺炎,白酒
肺炎链球菌性肺炎,核桃
肺炎链球菌性肺炎,松子仁
淋巴瘤,腐竹
淋巴瘤,白扁豆
淋巴瘤,虾米
淋巴瘤,公鸡
肺炎衣原体感染,啤酒
肺炎衣原体感染,白酒
肺炎衣原体感染,核桃
肺炎衣原体感染,松子仁
慢性肾上腺皮质功能减退症,白酒
慢性肾上腺皮质功能减退症,腐竹
慢性肾上腺皮质功能减退症,白扁豆
慢性肾上腺皮质功能减退症,公鸡
糖原累积病,白酒
糖原累积病,腐竹
糖原累积病,干腌菜
糖原累积病,公鸡
性早熟,海参
性早熟,白扁豆
性早熟,虾米
性早熟,鲍鱼
小儿脑挫裂伤,螃蟹
小儿脑挫裂伤,白扁豆
小儿脑挫裂伤,白砂糖
小儿脑挫裂伤,花生（炒）
寄生虫病,鸭肉
寄生虫病,鸭血(白鸭)
寄生虫病,赤小豆
寄生虫病,鸭蛋
痱,核桃
痱,松子仁
痱,绿豆
痱,青豆
小儿脑干胶质瘤,螃蟹
小儿脑干胶质瘤,白扁豆
小儿脑干胶质瘤,白砂糖
小儿脑干胶质瘤,花生（炒）
急性骨髓性白血病,啤酒
急性骨髓性白血病,白酒
急性骨髓性白血病,腐竹
急性骨髓性白血病,白扁豆
小儿脑积水,白扁豆
小儿脑积水,咸鸭蛋
小儿脑积水,白砂糖
小儿脑积水,花生（炒）
气性坏疽病,啤酒
气性坏疽病,白酒
气性坏疽病,腐竹
气性坏疽病,白扁豆
小儿脑膜瘤,螃蟹
小儿脑膜瘤,白扁豆
小儿脑膜瘤,白砂糖
小儿脑膜瘤,花生（炒）
纤维肌痛综合症,啤酒
纤维肌痛综合症,白酒
纤维肌痛综合症,腐竹
纤维肌痛综合症,白扁豆
弓形体脑病,白酒
弓形体脑病,腐竹
弓形体脑病,白扁豆
弓形体脑病,虾米
小儿脑脓肿,螃蟹
小儿脑脓肿,白扁豆
小儿脑脓肿,白砂糖
小儿脑脓肿,花生（炒）
胶质细胞瘤,啤酒
胶质细胞瘤,白酒
胶质细胞瘤,腐竹
胶质细胞瘤,白扁豆
念珠菌阴道炎,白酒
念珠菌阴道炎,鸭肉
念珠菌阴道炎,鸭血(白鸭)
念珠菌阴道炎,鸭蛋
小儿脑血管畸形,螃蟹
小儿脑血管畸形,白扁豆
小儿脑血管畸形,白砂糖
小儿脑血管畸形,花生（炒）
脑瘤,鹿肉
脑瘤,腐竹
脑瘤,咸鱼
脑瘤,羊油
甲周炎,白酒
甲周炎,鸭肉
甲周炎,鸭血(白鸭)
甲周炎,鸭蛋
复发性风湿病,啤酒
复发性风湿病,白酒
复发性风湿病,核桃
复发性风湿病,松子仁
复发性腹股沟疝,啤酒
复发性腹股沟疝,白酒
复发性腹股沟疝,核桃
复发性腹股沟疝,松子仁
三高症,白酒
三高症,鸭肉
三高症,鸭血(白鸭)
三高症,鸭蛋
脑栓塞,啤酒
脑栓塞,白酒
脑栓塞,腐竹
脑栓塞,白扁豆
小脑扁桃体下疝,啤酒
小脑扁桃体下疝,白酒
小脑扁桃体下疝,腐竹
小脑扁桃体下疝,白扁豆
小儿尿崩症,螃蟹
小儿尿崩症,白扁豆
小儿尿崩症,白砂糖
小儿尿崩症,花生（炒）
复发性溃疡,啤酒
复发性溃疡,白酒
复发性溃疡,核桃
复发性溃疡,松子仁
小儿尿道下裂,螃蟹
小儿尿道下裂,白扁豆
小儿尿道下裂,白砂糖
小儿尿道下裂,花生（炒）
口腔炎,白酒
口腔炎,鸭肉
口腔炎,鸭血(白鸭)
口腔炎,鸭蛋
间质性肺炎,白酒
间质性肺炎,鸭肉
间质性肺炎,鸭血(白鸭)
间质性肺炎,鸭蛋
睾丸下降不全,啤酒
睾丸下降不全,白酒
睾丸下降不全,腐竹
睾丸下降不全,面肥
小儿尿路梗阻,螃蟹
小儿尿路梗阻,白扁豆
小儿尿路梗阻,白砂糖
小儿尿路梗阻,花生（炒）
小儿尿石症,螃蟹
小儿尿石症,白扁豆
小儿尿石症,白砂糖
小儿尿石症,花生（炒）
副流行性感冒,啤酒
副流行性感冒,白酒
副流行性感冒,核桃
副流行性感冒,松子仁
先天性肛门直肠狭窄,啤酒
先天性肛门直肠狭窄,白酒
先天性肛门直肠狭窄,腐竹
先天性肛门直肠狭窄,面肥
小儿脓胸,螃蟹
小儿脓胸,白扁豆
小儿脓胸,白砂糖
小儿脓胸,花生（炒）
内眦赘皮,白酒
内眦赘皮,鸭肉
内眦赘皮,鸭血(白鸭)
内眦赘皮,鸭蛋
小儿女性性早熟,白砂糖
小儿女性性早熟,鸭肝
小儿女性性早熟,鹅肝
小儿女性性早熟,花生（炒）
肱骨外髁颈骨折,啤酒
肱骨外髁颈骨折,白酒
肱骨外髁颈骨折,烤鸭
肱骨外髁颈骨折,白砂糖
交感神经型颈椎病,白酒
交感神经型颈椎病,鸭肉
交感神经型颈椎病,鸭血(白鸭)
交感神经型颈椎病,鸭蛋
小儿疱疹性角膜结膜炎,白扁豆
小儿疱疹性角膜结膜炎,白砂糖
小儿疱疹性角膜结膜炎,羊油
小儿疱疹性角膜结膜炎,花生（炒）
骨质增生,海参
骨质增生,腐竹
骨质增生,白扁豆
骨质增生,虾米
桡骨干下1/3骨折合并下尺桡关节脱位,海参
桡骨干下1/3骨折合并下尺桡关节脱位,腐竹
桡骨干下1/3骨折合并下尺桡关节脱位,白扁豆
桡骨干下1/3骨折合并下尺桡关节脱位,虾米
桡神经损伤,啤酒
桡神经损伤,白酒
桡神经损伤,腐竹
桡神经损伤,白扁豆
小儿脾大,白扁豆
小儿脾大,白砂糖
小儿脾大,羊油
小儿脾大,花生（炒）
十字韧带损伤,啤酒
十字韧带损伤,白酒
十字韧带损伤,腐竹
十字韧带损伤,白扁豆
角化病,白酒
角化病,鸭肉
角化病,鸭血(白鸭)
角化病,鸭蛋
小儿脾外伤,白扁豆
小儿脾外伤,白砂糖
小儿脾外伤,羊油
小儿脾外伤,花生（炒）
手部肌腱损伤,啤酒
手部肌腱损伤,白酒
手部肌腱损伤,腐竹
手部肌腱损伤,白扁豆
小儿片吸虫病,白扁豆
小儿片吸虫病,白砂糖
小儿片吸虫病,羊油
小儿片吸虫病,花生（炒）
腕舟状骨骨折,啤酒
腕舟状骨骨折,白酒
腕舟状骨骨折,腐竹
腕舟状骨骨折,烤鸭
小儿偏头痛,白扁豆
小儿偏头痛,白砂糖
小儿偏头痛,羊油
小儿偏头痛,花生（炒）
膝关节侧副韧带损伤,白酒
膝关节侧副韧带损伤,腐竹
膝关节侧副韧带损伤,白扁豆
膝关节侧副韧带损伤,咸鸭蛋
小儿屏气发作,白扁豆
小儿屏气发作,白砂糖
小儿屏气发作,羊油
小儿屏气发作,花生（炒）
断肢再植,啤酒
断肢再植,白酒
断肢再植,腐竹
断肢再植,白扁豆
腹壁切口疝,螃蟹
腹壁切口疝,腐竹
腹壁切口疝,白扁豆
腹壁切口疝,虾米
腹膜后脓肿,海参
腹膜后脓肿,腐竹
腹膜后脓肿,白扁豆
腹膜后脓肿,虾米
腹腔脓肿,海参
腹腔脓肿,腐竹
腹腔脓肿,白扁豆
腹腔脓肿,虾米
股疝,啤酒
股疝,白酒
股疝,腐竹
股疝,白扁豆
小儿期前收缩,白扁豆
小儿期前收缩,田螺
小儿期前收缩,白砂糖
小儿期前收缩,花生（炒）
慢性阑尾炎,啤酒
慢性阑尾炎,腐竹
慢性阑尾炎,白扁豆
慢性阑尾炎,虾米
小儿槭糖尿病,白扁豆
小儿槭糖尿病,田螺
小儿槭糖尿病,白砂糖
小儿槭糖尿病,花生（炒）
肛门周围癌,螃蟹
肛门周围癌,腐竹
肛门周围癌,白扁豆
肛门周围癌,虾米
腹部肿块,啤酒
腹部肿块,白酒
腹部肿块,核桃
腹部肿块,松子仁
小儿其他沙门菌感染,白扁豆
小儿其他沙门菌感染,田螺
小儿其他沙门菌感染,白砂糖
小儿其他沙门菌感染,花生（炒）
黑色素瘤,啤酒
黑色素瘤,白酒
黑色素瘤,腐竹
黑色素瘤,白扁豆
腹股沟滑动疝,啤酒
腹股沟滑动疝,白酒
腹股沟滑动疝,核桃
腹股沟滑动疝,松子仁
小儿气管、支气管异物,南瓜子仁
小儿气管、支气管异物,白砂糖
小儿气管、支气管异物,西瓜子仁
小儿气管、支气管异物,花生（炒）
腹股沟滑动性疝,啤酒
腹股沟滑动性疝,白酒
腹股沟滑动性疝,核桃
腹股沟滑动性疝,松子仁
腮腺混合瘤,腐竹
腮腺混合瘤,白扁豆
腮腺混合瘤,虾皮
腮腺混合瘤,虾米
小儿迁延性肾小球肾炎,螃蟹
小儿迁延性肾小球肾炎,白扁豆
小儿迁延性肾小球肾炎,白砂糖
小儿迁延性肾小球肾炎,花生（炒）
神经纤维瘤,啤酒
神经纤维瘤,白酒
神经纤维瘤,腐竹
神经纤维瘤,白扁豆
小儿迁延与慢性腹泻,白扁豆
小儿迁延与慢性腹泻,麦芽糖
小儿迁延与慢性腹泻,白砂糖
小儿迁延与慢性腹泻,花生（炒）
腹水,啤酒
腹水,白酒
腹水,核桃
腹水,松子仁
星形细胞瘤,啤酒
星形细胞瘤,白酒
星形细胞瘤,腐竹
星形细胞瘤,红葡萄酒
小儿铅中毒,螃蟹
小儿铅中毒,白扁豆
小儿铅中毒,白砂糖
小儿铅中毒,花生（炒）
眼内转移性肿瘤,海蟹
眼内转移性肿瘤,腐竹
眼内转移性肿瘤,白扁豆
眼内转移性肿瘤,虾米
小儿丘疹性肢皮炎综合征,螃蟹
小儿丘疹性肢皮炎综合征,白扁豆
小儿丘疹性肢皮炎综合征,白砂糖
小儿丘疹性肢皮炎综合征,花生（炒）
滴虫性外阴炎,海参
滴虫性外阴炎,腐竹
滴虫性外阴炎,白扁豆
滴虫性外阴炎,虾米
小儿球形细胞脑白质营养不良,螃蟹
小儿球形细胞脑白质营养不良,白扁豆
小儿球形细胞脑白质营养不良,白砂糖
小儿球形细胞脑白质营养不良,花生（炒）
腹主动脉瘤,啤酒
腹主动脉瘤,白酒
腹主动脉瘤,松子仁
腹主动脉瘤,花生仁（炸）
卵巢早衰,鹿肉
卵巢早衰,鸡肝
卵巢早衰,虾皮
卵巢早衰,龙虾
小儿龋病,赤砂糖
小儿龋病,白砂糖
小儿龋病,冰糖
小儿龋病,糖桂花
结核病,白酒
结核病,鸭肉
结核病,鸭血(白鸭)
结核病,鸭蛋
小儿全远端型肾小管酸中毒,螃蟹
小儿全远端型肾小管酸中毒,白扁豆
小儿全远端型肾小管酸中毒,白砂糖
小儿全远端型肾小管酸中毒,花生（炒）
细菌性阴道炎,啤酒
细菌性阴道炎,白酒
细菌性阴道炎,鹿肉
细菌性阴道炎,鸡肝
小儿醛固酮过多症,螃蟹
小儿醛固酮过多症,白扁豆
小儿醛固酮过多症,白砂糖
小儿醛固酮过多症,花生（炒）
羊水过少,啤酒
羊水过少,白酒
羊水过少,鹿肉
羊水过少,鸡肝
急性播散性脑脊髓炎,啤酒
急性播散性脑脊髓炎,白酒
急性播散性脑脊髓炎,鹿肉
急性播散性脑脊髓炎,鸡肝
小儿热性惊厥,白扁豆
小儿热性惊厥,田螺
小儿热性惊厥,白砂糖
小儿热性惊厥,花生（炒）
巨大儿,啤酒
巨大儿,鹿肉
巨大儿,鸡肝
巨大儿,咸鸭蛋
尿布疹,杏仁
尿布疹,鹿肉
尿布疹,鸡肝
尿布疹,松子仁
先兆流产,白酒
先兆流产,鸭肉
先兆流产,鸭血(白鸭)
先兆流产,鸭蛋
手足口病,杏仁
手足口病,鹿肉
手足口病,鸡肝
手足口病,咸鸭蛋
小儿溶血尿毒综合征,白扁豆
小儿溶血尿毒综合征,田螺
小儿溶血尿毒综合征,白砂糖
小儿溶血尿毒综合征,花生（炒）
小儿高热,杏仁
小儿高热,鹿肉
小儿高热,鸡肝
小儿高热,咸鸭蛋
小儿乳糜泻,螃蟹
小儿乳糜泻,白扁豆
小儿乳糜泻,白砂糖
小儿乳糜泻,花生（炒）
小儿急性阑尾炎,啤酒
小儿急性阑尾炎,白酒
小儿急性阑尾炎,鹿肉
小儿急性阑尾炎,咸鸭蛋
肝动脉瘤,啤酒
肝动脉瘤,白酒
肝动脉瘤,鸡蛋黄
肝动脉瘤,鹅肝
小儿软骨发育不全,螃蟹
小儿软骨发育不全,白扁豆
小儿软骨发育不全,白砂糖
小儿软骨发育不全,花生（炒）
小儿惊厥,杏仁
小儿惊厥,鹿肉
小儿惊厥,鸡肝
小儿惊厥,咸鸭蛋
支原体感染,啤酒
支原体感染,白酒
支原体感染,鹿肉
支原体感染,咸鸭蛋
红眼病,啤酒
红眼病,白酒
红眼病,鹿肉
红眼病,鸡肝
小儿软组织肉瘤,螃蟹
小儿软组织肉瘤,白扁豆
小儿软组织肉瘤,白砂糖
小儿软组织肉瘤,花生（炒）
小儿散发性甲状腺肿,螃蟹
小儿散发性甲状腺肿,白扁豆
小儿散发性甲状腺肿,白砂糖
小儿散发性甲状腺肿,花生（炒）
急性泪腺炎,啤酒
急性泪腺炎,白酒
急性泪腺炎,鹿肉
急性泪腺炎,鸡肝
小儿色素沉着息肉综合征,螃蟹
小儿色素沉着息肉综合征,白扁豆
小儿色素沉着息肉综合征,白砂糖
小儿色素沉着息肉综合征,花生（炒）
色盲,啤酒
色盲,白酒
色盲,鹿肉
色盲,鸡肝
小儿色素荨麻疹,螃蟹
小儿色素荨麻疹,白扁豆
小儿色素荨麻疹,白砂糖
小儿色素荨麻疹,花生（炒）
鼻中隔脓肿,啤酒
鼻中隔脓肿,白酒
鼻中隔脓肿,鹿肉
鼻中隔脓肿,鸡肝
肝脏类癌,啤酒
肝脏类癌,白酒
肝脏类癌,核桃
肝脏类癌,松子仁
小儿色素失调症,螃蟹
小儿色素失调症,白扁豆
小儿色素失调症,白砂糖
小儿色素失调症,花生（炒）
耵聍栓塞,啤酒
耵聍栓塞,白酒
耵聍栓塞,鹿肉
耵聍栓塞,干腌菜
腺样体炎,白酒
腺样体炎,鸭肉
腺样体炎,鸭血(白鸭)
腺样体炎,鸭蛋
小儿神经白塞综合征,螃蟹
小儿神经白塞综合征,白扁豆
小儿神经白塞综合征,白砂糖
小儿神经白塞综合征,花生（炒）
小儿神经管畸形,螃蟹
小儿神经管畸形,白扁豆
小儿神经管畸形,白砂糖
小儿神经管畸形,花生（炒）
小儿神经母细胞瘤,螃蟹
小儿神经母细胞瘤,白扁豆
小儿神经母细胞瘤,白砂糖
小儿神经母细胞瘤,花生（炒）
耳聋,杏仁
耳聋,鹿肉
耳聋,鸡肝
耳聋,鸭心
小儿神经皮肤综合征,螃蟹
小儿神经皮肤综合征,白扁豆
小儿神经皮肤综合征,白砂糖
小儿神经皮肤综合征,花生（炒）
喉气管瘢痕性狭窄,杏仁
喉气管瘢痕性狭窄,鹿肉
喉气管瘢痕性狭窄,鸡肝
喉气管瘢痕性狭窄,虾皮
小儿神经纤维瘤病,螃蟹
小儿神经纤维瘤病,白扁豆
小儿神经纤维瘤病,白砂糖
小儿神经纤维瘤病,花生（炒）
甲状舌骨囊肿与瘘,杏仁
甲状舌骨囊肿与瘘,鹿肉
甲状舌骨囊肿与瘘,鸡肝
甲状舌骨囊肿与瘘,虾皮
小儿神经性贪食,大豆
小儿神经性贪食,白扁豆
小儿神经性贪食,白砂糖
小儿神经性贪食,花生（炒）
慢性鼻炎,白酒
慢性鼻炎,杏仁
慢性鼻炎,鹿肉
慢性鼻炎,鸡肝
肝肿瘤,啤酒
肝肿瘤,白酒
肝肿瘤,核桃
肝肿瘤,松子仁
慢性干燥性鼻炎,啤酒
慢性干燥性鼻炎,白酒
慢性干燥性鼻炎,鹿肉
慢性干燥性鼻炎,鸡肝
外耳道胆脂瘤,白酒
外耳道胆脂瘤,鸭肉
外耳道胆脂瘤,鸭血(白鸭)
外耳道胆脂瘤,鸭蛋
声带息肉,啤酒
声带息肉,鹿肉
声带息肉,黄酒
声带息肉,江米酒
感染性疾病所致贫血,啤酒
感染性疾病所致贫血,白酒
感染性疾病所致贫血,松子仁
感染性疾病所致贫血,干腌菜
突发性耳聋,啤酒
突发性耳聋,白酒
突发性耳聋,鹿肉
突发性耳聋,鸡肝
小儿神经源性膀胱,螃蟹
小儿神经源性膀胱,白扁豆
小儿神经源性膀胱,白砂糖
小儿神经源性膀胱,花生（炒）
小儿肾淀粉样变性,螃蟹
小儿肾淀粉样变性,白扁豆
小儿肾淀粉样变性,白砂糖
小儿肾淀粉样变性,花生（炒）
小儿肾结核,螃蟹
小儿肾结核,白扁豆
小儿肾结核,白砂糖
小儿肾结核,花生（炒）
小儿肾静脉血栓形成,螃蟹
小儿肾静脉血栓形成,白扁豆
小儿肾静脉血栓形成,白砂糖
小儿肾静脉血栓形成,花生（炒）
先天性耳聋,杏仁
先天性耳聋,鹿肉
先天性耳聋,鸡肝
先天性耳聋,虾皮
小儿肾上腺皮质功能不全,螃蟹
小儿肾上腺皮质功能不全,白扁豆
小儿肾上腺皮质功能不全,白砂糖
小儿肾上腺皮质功能不全,花生（炒）
先天性喉裂,杏仁
先天性喉裂,鹿肉
先天性喉裂,鸡肝
先天性喉裂,虾皮
咽部结核,啤酒
咽部结核,白酒
咽部结核,鹿肉
咽部结核,鸡肝
小儿肾小管-间质肾炎,螃蟹
小儿肾小管-间质肾炎,白扁豆
小儿肾小管-间质肾炎,白砂糖
小儿肾小管-间质肾炎,花生（炒）
咽旁间隙感染,杏仁
咽旁间隙感染,鹿肉
咽旁间隙感染,鸡肝
咽旁间隙感染,虾皮
高碘性甲状腺肿,啤酒
高碘性甲状腺肿,白酒
高碘性甲状腺肿,核桃
高碘性甲状腺肿,松子仁
小儿肾性尿崩症,螃蟹
小儿肾性尿崩症,白扁豆
小儿肾性尿崩症,白砂糖
小儿肾性尿崩症,花生（炒）
咽异感症,杏仁
咽异感症,鹿肉
咽异感症,鸡肝
咽异感症,虾皮
小儿肾性贫血,螃蟹
小儿肾性贫血,白扁豆
小儿肾性贫血,白砂糖
小儿肾性贫血,花生（炒）
地图舌,杏仁
地图舌,鹿肉
地图舌,鸡肝
地图舌,虾皮
小儿肾性糖尿,螃蟹
小儿肾性糖尿,白扁豆
小儿肾性糖尿,白砂糖
小儿肾性糖尿,花生（炒）
小儿肾血管性高血压,螃蟹
小儿肾血管性高血压,白扁豆
小儿肾血管性高血压,白砂糖
小儿肾血管性高血压,花生（炒）
小儿渗出性多形性红斑,螃蟹
小儿渗出性多形性红斑,白扁豆
小儿渗出性多形性红斑,白砂糖
小儿渗出性多形性红斑,花生（炒）
颌下间隙感染,啤酒
颌下间隙感染,白酒
颌下间隙感染,鹿肉
颌下间隙感染,鸡肝
小儿生长激素缺乏症,螃蟹
小儿生长激素缺乏症,白扁豆
小儿生长激素缺乏症,白砂糖
小儿生长激素缺乏症,花生（炒）
舌下腺囊肿,杏仁
舌下腺囊肿,鹿肉
舌下腺囊肿,鸡肝
舌下腺囊肿,虾皮
小儿生殖细胞瘤,螃蟹
小儿生殖细胞瘤,白扁豆
小儿生殖细胞瘤,白砂糖
小儿生殖细胞瘤,花生（炒）
包茎过长,杏仁
包茎过长,鹿肉
包茎过长,鸡肝
包茎过长,淡菜(鲜)
包皮过长,啤酒
包皮过长,鹿肉
包皮过长,黄酒
包皮过长,江米酒
小儿食管异物,南瓜子仁
小儿食管异物,白砂糖
小儿食管异物,西瓜子仁
小儿食管异物,花生（炒）
不射精症,啤酒
不射精症,鹿肉
不射精症,黄酒
不射精症,江米酒
高渗性非酮症糖尿病昏迷,松子仁
高渗性非酮症糖尿病昏迷,黑豆
高渗性非酮症糖尿病昏迷,绿豆
高渗性非酮症糖尿病昏迷,青豆
小儿食物变态反应,南瓜子仁
小儿食物变态反应,白砂糖
小儿食物变态反应,西瓜子仁
小儿食物变态反应,花生（炒）
睾丸炎,啤酒
睾丸炎,鹿肉
睾丸炎,黄酒
睾丸炎,江米酒
神经性耳鸣,白酒
神经性耳鸣,鸭肉
神经性耳鸣,鸭血(白鸭)
神经性耳鸣,鸭蛋
小儿食物中毒,咸鸭蛋
小儿食物中毒,白砂糖
小儿食物中毒,干腌菜
小儿食物中毒,花生（炒）
精囊炎,啤酒
精囊炎,鹿肉
精囊炎,黄酒
精囊炎,江米酒
男性生殖器畸形,啤酒
男性生殖器畸形,鹿肉
男性生殖器畸形,干腌菜
男性生殖器畸形,江米酒
男性生殖器外伤,啤酒
男性生殖器外伤,鹿肉
男性生殖器外伤,黄酒
男性生殖器外伤,江米酒
少精子症,啤酒
少精子症,鹿肉
少精子症,黄酒
少精子症,江米酒
小儿视神经胶质瘤,白扁豆
小儿视神经胶质瘤,咸鸭蛋
小儿视神经胶质瘤,白砂糖
小儿视神经胶质瘤,花生（炒）
死精症,啤酒
死精症,鹿肉
死精症,黄酒
死精症,江米酒
小儿视网膜母细胞瘤,白扁豆
小儿视网膜母细胞瘤,咸鸭蛋
小儿视网膜母细胞瘤,白砂糖
小儿视网膜母细胞瘤,花生（炒）
神经炎,白酒
神经炎,鸭肉
神经炎,鸭血(白鸭)
神经炎,鸭蛋
无精症,啤酒
无精症,鹿肉
无精症,鸡肝
无精症,江米酒
阴囊湿疹,白酒
阴囊湿疹,杏仁
阴囊湿疹,鹿肉
阴囊湿疹,鸡肝
小儿室间隔缺损,白扁豆
小儿室间隔缺损,咸鸭蛋
小儿室间隔缺损,白砂糖
小儿室间隔缺损,花生（炒）
肝吸虫病,啤酒
肝吸虫病,杏仁
肝吸虫病,鹿肉
肝吸虫病,鸡肝
小儿室间隔完整型肺动脉闭锁,白扁豆
小儿室间隔完整型肺动脉闭锁,咸鸭蛋
小儿室间隔完整型肺动脉闭锁,白砂糖
小儿室间隔完整型肺动脉闭锁,花生（炒）
脑血管病,白酒
脑血管病,鸭肉
脑血管病,鸭血(白鸭)
脑血管病,鸭蛋
小儿室性心动过速,鸡肉
小儿室性心动过速,咸鸭蛋
小儿室性心动过速,鸡蛋黄
小儿室性心动过速,白砂糖
瘢痕疙瘩,啤酒
瘢痕疙瘩,白酒
瘢痕疙瘩,鹿肉
瘢痕疙瘩,鸡肝
高脂血症,杏仁
高脂血症,鸡肝
高脂血症,腐竹
高脂血症,白扁豆
剥脱性角质松解症,杏仁
剥脱性角质松解症,鹿肉
剥脱性角质松解症,鸡肝
剥脱性角质松解症,虾皮
虫咬皮炎,白酒
虫咬皮炎,杏仁
虫咬皮炎,鹿肉
虫咬皮炎,鸡肝
单纯糠疹,啤酒
单纯糠疹,白酒
单纯糠疹,鹿肉
单纯糠疹,鸡肝
亚健康,啤酒
亚健康,白酒
亚健康,干腌菜
亚健康,鸭蛋
睾丸损伤,啤酒
睾丸损伤,白酒
睾丸损伤,杏仁
睾丸损伤,鸡肝
多汗症,白酒
多汗症,杏仁
多汗症,鹿肉
多汗症,鸡肝
维生素D缺乏性手足抽搐症,鸭肉
维生素D缺乏性手足抽搐症,鸭血(白鸭)
维生素D缺乏性手足抽搐症,赤小豆
维生素D缺乏性手足抽搐症,鸭蛋
红皮病,啤酒
红皮病,白酒
红皮病,鹿肉
灰指甲,杏仁
灰指甲,鹿肉
灰指甲,鸡肝
灰指甲,腐竹
脑血管硬化,白酒
脑血管硬化,鸭肉
脑血管硬化,鸭血(白鸭)
脑血管硬化,鸭蛋
肌注硬结感染,杏仁
肌注硬结感染,鹿肉
肌注硬结感染,鸡肝
肌注硬结感染,腐竹
急性蜂窝组织炎,白酒
急性蜂窝组织炎,鹿肉
急性蜂窝组织炎,鸡肝
急性蜂窝组织炎,赤砂糖
小儿糖尿病,白扁豆
小儿糖尿病,咸鸭蛋
小儿糖尿病,白砂糖
小儿糖尿病,花生（炒）
甲营养不良,啤酒
甲营养不良,白酒
甲营养不良,鹿肉
甲营养不良,赤砂糖
脚气,杏仁
脚气,鹿肉
脚气,鸡肝
脚气,腐竹
结节性红斑,啤酒
结节性红斑,白酒
结节性红斑,鹿肉
结节性红斑,鸡肝
立克次体病,白酒
立克次体病,杏仁
立克次体病,鹿肉
立克次体病,鸡肝
连续性肢端皮炎,白酒
连续性肢端皮炎,杏仁
连续性肢端皮炎,鹿肉
连续性肢端皮炎,鸡肝
小儿糖原贮积病Ⅱ型,白扁豆
小儿糖原贮积病Ⅱ型,咸鸭蛋
小儿糖原贮积病Ⅱ型,白砂糖
小儿糖原贮积病Ⅱ型,花生（炒）
人蠕形螨病,啤酒
人蠕形螨病,白酒
人蠕形螨病,鹿肉
人蠕形螨病,鸡肝
色素紫癜性皮炎,啤酒
色素紫癜性皮炎,白酒
色素紫癜性皮炎,鹿肉
色素紫癜性皮炎,鸡肝
手足皲裂,白酒
手足皲裂,杏仁
手足皲裂,鹿肉
手足皲裂,鸡肝
太田痣,杏仁
太田痣,鹿肉
太田痣,鸡肝
太田痣,干腌菜
小儿烫伤,螃蟹
小儿烫伤,白扁豆
小儿烫伤,白砂糖
小儿烫伤,花生（炒）
脱发,啤酒
脱发,白酒
脱发,鹿肉
脱发,鸡肝
药物性皮炎,啤酒
药物性皮炎,白酒
药物性皮炎,鹿肉
药物性皮炎,鸡肝
小儿弱视,啤酒
小儿弱视,白酒
小儿弱视,鸭血(白鸭)
小儿弱视,鸭蛋
腋臭,啤酒
腋臭,鹿肉
腋臭,黄酒
腋臭,江米酒
股癣,啤酒
股癣,白酒
股癣,杏仁
股癣,鸡肝
异位性皮炎,杏仁
异位性皮炎,鹿肉
异位性皮炎,鸡肝
异位性皮炎,虾皮
疣状表皮发育不良,杏仁
疣状表皮发育不良,鹿肉
疣状表皮发育不良,鸡肝
疣状表皮发育不良,虾皮
鱼鳞病,杏仁
鱼鳞病,鹿肉
鱼鳞病,鸡肝
鱼鳞病,虾皮
跖疣,啤酒
跖疣,白酒
跖疣,鹿肉
跖疣,鸡肝
性高潮障碍,啤酒
性高潮障碍,鹿肉
性高潮障碍,干腌菜
性高潮障碍,江米酒
分裂情感性精神病,杏仁
分裂情感性精神病,鹿肉
分裂情感性精神病,鸡肝
分裂情感性精神病,鸡蛋黄
小儿湿疹,白酒
小儿湿疹,鸭肉
小儿湿疹,鸭血(白鸭)
小儿湿疹,鸭蛋
甲状腺功能亢进伴发的精神障碍,啤酒
甲状腺功能亢进伴发的精神障碍,白酒
甲状腺功能亢进伴发的精神障碍,鹿肉
甲状腺功能亢进伴发的精神障碍,干腌菜
物理性皮肤病,鸭肉
物理性皮肤病,鸭血(白鸭)
物理性皮肤病,赤小豆
物理性皮肤病,鸭蛋
鼓膜穿孔,啤酒
鼓膜穿孔,白酒
鼓膜穿孔,杏仁
鼓膜穿孔,鸡肝
旅途精神病,杏仁
旅途精神病,鹿肉
旅途精神病,鸡肝
旅途精神病,虾皮
小儿大肠杆菌肠炎,鸭肉
小儿大肠杆菌肠炎,鸭血(白鸭)
小儿大肠杆菌肠炎,赤小豆
小儿大肠杆菌肠炎,鸭蛋
性兴奋障碍,啤酒
性兴奋障碍,白酒
性兴奋障碍,鹿肉
性兴奋障碍,鸡肝
性冷淡,啤酒
性冷淡,鹿肉
性冷淡,黄酒
性冷淡,江米酒
妊娠合并获得性免疫缺陷综合征,鸭肉
妊娠合并获得性免疫缺陷综合征,干腌菜
妊娠合并获得性免疫缺陷综合征,鸭血(白鸭)
妊娠合并获得性免疫缺陷综合征,鸭蛋
谵妄综合征,杏仁
谵妄综合征,鹿肉
谵妄综合征,鸡肝
谵妄综合征,虾皮
中暑,螃蟹
中暑,海虾
中暑,鸡肝
中暑,虾皮
小儿维生素A缺乏病,螃蟹
小儿维生素A缺乏病,白扁豆
小儿维生素A缺乏病,白砂糖
小儿维生素A缺乏病,花生（炒）
甲型H1N1流感,啤酒
甲型H1N1流感,白酒
甲型H1N1流感,鹿肉
甲型H1N1流感,鸡肝
小儿维生素D缺乏性佝偻病,白扁豆
小儿维生素D缺乏性佝偻病,咸鸭蛋
小儿维生素D缺乏性佝偻病,白砂糖
小儿维生素D缺乏性佝偻病,花生（炒）
头皮撕脱伤,啤酒
头皮撕脱伤,鸭肉
头皮撕脱伤,鸭血(白鸭)
头皮撕脱伤,鸭蛋
鼻/鼻型T/NK细胞淋巴瘤,杏仁
鼻/鼻型T/NK细胞淋巴瘤,鹿肉
鼻/鼻型T/NK细胞淋巴瘤,鸡肝
鼻/鼻型T/NK细胞淋巴瘤,虾皮
腰椎滑脱,啤酒
腰椎滑脱,鸭肉
腰椎滑脱,鸭血(白鸭)
腰椎滑脱,鸭蛋
大咯血,杏仁
大咯血,鹿肉
大咯血,鸡肝
大咯血,虾皮
小儿维生素D缺乏性手足搐搦症,白扁豆
小儿维生素D缺乏性手足搐搦症,咸鸭蛋
小儿维生素D缺乏性手足搐搦症,白砂糖
小儿维生素D缺乏性手足搐搦症,花生（炒）
单纯性肺嗜酸性粒细胞浸润症,杏仁
单纯性肺嗜酸性粒细胞浸润症,鹿肉
单纯性肺嗜酸性粒细胞浸润症,鸡肝
单纯性肺嗜酸性粒细胞浸润症,虾皮
小儿维生素E缺乏病,白扁豆
小儿维生素E缺乏病,鸡肉
小儿维生素E缺乏病,白砂糖
小儿维生素E缺乏病,花生（炒）
感染性腹主动脉瘤,杏仁
感染性腹主动脉瘤,鹿肉
感染性腹主动脉瘤,鸡肝
感染性腹主动脉瘤,虾皮
弯曲菌肠炎,啤酒
弯曲菌肠炎,白酒
弯曲菌肠炎,鹿肉
弯曲菌肠炎,鸡肝
盆腔肿瘤,鸭肉
盆腔肿瘤,干腌菜
盆腔肿瘤,鸭血(白鸭)
盆腔肿瘤,鸭蛋
膝关节损伤,鸭肉
膝关节损伤,干腌菜
膝关节损伤,鸭血(白鸭)
膝关节损伤,鸭蛋
小儿多发性内分泌腺瘤Ⅱ型,杏仁
小儿多发性内分泌腺瘤Ⅱ型,鹿肉
小儿多发性内分泌腺瘤Ⅱ型,鸡肝
小儿多发性内分泌腺瘤Ⅱ型,鸡肉
龟头炎,杏仁
龟头炎,鸡肝
龟头炎,腐竹
龟头炎,白扁豆
小儿肥胖通气不良综合征,啤酒
小儿肥胖通气不良综合征,杏仁
小儿肥胖通气不良综合征,鹿肉
小儿肥胖通气不良综合征,鸡肝
心源性休克,啤酒
心源性休克,白酒
心源性休克,鹿肉
心源性休克,干腌菜
小儿系统性红斑狼疮,白扁豆
小儿系统性红斑狼疮,咸鱼
小儿系统性红斑狼疮,白砂糖
小儿系统性红斑狼疮,花生（炒）
氨基酸代谢病,杏仁
氨基酸代谢病,鹿肉
氨基酸代谢病,鸡肝
氨基酸代谢病,咸鱼
腘动脉破裂,啤酒
腘动脉破裂,白酒
腘动脉破裂,鸡肝
腘动脉破裂,腐竹
夜惊,鸭肉
夜惊,干腌菜
夜惊,鸭血(白鸭)
夜惊,鸭蛋
B链球菌群感染,啤酒
B链球菌群感染,白酒
B链球菌群感染,鹿肉
B链球菌群感染,鸡肝
巴斯德菌肺炎,杏仁
巴斯德菌肺炎,鹿肉
巴斯德菌肺炎,鸡肝
巴斯德菌肺炎,虾皮
半月板损伤,杏仁
半月板损伤,鹿肉
半月板损伤,鸡肝
半月板损伤,虾皮
妊娠合并尖锐湿疣,鸭肉
妊娠合并尖锐湿疣,干腌菜
妊娠合并尖锐湿疣,鸭血(白鸭)
妊娠合并尖锐湿疣,鸭蛋
过敏性阴道炎,啤酒
过敏性阴道炎,白酒
过敏性阴道炎,鸡肝
过敏性阴道炎,腐竹
扁平苔藓,啤酒
扁平苔藓,白酒
扁平苔藓,鹿肉
扁平苔藓,鸡肝
小儿细菌感染性口炎,白扁豆
小儿细菌感染性口炎,咸鱼
小儿细菌感染性口炎,白砂糖
小儿细菌感染性口炎,花生（炒）
小儿细菌性痢疾,白扁豆
小儿细菌性痢疾,咸鱼
小儿细菌性痢疾,白砂糖
小儿细菌性痢疾,花生（炒）
胃出血,杏仁
胃出血,松子仁
胃出血,鸭肉
胃出血,鸭蛋
便血,啤酒
便血,鹿肉
便血,黄酒
便血,江米酒
小儿下腔静脉阻塞综合征,白扁豆
小儿下腔静脉阻塞综合征,咸鱼
小儿下腔静脉阻塞综合征,白砂糖
小儿下腔静脉阻塞综合征,花生（炒）
肠病原性大肠埃希杆菌感染,啤酒
肠病原性大肠埃希杆菌感染,白酒
肠病原性大肠埃希杆菌感染,鹿肉
肠病原性大肠埃希杆菌感染,鸡肝
肠气囊肿,啤酒
肠气囊肿,白酒
肠气囊肿,鹿肉
肠气囊肿,鸡肝
噪声性聋,杏仁
噪声性聋,松子仁
噪声性聋,鸭肉
噪声性聋,鸭蛋
肠侵袭性大肠埃希杆菌感染,啤酒
肠侵袭性大肠埃希杆菌感染,白酒
肠侵袭性大肠埃希杆菌感染,鹿肉
肠侵袭性大肠埃希杆菌感染,鸡肝
小儿先天性胆总管囊肿,啤酒
小儿先天性胆总管囊肿,白酒
小儿先天性胆总管囊肿,白砂糖
小儿先天性胆总管囊肿,花生（炒）
肠系膜上动脉综合征,杏仁
肠系膜上动脉综合征,鹿肉
肠系膜上动脉综合征,鸡肝
肠系膜上动脉综合征,虾皮
小儿先天性肺囊肿,啤酒
小儿先天性肺囊肿,白酒
小儿先天性肺囊肿,白砂糖
小儿先天性肺囊肿,花生（炒）
咽结合膜热,杏仁
咽结合膜热,松子仁
咽结合膜热,鸭肉
咽结合膜热,鸭蛋
小儿先天性肝囊肿,啤酒
小儿先天性肝囊肿,白酒
小儿先天性肝囊肿,白砂糖
小儿先天性肝囊肿,花生（炒）
小儿先天性高氨血症,啤酒
小儿先天性高氨血症,白酒
小儿先天性高氨血症,白砂糖
小儿先天性高氨血症,花生（炒）
大网膜粘连综合征,杏仁
大网膜粘连综合征,鹿肉
大网膜粘连综合征,鸡肝
大网膜粘连综合征,虾皮
足部骨折,核桃
足部骨折,松子仁
足部骨折,鸭肉
足部骨折,鸭蛋
小儿先天性睾丸发育不全,白酒
小儿先天性睾丸发育不全,白扁豆
小儿先天性睾丸发育不全,白砂糖
小儿先天性睾丸发育不全,花生（炒）
第一掌骨基部骨折,螃蟹
第一掌骨基部骨折,杏仁
第一掌骨基部骨折,鸡肝
第一掌骨基部骨折,虾皮
小儿热带嗜酸性粒细胞增多症,杏仁
小儿热带嗜酸性粒细胞增多症,鹿肉
小儿热带嗜酸性粒细胞增多症,鸡肝
小儿热带嗜酸性粒细胞增多症,虾皮
小儿先天性光敏感性卟啉症,白酒
小儿先天性光敏感性卟啉症,白扁豆
小儿先天性光敏感性卟啉症,白砂糖
小儿先天性光敏感性卟啉症,花生（炒）
常现丝虫病,杏仁
常现丝虫病,鹿肉
常现丝虫病,鸡肝
常现丝虫病,虾皮
小儿先天性红细胞生成异常性贫血,白酒
小儿先天性红细胞生成异常性贫血,白扁豆
小儿先天性红细胞生成异常性贫血,白砂糖
小儿先天性红细胞生成异常性贫血,花生（炒）
膀胱鳞状细胞癌,杏仁
膀胱鳞状细胞癌,鹿肉
膀胱鳞状细胞癌,鸡肝
膀胱鳞状细胞癌,咸鱼
小儿先天性肌强直综合征,白酒
小儿先天性肌强直综合征,白扁豆
小儿先天性肌强直综合征,白砂糖
小儿先天性肌强直综合征,花生（炒）
小儿先天性甲状腺功能减低症,白扁豆
小儿先天性甲状腺功能减低症,咸鱼
小儿先天性甲状腺功能减低症,白砂糖
小儿先天性甲状腺功能减低症,花生（炒）
丛状血管瘤,啤酒
丛状血管瘤,白酒
丛状血管瘤,鹿肉
丛状血管瘤,鸡肝
小儿先天性面肌双瘫综合征,白扁豆
小儿先天性面肌双瘫综合征,咸鱼
小儿先天性面肌双瘫综合征,白砂糖
小儿先天性面肌双瘫综合征,花生（炒）
小儿先天性肾病综合征,白扁豆
小儿先天性肾病综合征,咸鸭蛋
小儿先天性肾病综合征,白砂糖
小儿先天性肾病综合征,花生（炒）
多发性硬化伴发的葡萄膜炎,啤酒
多发性硬化伴发的葡萄膜炎,白酒
多发性硬化伴发的葡萄膜炎,鹿肉
多发性硬化伴发的葡萄膜炎,干腌菜
小儿先天性肾上腺皮质增生症,白扁豆
小儿先天性肾上腺皮质增生症,白砂糖
小儿先天性肾上腺皮质增生症,鸭血(白鸭)
小儿先天性肾上腺皮质增生症,花生（炒）
妊娠合并梅毒,松子仁
妊娠合并梅毒,鸭肉
妊娠合并梅毒,干腌菜
妊娠合并梅毒,鸭蛋
多发内生软骨瘤病,杏仁
多发内生软骨瘤病,鹿肉
多发内生软骨瘤病,鸡肝
多发内生软骨瘤病,虾皮
大肠埃希杆菌肺炎,啤酒
大肠埃希杆菌肺炎,白酒
大肠埃希杆菌肺炎,鹿肉
大肠埃希杆菌肺炎,鸡肝
单纯性乳腺增生症,杏仁
单纯性乳腺增生症,鹿肉
单纯性乳腺增生症,鸡肝
单纯性乳腺增生症,虾皮
小儿先天性斜颈,白扁豆
小儿先天性斜颈,咸鱼
小儿先天性斜颈,白砂糖
小儿先天性斜颈,花生（炒）
低血糖综合征,啤酒
低血糖综合征,白酒
低血糖综合征,鹿肉
低血糖综合征,鸡肝
盖氏骨折,杏仁
盖氏骨折,鹿肉
盖氏骨折,鸡肝
盖氏骨折,虾皮
小儿先天性直肠肛门畸形,白扁豆
小儿先天性直肠肛门畸形,咸鱼
小儿先天性直肠肛门畸形,白砂糖
小儿先天性直肠肛门畸形,花生（炒）
慢性淋巴细胞白血病,啤酒
慢性淋巴细胞白血病,白酒
慢性淋巴细胞白血病,鹿肉
慢性淋巴细胞白血病,鸡肝
小儿先天性侏儒痴呆综合征,白扁豆
小儿先天性侏儒痴呆综合征,咸鱼
小儿先天性侏儒痴呆综合征,白砂糖
小儿先天性侏儒痴呆综合征,花生（炒）
白细胞葡萄糖-6-磷酸脱氢酶缺乏症,白酒
白细胞葡萄糖-6-磷酸脱氢酶缺乏症,杏仁
白细胞葡萄糖-6-磷酸脱氢酶缺乏症,鹿肉
白细胞葡萄糖-6-磷酸脱氢酶缺乏症,鸡肝
小儿先天性主动脉瓣狭窄,白扁豆
小儿先天性主动脉瓣狭窄,咸鱼
小儿先天性主动脉瓣狭窄,白砂糖
小儿先天性主动脉瓣狭窄,花生（炒）
白塞病伴发的精神障碍,鹿肉
白塞病伴发的精神障碍,白砂糖
白塞病伴发的精神障碍,干腌菜
白塞病伴发的精神障碍,冰糖
声带小结,螃蟹
声带小结,葱白
声带小结,大葱
迟发性皮肤卟啉病,杏仁
迟发性皮肤卟啉病,鹿肉
迟发性皮肤卟啉病,鸡肝
迟发性皮肤卟啉病,虾皮
小儿纤维性骨营养不良综合征,白扁豆
小儿纤维性骨营养不良综合征,咸鱼
小儿纤维性骨营养不良综合征,白砂糖
小儿纤维性骨营养不良综合征,花生（炒）
淀粉样变病的胃肠道表现,啤酒
淀粉样变病的胃肠道表现,白酒
淀粉样变病的胃肠道表现,鹿肉
淀粉样变病的胃肠道表现,干腌菜
横位难产,啤酒
横位难产,白酒
横位难产,鸡肝
横位难产,腐竹
小儿限制型心肌病,白扁豆
小儿限制型心肌病,咸鱼
小儿限制型心肌病,白砂糖
小儿限制型心肌病,花生（炒）
高尿酸血症肾病,杏仁
高尿酸血症肾病,鹿肉
高尿酸血症肾病,鸡肝
高尿酸血症肾病,干腌菜
食物过敏性哮喘,啤酒
食物过敏性哮喘,白酒
食物过敏性哮喘,鹿肉
食物过敏性哮喘,鸡肝
薄肾小球基底膜病,啤酒
薄肾小球基底膜病,杏仁
薄肾小球基底膜病,鹿肉
薄肾小球基底膜病,鸡肝
小儿腺病毒性肺炎,白扁豆
小儿腺病毒性肺炎,咸鱼
小儿腺病毒性肺炎,白砂糖
小儿腺病毒性肺炎,花生（炒）
创伤性心源性溶血性贫血,啤酒
创伤性心源性溶血性贫血,白酒
创伤性心源性溶血性贫血,鹿肉
创伤性心源性溶血性贫血,鸡肝
短膜壳绦虫病,啤酒
短膜壳绦虫病,白酒
短膜壳绦虫病,鹿肉
短膜壳绦虫病,鸡肝
胆石性肠梗阻,啤酒
胆石性肠梗阻,白酒
胆石性肠梗阻,鹿肉
胆石性肠梗阻,鸡肝
妊娠合并生殖器疱疹,松子仁
妊娠合并生殖器疱疹,鸭肉
妊娠合并生殖器疱疹,干腌菜
妊娠合并生殖器疱疹,鸭蛋
小儿消化道出血,白扁豆
小儿消化道出血,咸鱼
小儿消化道出血,白砂糖
小儿消化道出血,花生（炒）
穿透性角膜移植术所致青光眼,啤酒
穿透性角膜移植术所致青光眼,白酒
穿透性角膜移植术所致青光眼,鹿肉
穿透性角膜移植术所致青光眼,鸡肝
小儿心搏呼吸骤停与心肺复苏术,白扁豆
小儿心搏呼吸骤停与心肺复苏术,咸鱼
小儿心搏呼吸骤停与心肺复苏术,白砂糖
小儿心搏呼吸骤停与心肺复苏术,花生（炒）
腹股沟直疝,啤酒
腹股沟直疝,白酒
腹股沟直疝,鹿肉
腹股沟直疝,鸡肝
真菌性甲沟炎,松子仁
真菌性甲沟炎,鸭肉
真菌性甲沟炎,干腌菜
真菌性甲沟炎,鸭蛋
小儿心房颤动,白扁豆
小儿心房颤动,咸鱼
小儿心房颤动,白砂糖
小儿心房颤动,花生（炒）
髌腱断裂,杏仁
髌腱断裂,鹿肉
髌腱断裂,鸡肝
髌腱断裂,虾皮
髌骨不稳定,杏仁
髌骨不稳定,鹿肉
髌骨不稳定,鸡肝
髌骨不稳定,鸡肉
喉返神经损伤,鸡肝
喉返神经损伤,腐竹
喉返神经损伤,白扁豆
喉返神经损伤,田螺
鼻红粒病,杏仁
鼻红粒病,鹿肉
鼻红粒病,鸡肝
鼻红粒病,鸡肉
小儿心房扑动,白酒
小儿心房扑动,白扁豆
小儿心房扑动,白砂糖
小儿心房扑动,花生（炒）
尺桡骨骨干双骨折,杏仁
尺桡骨骨干双骨折,鹿肉
尺桡骨骨干双骨折,鸡肝
尺桡骨骨干双骨折,虾皮
小儿心肌炎,啤酒
小儿心肌炎,白酒
小儿心肌炎,咸鸭蛋
小儿心肌炎,白砂糖
后发性白内障,鸡肝
后发性白内障,腐竹
后发性白内障,白扁豆
后发性白内障,鱼肉
小儿心力衰竭,啤酒
小儿心力衰竭,白扁豆
小儿心力衰竭,白砂糖
小儿心力衰竭,花生（炒）
自身免疫性肝病,松子仁
自身免疫性肝病,鸭肉
自身免疫性肝病,干腌菜
自身免疫性肝病,鸭蛋
小儿心律失常,白扁豆
小儿心律失常,白砂糖
小儿心律失常,乌龟
小儿心律失常,花生（炒）
成人T细胞白血病,杏仁
成人T细胞白血病,鹿肉
成人T细胞白血病,鸡肝
成人T细胞白血病,虾皮
创伤窒息综合征,啤酒
创伤窒息综合征,白酒
创伤窒息综合征,鹿肉
创伤窒息综合征,鸡肝
小儿锌缺乏症,螃蟹
小儿锌缺乏症,白扁豆
小儿锌缺乏症,白砂糖
小儿锌缺乏症,花生（炒）
化脓性腱鞘炎,鸡肝
化脓性腱鞘炎,腐竹
化脓性腱鞘炎,白扁豆
化脓性腱鞘炎,田螺
尺管综合征,啤酒
尺管综合征,白酒
尺管综合征,鹿肉
尺管综合征,鸡肝
小儿星形细胞瘤,螃蟹
小儿星形细胞瘤,白扁豆
小儿星形细胞瘤,白砂糖
小儿星形细胞瘤,花生（炒）
心动过缓,啤酒
心动过缓,白酒
心动过缓,鸭肉
心动过缓,鸭蛋
对苯二胺皮炎,啤酒
对苯二胺皮炎,白酒
对苯二胺皮炎,鹿肉
对苯二胺皮炎,鸡肝
小儿雄激素不敏感综合征,螃蟹
小儿雄激素不敏感综合征,白扁豆
小儿雄激素不敏感综合征,白砂糖
小儿雄激素不敏感综合征,花生（炒）
化脓性脑膜炎,鸡肝
化脓性脑膜炎,腐竹
化脓性脑膜炎,白扁豆
化脓性脑膜炎,田螺
点状内层脉络膜病变,杏仁
点状内层脉络膜病变,鹿肉
点状内层脉络膜病变,鸡肝
点状内层脉络膜病变,干腌菜
单侧肾缺如,啤酒
单侧肾缺如,白酒
单侧肾缺如,鹿肉
单侧肾缺如,鸡肝
小儿休克,白扁豆
小儿休克,河蚌
小儿休克,白砂糖
小儿休克,花生（炒）
化妆品皮炎,啤酒
化妆品皮炎,白酒
化妆品皮炎,鸡肝
化妆品皮炎,腐竹
室性心律失常,螃蟹
室性心律失常,白酒
室性心律失常,鸭肉
室性心律失常,鸭蛋
踝关节骨折,啤酒
踝关节骨折,白酒
踝关节骨折,鸡肝
踝关节骨折,白砂糖
骶尾部畸胎瘤,杏仁
骶尾部畸胎瘤,鹿肉
骶尾部畸胎瘤,鸡肝
骶尾部畸胎瘤,鸡肉
小儿血管瘤,螃蟹
小儿血管瘤,白扁豆
小儿血管瘤,白砂糖
小儿血管瘤,花生（炒）
脊柱脊髓伤,啤酒
脊柱脊髓伤,白酒
脊柱脊髓伤,鹿肉
脊柱脊髓伤,鸡肝
小儿血管瘤血小板减少综合征,白扁豆
小儿血管瘤血小板减少综合征,白砂糖
小儿血管瘤血小板减少综合征,虾米
小儿血管瘤血小板减少综合征,花生（炒）
泄殖腔外翻,啤酒
泄殖腔外翻,白酒
泄殖腔外翻,鹿肉
泄殖腔外翻,鸡肝
营养性贫血,白酒
营养性贫血,鸭肉
营养性贫血,腊肉（烟肉）
营养性贫血,鸭蛋
先天性高位肩胛,白酒
先天性高位肩胛,杏仁
先天性高位肩胛,鹿肉
先天性高位肩胛,鸡肝
小儿血管性血友病,螃蟹
小儿血管性血友病,白扁豆
小儿血管性血友病,白砂糖
小儿血管性血友病,花生（炒）
小儿血清病,螃蟹
小儿血清病,白扁豆
小儿血清病,白砂糖
小儿血清病,花生（炒）
黄斑囊样水肿,啤酒
黄斑囊样水肿,白酒
黄斑囊样水肿,鸡肝
黄斑囊样水肿,腐竹
先天性结肠狭窄和闭锁,杏仁
先天性结肠狭窄和闭锁,鹿肉
先天性结肠狭窄和闭锁,鸡肝
先天性结肠狭窄和闭锁,虾皮
小儿血栓性血小板减少性紫癜,白扁豆
小儿血栓性血小板减少性紫癜,白砂糖
小儿血栓性血小板减少性紫癜,虾米
小儿血栓性血小板减少性紫癜,花生（炒）
妊娠纹,螃蟹
妊娠纹,海蟹
妊娠纹,鸭肉
妊娠纹,鸭蛋
鼻窦鳞状细胞癌的眼部病变,啤酒
鼻窦鳞状细胞癌的眼部病变,白酒
鼻窦鳞状细胞癌的眼部病变,鹿肉
鼻窦鳞状细胞癌的眼部病变,鸡肝
创伤性气管及主支气管损伤,啤酒
创伤性气管及主支气管损伤,白酒
创伤性气管及主支气管损伤,鹿肉
创伤性气管及主支气管损伤,干腌菜
小儿血小板无力症,白扁豆
小儿血小板无力症,白砂糖
小儿血小板无力症,虾仁
小儿血小板无力症,花生（炒）
小儿血友病,螃蟹
小儿血友病,白扁豆
小儿血友病,白砂糖
小儿血友病,花生（炒）
创伤性膈疝,啤酒
创伤性膈疝,白酒
创伤性膈疝,鹿肉
创伤性膈疝,鸡肝
冻伤,啤酒
冻伤,白酒
冻伤,鹿肉
冻伤,鸡肝
重复肾盂输尿管畸形,螃蟹
重复肾盂输尿管畸形,鸭肉
重复肾盂输尿管畸形,鸭蛋
重复肾盂输尿管畸形,蛤蜊
败血症,啤酒
败血症,鹿肉
败血症,黄酒
败血症,江米酒
痴呆,杏仁
痴呆,鹿肉
痴呆,鸡肝
痴呆,虾皮
小儿亚急性骨髓炎,白扁豆
小儿亚急性骨髓炎,白砂糖
小儿亚急性骨髓炎,虾米
小儿亚急性骨髓炎,花生（炒）
单发性毛鞘瘤,啤酒
单发性毛鞘瘤,白酒
单发性毛鞘瘤,鹿肉
单发性毛鞘瘤,鸡肝
小儿亚急性甲状腺炎,螃蟹
小儿亚急性甲状腺炎,白扁豆
小儿亚急性甲状腺炎,白砂糖
小儿亚急性甲状腺炎,花生（炒）
小儿亚硝酸盐中毒,白扁豆
小儿亚硝酸盐中毒,白砂糖
小儿亚硝酸盐中毒,虾皮
小儿亚硝酸盐中毒,花生（炒）
汞皮炎,杏仁
汞皮炎,鹿肉
汞皮炎,鸡肝
汞皮炎,公鸡
持续性枕后位难产,鹿肉
持续性枕后位难产,鸡肝
持续性枕后位难产,白砂糖
持续性枕后位难产,公鸡
小儿烟酸缺乏病,螃蟹
小儿烟酸缺乏病,白扁豆
小儿烟酸缺乏病,白砂糖
小儿烟酸缺乏病,花生（炒）
小儿烟雾病,白扁豆
小儿烟雾病,白砂糖
小儿烟雾病,虾米
小儿烟雾病,花生（炒）
小儿淹溺,白扁豆
小儿淹溺,田螺
小儿淹溺,白砂糖
小儿淹溺,花生（炒）
支原体尿路感染,啤酒
支原体尿路感染,白酒
支原体尿路感染,鹿肉
支原体尿路感染,鸡肝
小儿言语和语言障碍,白扁豆
小儿言语和语言障碍,田螺
小儿言语和语言障碍,白砂糖
小儿言语和语言障碍,花生（炒）
混合性结缔组织病,白扁豆
混合性结缔组织病,干腌菜
混合性结缔组织病,蛤蜊
混合性结缔组织病,鳝鱼
伴有脂肪瘤样痣的褶皱皮肤,啤酒
伴有脂肪瘤样痣的褶皱皮肤,白酒
伴有脂肪瘤样痣的褶皱皮肤,鹿肉
伴有脂肪瘤样痣的褶皱皮肤,鸡肝
食管狭窄,螃蟹
食管狭窄,海蟹
食管狭窄,鸭肉
食管狭窄,鸭蛋
玻璃纤维引起的皮肤病,啤酒
玻璃纤维引起的皮肤病,白酒
玻璃纤维引起的皮肤病,鹿肉
玻璃纤维引起的皮肤病,鸡肝
小儿眼-耳-脊椎综合征,白扁豆
小儿眼-耳-脊椎综合征,田螺
小儿眼-耳-脊椎综合征,白砂糖
小儿眼-耳-脊椎综合征,花生（炒）
玻璃体积血,啤酒
玻璃体积血,杏仁
玻璃体积血,鹿肉
玻璃体积血,鸡肝
获得性免疫缺陷综合征,鸡肝
获得性免疫缺陷综合征,蜂蜜
获得性免疫缺陷综合征,腐竹
获得性免疫缺陷综合征,麦芽糖
爆裂性眼眶骨折,杏仁
爆裂性眼眶骨折,鹿肉
爆裂性眼眶骨折,鸡肝
爆裂性眼眶骨折,虾皮
大疱性表皮松解,杏仁
大疱性表皮松解,鹿肉
大疱性表皮松解,鸡肝
大疱性表皮松解,虾皮
小儿药物变态反应,白扁豆
小儿药物变态反应,田螺
小儿药物变态反应,白砂糖
小儿药物变态反应,花生（炒）
鼻孢子虫病,啤酒
鼻孢子虫病,白酒
鼻孢子虫病,鹿肉
鼻孢子虫病,鸡肝
小儿药物性皮炎,白扁豆
小儿药物性皮炎,田螺
小儿药物性皮炎,白砂糖
小儿药物性皮炎,花生（炒）
白喉性心肌炎,啤酒
白喉性心肌炎,白酒
白喉性心肌炎,鹿肉
灼痛,啤酒
灼痛,白酒
灼痛,鹿肉
灼痛,鸡肝
小儿药物性肾损害,白扁豆
小儿药物性肾损害,田螺
小儿药物性肾损害,白砂糖
小儿药物性肾损害,花生（炒）
小儿一氧化碳中毒,白扁豆
小儿一氧化碳中毒,田螺
小儿一氧化碳中毒,白砂糖
小儿一氧化碳中毒,花生（炒）
小儿衣原体肺炎,螃蟹
小儿衣原体肺炎,白扁豆
小儿衣原体肺炎,白砂糖
小儿衣原体肺炎,花生（炒）
不随意运动,啤酒
不随意运动,白酒
不随意运动,鹿肉
不随意运动,鸡肝
小儿遗传性大疱性表皮松解症,螃蟹
小儿遗传性大疱性表皮松解症,白扁豆
小儿遗传性大疱性表皮松解症,白砂糖
小儿遗传性大疱性表皮松解症,花生（炒）
小儿病毒性肺炎,螃蟹
小儿病毒性肺炎,鸭肉
小儿病毒性肺炎,河蚌
小儿病毒性肺炎,鸭蛋
巴雷特食管,白酒
巴雷特食管,杏仁
巴雷特食管,鹿肉
巴雷特食管,鸡肝
单纯疱疹,啤酒
单纯疱疹,白酒
单纯疱疹,鹿肉
单纯疱疹,鸡肝
肌阵挛性小脑协调障碍,啤酒
肌阵挛性小脑协调障碍,白酒
肌阵挛性小脑协调障碍,鸡肝
肌阵挛性小脑协调障碍,腐竹
大网膜囊肿,啤酒
大网膜囊肿,白酒
大网膜囊肿,鹿肉
大网膜囊肿,鸡肝
成人先天性髋关节脱位,螃蟹
成人先天性髋关节脱位,鸭肉
成人先天性髋关节脱位,河蚌
成人先天性髋关节脱位,鸭蛋
急进性肾小球肾炎,白酒
急进性肾小球肾炎,鸡肝
急进性肾小球肾炎,腐竹
急进性肾小球肾炎,干腌菜
抽搐与惊厥,啤酒
抽搐与惊厥,白酒
抽搐与惊厥,鹿肉
抽搐与惊厥,鸡肝
急性肠系膜上静脉血栓形成,啤酒
急性肠系膜上静脉血栓形成,白酒
急性肠系膜上静脉血栓形成,鸡蛋黄
小儿遗尿,螃蟹
小儿遗尿,田螺
小儿遗尿,绿豆
小儿遗尿,赤小豆
盆底综合征,啤酒
盆底综合征,白酒
盆底综合征,鹿肉
盆底综合征,鸡肝
急性非特异性睾丸炎,啤酒
急性非特异性睾丸炎,白酒
急性非特异性睾丸炎,鸡肝
急性非特异性睾丸炎,腐竹
脱发性毛囊炎,啤酒
脱发性毛囊炎,白酒
脱发性毛囊炎,鹿肉
脱发性毛囊炎,鸡肝
烫伤,螃蟹
烫伤,鸭肉
烫伤,河蚌
烫伤,鸭蛋
急性附件炎,啤酒
急性附件炎,白酒
急性附件炎,鸡肝
急性附件炎,腐竹
急性梗阻性化脓性胆管炎,啤酒
急性梗阻性化脓性胆管炎,白酒
急性梗阻性化脓性胆管炎,鸡肝
急性梗阻性化脓性胆管炎,腐竹
多发脑梗死性痴呆,啤酒
多发脑梗死性痴呆,白酒
多发脑梗死性痴呆,鹿肉
多发脑梗死性痴呆,鸡肝
小儿隐睾症,田螺
小儿隐睾症,绿豆
小儿隐睾症,赤小豆
小儿隐睾症,乌龟
焦油性黑变病,杏仁
焦油性黑变病,鹿肉
焦油性黑变病,鸡肝
焦油性黑变病,虾皮
继发性白血病,啤酒
继发性白血病,白酒
继发性白血病,鹿肉
继发性白血病,鸡肝
小儿营养不良性消瘦,油豆腐
小儿营养不良性消瘦,咸鸭蛋
小儿营养不良性消瘦,绿豆
小儿营养不良性消瘦,赤小豆
急性间质性肺炎,啤酒
急性间质性肺炎,白酒
急性间质性肺炎,鸡肝
急性间质性肺炎,腐竹
口臭,杏仁
口臭,鹿肉
口臭,鸡肝
口臭,虾皮
脑型肺吸虫病,杏仁
脑型肺吸虫病,鹿肉
脑型肺吸虫病,鸡肝
脑型肺吸虫病,虾皮
神经根型颈椎病,啤酒
神经根型颈椎病,白酒
神经根型颈椎病,鹿肉
神经根型颈椎病,鸡蛋黄
急性弥漫性腹膜炎,啤酒
急性弥漫性腹膜炎,白酒
急性弥漫性腹膜炎,鸡肝
急性弥漫性腹膜炎,腐竹
神经性厌食症与神经性贪食症,啤酒
神经性厌食症与神经性贪食症,白酒
神经性厌食症与神经性贪食症,鹿肉
神经性厌食症与神经性贪食症,干腌菜
急性糜烂性胃炎,鸡肝
急性糜烂性胃炎,腐竹
急性糜烂性胃炎,白扁豆
急性糜烂性胃炎,田螺
微病毒B19感染性风湿病,杏仁
微病毒B19感染性风湿病,鹿肉
微病毒B19感染性风湿病,鸡肝
微病毒B19感染性风湿病,虾皮
H7n7,螃蟹
H7n7,海参
H7n7,鸭肉
H7n7,鸭蛋
胸、腰椎爆裂骨折,啤酒
胸、腰椎爆裂骨折,白酒
胸、腰椎爆裂骨折,鹿肉
胸、腰椎爆裂骨折,鸡肝
小儿硬皮病,油豆腐
小儿硬皮病,咸鸭蛋
小儿硬皮病,绿豆
小儿硬皮病,赤小豆
老年病,螃蟹
老年病,海蟹
老年病,鸭肉
老年病,鸭蛋
毒性结节性甲状腺肿,啤酒
毒性结节性甲状腺肿,白酒
毒性结节性甲状腺肿,鹿肉
毒性结节性甲状腺肿,鸡肝
急性盆腔炎,鸡肝
急性盆腔炎,腐竹
急性盆腔炎,白扁豆
急性盆腔炎,白砂糖
钝挫伤,啤酒
钝挫伤,白酒
钝挫伤,鹿肉
钝挫伤,鸡肝
急性气管支气管炎,啤酒
急性气管支气管炎,白酒
急性气管支气管炎,鸡肝
急性气管支气管炎,腐竹
性病,啤酒
性病,白酒
性病,鸭肉
性病,鸭蛋
分裂情感性障碍,啤酒
分裂情感性障碍,鹿肉
分裂情感性障碍,白砂糖
分裂情感性障碍,干腌菜
小儿有机磷农药中毒,油豆腐
小儿有机磷农药中毒,田螺
小儿有机磷农药中毒,绿豆
小儿有机磷农药中毒,赤小豆
心理疾病,螃蟹
心理疾病,鸭肉
心理疾病,鸭蛋
心理疾病,龙虾
多肌腱末端病,啤酒
多肌腱末端病,白酒
多肌腱末端病,鹿肉
多肌腱末端病,鸡肝
男性病,螃蟹
男性病,白酒
男性病,鸭肉
男性病,鸭蛋
多毛状小阴唇,杏仁
多毛状小阴唇,鹿肉
多毛状小阴唇,鸡肝
多毛状小阴唇,虾皮
胸椎病,螃蟹
胸椎病,鸭肉
胸椎病,鸭蛋
胸椎病,龙虾
多重肺部感染,啤酒
多重肺部感染,白酒
多重肺部感染,鹿肉
多重肺部感染,鸡肝
恶性雀斑样痣,啤酒
恶性雀斑样痣,白酒
恶性雀斑样痣,鹿肉
恶性雀斑样痣,鸡肝
妇科疾病,螃蟹
妇科疾病,鸭肉
妇科疾病,鸭蛋
妇科疾病,龙虾
急性髓细胞白血病,啤酒
急性髓细胞白血病,白酒
急性髓细胞白血病,鸡肝
急性髓细胞白血病,干腌菜
血液病,螃蟹
血液病,鸭肉
血液病,鸭蛋
血液病,龙虾
裂纹舌,螃蟹
裂纹舌,鸭肉
裂纹舌,鸭蛋
裂纹舌,龙虾
骨折不愈合,螃蟹
骨折不愈合,鸭肉
骨折不愈合,鸭蛋
骨折不愈合,龙虾
急性右侧心力衰竭,鸡肝
急性右侧心力衰竭,腐竹
急性右侧心力衰竭,白扁豆
急性右侧心力衰竭,干腌菜
肾萎缩,螃蟹
肾萎缩,鸭肉
肾萎缩,鸭蛋
肾萎缩,龙虾
耳鼻咽喉创伤,啤酒
耳鼻咽喉创伤,白酒
耳鼻咽喉创伤,鹿肉
耳鼻咽喉创伤,鸡肝
胆囊息肉样病变,螃蟹
胆囊息肉样病变,鸭肉
胆囊息肉样病变,鸭蛋
胆囊息肉样病变,龙虾
分水岭区脑梗死,白酒
分水岭区脑梗死,杏仁
分水岭区脑梗死,鹿肉
分水岭区脑梗死,羊油
脑炎后遗症,螃蟹
脑炎后遗症,鸭肉
脑炎后遗症,鸭蛋
脑炎后遗症,龙虾
黑头粉刺痣,螃蟹
黑头粉刺痣,鸭肉
黑头粉刺痣,鸭蛋
黑头粉刺痣,龙虾
小儿原发性脑干损伤,油豆腐
小儿原发性脑干损伤,田螺
小儿原发性脑干损伤,绿豆
小儿原发性脑干损伤,赤小豆
妇科炎症,白酒
妇科炎症,鸭肉
妇科炎症,鸭蛋
妇科炎症,蟹肉
急性左侧心力衰竭,鸡肝
急性左侧心力衰竭,腐竹
急性左侧心力衰竭,白扁豆
急性左侧心力衰竭,干腌菜
肾病,杏仁
肾病,鸭肉
肾病,腐竹
肾病,鸭蛋
急慢性肝炎,螃蟹
急慢性肝炎,鸭肉
急慢性肝炎,腐竹
急慢性肝炎,鸭蛋
非特异性系统性坏死性小血管炎,啤酒
非特异性系统性坏死性小血管炎,白酒
非特异性系统性坏死性小血管炎,鹿肉
非特异性系统性坏死性小血管炎,干腌菜
脑癌,杏仁
脑癌,鸭肉
脑癌,腐竹
脑癌,鸭蛋
肥大性骨关节病,啤酒
肥大性骨关节病,白酒
肥大性骨关节病,鹿肉
肥大性骨关节病,鸡肝
粉刺样痣,啤酒
粉刺样痣,白酒
粉刺样痣,鹿肉
粉刺样痣,鸡肝
风湿病性贫血,啤酒
风湿病性贫血,白酒
风湿病性贫血,鹿肉
风湿病性贫血,鸭肉
肛肠疾病,杏仁
肛肠疾病,鸭肉
肛肠疾病,腐竹
肛肠疾病,鸭蛋
腹壁纤维肉瘤,杏仁
腹壁纤维肉瘤,鹿肉
腹壁纤维肉瘤,鸡肝
腹壁纤维肉瘤,虾皮
宫颈疾病,鸭肉
宫颈疾病,白扁豆
宫颈疾病,咸鱼
宫颈疾病,鸭蛋
棘上韧带损伤,鸡肝
棘上韧带损伤,腐竹
棘上韧带损伤,白扁豆
棘上韧带损伤,干腌菜
腹部大血管损伤,啤酒
腹部大血管损伤,白酒
腹部大血管损伤,鹿肉
腹部大血管损伤,干腌菜
腹膜后纤维化,啤酒
腹膜后纤维化,白酒
腹膜后纤维化,鹿肉
腹膜后纤维化,鸡肝
呼吸疾病,杏仁
呼吸疾病,鸭肉
呼吸疾病,白扁豆
呼吸疾病,鸭蛋
小儿粘连性肠梗阻,啤酒
小儿粘连性肠梗阻,白酒
小儿粘连性肠梗阻,油豆腐
小儿粘连性肠梗阻,绿豆
腹膜转移癌,啤酒
腹膜转移癌,白酒
腹膜转移癌,鹿肉
腹膜转移癌,鸡肝
肺病,螃蟹
肺病,鸭肉
肺病,白扁豆
肺病,鸭蛋
小儿阵发性室上性心动过速,啤酒
小儿阵发性室上性心动过速,白酒
小儿阵发性室上性心动过速,油豆腐
小儿阵发性室上性心动过速,绿豆
腹腔肺吸虫病,啤酒
腹腔肺吸虫病,白酒
腹腔肺吸虫病,鹿肉
腹腔肺吸虫病,鸡肝
泌尿感染,螃蟹
泌尿感染,鸭肉
泌尿感染,白扁豆
泌尿感染,鸭蛋
小儿阵发性室性心动过速,油豆腐
小儿阵发性室性心动过速,田螺
小儿阵发性室性心动过速,绿豆
小儿阵发性室性心动过速,赤小豆
高胡萝卜素血症,白酒
高胡萝卜素血症,杏仁
高胡萝卜素血症,鹿肉
高胡萝卜素血症,鸡肝
乳腺病,啤酒
乳腺病,白酒
乳腺病,鸭肉
乳腺病,鸭蛋
革兰阳性球菌和革兰阴性杆菌性巩膜炎,啤酒
革兰阳性球菌和革兰阴性杆菌性巩膜炎,白酒
革兰阳性球菌和革兰阴性杆菌性巩膜炎,鹿肉
革兰阳性球菌和革兰阴性杆菌性巩膜炎,鸡肝
癌症,鸭肉
癌症,白扁豆
癌症,鸭蛋
癌症,虾米
牙科病,啤酒
牙科病,白酒
牙科病,鸭肉
牙科病,鸭蛋
小儿支气管肺炎,油豆腐
小儿支气管肺炎,田螺
小儿支气管肺炎,羊油
小儿支气管肺炎,赤小豆
男科病,啤酒
男科病,白酒
男科病,鸭肉
男科病,鸭蛋
跟骨骨骺骨软骨病,啤酒
跟骨骨骺骨软骨病,白酒
跟骨骨骺骨软骨病,鹿肉
跟骨骨骺骨软骨病,鸡肝
脑发育不良,啤酒
脑发育不良,白酒
脑发育不良,鸭肉
脑发育不良,鸭蛋
小儿支气管哮喘,海蟹
小儿支气管哮喘,田螺
小儿支气管哮喘,赤小豆
小儿支气管哮喘,海蜇头
妇科综合,啤酒
妇科综合,白酒
妇科综合,鸭肉
妇科综合,鸭蛋
口腔疾病,啤酒
口腔疾病,白酒
口腔疾病,白砂糖
口腔疾病,鸭蛋
肱骨上端骨骺分离,杏仁
肱骨上端骨骺分离,鹿肉
肱骨上端骨骺分离,鸡肝
肱骨上端骨骺分离,虾皮
骨病,螃蟹
骨病,鸭肉
骨病,白扁豆
骨病,鸭蛋
阿米巴痢疾,田螺
阿米巴痢疾,干腌菜
阿米巴痢疾,鸭血(白鸭)
阿米巴痢疾,绿豆
股骨髁上骨折,啤酒
股骨髁上骨折,白酒
股骨髁上骨折,鸭血(白鸭)
股骨髁上骨折,绿豆
妇科病,白酒
妇科病,鸭肉
妇科病,白扁豆
妇科病,鸭蛋
股骨头骨折,啤酒
股骨头骨折,白酒
股骨头骨折,鸭血(白鸭)
股骨头骨折,绿豆
肿瘤,白酒
肿瘤,芝麻
肿瘤,鸭肉
肿瘤,鸭蛋
脊柱脊髓损伤,鸡肝
脊柱脊髓损伤,腐竹
脊柱脊髓损伤,白扁豆
脊柱脊髓损伤,干腌菜
小儿中暑和暑热症,螃蟹
小儿中暑和暑热症,田螺
小儿中暑和暑热症,河蚌
小儿中暑和暑热症,赤小豆
股骨转子间骨折,啤酒
股骨转子间骨折,白酒
股骨转子间骨折,鸭血(白鸭)
股骨转子间骨折,绿豆
血管病,啤酒
血管病,鸭肉
血管病,黄酒
血管病,鸭蛋
股神经干性痛,田螺
股神经干性痛,河蚌
股神经干性痛,鸭血(白鸭)
股神经干性痛,绿豆
内分泌病,松子仁
内分泌病,鸭肉
内分泌病,白扁豆
内分泌病,鸭蛋
继发性腹膜炎,鸡肝
继发性腹膜炎,腐竹
继发性腹膜炎,白扁豆
继发性腹膜炎,干腌菜
脊柱疾病,杏仁
脊柱疾病,鸭肉
脊柱疾病,腐竹
脊柱疾病,鸭蛋
骨产道异常性难产,啤酒
骨产道异常性难产,白酒
骨产道异常性难产,鸭血(白鸭)
骨产道异常性难产,绿豆
脑病,鸭肉
脑病,腐竹
脑病,白扁豆
脑病,鸭蛋
遗传病,鸭肉
遗传病,腐竹
遗传病,白扁豆
遗传病,鸭蛋
甲状腺疾病,鸭肉
甲状腺疾病,腐竹
甲状腺疾病,白扁豆
甲状腺疾病,鸭蛋
骨良性纤维组织细胞瘤,螃蟹
骨良性纤维组织细胞瘤,田螺
骨良性纤维组织细胞瘤,鸭血(白鸭)
骨良性纤维组织细胞瘤,绿豆
继发性化脓性腹膜炎,鸡肝
继发性化脓性腹膜炎,腐竹
继发性化脓性腹膜炎,白扁豆
继发性化脓性腹膜炎,干腌菜
骨膜软骨瘤,猪肚
骨膜软骨瘤,猪脑
骨膜软骨瘤,香肠
骨膜软骨瘤,羊骨
口腔病,鸭肉
口腔病,白扁豆
口腔病,鸭蛋
口腔病,鲐鱼
骨纤维肉瘤,啤酒
骨纤维肉瘤,白酒
骨纤维肉瘤,鸭血(白鸭)
骨纤维肉瘤,绿豆
关节疼痛,鸭肉
关节疼痛,白扁豆
关节疼痛,鸭蛋
关节疼痛,鲐鱼
咽喉痛,鸭肉
咽喉痛,白扁豆
咽喉痛,鸭蛋
咽喉痛,鲐鱼
骨血管内皮细胞瘤,田螺
骨血管内皮细胞瘤,河蚌
骨血管内皮细胞瘤,鸭血(白鸭)
骨血管内皮细胞瘤,绿豆
继发性痛经,鸡肝
继发性痛经,腐竹
继发性痛经,白扁豆
继发性痛经,干腌菜
盆腔疾病,白酒
盆腔疾病,鸭肉
盆腔疾病,白扁豆
盆腔疾病,鸭蛋
小儿注意缺陷障碍,螃蟹
小儿注意缺陷障碍,田螺
小儿注意缺陷障碍,河蚌
小儿注意缺陷障碍,赤小豆
乳腺疾病,杏仁
乳腺疾病,鸭肉
乳腺疾病,腐竹
乳腺疾病,鸭蛋
固定性斜视,啤酒
固定性斜视,白酒
固定性斜视,鸭血(白鸭)
固定性斜视,绿豆
支气管病,杏仁
支气管病,鸭肉
支气管病,腐竹
支气管病,鸭蛋
神经类疾病,杏仁
神经类疾病,鸭肉
神经类疾病,腐竹
神经类疾病,鸭蛋
耳病,杏仁
耳病,鸭肉
耳病,腐竹
耳病,鸭蛋
汗孔角化病,田螺
汗孔角化病,河蚌
汗孔角化病,鸭血(白鸭)
汗孔角化病,绿豆
食管病,螃蟹
食管病,鸭肉
食管病,田螺
食管病,鸭蛋
黑布拉痒疹,田螺
黑布拉痒疹,鸭血(白鸭)
黑布拉痒疹,绿豆
黑布拉痒疹,蛏子
月经病,螃蟹
月经病,鸭蛋
月经病,蛤蜊
月经病,豌豆
寄生虫性尿路感染,鸡肝
寄生虫性尿路感染,腐竹
寄生虫性尿路感染,白扁豆
寄生虫性尿路感染,干腌菜
红细胞生成性卟啉病,啤酒
红细胞生成性卟啉病,白酒
红细胞生成性卟啉病,鸭血(白鸭)
红细胞生成性卟啉病,绿豆
肛肠病,螃蟹
肛肠病,鸭肉
肛肠病,鸭蛋
肛肠病,蛤蜊
虹膜黑色素瘤,咸鸭蛋
虹膜黑色素瘤,羊油
虹膜黑色素瘤,鸭血(白鸭)
虹膜黑色素瘤,绿豆
鼻病,螃蟹
鼻病,白酒
鼻病,鸭肉
鼻病,鸭蛋
喉气管食管裂,啤酒
喉气管食管裂,白酒
喉气管食管裂,鸭血(白鸭)
喉气管食管裂,绿豆
血压病,杏仁
血压病,鸭肉
血压病,腐竹
血压病,鸭蛋
淋巴病,白酒
淋巴病,杏仁
淋巴病,鸭肉
淋巴病,鸭蛋
细菌感染,啤酒
细菌感染,白酒
细菌感染,鸭肉
细菌感染,鸭蛋
后葡萄膜炎,啤酒
后葡萄膜炎,白酒
后葡萄膜炎,鸭血(白鸭)
后葡萄膜炎,公鸡
试管婴儿,啤酒
试管婴儿,白酒
试管婴儿,鸭肉
试管婴儿,鸭蛋
家族性红细胞增多症,鸡肝
家族性红细胞增多症,腐竹
家族性红细胞增多症,白扁豆
家族性红细胞增多症,干腌菜
分娩,螃蟹
分娩,鸭肉
分娩,白扁豆
分娩,鸭蛋
双性恋,鸭肉
双性恋,花生
双性恋,鸡蛋黄
双性恋,鸭蛋
滑石粉尘肺,啤酒
滑石粉尘肺,白酒
滑石粉尘肺,鸭血(白鸭)
滑石粉尘肺,绿豆
化学液体吸入,啤酒
化学液体吸入,白酒
化学液体吸入,鸭血(白鸭)
化学液体吸入,绿豆
皮质性遗忘症,螃蟹
皮质性遗忘症,鸭肉
皮质性遗忘症,白扁豆
皮质性遗忘症,鸭蛋
踝关节软骨损伤,啤酒
踝关节软骨损伤,白酒
踝关节软骨损伤,鸭血(白鸭)
踝关节软骨损伤,绿豆
淋巴结结核,白酒
淋巴结结核,鸭肉
淋巴结结核,鸭蛋
淋巴结结核,面肥
坏疽性脓皮症,啤酒
坏疽性脓皮症,白酒
坏疽性脓皮症,鸭血(白鸭)
坏疽性脓皮症,绿豆
硬斑,螃蟹
硬斑,鸭肉
硬斑,白扁豆
硬斑,鸭蛋
足外翻,螃蟹
足外翻,鸭肉
足外翻,白扁豆
足外翻,鸭蛋
梦游症,螃蟹
梦游症,鸭肉
梦游症,鸭蛋
梦游症,蛤蜊
副耳,啤酒
副耳,白酒
副耳,鸭肉
副耳,鸭蛋
埃莱尔-当洛综合征,啤酒
埃莱尔-当洛综合征,田螺
埃莱尔-当洛综合征,鸭血(白鸭)
埃莱尔-当洛综合征,绿豆
会阴疝,螃蟹
会阴疝,田螺
会阴疝,鸭血(白鸭)
会阴疝,绿豆
腕枪刺状畸形,螃蟹
腕枪刺状畸形,鸭肉
腕枪刺状畸形,鸭蛋
腕枪刺状畸形,蛤蜊
甲良性肿瘤,鸡肝
甲良性肿瘤,腐竹
甲良性肿瘤,白扁豆
甲良性肿瘤,干腌菜
剥脱性皮炎,螃蟹
剥脱性皮炎,白酒
剥脱性皮炎,鸭肉
剥脱性皮炎,鸭蛋
甲内型甲真菌病,鸡肝
甲内型甲真菌病,腐竹
甲内型甲真菌病,花生
甲内型甲真菌病,干腌菜
单次发作抑郁症,白酒
单次发作抑郁症,鸭肉
单次发作抑郁症,干腌菜
单次发作抑郁症,鸭蛋
撕脱骨折,螃蟹
撕脱骨折,白酒
撕脱骨折,鸭肉
撕脱骨折,鸭蛋
肌肉肌腱单位的急性损伤,啤酒
肌肉肌腱单位的急性损伤,白酒
肌肉肌腱单位的急性损伤,鸭血(白鸭)
肌肉肌腱单位的急性损伤,绿豆
甲型病毒性肝炎,鸡肝
甲型病毒性肝炎,腐竹
甲型病毒性肝炎,白扁豆
甲型病毒性肝炎,干腌菜
植物神经功能障碍,螃蟹
植物神经功能障碍,鸭肉
植物神经功能障碍,河蚌
植物神经功能障碍,鸭蛋
肌张力障碍综合征,啤酒
肌张力障碍综合征,白酒
肌张力障碍综合征,鸭血(白鸭)
肌张力障碍综合征,绿豆
甲状旁腺功能减退性心肌病,鸡肝
甲状旁腺功能减退性心肌病,腐竹
甲状旁腺功能减退性心肌病,白扁豆
甲状旁腺功能减退性心肌病,干腌菜
孤独症,白酒
孤独症,鸭肉
孤独症,鸭蛋
孤独症,面肥
甲状旁腺功能减退症,鸡肝
甲状旁腺功能减退症,腐竹
甲状旁腺功能减退症,白扁豆
甲状旁腺功能减退症,干腌菜
痔核,螃蟹
痔核,白酒
痔核,鸭肉
痔核,鸭蛋
甲状旁腺功能亢进性心肌病,鸡肝
甲状旁腺功能亢进性心肌病,腐竹
甲状旁腺功能亢进性心肌病,白扁豆
甲状旁腺功能亢进性心肌病,干腌菜
发育性骨盆异常,螃蟹
发育性骨盆异常,白酒
发育性骨盆异常,鸭肉
发育性骨盆异常,鸭蛋
甲状旁腺功能异常伴发的精神障碍,白酒
甲状旁腺功能异常伴发的精神障碍,鸡肝
甲状旁腺功能异常伴发的精神障碍,腐竹
甲状旁腺功能异常伴发的精神障碍,干腌菜
成人多动症,螃蟹
成人多动症,白酒
成人多动症,鸭肉
成人多动症,鸭蛋
基底细胞癌,啤酒
基底细胞癌,白酒
基底细胞癌,干腌菜
基底细胞癌,鸭血(白鸭)
甲状腺功能减退症,鸡肝
甲状腺功能减退症,腐竹
甲状腺功能减退症,白扁豆
甲状腺功能减退症,干腌菜
舌炎,螃蟹
舌炎,鸭肉
舌炎,鸭蛋
舌炎,蛤蜊
足癣,啤酒
足癣,白酒
足癣,鸭肉
足癣,鸭蛋
急性化脓性脑膜炎,啤酒
急性化脓性脑膜炎,白酒
急性化脓性脑膜炎,白果（干）
急性化脓性脑膜炎,鸭血(白鸭)
甲状腺功能亢进性心肌病,鸡肝
甲状腺功能亢进性心肌病,腐竹
甲状腺功能亢进性心肌病,白扁豆
甲状腺功能亢进性心肌病,干腌菜
丧偶后适应性障碍,螃蟹
丧偶后适应性障碍,白酒
丧偶后适应性障碍,鸭肉
丧偶后适应性障碍,鸭蛋
心动过速性心肌病,海参
心动过速性心肌病,田螺
心动过速性心肌病,河蚌
心动过速性心肌病,赤小豆
痢疾,螃蟹
痢疾,鸭肉
痢疾,鸭蛋
痢疾,蛤蜊
甲状腺功能亢进症的肾损害,白酒
甲状腺功能亢进症的肾损害,鸡肝
甲状腺功能亢进症的肾损害,腐竹
甲状腺功能亢进症的肾损害,干腌菜
急性化脓性胃炎,白酒
急性化脓性胃炎,白果（干）
急性化脓性胃炎,鸭血(白鸭)
急性化脓性胃炎,绿豆
信息成瘾,螃蟹
信息成瘾,鸭肉
信息成瘾,鸭蛋
信息成瘾,蛤蜊
甲状腺功能异常伴发的精神障碍,鸡肝
甲状腺功能异常伴发的精神障碍,腐竹
甲状腺功能异常伴发的精神障碍,鸡蛋黄
甲状腺功能异常伴发的精神障碍,干腌菜
心房颤动,啤酒
心房颤动,白酒
心房颤动,咸鸭蛋
心房颤动,赤小豆
急性酒中毒,白酒
急性酒中毒,白果（干）
急性酒中毒,鸭血(白鸭)
急性酒中毒,绿豆
胸廓畸形,螃蟹
胸廓畸形,白酒
胸廓畸形,鸭肉
胸廓畸形,鸭蛋
甲状腺结核,鸡肝
甲状腺结核,腐竹
甲状腺结核,白扁豆
甲状腺结核,田螺
心房内传导阻滞,啤酒
心房内传导阻滞,白酒
心房内传导阻滞,鸡蛋黄
心房内传导阻滞,赤小豆
急性粒细胞缺乏,田螺
急性粒细胞缺乏,鸭血(白鸭)
急性粒细胞缺乏,绿豆
急性粒细胞缺乏,乌龟
遗传性肥胖,螃蟹
遗传性肥胖,鸭肉
遗传性肥胖,鸭蛋
遗传性肥胖,蛤蜊
心房内折返性心动过速,海参
心房内折返性心动过速,田螺
心房内折返性心动过速,河蚌
心房内折返性心动过速,赤小豆
急性淋巴细胞白血病,白酒
急性淋巴细胞白血病,鸭血(白鸭)
急性淋巴细胞白血病,绿豆
急性淋巴细胞白血病,乌龟
表演型人格障碍,螃蟹
表演型人格障碍,鸭肉
表演型人格障碍,鸭蛋
表演型人格障碍,蛤蜊
急性咽炎,田螺
急性咽炎,鸭血(白鸭)
急性咽炎,绿豆
急性咽炎,乌龟
病理性REM睡眠,螃蟹
病理性REM睡眠,鸭肉
病理性REM睡眠,鸭蛋
病理性REM睡眠,蛤蜊
急性硬脑膜下血肿,白酒
急性硬脑膜下血肿,鸭血(白鸭)
急性硬脑膜下血肿,绿豆
急性硬脑膜下血肿,乌龟
假性高血压,鸡肝
假性高血压,腐竹
假性高血压,白扁豆
假性高血压,田螺
β-氨基酸尿,螃蟹
β-氨基酸尿,鸭肉
β-氨基酸尿,鸭蛋
β-氨基酸尿,蛤蜊
脊椎化脓性骨髓炎,田螺
脊椎化脓性骨髓炎,河蚌
脊椎化脓性骨髓炎,鸭血(白鸭)
脊椎化脓性骨髓炎,绿豆
气压伤,螃蟹
气压伤,鸭肉
气压伤,鸭蛋
气压伤,蛤蜊
内分泌功能亢进,螃蟹
内分泌功能亢进,白酒
内分泌功能亢进,鸭肉
内分泌功能亢进,鸭蛋
心脏骤停与心肺脑复苏,螃蟹
心脏骤停与心肺脑复苏,田螺
心脏骤停与心肺脑复苏,河蚌
心脏骤停与心肺脑复苏,赤小豆
假性黑棘皮病,鸡肝
假性黑棘皮病,腐竹
假性黑棘皮病,白扁豆
假性黑棘皮病,田螺
糙皮病样皮疹,啤酒
糙皮病样皮疹,白酒
糙皮病样皮疹,鸭肉
糙皮病样皮疹,鸭蛋
肩峰下滑囊炎,螃蟹
肩峰下滑囊炎,田螺
肩峰下滑囊炎,鸭血(白鸭)
肩峰下滑囊炎,绿豆
肩关节周围炎,田螺
肩关节周围炎,河蚌
肩关节周围炎,鸭血(白鸭)
肩关节周围炎,绿豆
肩关节不稳定,鸡肝
肩关节不稳定,腐竹
肩关节不稳定,白扁豆
肩关节不稳定,咸鱼
先天性少白头,啤酒
先天性少白头,白酒
先天性少白头,鸭肉
先天性少白头,鸭蛋
营养代谢缺乏,啤酒
营养代谢缺乏,白酒
营养代谢缺乏,鸭肉
营养代谢缺乏,鸭蛋
肩锁关节脱位,白酒
肩锁关节脱位,田螺
肩锁关节脱位,鸭血(白鸭)
肩锁关节脱位,绿豆
心脏淤积淀粉样物质,啤酒
心脏淤积淀粉样物质,白酒
心脏淤积淀粉样物质,鸭肉
心脏淤积淀粉样物质,鸭蛋
埃可病毒疹,螃蟹
埃可病毒疹,田螺
埃可病毒疹,鸭血(白鸭)
埃可病毒疹,绿豆
肩胛骨体部骨折,鸡肝
肩胛骨体部骨折,腐竹
肩胛骨体部骨折,白扁豆
肩胛骨体部骨折,田螺
高睾酮血症,白酒
高睾酮血症,鸭肉
高睾酮血症,干腌菜
高睾酮血症,鸭蛋
腱病,螃蟹
腱病,田螺
腱病,鸭血(白鸭)
腱病,绿豆
肩胛颈及肩胛盂骨折,鸡肝
肩胛颈及肩胛盂骨折,腐竹
肩胛颈及肩胛盂骨折,白扁豆
肩胛颈及肩胛盂骨折,田螺
低氯性碱中毒,螃蟹
低氯性碱中毒,鸭肉
低氯性碱中毒,干腌菜
低氯性碱中毒,鸭蛋
浆细胞白血病,螃蟹
浆细胞白血病,田螺
浆细胞白血病,鸭血(白鸭)
浆细胞白血病,绿豆
浆细胞性唇炎,白酒
浆细胞性唇炎,田螺
浆细胞性唇炎,鸭血(白鸭)
浆细胞性唇炎,绿豆
病理性近视,螃蟹
病理性近视,鸭肉
病理性近视,干腌菜
病理性近视,鸭蛋
肩袖损伤,鸡肝
肩袖损伤,腐竹
肩袖损伤,白扁豆
肩袖损伤,田螺
胶样粟丘疹,田螺
胶样粟丘疹,鸭血(白鸭)
胶样粟丘疹,绿豆
胶样粟丘疹,虾仁
溶血性黄疸,螃蟹
溶血性黄疸,洋葱
溶血性黄疸,油条
溶血性黄疸,蛤蜊
珍珠丘疹,鸭肉
珍珠丘疹,干腌菜
珍珠丘疹,鸭蛋
珍珠丘疹,螺丝菜
运动性闭经,螃蟹
运动性闭经,鸭肉
运动性闭经,咸鱼
运动性闭经,鸭蛋
结节性甲状腺肿,螃蟹
结节性甲状腺肿,田螺
结节性甲状腺肿,鸭血(白鸭)
结节性甲状腺肿,绿豆
腱鞘囊肿,鸡肝
腱鞘囊肿,腐竹
腱鞘囊肿,白扁豆
腱鞘囊肿,干腌菜
增殖体肥大,鸭肉
增殖体肥大,咸鱼
增殖体肥大,油皮
增殖体肥大,鸭蛋
进行性核上性麻痹,田螺
进行性核上性麻痹,河蚌
进行性核上性麻痹,鸭血(白鸭)
进行性核上性麻痹,绿豆
强迫型人格障碍,啤酒
强迫型人格障碍,白酒
强迫型人格障碍,鸭肉
强迫型人格障碍,鸭蛋
晶状体蛋白过敏性青光眼,田螺
晶状体蛋白过敏性青光眼,鸭血(白鸭)
晶状体蛋白过敏性青光眼,绿豆
晶状体蛋白过敏性青光眼,蛏子
冲动型人格障碍,啤酒
冲动型人格障碍,白酒
冲动型人格障碍,鸭肉
冲动型人格障碍,鸭蛋
精索恶性肿瘤,田螺
精索恶性肿瘤,鸭血(白鸭)
精索恶性肿瘤,绿豆
精索恶性肿瘤,龙虾
完全流产,螃蟹
完全流产,香菜
完全流产,海参
完全流产,河蚌
颈淋巴结结核,田螺
颈淋巴结结核,鸭血(白鸭)
颈淋巴结结核,绿豆
颈淋巴结结核,龙虾
风湿性血管炎,螃蟹
风湿性血管炎,鸭肉
风湿性血管炎,河蚌
风湿性血管炎,鸭蛋
鼻前庭囊肿,螃蟹
鼻前庭囊肿,鸭肉
鼻前庭囊肿,河蚌
鼻前庭囊肿,鸭蛋
脚癣,鸡肝
脚癣,腐竹
脚癣,白扁豆
脚癣,田螺
化学性支气管炎,螃蟹
化学性支气管炎,鸭肉
化学性支气管炎,河蚌
化学性支气管炎,鸭蛋
颈椎间盘突出症,田螺
颈椎间盘突出症,河蚌
颈椎间盘突出症,鸭血(白鸭)
颈椎间盘突出症,绿豆
盲肠阿米巴肉芽肿,螃蟹
盲肠阿米巴肉芽肿,鸭肉
盲肠阿米巴肉芽肿,河蚌
盲肠阿米巴肉芽肿,鸭蛋
颈椎椎管狭窄症,螃蟹
颈椎椎管狭窄症,田螺
颈椎椎管狭窄症,鸭血(白鸭)
颈椎椎管狭窄症,绿豆
胫骨平台骨折,田螺
胫骨平台骨折,羊油
胫骨平台骨折,鸭血(白鸭)
胫骨平台骨折,绿豆
Asperger综合征,鸭肉
Asperger综合征,干腌菜
Asperger综合征,鸭蛋
Asperger综合征,螺丝菜
洁癖,白酒
洁癖,鸡肝
洁癖,白扁豆
洁癖,田螺
结肠类癌,鸡肝
结肠类癌,腐竹
结肠类癌,白扁豆
结肠类癌,田螺
传导性耳鸣,鸭肉
传导性耳鸣,干腌菜
传导性耳鸣,鸭蛋
传导性耳鸣,螺丝菜
静脉曲张综合征,白酒
静脉曲张综合征,田螺
静脉曲张综合征,鸭血(白鸭)
静脉曲张综合征,绿豆
结肠破裂,鸡肝
结肠破裂,腐竹
结肠破裂,白扁豆
结肠破裂,田螺
局限性胸膜间皮瘤,田螺
局限性胸膜间皮瘤,河蚌
局限性胸膜间皮瘤,鸭血(白鸭)
局限性胸膜间皮瘤,绿豆
血管痣,螃蟹
血管痣,洋葱
血管痣,茼蒿
血管痣,小葱
病理性神经损伤,螃蟹
病理性神经损伤,鸭肉
病理性神经损伤,鸭蛋
病理性神经损伤,蛤蜊
巨细胞病毒性肺炎,海参
巨细胞病毒性肺炎,田螺
巨细胞病毒性肺炎,鸭血(白鸭)
巨细胞病毒性肺炎,绿豆
结肠血管扩张症,鸡肝
结肠血管扩张症,腐竹
结肠血管扩张症,白扁豆
结肠血管扩张症,田螺
锥体外系损害,啤酒
锥体外系损害,白酒
锥体外系损害,江米酒
锥体外系损害,鸭蛋
咽喉炎,啤酒
咽喉炎,白酒
咽喉炎,江米酒
咽喉炎,鸭蛋
结核性巩膜炎,鸡肝
结核性巩膜炎,腐竹
结核性巩膜炎,白扁豆
结核性巩膜炎,田螺
开放性气胸,啤酒
开放性气胸,白酒
开放性气胸,鸭血(白鸭)
开放性气胸,绿豆
氨基酸尿症,啤酒
氨基酸尿症,白酒
氨基酸尿症,江米酒
氨基酸尿症,鸭蛋
埃博拉病毒病,啤酒
埃博拉病毒病,白酒
埃博拉病毒病,鸭血(白鸭)
埃博拉病毒病,绿豆
烟草依赖综合症,辣椒(青、尖)
烟草依赖综合症,辣椒(红、尖、干)
烟草依赖综合症,姜
烟草依赖综合症,红辣椒
结核性胸膜炎,鸡肝
结核性胸膜炎,腐竹
结核性胸膜炎,白扁豆
结核性胸膜炎,田螺
下呼吸道感染,辣椒(红、尖、干)
下呼吸道感染,咖啡
下呼吸道感染,猪肉(肥)
结核性阴道炎,鸡肝
结核性阴道炎,腐竹
结核性阴道炎,白扁豆
结核性阴道炎,田螺
阴道囊肿,辣椒(红、尖、干)
阴道囊肿,大蒜
阴道囊肿,花椒
阴道囊肿,大葱
口周皮炎,白酒
口周皮炎,田螺
口周皮炎,鸭血(白鸭)
口周皮炎,绿豆
髋臼骨折,啤酒
髋臼骨折,白酒
髋臼骨折,鸭血(白鸭)
髋臼骨折,绿豆
包涵囊肿,辣椒(青、尖)
包涵囊肿,白酒
包涵囊肿,咖啡
眶内海绵状血管瘤,白酒
眶内海绵状血管瘤,田螺
眶内海绵状血管瘤,鸭血(白鸭)
眶内海绵状血管瘤,绿豆
胚胎遗留性囊肿,啤酒
胚胎遗留性囊肿,白酒
胚胎遗留性囊肿,辣椒(红、尖、干)
胚胎遗留性囊肿,大葱
结节性痒疹,鸡肝
结节性痒疹,腐竹
结节性痒疹,白扁豆
结节性痒疹,羊油
溃疡分枝杆菌感染,螃蟹
溃疡分枝杆菌感染,田螺
溃疡分枝杆菌感染,鸭血(白鸭)
溃疡分枝杆菌感染,绿豆
外阴包涵囊肿,螃蟹
外阴包涵囊肿,辣椒(红、尖、干)
外阴包涵囊肿,韭菜
外阴包涵囊肿,大蒜
莱姆病性巩膜炎,咸鱼
莱姆病性巩膜炎,田螺
莱姆病性巩膜炎,鸭血(白鸭)
莱姆病性巩膜炎,绿豆
阴道良性肿瘤,猪肉(肥瘦)
阴道良性肿瘤,大蒜
阴道良性肿瘤,肥膘肉
阴道良性肿瘤,红辣椒
阴道肿瘤,猪油（板油）
阴道肿瘤,羊油
阴道肿瘤,猪网油
阴道肿瘤,蟹肉
老年期抑郁症,田螺
老年期抑郁症,鸭血(白鸭)
老年期抑郁症,绿豆
老年期抑郁症,龙虾
老年性昏迷,虾皮
老年性昏迷,鸭血(白鸭)
老年性昏迷,绿豆
老年性昏迷,虾米
生理性卵巢囊肿,白酒
生理性卵巢囊肿,辣椒(红、尖、干)
生理性卵巢囊肿,腊肉（烟肉）
生理性卵巢囊肿,羊肉(肥瘦)
老人腹股沟斜疝,螃蟹
老人腹股沟斜疝,田螺
老人腹股沟斜疝,鸭血(白鸭)
老人腹股沟斜疝,绿豆
戒酒综合征,白酒
戒酒综合征,鸡肝
戒酒综合征,腐竹
戒酒综合征,白扁豆
良性肿瘤,白酒
良性肿瘤,辣椒(红、尖、干)
良性肿瘤,咖啡
良性肿瘤,花椒
金黄色葡萄球菌性边缘性角膜炎,白酒
金黄色葡萄球菌性边缘性角膜炎,鸡肝
金黄色葡萄球菌性边缘性角膜炎,腐竹
金黄色葡萄球菌性边缘性角膜炎,白扁豆
睡眠相位后移综合症,白酒
睡眠相位后移综合症,洋葱
睡眠相位后移综合症,辣椒(红、尖、干)
睡眠相位后移综合症,大蒜
泪囊炎,啤酒
泪囊炎,白酒
泪囊炎,鸭血(白鸭)
泪囊炎,绿豆
金属引起的口腔黏膜疾病,鸡肝
金属引起的口腔黏膜疾病,腐竹
金属引起的口腔黏膜疾病,白扁豆
金属引起的口腔黏膜疾病,田螺
阴虚,辣椒(青、尖)
阴虚,白酒
阴虚,辣椒(红、尖、干)
阴虚,茴香
泪腺肉样瘤病,田螺
泪腺肉样瘤病,鸭血(白鸭)
泪腺肉样瘤病,绿豆
泪腺肉样瘤病,龙虾
恐惧症,辣椒(青、尖)
恐惧症,啤酒
恐惧症,白酒
恐惧症,蛤蜊
立克次体痘,白酒
立克次体痘,田螺
立克次体痘,鸭血(白鸭)
立克次体痘,绿豆
胃肠疾病,辣椒(青、尖)
胃肠疾病,白酒
胃肠疾病,洋葱
胃肠疾病,番茄
近视,鸡肝
近视,腐竹
近视,白扁豆
近视,田螺
利斯特菌脑膜炎,咸鱼
利斯特菌脑膜炎,田螺
利斯特菌脑膜炎,鸭血(白鸭)
利斯特菌脑膜炎,绿豆
卵巢病,螃蟹
卵巢病,白酒
卵巢病,辣椒(红、尖、干)
卵巢病,韭黄
门静脉高压,啤酒
门静脉高压,白酒
门静脉高压,鸭血(白鸭)
门静脉高压,花生仁（炸）
外生殖器畸形,白酒
外生殖器畸形,辣椒(红、尖、干)
外生殖器畸形,黄酒
外生殖器畸形,肥膘肉
进行性肌营养不良症,鸡肝
进行性肌营养不良症,腐竹
进行性肌营养不良症,白扁豆
进行性肌营养不良症,田螺
镰状细胞贫血,田螺
镰状细胞贫血,鸭血(白鸭)
镰状细胞贫血,花生仁（炸）
镰状细胞贫血,绿豆
恋童癖,白酒
恋童癖,辣椒(红、尖、干)
恋童癖,大蒜
恋童癖,大葱
进行性色素性紫癜性皮病,鸡肝
进行性色素性紫癜性皮病,腐竹
进行性色素性紫癜性皮病,白扁豆
进行性色素性紫癜性皮病,田螺
眼结石,辣椒(红、尖、干)
眼结石,猪油（板油）
眼结石,羊油
眼结石,猪肉(肥)
进行性脂肪营养不良,鸡肝
进行性脂肪营养不良,腐竹
进行性脂肪营养不良,白扁豆
进行性脂肪营养不良,田螺
接触性荨麻疹,螃蟹
接触性荨麻疹,白酒
接触性荨麻疹,辣椒(红、尖、干)
接触性荨麻疹,羊肉(肥瘦)
寒性荨麻疹,螃蟹
寒性荨麻疹,白酒
寒性荨麻疹,咖啡
寒性荨麻疹,冰淇淋
颅骨骨折,啤酒
颅骨骨折,白酒
颅骨骨折,鸭血(白鸭)
颅骨骨折,花生仁（炸）
慢性荨麻疹,螃蟹
慢性荨麻疹,海虾
慢性荨麻疹,辣椒(红、尖、干)
慢性荨麻疹,羊肉(肥瘦)
晶状体膨胀所致青光眼,鸡肝
晶状体膨胀所致青光眼,腐竹
晶状体膨胀所致青光眼,白扁豆
晶状体膨胀所致青光眼,田螺
颅骨纤维异常增生症,啤酒
颅骨纤维异常增生症,白酒
颅骨纤维异常增生症,鸭血(白鸭)
颅骨纤维异常增生症,花生仁（炸）
肠道传染病,田螺
肠道传染病,鸭血(白鸭)
肠道传染病,蛏子
肠道传染病,河虾
颅内低压综合征,鸡肉
颅内低压综合征,鸭血(白鸭)
颅内低压综合征,花生仁（炸）
颅内低压综合征,绿豆
晶状体溶解性青光眼,鸡肝
晶状体溶解性青光眼,腐竹
晶状体溶解性青光眼,白扁豆
晶状体溶解性青光眼,田螺
肠伤寒,螃蟹
肠伤寒,韭菜
肠伤寒,猪大肠
肠伤寒,咸肉
颅内高压综合征,田螺
颅内高压综合征,鸭血(白鸭)
颅内高压综合征,花生仁（炸）
颅内高压综合征,绿豆
晶状体脱位所致青光眼,鸡肝
晶状体脱位所致青光眼,腐竹
晶状体脱位所致青光眼,白扁豆
晶状体脱位所致青光眼,田螺
胸壁软组织损伤,田螺
胸壁软组织损伤,河蚌
胸壁软组织损伤,赤小豆
胸壁软组织损伤,大黄鱼
甲型副伤寒,海螺
甲型副伤寒,辣椒(青、尖)
甲型副伤寒,白酒
甲型副伤寒,兔肉
晶状体相关葡萄膜炎,鸡肝
晶状体相关葡萄膜炎,腐竹
晶状体相关葡萄膜炎,白扁豆
晶状体相关葡萄膜炎,田螺
沙门氏菌性肠炎,辣椒(青、尖)
沙门氏菌性肠炎,香菜
沙门氏菌性肠炎,火腿
沙门氏菌性肠炎,香肠
旅行者腹泻,螃蟹
旅行者腹泻,田螺
旅行者腹泻,鸭血(白鸭)
旅行者腹泻,绿豆
胸壁深部软组织感染,螃蟹
胸壁深部软组织感染,田螺
胸壁深部软组织感染,河蚌
胸壁深部软组织感染,赤小豆
精囊恶性肿瘤,鸡肝
精囊恶性肿瘤,腐竹
精囊恶性肿瘤,白扁豆
精囊恶性肿瘤,田螺
人工性荨麻疹,海蟹
人工性荨麻疹,海螺
人工性荨麻疹,白酒
人工性荨麻疹,海参
麻痹性肠梗阻,白酒
麻痹性肠梗阻,田螺
麻痹性肠梗阻,鸭血(白鸭)
麻痹性肠梗阻,绿豆
血清性荨麻疹,海蟹
血清性荨麻疹,海虾
血清性荨麻疹,白酒
血清性荨麻疹,海鳗
麻风,田螺
麻风,鸭血(白鸭)
麻风,绿豆
麻风,虾米
沙门氏菌性肺炎,白酒
沙门氏菌性肺炎,咖啡
沙门氏菌性肺炎,猪油（板油）
沙门氏菌性肺炎,红辣椒
精囊囊肿,鸡肝
精囊囊肿,腐竹
精囊囊肿,白扁豆
精囊囊肿,田螺
麦收皮炎,啤酒
麦收皮炎,白酒
麦收皮炎,鸭血(白鸭)
麦收皮炎,绿豆
胆碱能性荨麻疹,洋葱
胆碱能性荨麻疹,辣椒(红、尖、干)
胆碱能性荨麻疹,鱼腥草
胆碱能性荨麻疹,肥膘肉
急性荨麻疹,啤酒
急性荨麻疹,辣椒(红、尖、干)
急性荨麻疹,肥膘肉
急性荨麻疹,萝卜
侵袭性大肠埃希氏菌肠炎,白酒
侵袭性大肠埃希氏菌肠炎,猪油（板油）
侵袭性大肠埃希氏菌肠炎,肥膘肉
侵袭性大肠埃希氏菌肠炎,红辣椒
颈部勒伤,鸡肝
颈部勒伤,腐竹
颈部勒伤,白扁豆
颈部勒伤,田螺
干酪性鼻窦炎,辣椒(红、尖、干)
干酪性鼻窦炎,韭菜
干酪性鼻窦炎,番茄
干酪性鼻窦炎,芒果
阿米巴病肠穿孔,螃蟹
阿米巴病肠穿孔,辣椒(红、尖、干)
阿米巴病肠穿孔,韭菜
阿米巴病肠穿孔,蛏子
慢性化脓性胸膜炎,螃蟹
慢性化脓性胸膜炎,田螺
慢性化脓性胸膜炎,鸭血(白鸭)
慢性化脓性胸膜炎,绿豆
慢性阿米巴病肠炎,白酒
慢性阿米巴病肠炎,辣椒(红、尖、干)
慢性阿米巴病肠炎,油条
慢性阿米巴病肠炎,羊油
颈动脉创伤性栓塞,鸡肝
颈动脉创伤性栓塞,腐竹
颈动脉创伤性栓塞,白扁豆
颈动脉创伤性栓塞,冰糖
嗜水气单胞菌肠炎,白酒
嗜水气单胞菌肠炎,猪网油
嗜水气单胞菌肠炎,肥膘肉
嗜水气单胞菌肠炎,红辣椒
胸腺癌,油豆腐
胸腺癌,咸鱼
胸腺癌,咸鸭蛋
胸腺癌,赤小豆
慢性乳头状溃疡性脓皮病,田螺
慢性乳头状溃疡性脓皮病,鸭血(白鸭)
慢性乳头状溃疡性脓皮病,绿豆
慢性乳头状溃疡性脓皮病,蛏子
慢性硬脑膜下血肿,田螺
慢性硬脑膜下血肿,鸭血(白鸭)
慢性硬脑膜下血肿,绿豆
慢性硬脑膜下血肿,蛏子
慢性阿米巴性痢疾,白酒
慢性阿米巴性痢疾,辣椒(红、尖、干)
慢性阿米巴性痢疾,咖啡
慢性阿米巴性痢疾,油条
慢性自律性房性心动过速,白酒
慢性自律性房性心动过速,田螺
慢性自律性房性心动过速,鸭血(白鸭)
慢性自律性房性心动过速,绿豆
呼吸道结核病,白酒
呼吸道结核病,辣椒(红、尖、干)
呼吸道结核病,咖啡
呼吸道结核病,咖喱
细菌性结肠炎,白酒
细菌性结肠炎,猪肉(肥)
细菌性结肠炎,肥膘肉
细菌性结肠炎,红辣椒
门静脉海绵样变,白酒
门静脉海绵样变,花生
门静脉海绵样变,鹅肝
门静脉海绵样变,鸭血(白鸭)
迷走神经损伤,啤酒
迷走神经损伤,白酒
迷走神经损伤,鸭血(白鸭)
迷走神经损伤,绿豆
结核性干性胸膜炎,辣椒(青、尖)
结核性干性胸膜炎,洋葱
结核性干性胸膜炎,香菜
结核性干性胸膜炎,香椿
胸椎间盘突出症,螃蟹
胸椎间盘突出症,白酒
胸椎间盘突出症,田螺
胸椎间盘突出症,赤小豆
颈型颈椎病,鸡肝
颈型颈椎病,腐竹
颈型颈椎病,白扁豆
颈型颈椎病,田螺
面肌瘫痪,啤酒
面肌瘫痪,白酒
面肌瘫痪,鸭血(白鸭)
面肌瘫痪,绿豆
急性阿米巴痢疾,白酒
急性阿米巴痢疾,辣椒(红、尖、干)
急性阿米巴痢疾,咖啡
急性阿米巴痢疾,油条
颈腰综合征,鸡肝
颈腰综合征,腐竹
颈腰综合征,白扁豆
颈腰综合征,田螺
面瘫,田螺
面瘫,鸭血(白鸭)
面瘫,绿豆
面瘫,蛏子
颈椎骨折伴脱位的损伤,鸡肝
颈椎骨折伴脱位的损伤,腐竹
颈椎骨折伴脱位的损伤,白扁豆
颈椎骨折伴脱位的损伤,田螺
埃及血吸虫病,田螺
埃及血吸虫病,鸭血(白鸭)
埃及血吸虫病,绿豆
埃及血吸虫病,蛏子
产气杆菌肠炎,白酒
产气杆菌肠炎,辣椒(红、尖、干)
产气杆菌肠炎,咖啡
产气杆菌肠炎,茶叶
副霍乱,田螺
副霍乱,猪大肠
副霍乱,茼蒿
副霍乱,羊肚
拇指掌指关节尺侧侧副韧带损伤,田螺
拇指掌指关节尺侧侧副韧带损伤,鸭血(白鸭)
拇指掌指关节尺侧侧副韧带损伤,绿豆
拇指掌指关节尺侧侧副韧带损伤,蛏子
空洞型肺结核,洋葱
空洞型肺结核,辣椒(红、尖、干)
空洞型肺结核,韭菜
空洞型肺结核,芥菜
眩晕,啤酒
眩晕,白酒
眩晕,咸鱼
眩晕,咸鸭蛋
内生性软骨瘤,啤酒
内生性软骨瘤,白酒
内生性软骨瘤,鸭血(白鸭)
内生性软骨瘤,绿豆
鼻结核,洋葱
鼻结核,鱼腥草
鼻结核,香菜
鼻结核,牡蛎(鲜)
奈瑟卡他球菌肺炎,螃蟹
奈瑟卡他球菌肺炎,田螺
奈瑟卡他球菌肺炎,鸭血(白鸭)
奈瑟卡他球菌肺炎,绿豆
浸润型肺结核,辣椒(红、尖、干)
浸润型肺结核,韭菜
浸润型肺结核,香菜
浸润型肺结核,香椿
肠道厌氧菌感染,白酒
肠道厌氧菌感染,辣椒(红、尖、干)
肠道厌氧菌感染,咖啡
肠道厌氧菌感染,油条
痉挛性肠梗阻,鸡肝
痉挛性肠梗阻,腐竹
痉挛性肠梗阻,白扁豆
痉挛性肠梗阻,田螺
血管损伤,啤酒
血管损伤,白酒
血管损伤,咸鸭蛋
血管损伤,干腌菜
肺结核瘤,辣椒(红、尖、干)
肺结核瘤,韭菜
肺结核瘤,香菜
肺结核瘤,芥菜
男性乳腺癌,啤酒
男性乳腺癌,白酒
男性乳腺癌,鸭血(白鸭)
男性乳腺癌,绿豆
痉挛性脑瘫,鸡肝
痉挛性脑瘫,腐竹
痉挛性脑瘫,白扁豆
痉挛性脑瘫,咸鱼
肺门淋巴结核,辣椒(红、尖、干)
肺门淋巴结核,韭菜
肺门淋巴结核,鱼腥草
肺门淋巴结核,茼蒿
男性生殖系结核,啤酒
男性生殖系结核,白酒
男性生殖系结核,鸭血(白鸭)
男性生殖系结核,绿豆
静脉血栓形成,鸡肝
静脉血栓形成,腐竹
静脉血栓形成,白扁豆
静脉血栓形成,田螺
副溶血孤菌肠炎,螃蟹
副溶血孤菌肠炎,海虾
副溶血孤菌肠炎,白酒
副溶血孤菌肠炎,辣椒(红、尖、干)
静脉炎,鸡肝
静脉炎,腐竹
静脉炎,白扁豆
静脉炎,田螺
肺原发性结核性复征,辣椒(红、尖、干)
肺原发性结核性复征,韭菜
肺原发性结核性复征,鱼腥草
肺原发性结核性复征,葱白
酒精性弱视,鸡肝
酒精性弱视,腐竹
酒精性弱视,白扁豆
酒精性弱视,田螺
男子乳腺发育,白酒
男子乳腺发育,鸭血(白鸭)
男子乳腺发育,绿豆
男子乳腺发育,母鸡
坏死性肠炎,螃蟹
坏死性肠炎,白酒
坏死性肠炎,辣椒(红、尖、干)
坏死性肠炎,咖啡
酒精中毒性神经疾病,鸡肝
酒精中毒性神经疾病,腐竹
酒精中毒性神经疾病,白扁豆
酒精中毒性神经疾病,田螺
脑室内脑膜瘤,白酒
脑室内脑膜瘤,田螺
脑室内脑膜瘤,鸭血(白鸭)
脑室内脑膜瘤,绿豆
金黄色葡萄球菌性肠炎,辣椒(红、尖、干)
金黄色葡萄球菌性肠炎,韭菜
金黄色葡萄球菌性肠炎,大蒜
金黄色葡萄球菌性肠炎,蒜苔
酒中毒性痴呆,鸡肝
酒中毒性痴呆,腐竹
酒中毒性痴呆,白扁豆
酒中毒性痴呆,田螺
脑外伤伴发的精神障碍,白酒
脑外伤伴发的精神障碍,田螺
脑外伤伴发的精神障碍,鸭血(白鸭)
脑外伤伴发的精神障碍,绿豆
酒中毒性小脑变性,鸡肝
酒中毒性小脑变性,腐竹
酒中毒性小脑变性,白扁豆
酒中毒性小脑变性,田螺
年龄相关性白内障,螃蟹
年龄相关性白内障,田螺
年龄相关性白内障,鸭血(白鸭)
年龄相关性白内障,绿豆
排卵期出血,白酒
排卵期出血,辣椒(红、尖、干)
排卵期出血,咖啡
排卵期出血,蒜苔
尿道癌,啤酒
尿道癌,白酒
尿道癌,鸭血(白鸭)
尿道癌,绿豆
难辨芽胞杆菌肠炎,白酒
难辨芽胞杆菌肠炎,辣椒(红、尖、干)
难辨芽胞杆菌肠炎,咖啡
难辨芽胞杆菌肠炎,蒜苔
镍及其化合物引起的皮肤病,田螺
镍及其化合物引起的皮肤病,鸭血(白鸭)
镍及其化合物引起的皮肤病,绿豆
镍及其化合物引起的皮肤病,蛏子
盆腔充血综合征,白酒
盆腔充血综合征,辣椒(红、尖、干)
盆腔充血综合征,咖啡
盆腔充血综合征,茶叶
混合痣,海蟹
混合痣,白酒
混合痣,海鳗
混合痣,海狗
血栓性静脉炎,油豆腐
血栓性静脉炎,干腌菜
血栓性静脉炎,花生仁（炸）
血栓性静脉炎,赤小豆
脓毒性休克,田螺
脓毒性休克,鸭血(白鸭)
脓毒性休克,绿豆
脓毒性休克,蛏子
肌膜炎,海蟹
肌膜炎,白酒
肌膜炎,红辣椒
肌膜炎,海鳗
脓疱性细菌疹,田螺
脓疱性细菌疹,鸭血(白鸭)
脓疱性细菌疹,绿豆
脓疱性细菌疹,蛏子
巨大胎儿,鸡肝
巨大胎儿,腐竹
巨大胎儿,白扁豆
巨大胎儿,田螺
贲门炎,辣椒(红、尖、干)
贲门炎,咖啡
贲门炎,姜
贲门炎,大葱
诺瓦克病毒性胃肠炎,螃蟹
诺瓦克病毒性胃肠炎,田螺
诺瓦克病毒性胃肠炎,鸭血(白鸭)
诺瓦克病毒性胃肠炎,海蜇头
巨大血小板病,鸡肝
巨大血小板病,腐竹
巨大血小板病,白扁豆
巨大血小板病,田螺
血小板减少性紫癜,螃蟹
血小板减少性紫癜,田螺
血小板减少性紫癜,河蚌
血小板减少性紫癜,赤小豆
膀胱尿道异物,白酒
膀胱尿道异物,田螺
膀胱尿道异物,虾皮
膀胱尿道异物,鸭血(白鸭)
膀胱腺癌,白酒
膀胱腺癌,虾皮
膀胱腺癌,鸭血(白鸭)
膀胱腺癌,虾米
急性肺炎,猪肉(肥瘦)
急性肺炎,白酒
急性肺炎,猪肉(肥)
急性肺炎,牛肉(肥瘦)
反应性关节炎,螃蟹
反应性关节炎,白酒
反应性关节炎,田螺
反应性关节炎,鸭血(白鸭)
继发性肺结核,猪肉(肥瘦)
继发性肺结核,白酒
继发性肺结核,肥膘肉
继发性肺结核,牛肉(肥瘦)
疱疹样脓疱病,白酒
疱疹样脓疱病,田螺
疱疹样脓疱病,鸭血(白鸭)
疱疹样脓疱病,海蜇头
巨细胞病毒病,鸡肝
巨细胞病毒病,腐竹
巨细胞病毒病,白扁豆
巨细胞病毒病,田螺
皮肤平滑肌瘤,田螺
皮肤平滑肌瘤,河蚌
皮肤平滑肌瘤,鸭血(白鸭)
皮肤平滑肌瘤,海蜇头
甲醛中毒,猪肉(肥瘦)
甲醛中毒,白酒
甲醛中毒,猪肉(肥)
甲醛中毒,肥膘肉
寻常痤疮,螃蟹
寻常痤疮,田螺
寻常痤疮,赤小豆
寻常痤疮,乌龟
皮炎芽生菌,田螺
皮炎芽生菌,河蚌
皮炎芽生菌,鸭血(白鸭)
皮炎芽生菌,海蜇头
良性脑瘤,猪肉(肥瘦)
良性脑瘤,白酒
良性脑瘤,猪肉(肥)
良性脑瘤,肥膘肉
鼻后滴漏综合症,辣椒(红、尖、干)
鼻后滴漏综合症,咖啡
鼻后滴漏综合症,咖喱
鼻后滴漏综合症,泡椒
皮脂囊肿病,田螺
皮脂囊肿病,河蚌
皮脂囊肿病,鸭血(白鸭)
皮脂囊肿病,海蜇头
绝经,海虾
绝经,鹿肉
绝经,鸡肝
绝经,虾皮
鼻腔癌,啤酒
鼻腔癌,白酒
鼻腔癌,辣椒(红、尖、干)
鼻腔癌,海参
寻常性鱼鳞病,田螺
寻常性鱼鳞病,银鱼
寻常性鱼鳞病,赤小豆
寻常性鱼鳞病,鳕鱼
皮脂腺上皮瘤,螃蟹
皮脂腺上皮瘤,田螺
皮脂腺上皮瘤,鸭血(白鸭)
皮脂腺上皮瘤,海蜇头
绝经后骨质疏松,杏仁
绝经后骨质疏松,鹿肉
绝经后骨质疏松,鸡肝
绝经后骨质疏松,松子仁
鼻腔囊肿,啤酒
鼻腔囊肿,辣椒(红、尖、干)
鼻腔囊肿,黄酒
鼻腔囊肿,姜
脾脏原发性恶性肿瘤,啤酒
脾脏原发性恶性肿瘤,白酒
脾脏原发性恶性肿瘤,黄酒
脾脏原发性恶性肿瘤,鸭血(白鸭)
绝经后卵巢恶性肿瘤,杏仁
绝经后卵巢恶性肿瘤,鹿肉
绝经后卵巢恶性肿瘤,鸡肝
绝经后卵巢恶性肿瘤,鹅肉
寻常疣,啤酒
寻常疣,白酒
寻常疣,咸鸭蛋
寻常疣,干腌菜
绝经后子宫颈癌,杏仁
绝经后子宫颈癌,鹿肉
绝经后子宫颈癌,鸡肝
绝经后子宫颈癌,松子仁
慢性鼻咽炎,白酒
慢性鼻咽炎,油条
慢性鼻咽炎,猪肉(肥)
慢性鼻咽炎,肥膘肉
平滑肌错构瘤,啤酒
平滑肌错构瘤,白酒
平滑肌错构瘤,田螺
平滑肌错构瘤,鸭血(白鸭)
绝经后子宫内膜癌,杏仁
绝经后子宫内膜癌,鹿肉
绝经后子宫内膜癌,鸡肝
绝经后子宫内膜癌,鹅肉
慢性非萎缩性胃炎,猪肉(肥瘦)
慢性非萎缩性胃炎,猪肉(肥)
慢性非萎缩性胃炎,红辣椒
慢性非萎缩性胃炎,羊肉(肥瘦)
绝经期关节炎,杏仁
绝经期关节炎,鹿肉
绝经期关节炎,鸡肝
绝经期关节炎,松子仁
葡萄球菌肺炎,啤酒
葡萄球菌肺炎,白酒
葡萄球菌肺炎,田螺
葡萄球菌肺炎,鸭血(白鸭)
脱髓鞘,白酒
脱髓鞘,猪肉(肥)
脱髓鞘,肥膘肉
脱髓鞘,红辣椒
绝经期尿路感染,杏仁
绝经期尿路感染,鹿肉
绝经期尿路感染,鸡肝
绝经期尿路感染,松子仁
气虚血瘀证,洋葱
气虚血瘀证,韭菜
气虚血瘀证,火腿
气虚血瘀证,河虾
绝经期尿失禁,杏仁
绝经期尿失禁,鹿肉
绝经期尿失禁,鸡肝
绝经期尿失禁,松子仁
葡萄球菌性食物中毒,啤酒
葡萄球菌性食物中毒,白酒
葡萄球菌性食物中毒,虾皮
葡萄球菌性食物中毒,鸭血(白鸭)
耳石症,辣椒(红、尖、干)
耳石症,大蒜
耳石症,姜
耳石症,大葱
葡萄球菌中毒性休克综合征,啤酒
葡萄球菌中毒性休克综合征,白酒
葡萄球菌中毒性休克综合征,鸡蛋黄
葡萄球菌中毒性休克综合征,鸭血(白鸭)
外阴鳞状上皮细胞增生,白酒
外阴鳞状上皮细胞增生,油条
外阴鳞状上皮细胞增生,猪肉(肥)
外阴鳞状上皮细胞增生,肥膘肉
绝经期盆腔脏器脱垂,杏仁
绝经期盆腔脏器脱垂,鹿肉
绝经期盆腔脏器脱垂,鸡肝
绝经期盆腔脏器脱垂,松子仁
绝经期乳腺癌,杏仁
绝经期乳腺癌,鹿肉
绝经期乳腺癌,鸡肝
绝经期乳腺癌,松子仁
绝经与阿尔茨海默病综合征,杏仁
绝经与阿尔茨海默病综合征,鹿肉
绝经与阿尔茨海默病综合征,鸡肝
绝经与阿尔茨海默病综合征,松子仁
气虚自汗,洋葱
气虚自汗,辣椒(红、尖、干)
气虚自汗,韭菜
气虚自汗,茴香
绝经与心血管疾病,杏仁
绝经与心血管疾病,鹿肉
绝经与心血管疾病,鸡肝
绝经与心血管疾病,松子仁
压力性尿失禁,咸鱼
压力性尿失禁,咸鸭蛋
压力性尿失禁,干腌菜
压力性尿失禁,赤小豆
萎缩性胆囊炎,猪大肠
萎缩性胆囊炎,火腿
萎缩性胆囊炎,香肠
萎缩性胆囊炎,猪肉皮
绝经与抑郁症,杏仁
绝经与抑郁症,鹿肉
绝经与抑郁症,鸡肝
绝经与抑郁症,松子仁
肝脾湿热,白酒
肝脾湿热,猪油（板油）
肝脾湿热,羊肉(肥瘦)
肝脾湿热,牛肉(肥瘦)
髂腹股沟神经干痛,啤酒
髂腹股沟神经干痛,白酒
髂腹股沟神经干痛,田螺
髂腹股沟神经干痛,鸭血(白鸭)
前房积血与青光眼,啤酒
前房积血与青光眼,白酒
前房积血与青光眼,田螺
前房积血与青光眼,鸭血(白鸭)
前庭神经元炎,啤酒
前庭神经元炎,白酒
前庭神经元炎,田螺
前庭神经元炎,鸭血(白鸭)
Kimura病,杏仁
Kimura病,鹿肉
Kimura病,鸡肝
Kimura病,松子仁
嵌杯样病毒胃肠炎,啤酒
嵌杯样病毒胃肠炎,白酒
嵌杯样病毒胃肠炎,栗子（鲜）
嵌杯样病毒胃肠炎,鸭血(白鸭)
下焦湿热,带鱼
下焦湿热,河蚌
下焦湿热,淡菜(鲜)
下焦湿热,蛏子
骶髂关节扭伤或半脱位,杏仁
骶髂关节扭伤或半脱位,鹿肉
骶髂关节扭伤或半脱位,鸡肝
骶髂关节扭伤或半脱位,松子仁
强直性脊柱炎及其伴发的葡萄膜炎,啤酒
强直性脊柱炎及其伴发的葡萄膜炎,白酒
强直性脊柱炎及其伴发的葡萄膜炎,田螺
强直性脊柱炎及其伴发的葡萄膜炎,鸭血(白鸭)
气阴两虚,洋葱
气阴两虚,辣椒(红、尖、干)
气阴两虚,韭菜
气阴两虚,姜
切口疝,啤酒
切口疝,白酒
切口疝,田螺
切口疝,鸭血(白鸭)
滑膜囊肿,啤酒
滑膜囊肿,白酒
滑膜囊肿,辣椒(红、尖、干)
滑膜囊肿,大蒜
青霉病,啤酒
青霉病,白酒
青霉病,田螺
青霉病,鸭血(白鸭)
延髓性麻痹,啤酒
延髓性麻痹,白酒
延髓性麻痹,咸鸭蛋
延髓性麻痹,干腌菜
胃肠湿热,海虾
胃肠湿热,海参
胃肠湿热,鸡肉
胃肠湿热,河虾
大汗腺癌,啤酒
大汗腺癌,白酒
大汗腺癌,田螺
大汗腺癌,鸭血(白鸭)
外阴上皮内瘤样病变,白酒
外阴上皮内瘤样病变,辣椒(红、尖、干)
外阴上皮内瘤样病变,猪肉(肥)
外阴上皮内瘤样病变,肥膘肉
球形肺炎,啤酒
球形肺炎,白酒
球形肺炎,田螺
球形肺炎,鸭血(白鸭)
胃柿石,洋葱
胃柿石,辣椒(红、尖、干)
胃柿石,咖啡
胃柿石,柿子
屈光参差,啤酒
屈光参差,白酒
屈光参差,田螺
屈光参差,鸭血(白鸭)
严重急性呼吸综合征,咸鸭蛋
严重急性呼吸综合征,干腌菜
严重急性呼吸综合征,羊油
严重急性呼吸综合征,赤小豆
膝关节骨刺,白酒
膝关节骨刺,大蒜
膝关节骨刺,姜
膝关节骨刺,大葱
躯体感觉障碍,啤酒
躯体感觉障碍,白酒
躯体感觉障碍,鸡蛋黄
躯体感觉障碍,鸭血(白鸭)
言语障碍,啤酒
言语障碍,白酒
言语障碍,咸鸭蛋
言语障碍,干腌菜
肝气不舒,螃蟹
肝气不舒,白酒
肝气不舒,辣椒(红、尖、干)
躯体形式障碍,啤酒
躯体形式障碍,白酒
躯体形式障碍,田螺
躯体形式障碍,鸭血(白鸭)
黄疸性肝炎,白酒
黄疸性肝炎,洋葱
黄疸性肝炎,辣椒(红、尖、干)
黄疸性肝炎,韭菜
纤维化综合征,啤酒
纤维化综合征,白酒
纤维化综合征,鸡蛋清
纤维化综合征,鸭血(白鸭)
反流性喉炎,白酒
反流性喉炎,大蒜
反流性喉炎,姜
反流性喉炎,大葱
抗利尿激素分泌异常综合征,白酒
抗利尿激素分泌异常综合征,鹿肉
抗利尿激素分泌异常综合征,鸡肝
抗利尿激素分泌异常综合征,麦芽糖
Rh血型不合,啤酒
Rh血型不合,白酒
Rh血型不合,田螺
Rh血型不合,鸭血(白鸭)
蛋白质缺乏症,洋葱
蛋白质缺乏症,咖啡
蛋白质缺乏症,大葱
蛋白质缺乏症,红辣椒
炎性乳腺癌,啤酒
炎性乳腺癌,白酒
炎性乳腺癌,咸鸭蛋
炎性乳腺癌,干腌菜
人工关节置换术后关节感染,啤酒
人工关节置换术后关节感染,白酒
人工关节置换术后关节感染,田螺
人工关节置换术后关节感染,鸭血(白鸭)
肛门息肉,白酒
肛门息肉,辣椒(红、尖、干)
肛门息肉,大蒜
肛门息肉,姜
人乳头瘤病毒感染,啤酒
人乳头瘤病毒感染,白酒
人乳头瘤病毒感染,羊油
人乳头瘤病毒感染,鸭血(白鸭)
儿童白斑,螃蟹
儿童白斑,辣椒(红、尖、干)
儿童白斑,大蒜
儿童白斑,咖啡
融合性网状乳头瘤病,啤酒
融合性网状乳头瘤病,白酒
融合性网状乳头瘤病,田螺
融合性网状乳头瘤病,鸭血(白鸭)
肺癌骨转移,白酒
肺癌骨转移,大蒜
肺癌骨转移,姜
肺癌骨转移,大葱
膝关节退行性病变,洋葱
膝关节退行性病变,辣椒(红、尖、干)
膝关节退行性病变,韭菜
膝关节退行性病变,香菜
滴虫性包皮龟头炎,螃蟹
滴虫性包皮龟头炎,辣椒(红、尖、干)
滴虫性包皮龟头炎,对虾
滴虫性包皮龟头炎,野葱
乳房猪囊尾蚴病,螃蟹
乳房猪囊尾蚴病,白酒
乳房猪囊尾蚴病,田螺
乳房猪囊尾蚴病,鸭血(白鸭)
乳糜腹,啤酒
乳糜腹,白酒
乳糜腹,田螺
乳糜腹,鸭血(白鸭)
乳头皲裂,啤酒
乳头皲裂,白酒
乳头皲裂,咸鸭蛋
乳头皲裂,鸭血(白鸭)
化脓性扁桃体炎,白酒
化脓性扁桃体炎,大蒜
化脓性扁桃体炎,油条
化脓性扁桃体炎,红辣椒
乳头状小汗腺腺瘤,白酒
乳头状小汗腺腺瘤,咸鸭蛋
乳头状小汗腺腺瘤,鸭血(白鸭)
乳头状小汗腺腺瘤,松花蛋（鸭蛋）
肺癌脑转移,白酒
肺癌脑转移,辣椒(红、尖、干)
肺癌脑转移,姜
肺癌脑转移,桂皮
咳嗽性哮喘,杏仁
咳嗽性哮喘,鹿肉
咳嗽性哮喘,鸡肝
咳嗽性哮喘,鸡蛋黄
黄体萎缩不全,白酒
黄体萎缩不全,辣椒(红、尖、干)
黄体萎缩不全,大蒜
黄体萎缩不全,大葱
乳腺脂肪肉瘤,螃蟹
乳腺脂肪肉瘤,白酒
乳腺脂肪肉瘤,田螺
乳腺脂肪肉瘤,鸭血(白鸭)
黄体血肿,白酒
黄体血肿,辣椒(红、尖、干)
黄体血肿,花椒
黄体血肿,泡椒
乳溢-闭经综合征,螃蟹
乳溢-闭经综合征,白酒
乳溢-闭经综合征,田螺
乳溢-闭经综合征,鸭血(白鸭)
子宫纵隔,白酒
子宫纵隔,猪肉(肥)
子宫纵隔,肥膘肉
子宫纵隔,羊肉(肥瘦)
肺部真菌感染,白酒
肺部真菌感染,辣椒(红、尖、干)
肺部真菌感染,大蒜
肺部真菌感染,姜
甲状腺肿瘤,白酒
甲状腺肿瘤,辣椒(红、尖、干)
甲状腺肿瘤,狗肉
甲状腺肿瘤,羊肉(肥瘦)
弱智,啤酒
弱智,白酒
弱智,黄酒
弱智,鸭血(白鸭)
头部脂溢性皮炎,猪肉(肥瘦)
头部脂溢性皮炎,猪油（板油）
头部脂溢性皮炎,羊油
头部脂溢性皮炎,猪肉(肥)
Ⅳ型肾小管性酸中毒,白酒
Ⅳ型肾小管性酸中毒,田螺
Ⅳ型肾小管性酸中毒,干腌菜
Ⅳ型肾小管性酸中毒,鸭血(白鸭)
许莫氏结节,洋葱
许莫氏结节,腊肉(生)
许莫氏结节,火腿肠
许莫氏结节,猪小肠
色素沉着绒毛结节性滑膜炎,啤酒
色素沉着绒毛结节性滑膜炎,赤砂糖
色素沉着绒毛结节性滑膜炎,白砂糖
色素沉着绒毛结节性滑膜炎,红葡萄酒
前列腺病,啤酒
前列腺病,白酒
前列腺病,鲫鱼
前列腺病,三文鱼
空肠弯曲菌肠炎,杏仁
空肠弯曲菌肠炎,鹿肉
空肠弯曲菌肠炎,鸡肝
空肠弯曲菌肠炎,松子仁
间歇性精神病,白酒
间歇性精神病,辣椒(红、尖、干)
间歇性精神病,油条
间歇性精神病,姜
上肢深静脉血栓形成,白酒
上肢深静脉血栓形成,田螺
上肢深静脉血栓形成,鸭血(白鸭)
上肢深静脉血栓形成,蛏子
眼眶蜂窝织炎,啤酒
眼眶蜂窝织炎,咸鸭蛋
眼眶蜂窝织炎,干腌菜
眼眶蜂窝织炎,赤小豆
口腔黏膜白斑,杏仁
口腔黏膜白斑,鹿肉
口腔黏膜白斑,鸡肝
口腔黏膜白斑,松子仁
血稠,海虾
血稠,猪油（板油）
血稠,蛏子
血稠,咸肉
血毒,螃蟹
血毒,苦瓜
血毒,狗肉
血毒,香菜
少枝胶质细胞瘤及间变少枝胶质细胞瘤,白酒
少枝胶质细胞瘤及间变少枝胶质细胞瘤,田螺
少枝胶质细胞瘤及间变少枝胶质细胞瘤,鸭血(白鸭)
少枝胶质细胞瘤及间变少枝胶质细胞瘤,红葡萄酒
舌下神经损伤,白酒
舌下神经损伤,田螺
舌下神经损伤,鸭血(白鸭)
舌下神经损伤,蛏子
舌咽神经损伤,白酒
舌咽神经损伤,田螺
舌咽神经损伤,鸭血(白鸭)
舌咽神经损伤,蛏子
眶骨髓炎,杏仁
眶骨髓炎,鹿肉
眶骨髓炎,鸡肝
眶骨髓炎,松子仁
肺结节,啤酒
肺结节,白酒
肺结节,辣椒(红、尖、干)
肺结节,姜
社会获得性肺炎,白酒
社会获得性肺炎,田螺
社会获得性肺炎,鸭血(白鸭)
社会获得性肺炎,蛏子
浆膜下肌瘤,螃蟹
浆膜下肌瘤,辣椒(红、尖、干)
浆膜下肌瘤,狗肉
浆膜下肌瘤,羊肉(肥瘦)
风湿免疫病,啤酒
风湿免疫病,辣椒(红、尖、干)
风湿免疫病,姜
风湿免疫病,大葱
溃疡病穿孔,杏仁
溃疡病穿孔,鹿肉
溃疡病穿孔,鸡肝
溃疡病穿孔,松子仁
砷化氢引起的溶血性贫血,白酒
砷化氢引起的溶血性贫血,田螺
砷化氢引起的溶血性贫血,鸭血(白鸭)
砷化氢引起的溶血性贫血,蛏子
溃疡坏死性口炎,杏仁
溃疡坏死性口炎,鹿肉
溃疡坏死性口炎,鸡肝
溃疡坏死性口炎,松子仁
结肠腺癌,白酒
结肠腺癌,辣椒(红、尖、干)
结肠腺癌,咖啡
结肠腺癌,茶叶
混合型阴道炎,啤酒
混合型阴道炎,白酒
混合型阴道炎,辣椒(红、尖、干)
混合型阴道炎,猪油（板油）
神经肽性肢端感觉异常,白酒
神经肽性肢端感觉异常,田螺
神经肽性肢端感觉异常,鸭血(白鸭)
神经肽性肢端感觉异常,蛏子
神经系统副肿瘤综合征,啤酒
神经系统副肿瘤综合征,白酒
神经系统副肿瘤综合征,鸭血(白鸭)
神经系统副肿瘤综合征,红葡萄酒
腰椎结核,辣椒(红、尖、干)
腰椎结核,韭菜
腰椎结核,香菜
腰椎结核,芥菜
神经纤维瘤病,白酒
神经纤维瘤病,田螺
神经纤维瘤病,鸭血(白鸭)
神经纤维瘤病,蛏子
子宫囊肿,猪肉(肥瘦)
子宫囊肿,猪油（板油）
子宫囊肿,羊油
子宫囊肿,猪肉(肥)
神经性肌强直,白酒
神经性肌强直,田螺
神经性肌强直,鸭血(白鸭)
神经性肌强直,绿豆
纳氏囊肿,鱼腥草
纳氏囊肿,猪肚
纳氏囊肿,蛏子
纳氏囊肿,河虾
神经源性角膜炎,白酒
神经源性角膜炎,田螺
神经源性角膜炎,鸭血(白鸭)
神经源性角膜炎,蛏子
眼眶平滑肌瘤,啤酒
眼眶平滑肌瘤,白酒
眼眶平滑肌瘤,咸鸭蛋
眼眶平滑肌瘤,干腌菜
浸润性乳腺癌,白酒
浸润性乳腺癌,辣椒(红、尖、干)
浸润性乳腺癌,咖啡
浸润性乳腺癌,油条
眼眶神经纤维瘤,啤酒
眼眶神经纤维瘤,白酒
眼眶神经纤维瘤,咸鸭蛋
眼眶神经纤维瘤,干腌菜
肾皮质化脓性感染,螃蟹
肾皮质化脓性感染,白酒
肾皮质化脓性感染,田螺
肾皮质化脓性感染,鸭血(白鸭)
解脲支原体感染,白酒
解脲支原体感染,咸鱼
解脲支原体感染,猪肚
解脲支原体感染,猪肉(肥)
生长期脱发,白酒
生长期脱发,田螺
生长期脱发,鸭血(白鸭)
生长期脱发,蛏子
脑囊肿,螃蟹
脑囊肿,辣椒(红、尖、干)
脑囊肿,茄子
脑囊肿,茼蒿
石棉肺,白酒
石棉肺,田螺
石棉肺,鸭血(白鸭)
石棉肺,蛏子
脑神经损伤,螃蟹
脑神经损伤,海蟹
脑神经损伤,辣椒(青、尖)
脑神经损伤,香肠
眼眶血肿,啤酒
眼眶血肿,白酒
眼眶血肿,咸鸭蛋
眼眶血肿,干腌菜
乙状结肠癌,啤酒
乙状结肠癌,韭菜
乙状结肠癌,咖啡
乙状结肠癌,猪大肠
内湿,洋葱
内湿,猪肚
内湿,咸肉
内湿,虾米
视神经脊髓炎,白酒
视神经脊髓炎,田螺
视神经脊髓炎,鸭血(白鸭)
视神经脊髓炎,蛏子
桡骨骨折,白酒
桡骨骨折,洋葱
桡骨骨折,辣椒(红、尖、干)
桡骨骨折,大葱
室管膜肿瘤,啤酒
室管膜肿瘤,白酒
室管膜肿瘤,鸭血(白鸭)
室管膜肿瘤,红葡萄酒
早孕,螃蟹
早孕,辣椒(红、尖、干)
早孕,黄酒
早孕,红辣椒
嗜酸性粒细胞白血病,螃蟹
嗜酸性粒细胞白血病,白酒
嗜酸性粒细胞白血病,田螺
嗜酸性粒细胞白血病,鸭血(白鸭)
阴茎淋巴管炎,辣椒(红、尖、干)
阴茎淋巴管炎,韭菜
阴茎淋巴管炎,花椒
嗜血流感杆菌的皮肤感染,白酒
嗜血流感杆菌的皮肤感染,田螺
嗜血流感杆菌的皮肤感染,鸭血(白鸭)
嗜血流感杆菌的皮肤感染,鹅肉
嗜血细胞综合症,白酒
嗜血细胞综合症,洋葱
嗜血细胞综合症,辣椒(红、尖、干)
嗜血细胞综合症,猪油（板油）
手部屈指肌腱损伤,白酒
手部屈指肌腱损伤,田螺
手部屈指肌腱损伤,鸭血(白鸭)
手部屈指肌腱损伤,蛏子
阴茎珍珠疹,辣椒(红、尖、干)
阴茎珍珠疹,大蒜
阴茎珍珠疹,姜
阴茎珍珠疹,大葱
手指屈肌腱鞘炎,白酒
手指屈肌腱鞘炎,田螺
手指屈肌腱鞘炎,鸭血(白鸭)
手指屈肌腱鞘炎,蛏子
疣状胃炎,洋葱
疣状胃炎,辣椒(红、尖、干)
疣状胃炎,奶油
疣状胃炎,咖啡
小叶增生,韭菜
小叶增生,油条
小叶增生,姜
小叶增生,红辣椒
外阴赘生物,辣椒(青、尖)
外阴赘生物,白酒
外阴赘生物,猪油（板油）
外阴赘生物,蒜黄
输血后血小板减少性紫癜,白酒
输血后血小板减少性紫癜,虾皮
输血后血小板减少性紫癜,鸭血(白鸭)
输血后血小板减少性紫癜,虾米
眼外肌外伤,啤酒
眼外肌外伤,咸鸭蛋
眼外肌外伤,干腌菜
眼外肌外伤,赤小豆
心血不足,猪肉(肥)
心血不足,肥膘肉
心血不足,红辣椒
心血不足,羊肉(肥瘦)
链球菌感染,猪油（板油）
链球菌感染,油条
链球菌感染,肥膘肉
链球菌感染,野葱
松毛虫性骨关节炎,螃蟹
松毛虫性骨关节炎,白酒
松毛虫性骨关节炎,田螺
松毛虫性骨关节炎,鸭血(白鸭)
眼异物伤,咸鱼
眼异物伤,咸鸭蛋
眼异物伤,干腌菜
眼异物伤,赤小豆
瘘疮,辣椒(青、尖)
瘘疮,白酒
瘘疮,洋葱
瘘疮,猪油（板油）
瘫痪,啤酒
瘫痪,白酒
瘫痪,田螺
瘫痪,鸭血(白鸭)
厌氧菌肺炎,啤酒
厌氧菌肺炎,白酒
厌氧菌肺炎,咸鸭蛋
厌氧菌肺炎,干腌菜
阑尾肿瘤,杏仁
阑尾肿瘤,鹿肉
阑尾肿瘤,鸡肝
阑尾肿瘤,松子仁
特发性股骨头坏死,白酒
特发性股骨头坏死,田螺
特发性股骨头坏死,鸭血(白鸭)
特发性股骨头坏死,蛏子
特发性黄斑部前膜,啤酒
特发性黄斑部前膜,白酒
特发性黄斑部前膜,鸭血(白鸭)
特发性黄斑部前膜,红葡萄酒
老年癌症病人的急性感染,杏仁
老年癌症病人的急性感染,鹿肉
老年癌症病人的急性感染,鸡肝
老年癌症病人的急性感染,松子仁
胸椎骨折,辣椒(青、尖)
胸椎骨折,韭菜
胸椎骨折,大蒜
胸椎骨折,红辣椒
羊膜腔感染综合征,啤酒
羊膜腔感染综合征,白酒
羊膜腔感染综合征,咸鸭蛋
羊膜腔感染综合征,干腌菜
特发性面神经瘫痪,白酒
特发性面神经瘫痪,田螺
特发性面神经瘫痪,鸭血(白鸭)
特发性面神经瘫痪,红葡萄酒
老年斑,杏仁
老年斑,核桃
老年斑,鹿肉
老年斑,鸡肝
龟头珍珠疹,白酒
龟头珍珠疹,辣椒(红、尖、干)
龟头珍珠疹,花椒
龟头珍珠疹,泡椒
痒点,咸鸭蛋
痒点,干腌菜
痒点,羊油
痒点,赤小豆
疼痛性眼肌麻痹,啤酒
疼痛性眼肌麻痹,白酒
疼痛性眼肌麻痹,鸭血(白鸭)
疼痛性眼肌麻痹,红葡萄酒
过敏性皮肤病,啤酒
过敏性皮肤病,白酒
过敏性皮肤病,辣椒(红、尖、干)
过敏性皮肤病,泡椒
老年便秘,海虾
老年便秘,鹿肉
老年便秘,鸡肝
老年便秘,虾皮
体癣,田螺
体癣,草鱼
体癣,鸭血(白鸭)
体癣,蛏子
恙螨皮炎,咸鱼
恙螨皮炎,咸鸭蛋
恙螨皮炎,干腌菜
恙螨皮炎,赤小豆
头皮糠疹,啤酒
头皮糠疹,白酒
头皮糠疹,田螺
头皮糠疹,鸭血(白鸭)
胸椎小关节紊乱症,白酒
胸椎小关节紊乱症,辣椒(红、尖、干)
胸椎小关节紊乱症,大蒜
胸椎小关节紊乱症,红辣椒
轻度脂肪肝,猪油（板油）
轻度脂肪肝,羊油
轻度脂肪肝,猪肉(肥)
轻度脂肪肝,猪肋条肉（五花肉）
老年跌倒,杏仁
老年跌倒,核桃
老年跌倒,鹿肉
老年跌倒,鸡肝
密集恐惧症,白酒
密集恐惧症,洋葱
密集恐惧症,辣椒(红、尖、干)
密集恐惧症,大葱
透析性骨关节病,螃蟹
透析性骨关节病,白酒
透析性骨关节病,田螺
透析性骨关节病,鸭血(白鸭)
老年急性动脉栓塞,杏仁
老年急性动脉栓塞,核桃
老年急性动脉栓塞,鹿肉
老年急性动脉栓塞,鸡肝
土肥对称性肢端色素沉着症,白酒
土肥对称性肢端色素沉着症,田螺
土肥对称性肢端色素沉着症,鸭血(白鸭)
土肥对称性肢端色素沉着症,蛏子
过敏性荨麻疹,白酒
过敏性荨麻疹,辣椒(红、尖、干)
过敏性荨麻疹,花椒
过敏性荨麻疹,泡椒
老年静脉血栓症,杏仁
老年静脉血栓症,核桃
老年静脉血栓症,鹿肉
老年静脉血栓症,鸡肝
吞入异物,啤酒
吞入异物,白酒
吞入异物,鸭血(白鸭)
吞入异物,鸡骨架
寒冷性荨麻疹,白酒
寒冷性荨麻疹,辣椒(红、尖、干)
寒冷性荨麻疹,花椒
寒冷性荨麻疹,泡椒
老年久病卧床,杏仁
老年久病卧床,核桃
老年久病卧床,鹿肉
老年久病卧床,鸡肝
B疱疹病毒感染,啤酒
B疱疹病毒感染,白酒
B疱疹病毒感染,田螺
B疱疹病毒感染,鸭血(白鸭)
皮肤疣,洋葱
皮肤疣,辣椒(红、尖、干)
皮肤疣,大葱
皮肤疣,腌芥菜头
肌筋膜炎,白酒
肌筋膜炎,辣椒(红、尖、干)
肌筋膜炎,花椒
肌筋膜炎,泡椒
老年男性性功能障碍,螃蟹
老年男性性功能障碍,田螺
老年男性性功能障碍,鸭血(白鸭)
老年男性性功能障碍,绿豆
外伤相关性青光眼,啤酒
外伤相关性青光眼,白酒
外伤相关性青光眼,田螺
外伤相关性青光眼,鸭血(白鸭)
药物免疫性血小板减少性紫癜,啤酒
药物免疫性血小板减少性紫癜,白酒
药物免疫性血小板减少性紫癜,咸鸭蛋
药物免疫性血小板减少性紫癜,干腌菜
外伤性胆管损伤,白酒
外伤性胆管损伤,田螺
外伤性胆管损伤,鸭血(白鸭)
外伤性胆管损伤,蛏子
梅杰综合症,白酒
梅杰综合症,腊肉（烟肉）
梅杰综合症,猪肉(肥)
梅杰综合症,肥膘肉
药物相关性免疫性溶血性贫血,啤酒
药物相关性免疫性溶血性贫血,白酒
药物相关性免疫性溶血性贫血,咸鸭蛋
药物相关性免疫性溶血性贫血,干腌菜
外伤性腹膜后出血或血肿,螃蟹
外伤性腹膜后出血或血肿,白酒
外伤性腹膜后出血或血肿,田螺
外伤性腹膜后出血或血肿,鸭血(白鸭)
急性肠梗阻,辣椒(红、尖、干)
急性肠梗阻,咖啡
急性肠梗阻,青葱
急性肠梗阻,大葱
老年女性膀胱颈梗阻,田螺
老年女性膀胱颈梗阻,淡菜(鲜)
老年女性膀胱颈梗阻,鸭血(白鸭)
老年女性膀胱颈梗阻,绿豆
外伤性脑积水,白酒
外伤性脑积水,田螺
外伤性脑积水,虾皮
外伤性脑积水,鸭血(白鸭)
老年期谵妄,啤酒
老年期谵妄,田螺
老年期谵妄,鸭血(白鸭)
老年期谵妄,绿豆
皮下脂肪瘤,洋葱
皮下脂肪瘤,辣椒(红、尖、干)
皮下脂肪瘤,猪油（板油）
皮下脂肪瘤,大葱
外伤性脂肪坏死,螃蟹
外伤性脂肪坏死,白酒
外伤性脂肪坏死,田螺
外伤性脂肪坏死,鸭血(白鸭)
夜间哮喘,啤酒
夜间哮喘,咸鸭蛋
夜间哮喘,干腌菜
夜间哮喘,赤小豆
淋巴结结节病,白酒
淋巴结结节病,辣椒(红、尖、干)
淋巴结结节病,腊肉（烟肉）
淋巴结结节病,花椒
外阴表皮内瘤变,啤酒
外阴表皮内瘤变,白酒
外阴表皮内瘤变,鸭血(白鸭)
外阴表皮内瘤变,红葡萄酒
老年人败血症,田螺
老年人败血症,淡菜(鲜)
老年人败血症,鸭血(白鸭)
老年人败血症,绿豆
一度房室传导阻滞,咸鸭蛋
一度房室传导阻滞,干腌菜
一度房室传导阻滞,羊油
一度房室传导阻滞,赤小豆
热性荨麻疹,白酒
热性荨麻疹,辣椒(红、尖、干)
热性荨麻疹,咖啡
老年人膀胱癌,田螺
老年人膀胱癌,淡菜(鲜)
老年人膀胱癌,鸭血(白鸭)
老年人膀胱癌,绿豆
外阴瘙痒症,啤酒
外阴瘙痒症,白酒
外阴瘙痒症,鸭血(白鸭)
外阴瘙痒症,鹅肉
伊藤痣,咸鸭蛋
伊藤痣,干腌菜
伊藤痣,羊油
伊藤痣,赤小豆
脂溢性脱发,葱白
脂溢性脱发,花椒
脂溢性脱发,大葱
脂溢性脱发,红辣椒
外源性变应性肺泡炎,啤酒
外源性变应性肺泡炎,白酒
外源性变应性肺泡炎,鸭血(白鸭)
外源性变应性肺泡炎,红葡萄酒
衣原体尿路感染,啤酒
衣原体尿路感染,白酒
衣原体尿路感染,油豆腐
衣原体尿路感染,干腌菜
幽闭空间恐惧症,辣椒(青、尖)
幽闭空间恐惧症,白酒
幽闭空间恐惧症,辣椒(红、尖、干)
幽闭空间恐惧症,咖啡
网膜扭转,啤酒
网膜扭转,白酒
网膜扭转,红葡萄酒
网膜扭转,鸡爪
手干裂,白酒
手干裂,洋葱
手干裂,辣椒(红、尖、干)
手干裂,大葱
纹状体黑质变性,啤酒
纹状体黑质变性,白酒
纹状体黑质变性,红葡萄酒
无菌性肋软骨炎,啤酒
无菌性肋软骨炎,白酒
无菌性肋软骨炎,红葡萄酒
无菌性肋软骨炎,孢子甘蓝
肠道寄生虫病,洋葱
肠道寄生虫病,辣椒(红、尖、干)
肠道寄生虫病,韭菜
肠道寄生虫病,茴香
X联锁鱼鳞病,啤酒
X联锁鱼鳞病,鸭血(白鸭)
X联锁鱼鳞病,红葡萄酒
X联锁鱼鳞病,鸡爪
增生性疤痕,辣椒(青、尖)
增生性疤痕,白酒
增生性疤痕,辣椒(红、尖、干)
增生性疤痕,猪油（板油）
全身性红斑狼疮,鸭血(白鸭)
全身性红斑狼疮,鸡翅
全身性红斑狼疮,鹅肉
全身性红斑狼疮,鸡爪
老年人不稳定型心绞痛,田螺
老年人不稳定型心绞痛,淡菜(鲜)
老年人不稳定型心绞痛,鸭血(白鸭)
老年人不稳定型心绞痛,绿豆
小儿咽喉炎,白酒
小儿咽喉炎,洋葱
小儿咽喉炎,辣椒(红、尖、干)
小儿咽喉炎,青蒜
细菌性角膜炎,鸭血(白鸭)
细菌性角膜炎,鸡翅
细菌性角膜炎,鹅肉
细菌性角膜炎,鸡爪
老年人肠易激综合征,田螺
老年人肠易激综合征,淡菜(鲜)
老年人肠易激综合征,鸭血(白鸭)
老年人肠易激综合征,绿豆
手足心热,洋葱
手足心热,辣椒(红、尖、干)
手足心热,大蒜
手足心热,大葱
下部附加前根脊髓动脉缺血症候群,鸭血(白鸭)
下部附加前根脊髓动脉缺血症候群,鸡翅
下部附加前根脊髓动脉缺血症候群,鹅肉
下部附加前根脊髓动脉缺血症候群,鸡爪
中度脂肪肝,海虾
中度脂肪肝,洋葱
中度脂肪肝,辣椒(红、尖、干)
中度脂肪肝,虾米
下颌下间隙感染,啤酒
下颌下间隙感染,白酒
下颌下间隙感染,鸭血(白鸭)
下颌下间隙感染,红葡萄酒
老年人大肠肿瘤,田螺
老年人大肠肿瘤,淡菜(鲜)
老年人大肠肿瘤,鸭血(白鸭)
老年人大肠肿瘤,绿豆
重度脂肪肝,海虾
重度脂肪肝,辣椒(红、尖、干)
重度脂肪肝,虾仁
重度脂肪肝,草虾
先天性白血病,鸭血(白鸭)
先天性白血病,鸡翅
先天性白血病,鹅肉
先天性白血病,鸡爪
手腕扭伤,白酒
手腕扭伤,辣椒(红、尖、干)
手腕扭伤,大葱
先天性肠旋转不良,鸭血(白鸭)
先天性肠旋转不良,鸡翅
先天性肠旋转不良,鹅肉
先天性肠旋转不良,鸡爪
脑炎,白酒
脑炎,洋葱
脑炎,辣椒(红、尖、干)
脑炎,韭黄
先天性尺桡骨性连接,鸭血(白鸭)
先天性尺桡骨性连接,鸡翅
先天性尺桡骨性连接,鹅肉
先天性尺桡骨性连接,鸡爪
急性肝病,白酒
急性肝病,辣椒(红、尖、干)
急性肝病,韭菜
急性肝病,芥菜
先天性纯红细胞再生障碍性贫血,啤酒
先天性纯红细胞再生障碍性贫血,鸭血(白鸭)
先天性纯红细胞再生障碍性贫血,鸡翅
先天性纯红细胞再生障碍性贫血,鸡爪
老年人胆囊癌,田螺
老年人胆囊癌,淡菜(鲜)
老年人胆囊癌,鸭血(白鸭)
老年人胆囊癌,绿豆
先天性胆管囊状扩张,鸡蛋黄
先天性胆管囊状扩张,鸭血(白鸭)
先天性胆管囊状扩张,鸡翅
先天性胆管囊状扩张,鸡爪
老年人胆囊炎,田螺
老年人胆囊炎,淡菜(鲜)
老年人胆囊炎,鸭血(白鸭)
老年人胆囊炎,绿豆
埃布斯坦综合征,鸡蛋黄
埃布斯坦综合征,鸭血(白鸭)
埃布斯坦综合征,鸡翅
埃布斯坦综合征,鸡爪
五更泻,辣椒(红、尖、干)
五更泻,大蒜
五更泻,红辣椒
五更泻,韭菜花
老年人胆石症,田螺
老年人胆石症,淡菜(鲜)
老年人胆石症,鸭血(白鸭)
老年人胆石症,绿豆
先天性高弓足,鸭血(白鸭)
先天性高弓足,鸡翅
先天性高弓足,鹅肉
先天性高弓足,鸡爪
慢性肝病,白酒
慢性肝病,辣椒(红、尖、干)
慢性肝病,韭菜
慢性肝病,芥菜
老年人低钙血症,田螺
老年人低钙血症,淡菜(鲜)
老年人低钙血症,鸭血(白鸭)
老年人低钙血症,绿豆
先天性冠状动脉瘘,啤酒
先天性冠状动脉瘘,白酒
先天性冠状动脉瘘,鸭血(白鸭)
先天性冠状动脉瘘,红葡萄酒
风寒,啤酒
风寒,白酒
风寒,洋葱
风寒,辣椒(红、尖、干)
先天性红细胞生成异常性贫血,鸭血(白鸭)
先天性红细胞生成异常性贫血,鸡翅
先天性红细胞生成异常性贫血,红葡萄酒
先天性红细胞生成异常性贫血,鸡爪
尘螨过敏,白酒
尘螨过敏,洋葱
尘螨过敏,肥膘肉
尘螨过敏,野葱
先天性静脉畸形肢体肥大综合征,鸭血(白鸭)
先天性静脉畸形肢体肥大综合征,鸡翅
先天性静脉畸形肢体肥大综合征,红葡萄酒
先天性静脉畸形肢体肥大综合征,鸡爪
高度近视,辣椒(青、尖)
高度近视,白酒
高度近视,辣椒(红、尖、干)
高度近视,红辣椒
老年人低血糖昏迷,田螺
老年人低血糖昏迷,淡菜(鲜)
老年人低血糖昏迷,鸭血(白鸭)
老年人低血糖昏迷,绿豆
外向孤独症,辣椒(红、尖、干)
外向孤独症,咖啡
外向孤独症,红辣椒
先天性卵巢发育不全,鸭血(白鸭)
先天性卵巢发育不全,鸡翅
先天性卵巢发育不全,红葡萄酒
先天性卵巢发育不全,鸡爪
老年人低血糖症,田螺
老年人低血糖症,淡菜(鲜)
老年人低血糖症,鸭血(白鸭)
老年人低血糖症,绿豆
老年人低血压,松子仁
老年人低血压,田螺
老年人低血压,鸭血(白鸭)
老年人低血压,绿豆
眩晕症,啤酒
眩晕症,白酒
眩晕症,猪油（板油）
眩晕症,油条
丝状疣,白酒
丝状疣,洋葱
丝状疣,辣椒(红、尖、干)
丝状疣,大葱
先天性视网膜劈裂症,鸭血(白鸭)
先天性视网膜劈裂症,鸡翅
先天性视网膜劈裂症,红葡萄酒
先天性视网膜劈裂症,鸡爪
急性阴道炎,辣椒(青、尖)
急性阴道炎,白酒
急性阴道炎,洋葱
急性阴道炎,辣椒(红、尖、干)
老年人多器官功能衰竭,田螺
老年人多器官功能衰竭,淡菜(鲜)
老年人多器官功能衰竭,鸭血(白鸭)
老年人多器官功能衰竭,绿豆
念珠菌性包皮龟头炎,海蟹
念珠菌性包皮龟头炎,白酒
念珠菌性包皮龟头炎,辣椒(红、尖、干)
念珠菌性包皮龟头炎,红辣椒
先天性小眼球合并眼眶囊肿,鸭血(白鸭)
先天性小眼球合并眼眶囊肿,鸡翅
先天性小眼球合并眼眶囊肿,鹅肉
先天性小眼球合并眼眶囊肿,鸡爪
甲状腺结节钙化,辣椒(青、尖)
甲状腺结节钙化,辣椒(红、尖、干)
甲状腺结节钙化,猪油（板油）
甲状腺结节钙化,猪网油
先天性血管瘤,啤酒
先天性血管瘤,白酒
先天性血管瘤,鸭血(白鸭)
先天性血管瘤,红葡萄酒
耳神经痛,白酒
耳神经痛,洋葱
耳神经痛,辣椒(红、尖、干)
耳神经痛,韭菜
先天性远端尺桡关节半脱位,啤酒
先天性远端尺桡关节半脱位,白酒
先天性远端尺桡关节半脱位,鸭血(白鸭)
先天性远端尺桡关节半脱位,红葡萄酒
甲状腺弥漫性病变,辣椒(青、尖)
甲状腺弥漫性病变,白酒
甲状腺弥漫性病变,猪油（板油）
甲状腺弥漫性病变,蒜黄
先天性跖骨内收畸形,啤酒
先天性跖骨内收畸形,白酒
先天性跖骨内收畸形,鸭血(白鸭)
先天性跖骨内收畸形,红葡萄酒
甲状腺乳头癌,辣椒(青、尖)
甲状腺乳头癌,白酒
甲状腺乳头癌,洋葱
甲状腺乳头癌,野葱
老年人肥胖症,田螺
老年人肥胖症,淡菜(鲜)
老年人肥胖症,鸭血(白鸭)
老年人肥胖症,绿豆
纤维肌痛综合征,啤酒
纤维肌痛综合征,白酒
纤维肌痛综合征,鸭血(白鸭)
纤维肌痛综合征,红葡萄酒
前庭功能紊乱,辣椒(红、尖、干)
前庭功能紊乱,青葱
前庭功能紊乱,大葱
老年人肺癌,田螺
老年人肺癌,淡菜(鲜)
老年人肺癌,鸭血(白鸭)
老年人肺癌,绿豆
筛窦炎,咖啡
筛窦炎,花椒
筛窦炎,红辣椒
筛窦炎,桂皮
纤维毛囊瘤,啤酒
纤维毛囊瘤,白酒
纤维毛囊瘤,鸭血(白鸭)
纤维毛囊瘤,红葡萄酒
老年人肺结核,田螺
老年人肺结核,淡菜(鲜)
老年人肺结核,鸭血(白鸭)
老年人肺结核,绿豆
纤维性骨炎,啤酒
纤维性骨炎,鸭血(白鸭)
纤维性骨炎,鸡翅
纤维性骨炎,鸡爪
上颌窦炎,白酒
上颌窦炎,花椒
上颌窦炎,红辣椒
上颌窦炎,桂皮
老年人肺结核病,田螺
老年人肺结核病,淡菜(鲜)
老年人肺结核病,鸭血(白鸭)
老年人肺结核病,绿豆
腺性唇炎,啤酒
腺性唇炎,鸭血(白鸭)
腺性唇炎,鸡翅
腺性唇炎,鸡爪
老年人肺脓肿,田螺
老年人肺脓肿,淡菜(鲜)
老年人肺脓肿,鸭血(白鸭)
老年人肺脓肿,绿豆
相对性红细胞增多症,啤酒
相对性红细胞增多症,鸭血(白鸭)
相对性红细胞增多症,鸡翅
相对性红细胞增多症,鸡爪
不均匀性脂肪肝,鸡蛋
不均匀性脂肪肝,鹌鹑蛋
不均匀性脂肪肝,鸭蛋
不均匀性脂肪肝,猪肝
小儿牛皮癣,大蒜
小儿牛皮癣,羊肉(瘦)
小儿牛皮癣,红辣椒
小儿牛皮癣,羊肉(肥瘦)
小肠纤维瘤,啤酒
小肠纤维瘤,鸭血(白鸭)
小肠纤维瘤,鸡翅
小肠纤维瘤,鸡爪
老年人肺气肿,田螺
老年人肺气肿,淡菜(鲜)
老年人肺气肿,鸭血(白鸭)
老年人肺气肿,绿豆
小儿急性呼吸窘迫综合征,鸭血(白鸭)
小儿急性呼吸窘迫综合征,鸡翅
小儿急性呼吸窘迫综合征,鹅肉
小儿急性呼吸窘迫综合征,鸡爪
老年人肺栓塞,田螺
老年人肺栓塞,淡菜(鲜)
老年人肺栓塞,鸭血(白鸭)
老年人肺栓塞,绿豆
肺燥,白酒
肺燥,洋葱
肺燥,辣椒(红、尖、干)
肺燥,韭菜
老年人肺心病,田螺
老年人肺心病,淡菜(鲜)
老年人肺心病,鸭血(白鸭)
老年人肺心病,蛏子
遗传性铁粒幼细胞性贫血,啤酒
遗传性铁粒幼细胞性贫血,白酒
遗传性铁粒幼细胞性贫血,干腌菜
遗传性铁粒幼细胞性贫血,赤小豆
小脑扁桃体下疝畸形,鸡蛋黄
小脑扁桃体下疝畸形,鸭血(白鸭)
小脑扁桃体下疝畸形,鸡翅
小脑扁桃体下疝畸形,鸡爪
老年人肺性脑病,田螺
老年人肺性脑病,淡菜(鲜)
老年人肺性脑病,鸭血(白鸭)
老年人肺性脑病,蛏子
肠胃型感冒,白酒
肠胃型感冒,姜
肠胃型感冒,蒜苔
肠胃型感冒,青蒜
肺热,白酒
肺热,辣椒(红、尖、干)
肺热,韭菜
肺热,茴香
遗传性椭圆形红细胞增多症,啤酒
遗传性椭圆形红细胞增多症,白酒
遗传性椭圆形红细胞增多症,干腌菜
遗传性椭圆形红细胞增多症,赤小豆
老年人肺炎,啤酒
老年人肺炎,白酒
老年人肺炎,田螺
老年人肺炎,鸭血(白鸭)
跟痛症,猪油（板油）
跟痛症,油皮
跟痛症,猪肉(肥)
跟痛症,羊肥肠(大肠)
猩红热样红斑,啤酒
猩红热样红斑,白酒
猩红热样红斑,鸭血(白鸭)
猩红热样红斑,红葡萄酒
安卡性肾炎,洋葱
安卡性肾炎,辣椒(红、尖、干)
安卡性肾炎,韭菜
安卡性肾炎,香菜
性心理障碍,白酒
性心理障碍,鸭血(白鸭)
性心理障碍,鸡翅
性心理障碍,鸡爪
癣菌疹,鸭血(白鸭)
癣菌疹,鸡翅
癣菌疹,鹅肉
癣菌疹,鸡爪
血管畸形引起的吞咽困难,白酒
血管畸形引起的吞咽困难,鸡蛋黄
血管畸形引起的吞咽困难,鸭血(白鸭)
血管畸形引起的吞咽困难,鸡爪
甲状腺囊肿,白酒
甲状腺囊肿,咖啡
甲状腺囊肿,油条
甲状腺囊肿,红辣椒
血管内乳头状血管内皮细胞瘤,啤酒
血管内乳头状血管内皮细胞瘤,鸭血(白鸭)
血管内乳头状血管内皮细胞瘤,红葡萄酒
血管内乳头状血管内皮细胞瘤,鸡爪
小儿口腔溃疡,猪油（板油）
小儿口腔溃疡,猪肉(肥)
小儿口腔溃疡,猪网油
小儿口腔溃疡,羊肉(肥瘦)
血管神经性水肿,鸭血(白鸭)
血管神经性水肿,鸡翅
血管神经性水肿,鹅肉
血管神经性水肿,鸡爪
倒经,啤酒
倒经,白酒
倒经,油条
倒经,黄酒
酸中毒,辣椒(红、尖、干)
酸中毒,韭菜
酸中毒,鱼腥草
酸中毒,火腿
血管纤维瘤,啤酒
血管纤维瘤,白酒
血管纤维瘤,鸭血(白鸭)
血管纤维瘤,红葡萄酒
膀胱囊肿,白酒
膀胱囊肿,咖啡
膀胱囊肿,红辣椒
膀胱囊肿,咖喱
咽囊炎,白酒
咽囊炎,鸭血(白鸭)
咽囊炎,红葡萄酒
咽囊炎,鸡爪
手指撕脱性骨折,洋葱
手指撕脱性骨折,辣椒(红、尖、干)
手指撕脱性骨折,韭菜
手指撕脱性骨折,香菜
言语和语言发育障碍,白酒
言语和语言发育障碍,鸭血(白鸭)
言语和语言发育障碍,红葡萄酒
言语和语言发育障碍,鸡爪
老年人肝性脑病,啤酒
老年人肝性脑病,白酒
老年人肝性脑病,田螺
老年人肝性脑病,鸭血(白鸭)
眼睑皮脂腺癌,啤酒
眼睑皮脂腺癌,白酒
眼睑皮脂腺癌,鸭血(白鸭)
眼睑皮脂腺癌,红葡萄酒
老年人肝硬化,啤酒
老年人肝硬化,白酒
老年人肝硬化,田螺
老年人肝硬化,鸭血(白鸭)
心脏瓣膜关闭不全,咸鱼
心脏瓣膜关闭不全,咸鸭蛋
心脏瓣膜关闭不全,干腌菜
心脏瓣膜关闭不全,咸肉
乙状结肠扭转,啤酒
乙状结肠扭转,白酒
乙状结肠扭转,干腌菜
乙状结肠扭转,赤小豆
梭形细胞肿瘤,辣椒(红、尖、干)
梭形细胞肿瘤,腊肉(生)
梭形细胞肿瘤,青蒜
梭形细胞肿瘤,芥菜
乙状结肠造口旁沟疝,啤酒
乙状结肠造口旁沟疝,白酒
乙状结肠造口旁沟疝,鸡蛋黄
乙状结肠造口旁沟疝,干腌菜
眼球内炎,鸭血(白鸭)
眼球内炎,鸡翅
眼球内炎,鹅肉
眼球内炎,鸡爪
老年人感染性休克,啤酒
老年人感染性休克,白酒
老年人感染性休克,田螺
老年人感染性休克,鸭血(白鸭)
眼球运动障碍,鸭血(白鸭)
眼球运动障碍,鸡翅
眼球运动障碍,鸡爪
眼球运动障碍,公鸡
腰部峡部崩裂和脊椎滑脱,啤酒
腰部峡部崩裂和脊椎滑脱,白酒
腰部峡部崩裂和脊椎滑脱,鸭血(白鸭)
腰部峡部崩裂和脊椎滑脱,红葡萄酒
便秘性结肠炎,咖啡
便秘性结肠炎,油条
便秘性结肠炎,红辣椒
便秘性结肠炎,冰淇淋
异物伤,啤酒
异物伤,白酒
异物伤,干腌菜
异物伤,赤小豆
腰椎退变性小关节损伤性关节炎,鸭血(白鸭)
腰椎退变性小关节损伤性关节炎,鸡翅
腰椎退变性小关节损伤性关节炎,鹅肉
腰椎退变性小关节损伤性关节炎,鸡爪
异物性食管穿孔,啤酒
异物性食管穿孔,白酒
异物性食管穿孔,干腌菜
异物性食管穿孔,赤小豆
抬头纹,辣椒(红、尖、干)
抬头纹,腊肉(生)
抬头纹,青蒜
抬头纹,芥菜
药物导致的肺部疾病,鸭血(白鸭)
药物导致的肺部疾病,鸡翅
药物导致的肺部疾病,鹅肉
药物导致的肺部疾病,鸡爪
角膜损伤,猪肉(肥瘦)
角膜损伤,猪油（板油）
角膜损伤,羊油
角膜损伤,猪肉(肥)
腋毛癣菌病,啤酒
腋毛癣菌病,白酒
腋毛癣菌病,鸭血(白鸭)
腋毛癣菌病,红葡萄酒
老年人高血压,杏仁
老年人高血压,腐竹
老年人高血压,田螺
老年人高血压,鸭血(白鸭)
阴道白斑,啤酒
阴道白斑,白酒
阴道白斑,羊油
阴道白斑,赤小豆
老年人高血压危象,啤酒
老年人高血压危象,白酒
老年人高血压危象,鸭血(白鸭)
老年人高血压危象,江米酒
头皮痣,洋葱
头皮痣,腊肉（烟肉）
头皮痣,姜
头皮痣,大葱
阴道壁息肉,咸鱼
阴道壁息肉,田螺
阴道壁息肉,羊油
阴道壁息肉,赤小豆
衣原体淋巴肉芽肿,啤酒
衣原体淋巴肉芽肿,白酒
衣原体淋巴肉芽肿,鸭血(白鸭)
衣原体淋巴肉芽肿,红葡萄酒
老年人高脂血症,鸭肉
老年人高脂血症,腐竹
老年人高脂血症,鸡腿
老年人高脂血症,鸭血(白鸭)
溃疡性口腔炎,猪油（板油）
溃疡性口腔炎,羊油
溃疡性口腔炎,猪肉(肥)
溃疡性口腔炎,羊肉(肥瘦)
老年人骨关节炎,芝麻
老年人骨关节炎,腰果
老年人骨关节炎,虾皮
老年人骨关节炎,鸭血(白鸭)
透明隔囊肿,洋葱
透明隔囊肿,腊肉（烟肉）
透明隔囊肿,姜
透明隔囊肿,大葱
阴道鳞状上皮癌,啤酒
阴道鳞状上皮癌,白酒
阴道鳞状上皮癌,烤鸭
阴道鳞状上皮癌,干腌菜
乙状结肠间疝,鸭血(白鸭)
乙状结肠间疝,鸡翅
乙状结肠间疝,鹅肉
乙状结肠间疝,鸡爪
牙齿过敏,辣椒(红、尖、干)
牙齿过敏,大葱
牙齿过敏,红辣椒
异染性脑白质营养不良,鸭血(白鸭)
异染性脑白质营养不良,鸡翅
异染性脑白质营养不良,鹅肉
异染性脑白质营养不良,鸡爪
秃顶,洋葱
秃顶,腊肉（烟肉）
秃顶,姜
秃顶,大葱
阴道平滑肌肉瘤,啤酒
阴道平滑肌肉瘤,白酒
阴道平滑肌肉瘤,干腌菜
阴道平滑肌肉瘤,鹅肉
弗郎西丝菌肺炎,鸭血(白鸭)
弗郎西丝菌肺炎,鸡翅
弗郎西丝菌肺炎,鹅肉
弗郎西丝菌肺炎,鸡爪
慢性病毒性肝炎,猪肉(肥瘦)
慢性病毒性肝炎,猪油（板油）
慢性病毒性肝炎,羊油
慢性病毒性肝炎,猪肉(肥)
老年人骨质疏松,田螺
老年人骨质疏松,淡菜(鲜)
老年人骨质疏松,鸭血(白鸭)
老年人骨质疏松,蛏子
阴道前壁膨出,啤酒
阴道前壁膨出,白酒
阴道前壁膨出,干腌菜
阴道前壁膨出,鹅肉
黄斑病变,辣椒(红、尖、干)
黄斑病变,猪肉(肥)
黄斑病变,肥膘肉
黄斑病变,红辣椒
阴道上皮内瘤样变,啤酒
阴道上皮内瘤样变,白酒
阴道上皮内瘤样变,干腌菜
阴道上皮内瘤样变,鹅肉
胆囊囊肿,白酒
胆囊囊肿,咖啡
胆囊囊肿,红辣椒
阴道嗜血杆菌性阴道炎,啤酒
阴道嗜血杆菌性阴道炎,白酒
阴道嗜血杆菌性阴道炎,干腌菜
阴道嗜血杆菌性阴道炎,鹅肉
砣疣,洋葱
砣疣,腊肉（烟肉）
砣疣,姜
砣疣,大葱
阴道腺癌,啤酒
阴道腺癌,白酒
阴道腺癌,干腌菜
阴道腺癌,鹅肉
老年人呼吸衰竭,白酒
老年人呼吸衰竭,田螺
老年人呼吸衰竭,黄酒
老年人呼吸衰竭,鸭血(白鸭)
地高辛中毒,螃蟹
地高辛中毒,白酒
地高辛中毒,咖啡
阴道腺病,啤酒
阴道腺病,白酒
阴道腺病,油豆腐
阴道腺病,干腌菜
膀胱过度活动症,白酒
膀胱过度活动症,辣椒(红、尖、干)
膀胱过度活动症,韭菜
膀胱过度活动症,大葱
急性丙肝,辣椒(青、尖)
急性丙肝,辣椒(红、尖、干)
急性丙肝,猪肉(肥)
急性丙肝,肥膘肉
阴茎折断,啤酒
阴茎折断,白酒
阴茎折断,鸭血(白鸭)
阴茎折断,红葡萄酒
胃气上逆,洋葱
胃气上逆,腊肉（烟肉）
胃气上逆,姜
胃气上逆,大葱
阴道血管肉瘤,啤酒
阴道血管肉瘤,白酒
阴道血管肉瘤,油豆腐
阴道血管肉瘤,干腌菜
银屑病关节炎及其伴发的葡萄膜炎,鸭血(白鸭)
银屑病关节炎及其伴发的葡萄膜炎,鸡翅
银屑病关节炎及其伴发的葡萄膜炎,鹅肉
银屑病关节炎及其伴发的葡萄膜炎,鸡爪
拇囊炎,羊油
拇囊炎,猪肉(肥)
拇囊炎,猪网油
拇囊炎,羊肉(肥瘦)
隐斜,鸭血(白鸭)
隐斜,鸡翅
隐斜,鹅肉
隐斜,鸡爪
肺泡癌,白酒
肺泡癌,咖啡
肺泡癌,红辣椒
肺泡癌,咖喱
老年人急腹症,白酒
老年人急腹症,田螺
老年人急腹症,淡菜(鲜)
老年人急腹症,鸭血(白鸭)
脾梗死,猪油（板油）
脾梗死,羊油
脾梗死,肥膘肉
脾梗死,羊肉(肥瘦)
肝结石,白酒
肝结石,咖啡
肝结石,红辣椒
肛乳头瘤,白酒
肛乳头瘤,咖啡
肛乳头瘤,红辣椒
肛乳头瘤,年糕
婴儿肌纤维瘤病,啤酒
婴儿肌纤维瘤病,白酒
婴儿肌纤维瘤病,鸭血(白鸭)
婴儿肌纤维瘤病,红葡萄酒
脾肾两虚,猪油（板油）
脾肾两虚,羊油
脾肾两虚,猪肉(肥)
脾肾两虚,猪网油
婴儿期短暂性低丙球蛋白血症,鸭血(白鸭)
婴儿期短暂性低丙球蛋白血症,鸡翅
婴儿期短暂性低丙球蛋白血症,鹅肉
婴儿期短暂性低丙球蛋白血症,鸡爪
老年人急性感染后肾炎,啤酒
老年人急性感染后肾炎,白酒
老年人急性感染后肾炎,黄酒
老年人急性感染后肾炎,鸭血(白鸭)
跟腱炎,白酒
跟腱炎,咖啡
跟腱炎,红辣椒
跟腱炎,咖喱
老年人急性呼吸窘迫综合征,田螺
老年人急性呼吸窘迫综合征,淡菜(鲜)
老年人急性呼吸窘迫综合征,鸭血(白鸭)
老年人急性呼吸窘迫综合征,蛏子
阴茎结核疹,啤酒
阴茎结核疹,白酒
阴茎结核疹,油豆腐
阴茎结核疹,干腌菜
老年人急性阑尾炎,啤酒
老年人急性阑尾炎,白酒
老年人急性阑尾炎,田螺
老年人急性阑尾炎,黄酒
小肠下垂,洋葱
小肠下垂,腊肉（烟肉）
小肠下垂,肥膘肉
小肠下垂,子姜
婴幼儿外阴阴道炎,鸭血(白鸭)
婴幼儿外阴阴道炎,鸡翅
婴幼儿外阴阴道炎,鹅肉
婴幼儿外阴阴道炎,鸡爪
阴茎离断伤,啤酒
阴茎离断伤,白酒
阴茎离断伤,油豆腐
阴茎离断伤,干腌菜
关节退行性变,白酒
关节退行性变,咖啡
关节退行性变,红辣椒
关节退行性变,咖喱
阴茎扭转,啤酒
阴茎扭转,白酒
阴茎扭转,油豆腐
阴茎扭转,干腌菜
硬脑膜外脓肿,鸭血(白鸭)
硬脑膜外脓肿,鸡翅
硬脑膜外脓肿,鹅肉
硬脑膜外脓肿,鸡爪
小儿过敏性支气管炎,辣椒(红、尖、干)
小儿过敏性支气管炎,腊肉（烟肉）
小儿过敏性支气管炎,大葱
小儿过敏性支气管炎,芥菜
老年人急性肾功能衰竭,白酒
老年人急性肾功能衰竭,腐竹
老年人急性肾功能衰竭,田螺
老年人急性肾功能衰竭,黄酒
老年人急性胰腺炎,白酒
老年人急性胰腺炎,田螺
老年人急性胰腺炎,黄酒
老年人急性胰腺炎,江米酒
阴囊癌,啤酒
阴囊癌,白酒
阴囊癌,咸鸭蛋
阴囊癌,干腌菜
龟头癌,白酒
龟头癌,咖啡
龟头癌,红辣椒
龟头癌,咖喱
小脑梗塞,辣椒(红、尖、干)
小脑梗塞,腊肉（烟肉）
小脑梗塞,肥膘肉
小脑梗塞,芥菜
阴囊损伤,啤酒
阴囊损伤,白酒
阴囊损伤,油豆腐
阴囊损伤,干腌菜
老年人急性左心衰竭,白酒
老年人急性左心衰竭,鸡肉
老年人急性左心衰竭,黄酒
老年人急性左心衰竭,江米酒
幼年型类风湿性关节炎,鸭血(白鸭)
幼年型类风湿性关节炎,鸡翅
幼年型类风湿性关节炎,鹅肉
幼年型类风湿性关节炎,鸡爪
慢性病,猪肉(肥瘦)
慢性病,猪油（板油）
慢性病,羊油
慢性病,猪肉(肥)
原发性肺动脉高压,鸭血(白鸭)
原发性肺动脉高压,鸡翅
原发性肺动脉高压,鹅肉
原发性肺动脉高压,鸡爪
过敏性湿疹,螃蟹
过敏性湿疹,海虾
过敏性湿疹,白酒
过敏性湿疹,羊肉(肥瘦)
原发性骨淋巴瘤,啤酒
原发性骨淋巴瘤,白酒
原发性骨淋巴瘤,鸭血(白鸭)
原发性骨淋巴瘤,红葡萄酒
银屑病甲,啤酒
银屑病甲,白酒
银屑病甲,油豆腐
银屑病甲,干腌菜
老年人甲减性心脏病,白酒
老年人甲减性心脏病,田螺
老年人甲减性心脏病,黄酒
老年人甲减性心脏病,江米酒
小细胞低色素性贫血,洋葱
小细胞低色素性贫血,辣椒(红、尖、干)
小细胞低色素性贫血,腊肉（烟肉）
小细胞低色素性贫血,芥菜
原发性卵巢类癌综合征,鸭血(白鸭)
原发性卵巢类癌综合征,鸡翅
原发性卵巢类癌综合征,鹅肉
原发性卵巢类癌综合征,鸡爪
老年人甲状腺癌,白酒
老年人甲状腺癌,腐竹
老年人甲状腺癌,田螺
老年人甲状腺癌,黄酒
原发性下肢深静脉瓣膜关闭不全,鸭血(白鸭)
原发性下肢深静脉瓣膜关闭不全,鸡翅
原发性下肢深静脉瓣膜关闭不全,鹅肉
原发性下肢深静脉瓣膜关闭不全,鸡爪
银屑病性关节炎,啤酒
银屑病性关节炎,白酒
银屑病性关节炎,干腌菜
银屑病性关节炎,鸡血
远端肾小管性酸中毒,啤酒
远端肾小管性酸中毒,白酒
远端肾小管性酸中毒,鸭血(白鸭)
远端肾小管性酸中毒,红葡萄酒
老年人甲状腺功能低下,白酒
老年人甲状腺功能低下,腐竹
老年人甲状腺功能低下,田螺
老年人甲状腺功能低下,黄酒
喉息肉,白酒
喉息肉,咖啡
喉息肉,红辣椒
喉息肉,咖喱
月骨脱位及月骨周围脱位,鸭血(白鸭)
月骨脱位及月骨周围脱位,鸡翅
月骨脱位及月骨周围脱位,鹅肉
月骨脱位及月骨周围脱位,鸡爪
运动诱发哮喘,鸭血(白鸭)
运动诱发哮喘,鸡翅
运动诱发哮喘,鹅肉
运动诱发哮喘,鸡爪
老年人甲状腺功能亢进症,白酒
老年人甲状腺功能亢进症,核桃
老年人甲状腺功能亢进症,田螺
老年人甲状腺功能亢进症,黄酒
婴儿腹部远心性脂肪营养不良,啤酒
婴儿腹部远心性脂肪营养不良,白酒
婴儿腹部远心性脂肪营养不良,油豆腐
婴儿腹部远心性脂肪营养不良,干腌菜
跗骨与周围关节结核,啤酒
跗骨与周围关节结核,白酒
跗骨与周围关节结核,鸭血(白鸭)
跗骨与周围关节结核,红葡萄酒
心房肥大,洋葱
心房肥大,辣椒(红、尖、干)
心房肥大,腊肉（烟肉）
心房肥大,肥膘肉
增龄性黄斑变性,啤酒
增龄性黄斑变性,白酒
增龄性黄斑变性,鸭血(白鸭)
增龄性黄斑变性,红葡萄酒
心脑血管疾病,洋葱
心脑血管疾病,辣椒(红、尖、干)
心脑血管疾病,腊肉（烟肉）
心脑血管疾病,芥菜
青春型精神分裂症,猪油（板油）
青春型精神分裂症,羊油
青春型精神分裂症,猪肉(肥)
青春型精神分裂症,猪网油
枕骨大孔脑膜瘤,啤酒
枕骨大孔脑膜瘤,白酒
枕骨大孔脑膜瘤,鸭血(白鸭)
枕骨大孔脑膜瘤,红葡萄酒
老年人颈性眩晕,白酒
老年人颈性眩晕,田螺
老年人颈性眩晕,黄酒
老年人颈性眩晕,淡菜(鲜)
老年人酒精性心脏病,白酒
老年人酒精性心脏病,田螺
老年人酒精性心脏病,黄酒
老年人酒精性心脏病,淡菜(鲜)
疱疹性咽颊炎,白酒
疱疹性咽颊炎,辣椒(红、尖、干)
疱疹性咽颊炎,韭菜
疱疹性咽颊炎,茴香
老年人巨幼细胞性贫血,白酒
老年人巨幼细胞性贫血,田螺
老年人巨幼细胞性贫血,黄酒
老年人巨幼细胞性贫血,淡菜(鲜)
韧带炎,白酒
韧带炎,洋葱
韧带炎,辣椒(红、尖、干)
韧带炎,大葱
脂肪栓塞综合征,鸭血(白鸭)
脂肪栓塞综合征,鸡翅
脂肪栓塞综合征,红葡萄酒
脂肪栓塞综合征,鸡爪
直肠内套叠,鸭血(白鸭)
直肠内套叠,鸡翅
直肠内套叠,红葡萄酒
直肠内套叠,鸡爪
牙结石,白酒
牙结石,洋葱
牙结石,韭菜
牙结石,大葱
老年人类风湿性关节炎,白酒
老年人类风湿性关节炎,杏仁
老年人类风湿性关节炎,芝麻
老年人类风湿性关节炎,黄酒
婴幼儿胃食管反流,啤酒
婴幼儿胃食管反流,白酒
婴幼儿胃食管反流,油豆腐
婴幼儿胃食管反流,干腌菜
直肠膨出,鸭血(白鸭)
直肠膨出,鸡翅
直肠膨出,红葡萄酒
直肠膨出,鸡爪
老年人流行性感冒,白酒
老年人流行性感冒,田螺
老年人流行性感冒,黄酒
老年人流行性感冒,淡菜(鲜)
直肠子宫内膜异位症,鸭血(白鸭)
直肠子宫内膜异位症,鸡翅
直肠子宫内膜异位症,鹅肉
直肠子宫内膜异位症,鸡爪
老年人颅内压增高,白酒
老年人颅内压增高,腐竹
老年人颅内压增高,田螺
老年人颅内压增高,黄酒
牙龈瘘管,白酒
牙龈瘘管,洋葱
牙龈瘘管,辣椒(红、尖、干)
牙龈瘘管,大葱
老年人慢性疾病性贫血,白酒
老年人慢性疾病性贫血,田螺
老年人慢性疾病性贫血,黄酒
老年人慢性疾病性贫血,淡菜(鲜)
咽喉癌,白酒
咽喉癌,洋葱
咽喉癌,辣椒(红、尖、干)
咽喉癌,大葱
跖骨骨折,鸭血(白鸭)
跖骨骨折,鸡翅
跖骨骨折,鹅肉
跖骨骨折,鸡爪
指骨骨折,鸭血(白鸭)
指骨骨折,鸡翅
指骨骨折,鹅肉
指骨骨折,鸡爪
致命性中线肉芽肿,啤酒
致命性中线肉芽肿,白酒
致命性中线肉芽肿,鸭血(白鸭)
致命性中线肉芽肿,红葡萄酒
原位癌,洋葱
原位癌,辣椒(红、尖、干)
原位癌,韭菜
原位癌,茴香
老年人慢性肾功能衰竭,白酒
老年人慢性肾功能衰竭,田螺
老年人慢性肾功能衰竭,黄酒
老年人慢性肾功能衰竭,淡菜(鲜)
老年人慢性肾盂肾炎,啤酒
老年人慢性肾盂肾炎,白酒
老年人慢性肾盂肾炎,黄酒
老年人慢性肾盂肾炎,江米酒
营养不良,啤酒
营养不良,白酒
营养不良,油豆腐
营养不良,干腌菜
老年人慢性胃炎,啤酒
老年人慢性胃炎,白酒
老年人慢性胃炎,田螺
老年人慢性胃炎,黄酒
自身免疫性肝硬化,白酒
自身免疫性肝硬化,辣椒(红、尖、干)
自身免疫性肝硬化,韭菜
自身免疫性肝硬化,茴香
智能障碍,鸭血(白鸭)
智能障碍,鸡翅
智能障碍,鹅肉
智能障碍,鸡爪
老年人慢性支气管炎,啤酒
老年人慢性支气管炎,腐竹
老年人慢性支气管炎,田螺
老年人慢性支气管炎,黄酒
中老年男子部分性雄激素缺乏综合征,啤酒
中老年男子部分性雄激素缺乏综合征,白酒
中老年男子部分性雄激素缺乏综合征,鸭血(白鸭)
中老年男子部分性雄激素缺乏综合征,红葡萄酒
中性粒细胞减少症,啤酒
中性粒细胞减少症,白酒
中性粒细胞减少症,鸭血(白鸭)
中性粒细胞减少症,红葡萄酒
老年人泌尿系结石,啤酒
老年人泌尿系结石,白酒
老年人泌尿系结石,田螺
老年人泌尿系结石,黄酒
食管间质瘤,辣椒(红、尖、干)
食管间质瘤,猪油（板油）
食管间质瘤,羊油
食管间质瘤,猪肉(肥)
肿瘤性心包炎,鸭血(白鸭)
肿瘤性心包炎,鸡翅
肿瘤性心包炎,红葡萄酒
肿瘤性心包炎,鸡爪
老年人泌尿系统感染,田螺
老年人泌尿系统感染,黄酒
老年人泌尿系统感染,淡菜(鲜)
老年人泌尿系统感染,蛏子
小肠炎,猪油（板油）
小肠炎,羊油
小肠炎,猪肉(肥)
小肠炎,猪网油
周期性动眼神经麻痹,啤酒
周期性动眼神经麻痹,白酒
周期性动眼神经麻痹,鸭血(白鸭)
周期性动眼神经麻痹,红葡萄酒
周期性内斜视,鸭血(白鸭)
周期性内斜视,鸡翅
周期性内斜视,鹅肉
周期性内斜视,鸡爪
老年人脑出血,田螺
老年人脑出血,黄酒
老年人脑出血,淡菜(鲜)
老年人脑出血,蛏子
肘关节强直与纤维性僵硬,啤酒
肘关节强直与纤维性僵硬,白酒
肘关节强直与纤维性僵硬,鸭血(白鸭)
肘关节强直与纤维性僵硬,红葡萄酒
神经源性肿瘤,洋葱
神经源性肿瘤,辣椒(红、尖、干)
神经源性肿瘤,大葱
神经源性肿瘤,茴香
硬脊膜下脓肿,啤酒
硬脊膜下脓肿,白酒
硬脊膜下脓肿,咸鸭蛋
硬脊膜下脓肿,干腌菜
腹股沟淋巴结炎,白酒
腹股沟淋巴结炎,洋葱
腹股沟淋巴结炎,辣椒(红、尖、干)
腹股沟淋巴结炎,大葱
肘外翻畸形,鸭血(白鸭)
肘外翻畸形,鸡翅
肘外翻畸形,鹅肉
肘外翻畸形,鸡爪
老年人脑栓塞,螃蟹
老年人脑栓塞,腐竹
老年人脑栓塞,田螺
老年人脑栓塞,黄酒
主动脉瓣闭锁不全,鸭血(白鸭)
主动脉瓣闭锁不全,鸡翅
主动脉瓣闭锁不全,鹅肉
主动脉瓣闭锁不全,鸡爪
老年人脑心综合征,腐竹
老年人脑心综合征,田螺
老年人脑心综合征,黄酒
老年人脑心综合征,干腌菜
单纯型精神分裂症,白酒
单纯型精神分裂症,辣椒(红、尖、干)
单纯型精神分裂症,咖啡
单纯型精神分裂症,咖喱
老年人脑血栓形成,杏仁
老年人脑血栓形成,田螺
老年人脑血栓形成,黄酒
老年人脑血栓形成,干腌菜
病理性骨折,洋葱
病理性骨折,小葱
病理性骨折,肥膘肉
病理性骨折,芥菜
疱疹性咽炎,辣椒(青、尖)
疱疹性咽炎,辣椒(红、尖、干)
疱疹性咽炎,红辣椒
疱疹性咽炎,腌雪里蕻
腹部肿瘤,啤酒
腹部肿瘤,白酒
腹部肿瘤,洋葱
腹部肿瘤,辣椒(红、尖、干)
油彩皮炎,啤酒
油彩皮炎,白酒
油彩皮炎,油豆腐
油彩皮炎,干腌菜
足舟骨骨折,鸭血(白鸭)
足舟骨骨折,鸡翅
足舟骨骨折,鹅肉
足舟骨骨折,鸡爪
神经性阳痿,白酒
神经性阳痿,辣椒(红、尖、干)
神经性阳痿,咖啡
神经性阳痿,茴香
组织细胞坏死性淋巴结炎,啤酒
组织细胞坏死性淋巴结炎,白酒
组织细胞坏死性淋巴结炎,鸭血(白鸭)
组织细胞坏死性淋巴结炎,红葡萄酒
油漆皮炎,啤酒
油漆皮炎,白酒
油漆皮炎,咸鸭蛋
油漆皮炎,干腌菜
疱疹性口腔炎,辣椒(青、尖)
疱疹性口腔炎,辣椒(红、尖、干)
疱疹性口腔炎,红辣椒
疱疹性口腔炎,腌雪里蕻
一氧化碳中毒后迟发性脑病,鸭血(白鸭)
一氧化碳中毒后迟发性脑病,鸡翅
一氧化碳中毒后迟发性脑病,鹅肉
一氧化碳中毒后迟发性脑病,鸡爪
复发性疱疹,啤酒
复发性疱疹,白酒
复发性疱疹,洋葱
复发性疱疹,辣椒(红、尖、干)
分泌过多性青光眼,鸭血(白鸭)
分泌过多性青光眼,鸡翅
分泌过多性青光眼,鹅肉
分泌过多性青光眼,鸡爪
舌静脉曲张,洋葱
舌静脉曲张,辣椒(红、尖、干)
舌静脉曲张,大葱
舌静脉曲张,茴香
腹胀,啤酒
腹胀,白酒
腹胀,蜂蜜
腹胀,白砂糖
老年人尿失禁,白酒
老年人尿失禁,田螺
老年人尿失禁,黄酒
老年人尿失禁,江米酒
经腹会阴直肠癌根治术后盆底腹膜疝,啤酒
经腹会阴直肠癌根治术后盆底腹膜疝,白酒
经腹会阴直肠癌根治术后盆底腹膜疝,蜂蜜
经腹会阴直肠癌根治术后盆底腹膜疝,鸡蛋黄
发育不良痣,啤酒
发育不良痣,白酒
发育不良痣,栗子（熟）
发育不良痣,蜂蜜
睾丸畸胎瘤,白酒
睾丸畸胎瘤,咖啡
睾丸畸胎瘤,红辣椒
睾丸畸胎瘤,咖喱
右束支传导阻滞,啤酒
右束支传导阻滞,白酒
右束支传导阻滞,咸鸭蛋
右束支传导阻滞,干腌菜
肝海绵状血管瘤,啤酒
肝海绵状血管瘤,白酒
肝海绵状血管瘤,蜂蜜
肝海绵状血管瘤,红葡萄酒
哨兵痔,白酒
哨兵痔,辣椒(红、尖、干)
哨兵痔,韭菜
哨兵痔,茴香
复发性流产,螃蟹
复发性流产,白酒
复发性流产,鱼腥草
复发性流产,咸肉
功能性下丘脑性闭经,啤酒
功能性下丘脑性闭经,白酒
功能性下丘脑性闭经,栗子（熟）
功能性下丘脑性闭经,蜂蜜
病毒性感冒,辣椒(青、尖)
病毒性感冒,辣椒(红、尖、干)
病毒性感冒,红辣椒
病毒性感冒,腌雪里蕻
肺癌转移,洋葱
肺癌转移,腊肉（烟肉）
肺癌转移,小葱
肺癌转移,肥膘肉
老年人缺铁性贫血,田螺
老年人缺铁性贫血,黄酒
老年人缺铁性贫血,淡菜(鲜)
老年人缺铁性贫血,蛏子
老年人缺血性结肠炎,螃蟹
老年人缺血性结肠炎,田螺
老年人缺血性结肠炎,黄酒
老年人缺血性结肠炎,淡菜(鲜)
色素性皮肤病,洋葱
色素性皮肤病,辣椒(红、尖、干)
色素性皮肤病,韭菜
色素性皮肤病,大葱
人工流产,白酒
人工流产,洋葱
人工流产,辣椒(红、尖、干)
人工流产,韭菜
肾小管间质性肾炎葡萄膜炎综合征,啤酒
肾小管间质性肾炎葡萄膜炎综合征,白酒
肾小管间质性肾炎葡萄膜炎综合征,蜂蜜
肾小管间质性肾炎葡萄膜炎综合征,红葡萄酒
浅表性静脉炎,啤酒
浅表性静脉炎,白酒
浅表性静脉炎,辣椒(红、尖、干)
浅表性静脉炎,茴香
老年人乳腺癌,田螺
老年人乳腺癌,黄酒
老年人乳腺癌,淡菜(鲜)
老年人乳腺癌,蛏子
肠道肿瘤,白酒
肠道肿瘤,咖啡
肠道肿瘤,红辣椒
肠道肿瘤,冰淇淋
多发性内分泌腺瘤Ⅱ型,啤酒
多发性内分泌腺瘤Ⅱ型,白酒
多发性内分泌腺瘤Ⅱ型,蜂蜜
多发性内分泌腺瘤Ⅱ型,红葡萄酒
风湿骨病,啤酒
风湿骨病,白酒
风湿骨病,洋葱
风湿骨病,辣椒(红、尖、干)
腓总神经损伤,啤酒
腓总神经损伤,白酒
腓总神经损伤,蜂蜜
腓总神经损伤,红葡萄酒
老年人上消化道出血,田螺
老年人上消化道出血,黄酒
老年人上消化道出血,淡菜(鲜)
老年人上消化道出血,蛏子
前庭大腺脓肿,洋葱
前庭大腺脓肿,辣椒(红、尖、干)
前庭大腺脓肿,韭菜
前庭大腺脓肿,大葱
结节性硬化症,啤酒
结节性硬化症,白酒
结节性硬化症,蜂蜜
结节性硬化症,红葡萄酒
背肌筋膜炎,辣椒(红、尖、干)
背肌筋膜炎,红辣椒
背肌筋膜炎,腌雪里蕻
背肌筋膜炎,腌韭菜花
劳力性心绞痛,白酒
劳力性心绞痛,洋葱
劳力性心绞痛,辣椒(红、尖、干)
劳力性心绞痛,大葱
溃疡性直肠炎,啤酒
溃疡性直肠炎,白酒
溃疡性直肠炎,洋葱
溃疡性直肠炎,辣椒(红、尖、干)
遗传性痉挛性截瘫,啤酒
遗传性痉挛性截瘫,白酒
遗传性痉挛性截瘫,蜂蜜
遗传性痉挛性截瘫,红葡萄酒
呼吸机相关性肺炎,咖啡
呼吸机相关性肺炎,红辣椒
呼吸机相关性肺炎,咖喱
呼吸机相关性肺炎,年糕
结节病性心肌病,啤酒
结节病性心肌病,白酒
结节病性心肌病,蜂蜜
结节病性心肌病,红葡萄酒
老年人食管癌,田螺
老年人食管癌,黄酒
老年人食管癌,淡菜(鲜)
老年人食管癌,蛏子
髋关节滑囊炎,啤酒
髋关节滑囊炎,白酒
髋关节滑囊炎,洋葱
髋关节滑囊炎,辣椒(红、尖、干)
口水强迫症,啤酒
口水强迫症,白酒
口水强迫症,辣椒(红、尖、干)
口水强迫症,白砂糖
白毛舌,辣椒(青、尖)
白毛舌,辣椒(红、尖、干)
白毛舌,红辣椒
白毛舌,腌雪里蕻
进行性肥厚性间质性神经炎,啤酒
进行性肥厚性间质性神经炎,白酒
进行性肥厚性间质性神经炎,栗子（熟）
进行性肥厚性间质性神经炎,蜂蜜
口腔干燥综合征,啤酒
口腔干燥综合征,白酒
口腔干燥综合征,洋葱
口腔干燥综合征,猪油（板油）
肺癌肝转移,辣椒(青、尖)
肺癌肝转移,辣椒(红、尖、干)
肺癌肝转移,油条
肺癌肝转移,肥膘肉
颅内脂肪瘤,啤酒
颅内脂肪瘤,白酒
颅内脂肪瘤,蜂蜜
颅内脂肪瘤,红葡萄酒
海绵体血管瘤,白酒
海绵体血管瘤,咖啡
海绵体血管瘤,油条
海绵体血管瘤,红辣椒
老年人睡眠障碍,啤酒
老年人睡眠障碍,白酒
老年人睡眠障碍,田螺
老年人睡眠障碍,黄酒
老年人糖尿病,啤酒
老年人糖尿病,麦芽糖
老年人糖尿病,白砂糖
老年人糖尿病,黄酒
原发性高血压,啤酒
原发性高血压,白酒
原发性高血压,咸鸭蛋
原发性高血压,干腌菜
散发性脑炎伴发的精神障碍,啤酒
散发性脑炎伴发的精神障碍,白酒
散发性脑炎伴发的精神障碍,栗子（熟）
散发性脑炎伴发的精神障碍,蜂蜜
泛细支气管炎,辣椒(青、尖)
泛细支气管炎,辣椒(红、尖、干)
泛细支气管炎,红辣椒
泛细支气管炎,腌雪里蕻
开放性骨折,白酒
开放性骨折,洋葱
开放性骨折,辣椒(红、尖、干)
开放性骨折,大葱
老年人糖尿病肾病,田螺
老年人糖尿病肾病,黄酒
老年人糖尿病肾病,淡菜(鲜)
老年人糖尿病肾病,蛏子
过敏性咽炎,白酒
过敏性咽炎,辣椒(红、尖、干)
过敏性咽炎,咖啡
过敏性咽炎,咖喱
肝肾综合征,啤酒
肝肾综合征,白酒
肝肾综合征,栗子（熟）
肝肾综合征,蜂蜜
过劳肥,辣椒(红、尖、干)
过劳肥,咖啡
过劳肥,猪肉(肥)
过劳肥,猪网油
光敏性皮炎,辣椒(红、尖、干)
光敏性皮炎,咖啡
光敏性皮炎,花椒
光敏性皮炎,咖喱
急性包皮炎,白酒
急性包皮炎,洋葱
急性包皮炎,辣椒(红、尖、干)
急性包皮炎,大葱
孤独症谱系障碍,辣椒(红、尖、干)
孤独症谱系障碍,咖啡
孤独症谱系障碍,大葱
孤独症谱系障碍,咖喱
急性淋病,白酒
急性淋病,洋葱
急性淋病,大葱
急性淋病,桂皮
遗尿,啤酒
遗尿,白酒
遗尿,蜂蜜
遗尿,白砂糖
腹膜后脂肪瘤,啤酒
腹膜后脂肪瘤,白酒
腹膜后脂肪瘤,栗子（熟）
腹膜后脂肪瘤,蜂蜜
急性粒细胞性白血病,白酒
急性粒细胞性白血病,洋葱
急性粒细胞性白血病,猪油（板油）
急性粒细胞性白血病,大葱
睡眠型癫痫,辣椒(青、尖)
睡眠型癫痫,辣椒(红、尖、干)
睡眠型癫痫,红辣椒
睡眠型癫痫,腌雪里蕻
距骨骨折脱位,啤酒
距骨骨折脱位,白酒
距骨骨折脱位,栗子（熟）
距骨骨折脱位,蜂蜜
发热伴血小板减少综合征,辣椒(红、尖、干)
发热伴血小板减少综合征,红辣椒
发热伴血小板减少综合征,腌芥菜头
发热伴血小板减少综合征,腌雪里蕻
急性假膜型念珠菌口炎,白酒
急性假膜型念珠菌口炎,洋葱
急性假膜型念珠菌口炎,江米酒
急性假膜型念珠菌口炎,大葱
聚合性痤疮,啤酒
聚合性痤疮,白酒
聚合性痤疮,栗子（熟）
聚合性痤疮,蜂蜜
急性化脓性腹膜炎,白酒
急性化脓性腹膜炎,洋葱
急性化脓性腹膜炎,猪油（板油）
急性化脓性腹膜炎,大葱
老年人脱水,啤酒
老年人脱水,白酒
老年人脱水,田螺
老年人脱水,黄酒
胫腓骨骨干骨折,啤酒
胫腓骨骨干骨折,白酒
胫腓骨骨干骨折,栗子（熟）
胫腓骨骨干骨折,蜂蜜
急性腹泻,白酒
急性腹泻,洋葱
急性腹泻,辣椒(红、尖、干)
急性腹泻,大葱
乳腺结节,白酒
乳腺结节,洋葱
乳腺结节,猪油（板油）
老年人胃癌,田螺
老年人胃癌,黄酒
老年人胃癌,淡菜(鲜)
老年人胃癌,蛏子
老年人胃食管反流病,啤酒
老年人胃食管反流病,白酒
老年人胃食管反流病,田螺
老年人胃食管反流病,黄酒
肾盂旁囊肿,白酒
肾盂旁囊肿,洋葱
肾盂旁囊肿,辣椒(红、尖、干)
肾盂旁囊肿,猪油（板油）
髋关节前脱位,啤酒
髋关节前脱位,白酒
髋关节前脱位,栗子（熟）
髋关节前脱位,蜂蜜
肾性水肿,白酒
肾性水肿,洋葱
肾性水肿,辣椒(红、尖、干)
肾性水肿,大葱
缺水和缺钠,啤酒
缺水和缺钠,白酒
缺水和缺钠,栗子（熟）
缺水和缺钠,蜂蜜
老年人吸入性肺炎,白酒
老年人吸入性肺炎,田螺
老年人吸入性肺炎,黄酒
老年人吸入性肺炎,淡菜(鲜)
桡骨颈骨折和桡骨头骨骺分离,啤酒
桡骨颈骨折和桡骨头骨骺分离,白酒
桡骨颈骨折和桡骨头骨骺分离,栗子（熟）
桡骨颈骨折和桡骨头骨骺分离,蜂蜜
原发性痛经,啤酒
原发性痛经,白酒
原发性痛经,咸鸭蛋
原发性痛经,干腌菜
桡骨茎突部狭窄性腱鞘炎,啤酒
桡骨茎突部狭窄性腱鞘炎,白酒
桡骨茎突部狭窄性腱鞘炎,栗子（熟）
桡骨茎突部狭窄性腱鞘炎,蜂蜜
泛细支气管炎-测试,红辣椒
桡骨远端骨骺分离,啤酒
桡骨远端骨骺分离,白酒
桡骨远端骨骺分离,蜂蜜
桡骨远端骨骺分离,红葡萄酒
乳腺结节-测试,洋葱
老年人消化性溃疡,啤酒
老年人消化性溃疡,白酒
老年人消化性溃疡,田螺
老年人消化性溃疡,黄酒
枢椎椎体骨折,啤酒
枢椎椎体骨折,白酒
枢椎椎体骨折,蜂蜜
枢椎椎体骨折,红葡萄酒
念珠菌性包皮龟头炎-测试,海蟹
念珠菌性包皮龟头炎-测试,白酒
念珠菌性包皮龟头炎-测试,辣椒(红、尖、干)
念珠菌性包皮龟头炎-测试,红辣椒
老年人心肌梗死,白酒
老年人心肌梗死,田螺
老年人心肌梗死,黄酒
老年人心肌梗死,淡菜(鲜)
疖与疖病,啤酒
疖与疖病,白酒
疖与疖病,蜂蜜
疖与疖病,鹅肉
老年人心力衰竭,螃蟹
老年人心力衰竭,白酒
老年人心力衰竭,田螺
老年人心力衰竭,黄酒
非依赖性物质伴发依赖,啤酒
非依赖性物质伴发依赖,白酒
非依赖性物质伴发依赖,蜂蜜
非依赖性物质伴发依赖,红葡萄酒
软化斑,啤酒
软化斑,白酒
软化斑,栗子（熟）
软化斑,蜂蜜
远视,啤酒
远视,白酒
远视,咸鸭蛋
远视,白砂糖
眼眶神经鞘瘤,啤酒
眼眶神经鞘瘤,白酒
眼眶神经鞘瘤,蜂蜜
眼眶神经鞘瘤,红葡萄酒
胎儿窘迫,啤酒
胎儿窘迫,蜂蜜
胎儿窘迫,白砂糖
胎儿窘迫,干腌菜
结膜结核病,啤酒
结膜结核病,白酒
结膜结核病,蜂蜜
结膜结核病,干腌菜
甲流,啤酒
甲流,白酒
甲流,咸鸭蛋
甲流,羊油
早期乳腺癌,啤酒
早期乳腺癌,白酒
早期乳腺癌,咸鸭蛋
早期乳腺癌,公鸡
老年人胸腔积液与胸膜炎,白酒
老年人胸腔积液与胸膜炎,田螺
老年人胸腔积液与胸膜炎,黄酒
老年人胸腔积液与胸膜炎,淡菜(鲜)
眶骨膜下脓肿,啤酒
眶骨膜下脓肿,白酒
眶骨膜下脓肿,蜂蜜
眶骨膜下脓肿,干腌菜
噪声病,啤酒
噪声病,白酒
噪声病,咸鱼
噪声病,咸鸭蛋
老年人血管性痴呆,白酒
老年人血管性痴呆,田螺
老年人血管性痴呆,黄酒
老年人血管性痴呆,淡菜(鲜)
绿脓假单胞菌属感染,啤酒
绿脓假单胞菌属感染,蜂蜜
绿脓假单胞菌属感染,干腌菜
绿脓假单胞菌属感染,红葡萄酒
老年人血栓性疾病,啤酒
老年人血栓性疾病,白酒
老年人血栓性疾病,黄酒
老年人血栓性疾病,江米酒
眼眶静脉性血管瘤,啤酒
眼眶静脉性血管瘤,白酒
眼眶静脉性血管瘤,蜂蜜
眼眶静脉性血管瘤,干腌菜
眼科重症肌无力,啤酒
眼科重症肌无力,白酒
眼科重症肌无力,蜂蜜
眼科重症肌无力,干腌菜
惊恐症,啤酒
惊恐症,白酒
惊恐症,蜂蜜
惊恐症,干腌菜
胃出血-测试,绿豆
胃出血-测试,赤小豆
胃出血-测试,青豆
胃出血-测试,黑米
过敏性皮炎-测试,螃蟹
过敏性皮炎-测试,河虾
过敏性皮炎-测试,虾仁
过敏性皮炎-测试,蛤蜊
圣路易斯型脑炎,啤酒
圣路易斯型脑炎,蜂蜜
圣路易斯型脑炎,干腌菜
圣路易斯型脑炎,红葡萄酒
蝎螫伤,啤酒
蝎螫伤,白酒
蝎螫伤,蜂蜜
蝎螫伤,干腌菜
间质性肺炎-测试,白酒
间质性肺炎-测试,虾仁
少年儿童葡萄膜炎,啤酒
少年儿童葡萄膜炎,蜂蜜
少年儿童葡萄膜炎,干腌菜
少年儿童葡萄膜炎,螺丝菜
洋葱假单胞菌肺炎,啤酒
洋葱假单胞菌肺炎,蜂蜜
洋葱假单胞菌肺炎,干腌菜
洋葱假单胞菌肺炎,红葡萄酒
柯萨奇病毒疹,啤酒
柯萨奇病毒疹,蜂蜜
柯萨奇病毒疹,干腌菜
柯萨奇病毒疹,螺丝菜
口蹄疫,啤酒
口蹄疫,白酒
口蹄疫,蜂蜜
口蹄疫,干腌菜
全身性特发性毛细血管扩张症,啤酒
全身性特发性毛细血管扩张症,蜂蜜
全身性特发性毛细血管扩张症,干腌菜
全身性特发性毛细血管扩张症,红葡萄酒
肉瘤,啤酒
肉瘤,蜂蜜
肉瘤,干腌菜
肉瘤,螺丝菜
恙虫病性肺炎,啤酒
恙虫病性肺炎,蜂蜜
恙虫病性肺炎,干腌菜
恙虫病性肺炎,红葡萄酒
甲沟炎和甲下脓肿,啤酒
甲沟炎和甲下脓肿,蜂蜜
甲沟炎和甲下脓肿,干腌菜
甲沟炎和甲下脓肿,螺丝菜
枕颈关节损伤,大豆
枕颈关节损伤,啤酒
枕颈关节损伤,白酒
枕颈关节损伤,咸鸭蛋
甲状腺功能减退性心肌病,啤酒
甲状腺功能减退性心肌病,白酒
甲状腺功能减退性心肌病,蜂蜜
甲状腺功能减退性心肌病,干腌菜
阴囊丝虫病,啤酒
阴囊丝虫病,白酒
阴囊丝虫病,栗子（熟）
阴囊丝虫病,蜂蜜
老年人再生障碍性贫血,啤酒
老年人再生障碍性贫血,白酒
老年人再生障碍性贫血,田螺
老年人再生障碍性贫血,黄酒
成人类风湿性关节炎性巩膜炎,啤酒
成人类风湿性关节炎性巩膜炎,蜂蜜
成人类风湿性关节炎性巩膜炎,干腌菜
成人类风湿性关节炎性巩膜炎,螺丝菜
大脑大静脉瘤,啤酒
大脑大静脉瘤,白酒
大脑大静脉瘤,蜂蜜
大脑大静脉瘤,干腌菜
肺疝,啤酒
肺疝,白酒
肺疝,蜂蜜
肺疝,干腌菜
老年人支气管扩张,白酒
老年人支气管扩张,咸鱼
老年人支气管扩张,田螺
老年人支气管扩张,黄酒
老年人支气管哮喘,啤酒
老年人支气管哮喘,白酒
老年人支气管哮喘,黄酒
老年人支气管哮喘,虾仁
老年人支原体肺炎,白酒
老年人支原体肺炎,栗子（熟）
老年人支原体肺炎,田螺
老年人支原体肺炎,黄酒
非典型分枝杆菌性巩膜炎,啤酒
非典型分枝杆菌性巩膜炎,蜂蜜
非典型分枝杆菌性巩膜炎,干腌菜
非典型分枝杆菌性巩膜炎,螺丝菜
老年人脂肪肝,鸡蛋
老年人脂肪肝,白酒
老年人脂肪肝,鸭肉
老年人脂肪肝,黄酒
肺转移性肿瘤,啤酒
肺转移性肿瘤,蜂蜜
肺转移性肿瘤,干腌菜
肺转移性肿瘤,红葡萄酒
肺真菌病,啤酒
肺真菌病,白酒
肺真菌病,蜂蜜
肺真菌病,干腌菜
老年人重症肌无力,白酒
老年人重症肌无力,豆浆
老年人重症肌无力,黄酒
老年人重症肌无力,绿豆
铬及其化合物引起的皮肤病,啤酒
铬及其化合物引起的皮肤病,蜂蜜
铬及其化合物引起的皮肤病,干腌菜
铬及其化合物引起的皮肤病,红葡萄酒
感染性血小板减少性紫癜,啤酒
感染性血小板减少性紫癜,白酒
感染性血小板减少性紫癜,蜂蜜
感染性血小板减少性紫癜,干腌菜
职业性皮肤癌,啤酒
职业性皮肤癌,白酒
职业性皮肤癌,咸鸭蛋
职业性皮肤癌,干腌菜
过敏性急性小管间质性肾炎,啤酒
过敏性急性小管间质性肾炎,白酒
过敏性急性小管间质性肾炎,蜂蜜
过敏性急性小管间质性肾炎,干腌菜
老年人椎基底动脉供血不足,啤酒
老年人椎基底动脉供血不足,白酒
老年人椎基底动脉供血不足,黄酒
老年人椎基底动脉供血不足,江米酒
共济失调,啤酒
共济失调,白酒
共济失调,蜂蜜
共济失调,干腌菜
职业病,啤酒
职业病,白酒
职业病,油豆腐
职业病,咸鸭蛋
老年人自发性气胸,田螺
老年人自发性气胸,淡菜(鲜)
老年人自发性气胸,猪肚
老年人自发性气胸,猪脑
呼吸道合胞病毒感染,啤酒
呼吸道合胞病毒感染,白酒
呼吸道合胞病毒感染,栗子（熟）
呼吸道合胞病毒感染,蜂蜜
急性肺源性心脏病,啤酒
急性肺源性心脏病,白酒
急性肺源性心脏病,蜂蜜
急性肺源性心脏病,干腌菜
老年褥疮,白酒
老年褥疮,田螺
老年褥疮,淡菜(鲜)
老年褥疮,猪脑
老年收缩期高血压,白酒
老年收缩期高血压,田螺
老年收缩期高血压,淡菜(鲜)
老年收缩期高血压,猪脑
老年心肌病,白酒
老年心肌病,田螺
老年心肌病,淡菜(鲜)
老年心肌病,干贝
老年性癫痫,白酒
老年性癫痫,田螺
老年性癫痫,淡菜(鲜)
老年性癫痫,干贝
老年性慢性硬膜下血肿,螃蟹
老年性慢性硬膜下血肿,田螺
老年性慢性硬膜下血肿,咸鸭蛋
老年性慢性硬膜下血肿,虾皮
皮层性多汗症,啤酒
皮层性多汗症,蜂蜜
皮层性多汗症,干腌菜
皮层性多汗症,红葡萄酒
痔,白酒
痔,猪肚
痔,猪脑
痔,大黄鱼
老年性皮肤萎缩,田螺
老年性皮肤萎缩,淡菜(鲜)
老年性皮肤萎缩,猪肚
老年性皮肤萎缩,猪脑
青春发育延迟及性幼稚,啤酒
青春发育延迟及性幼稚,蜂蜜
青春发育延迟及性幼稚,干腌菜
青春发育延迟及性幼稚,螺丝菜
老年性外阴萎缩,田螺
老年性外阴萎缩,淡菜(鲜)
老年性外阴萎缩,猪脑
老年性外阴萎缩,公鸡
气管闭合性损伤,啤酒
气管闭合性损伤,白酒
气管闭合性损伤,蜂蜜
气管闭合性损伤,干腌菜
老年性舞蹈病,田螺
老年性舞蹈病,淡菜(鲜)
老年性舞蹈病,猪肚
老年性舞蹈病,猪脑
乳头的乳头状瘤,啤酒
乳头的乳头状瘤,蜂蜜
乳头的乳头状瘤,干腌菜
乳头的乳头状瘤,红葡萄酒
中青年脑梗死,啤酒
中青年脑梗死,白酒
中青年脑梗死,咸鸭蛋
中青年脑梗死,鸡蛋黄
手癣,啤酒
手癣,蜂蜜
手癣,白砂糖
手癣,干腌菜
小儿颅后窝室管膜瘤,啤酒
小儿颅后窝室管膜瘤,蜂蜜
小儿颅后窝室管膜瘤,白砂糖
小儿颅后窝室管膜瘤,干腌菜
硒及其化合物引起的皮肤病,啤酒
硒及其化合物引起的皮肤病,蜂蜜
硒及其化合物引起的皮肤病,白砂糖
硒及其化合物引起的皮肤病,干腌菜
老年性心瓣膜病,田螺
老年性心瓣膜病,淡菜(鲜)
老年性心瓣膜病,牡蛎(鲜)
老年性心瓣膜病,鲍鱼
老年休克,田螺
老年休克,淡菜(鲜)
老年休克,猪肚
老年休克,猪脑
小儿感染性心内膜炎,蜂蜜
小儿感染性心内膜炎,白砂糖
小儿感染性心内膜炎,干腌菜
小儿感染性心内膜炎,螺丝菜
老视,啤酒
老视,白酒
老视,田螺
老视,墨鱼
乙脑伴发的精神障碍,啤酒
乙脑伴发的精神障碍,蜂蜜
乙脑伴发的精神障碍,白砂糖
乙脑伴发的精神障碍,干腌菜
勒夫勒心内膜炎,啤酒
勒夫勒心内膜炎,白酒
勒夫勒心内膜炎,田螺
勒夫勒心内膜炎,淡菜(鲜)
雷凡斯坦综合征,白酒
雷凡斯坦综合征,田螺
雷凡斯坦综合征,淡菜(鲜)
雷凡斯坦综合征,猪脑
煤炭工尘肺,啤酒
煤炭工尘肺,白酒
煤炭工尘肺,蜂蜜
煤炭工尘肺,干腌菜
泪囊肿瘤,白酒
泪囊肿瘤,田螺
泪囊肿瘤,淡菜(鲜)
泪囊肿瘤,猪脑
舟骨骨折,啤酒
舟骨骨折,白酒
舟骨骨折,油豆腐
舟骨骨折,咸鸭蛋
穿凿脓肿性头部毛囊炎及毛囊周围炎,啤酒
穿凿脓肿性头部毛囊炎及毛囊周围炎,白酒
穿凿脓肿性头部毛囊炎及毛囊周围炎,蜂蜜
穿凿脓肿性头部毛囊炎及毛囊周围炎,干腌菜
泪腺多形性腺癌,白酒
泪腺多形性腺癌,田螺
泪腺多形性腺癌,淡菜(鲜)
泪腺多形性腺癌,猪脑
肘内翻畸形,啤酒
肘内翻畸形,白酒
肘内翻畸形,油豆腐
肘内翻畸形,咸鸭蛋
窦性心动过缓,白酒
窦性心动过缓,栗子（熟）
窦性心动过缓,蜂蜜
窦性心动过缓,干腌菜
泪腺多形性腺瘤,田螺
泪腺多形性腺瘤,淡菜(鲜)
泪腺多形性腺瘤,猪肚
泪腺多形性腺瘤,猪脑
单眼双上转肌麻痹,啤酒
单眼双上转肌麻痹,白酒
单眼双上转肌麻痹,蜂蜜
单眼双上转肌麻痹,干腌菜
泪腺炎,田螺
泪腺炎,淡菜(鲜)
泪腺炎,猪肚
泪腺炎,猪脑
肺胸膜阿米巴病,啤酒
肺胸膜阿米巴病,蜂蜜
肺胸膜阿米巴病,干腌菜
肺胸膜阿米巴病,红葡萄酒
类丹毒,田螺
类丹毒,虾皮
类丹毒,虾米
类丹毒,河虾
房室交接区性期前收缩,啤酒
房室交接区性期前收缩,蜂蜜
房室交接区性期前收缩,干腌菜
房室交接区性期前收缩,红葡萄酒
类肺炎性胸腔积液,田螺
类肺炎性胸腔积液,淡菜(鲜)
类肺炎性胸腔积液,猪肚
类肺炎性胸腔积液,猪脑
转移性肝癌,油豆腐
转移性肝癌,咸鱼
转移性肝癌,河蚌
转移性肝癌,咸鸭蛋
类固醇后脂膜炎,田螺
类固醇后脂膜炎,淡菜(鲜)
类固醇后脂膜炎,猪肚
类固醇后脂膜炎,猪脑
类固醇肌病,田螺
类固醇肌病,淡菜(鲜)
类固醇肌病,猪肚
类固醇肌病,猪脑
钒及其化合物引起的皮肤病,啤酒
钒及其化合物引起的皮肤病,蜂蜜
钒及其化合物引起的皮肤病,干腌菜
钒及其化合物引起的皮肤病,红葡萄酒
类圆线虫病,田螺
类圆线虫病,虾米
类圆线虫病,河虾
类圆线虫病,对虾
类脂性肺炎,螃蟹
类脂性肺炎,田螺
类脂性肺炎,淡菜(鲜)
类脂性肺炎,蛤蜊
冠状动脉粥样硬化性心脏病,啤酒
冠状动脉粥样硬化性心脏病,蜂蜜
冠状动脉粥样硬化性心脏病,干腌菜
冠状动脉粥样硬化性心脏病,红葡萄酒
间歇依赖型尖端扭转型室性心动过速,啤酒
间歇依赖型尖端扭转型室性心动过速,白酒
间歇依赖型尖端扭转型室性心动过速,蜂蜜
间歇依赖型尖端扭转型室性心动过速,干腌菜
椎动脉型颈椎病,海参
椎动脉型颈椎病,咸鱼
椎动脉型颈椎病,河蚌
椎动脉型颈椎病,咸鸭蛋
冷抗体型自身免疫性溶血性贫血,螃蟹
冷抗体型自身免疫性溶血性贫血,田螺
冷抗体型自身免疫性溶血性贫血,蟹肉
冷抗体型自身免疫性溶血性贫血,蛤蜊
急性高原病,啤酒
急性高原病,白酒
急性高原病,蜂蜜
急性高原病,干腌菜
雷诺氏病,啤酒
雷诺氏病,蜂蜜
雷诺氏病,干腌菜
雷诺氏病,红葡萄酒
晚期产后出血,啤酒
晚期产后出血,白酒
晚期产后出血,蜂蜜
晚期产后出血,红葡萄酒
完全性房室传导阻滞,啤酒
完全性房室传导阻滞,蜂蜜
完全性房室传导阻滞,干腌菜
完全性房室传导阻滞,螺丝菜
理发师皮炎,田螺
理发师皮炎,淡菜(鲜)
理发师皮炎,江米酒
理发师皮炎,猪脑
椎间隙感染,啤酒
椎间隙感染,白酒
椎间隙感染,油豆腐
椎间隙感染,咸鸭蛋
锂肾病,田螺
锂肾病,咸鸭蛋
锂肾病,虾皮
锂肾病,虾米
血管免疫母细胞性淋巴结病,啤酒
血管免疫母细胞性淋巴结病,蜂蜜
血管免疫母细胞性淋巴结病,干腌菜
血管免疫母细胞性淋巴结病,红葡萄酒
立氏立克次体斑疹热,田螺
立氏立克次体斑疹热,淡菜(鲜)
立氏立克次体斑疹热,猪肚
立氏立克次体斑疹热,猪脑
血栓形成,啤酒
血栓形成,蜂蜜
血栓形成,干腌菜
血栓形成,螺丝菜
心室肌致密化不全,啤酒
心室肌致密化不全,蜂蜜
心室肌致密化不全,干腌菜
心室肌致密化不全,螺丝菜
小儿睾丸扭转,啤酒
小儿睾丸扭转,白酒
小儿睾丸扭转,蜂蜜
小儿睾丸扭转,干腌菜
先天性短结肠,啤酒
先天性短结肠,白酒
先天性短结肠,蜂蜜
先天性短结肠,干腌菜
子宫颈平滑肌瘤,啤酒
子宫颈平滑肌瘤,白酒
子宫颈平滑肌瘤,油豆腐
子宫颈平滑肌瘤,咸鸭蛋
血管脂肪瘤,啤酒
血管脂肪瘤,蜂蜜
血管脂肪瘤,干腌菜
血管脂肪瘤,红葡萄酒
镰状细胞贫血眼部病变,猪油（板油）
镰状细胞贫血眼部病变,田螺
镰状细胞贫血眼部病变,淡菜(鲜)
镰状细胞贫血眼部病变,猪脑
亚急性坏死性脊髓炎,啤酒
亚急性坏死性脊髓炎,蜂蜜
亚急性坏死性脊髓炎,干腌菜
亚急性坏死性脊髓炎,螺丝菜
镰状细胞性肾病,田螺
镰状细胞性肾病,咸鸭蛋
镰状细胞性肾病,虾皮
镰状细胞性肾病,虾米
坐骨疝,啤酒
坐骨疝,蜂蜜
坐骨疝,干腌菜
坐骨疝,红葡萄酒
良性淋巴细胞血管炎和肉芽肿病,田螺
良性淋巴细胞血管炎和肉芽肿病,虾皮
良性淋巴细胞血管炎和肉芽肿病,虾米
良性淋巴细胞血管炎和肉芽肿病,河虾
左心房心律,啤酒
左心房心律,白酒
左心房心律,蜂蜜
左心房心律,干腌菜
良性颅内高压症,田螺
良性颅内高压症,淡菜(鲜)
良性颅内高压症,猪肚
良性颅内高压症,猪脑
子宫内膜息肉,啤酒
子宫内膜息肉,白酒
子宫内膜息肉,油豆腐
子宫内膜息肉,咸鸭蛋
裂沟舌,啤酒
裂沟舌,白酒
裂沟舌,鲤鱼
裂沟舌,田螺
阿洪病,啤酒
阿洪病,白酒
阿洪病,蜂蜜
阿洪病,干腌菜
子宫内膜异位,油豆腐
子宫内膜异位,咸鱼
子宫内膜异位,咸鸭蛋
子宫内膜异位,大黄鱼
裂谷热,啤酒
裂谷热,白酒
裂谷热,田螺
裂谷热,淡菜(鲜)
暴发性肝衰竭,啤酒
暴发性肝衰竭,蜂蜜
暴发性肝衰竭,干腌菜
暴发性肝衰竭,螺丝菜
闭合性脊髓损伤,啤酒
闭合性脊髓损伤,蜂蜜
闭合性脊髓损伤,干腌菜
闭合性脊髓损伤,螺丝菜
彼得异常,啤酒
彼得异常,蜂蜜
彼得异常,干腌菜
彼得异常,螺丝菜
子宫平滑肌肉瘤,啤酒
子宫平滑肌肉瘤,白酒
子宫平滑肌肉瘤,咸鸭蛋
子宫平滑肌肉瘤,公鸡
淋巴瘤样丘疹病,海虾
淋巴瘤样丘疹病,啤酒
淋巴瘤样丘疹病,白酒
淋巴瘤样丘疹病,田螺
避孕后闭经综合征,啤酒
避孕后闭经综合征,白酒
避孕后闭经综合征,蜂蜜
避孕后闭经综合征,干腌菜
淋巴瘤样肉芽肿,白酒
淋巴瘤样肉芽肿,田螺
淋巴瘤样肉芽肿,淡菜(鲜)
淋巴瘤样肉芽肿,江米酒
猝死型冠心病,啤酒
猝死型冠心病,蜂蜜
猝死型冠心病,干腌菜
猝死型冠心病,螺丝菜
淋巴瘤引起的肾损害,田螺
淋巴瘤引起的肾损害,咸鸭蛋
淋巴瘤引起的肾损害,虾皮
淋巴瘤引起的肾损害,虾米
淋巴细胞性脉络丛脑膜炎,田螺
淋巴细胞性脉络丛脑膜炎,淡菜(鲜)
淋巴细胞性脉络丛脑膜炎,猪肚
淋巴细胞性脉络丛脑膜炎,猪脑
肠系膜动脉瘤,啤酒
肠系膜动脉瘤,蜂蜜
肠系膜动脉瘤,干腌菜
肠系膜动脉瘤,红葡萄酒
淋球菌性腹膜炎,螃蟹
淋球菌性腹膜炎,田螺
淋球菌性腹膜炎,淡菜(鲜)
淋球菌性腹膜炎,猪脑
肠子宫内膜异位,啤酒
肠子宫内膜异位,白酒
肠子宫内膜异位,蜂蜜
肠子宫内膜异位,干腌菜
藏毛窦和藏毛囊肿,啤酒
藏毛窦和藏毛囊肿,白酒
藏毛窦和藏毛囊肿,蜂蜜
藏毛窦和藏毛囊肿,干腌菜
淋球菌性结膜炎,鲢鱼
淋球菌性结膜炎,田螺
淋球菌性结膜炎,淡菜(鲜)
淋球菌性结膜炎,猪脑
自然流产,啤酒
自然流产,白酒
自然流产,油豆腐
自然流产,咸鸭蛋
肠道短路关节炎皮炎综合征,啤酒
肠道短路关节炎皮炎综合征,白酒
肠道短路关节炎皮炎综合征,蜂蜜
肠道短路关节炎皮炎综合征,干腌菜
流感嗜血杆菌肺炎,田螺
流感嗜血杆菌肺炎,淡菜(鲜)
流感嗜血杆菌肺炎,猪肚
流感嗜血杆菌肺炎,猪脑
肠道息肉病,啤酒
肠道息肉病,蜂蜜
肠道息肉病,干腌菜
肠道息肉病,红葡萄酒
流感嗜血杆菌感染,啤酒
流感嗜血杆菌感染,白酒
流感嗜血杆菌感染,田螺
流感嗜血杆菌感染,淡菜(鲜)
肠系膜脂肪炎,蜂蜜
肠系膜脂肪炎,麦芽糖
肠系膜脂肪炎,赤砂糖
肠系膜脂肪炎,干腌菜
胆总管结石,啤酒
胆总管结石,白酒
胆总管结石,蜂蜜
胆总管结石,干腌菜
流感嗜血杆菌脑膜炎,田螺
流感嗜血杆菌脑膜炎,淡菜(鲜)
流感嗜血杆菌脑膜炎,虾米
流感嗜血杆菌脑膜炎,猪脑
大肠腺瘤,啤酒
大肠腺瘤,白酒
大肠腺瘤,蜂蜜
大肠腺瘤,干腌菜
胆汁性腹膜炎,啤酒
胆汁性腹膜炎,蜂蜜
胆汁性腹膜炎,干腌菜
胆汁性腹膜炎,螺丝菜
毒瘾,啤酒
毒瘾,蜂蜜
毒瘾,干腌菜
毒瘾,螺丝菜
隆突性皮肤纤维肉瘤,田螺
隆突性皮肤纤维肉瘤,淡菜(鲜)
隆突性皮肤纤维肉瘤,猪肚
隆突性皮肤纤维肉瘤,猪脑
骶骼筋膜脂肪疝,啤酒
骶骼筋膜脂肪疝,白酒
骶骼筋膜脂肪疝,蜂蜜
骶骼筋膜脂肪疝,干腌菜
颅骨骨膜窦,田螺
颅骨骨膜窦,淡菜(鲜)
颅骨骨膜窦,猪肚
颅骨骨膜窦,猪脑
颅骨结核,田螺
颅骨结核,淡菜(鲜)
颅骨结核,猪肚
颅骨结核,猪脑
α-贮存池病,啤酒
α-贮存池病,白酒
α-贮存池病,蜂蜜
α-贮存池病,干腌菜
颅骨巨细胞瘤,田螺
颅骨巨细胞瘤,淡菜(鲜)
颅骨巨细胞瘤,猪肚
颅骨巨细胞瘤,猪脑
颅骨裂和有关畸形,田螺
颅骨裂和有关畸形,淡菜(鲜)
颅骨裂和有关畸形,猪肚
颅骨裂和有关畸形,猪脑
颅后窝室管膜瘤,田螺
颅后窝室管膜瘤,淡菜(鲜)
颅后窝室管膜瘤,猪肚
颅后窝室管膜瘤,猪脑
颅后窝血肿,田螺
颅后窝血肿,淡菜(鲜)
颅后窝血肿,猪肚
颅后窝血肿,猪脑
副乳乳腺癌,啤酒
副乳乳腺癌,白酒
副乳乳腺癌,蜂蜜
副乳乳腺癌,干腌菜
颅内海绵状血管瘤,田螺
颅内海绵状血管瘤,淡菜(鲜)
颅内海绵状血管瘤,猪肚
颅内海绵状血管瘤,猪脑
钩虫皮炎,啤酒
钩虫皮炎,白酒
钩虫皮炎,蜂蜜
钩虫皮炎,干腌菜
肝错构瘤,啤酒
肝错构瘤,蜂蜜
肝错构瘤,干腌菜
肝错构瘤,螺丝菜
颅内黑色素瘤,田螺
颅内黑色素瘤,淡菜(鲜)
颅内黑色素瘤,猪肚
颅内黑色素瘤,猪脑
肛管癌,啤酒
肛管癌,蜂蜜
肛管癌,干腌菜
肛管癌,红葡萄酒
颅内畸胎瘤,田螺
颅内畸胎瘤,淡菜(鲜)
颅内畸胎瘤,猪肚
颅内畸胎瘤,猪脑
化脓性甲沟炎,啤酒
化脓性甲沟炎,白酒
化脓性甲沟炎,蜂蜜
化脓性甲沟炎,干腌菜
颅内脊索瘤,田螺
颅内脊索瘤,淡菜(鲜)
颅内脊索瘤,猪脑
颅内脊索瘤,猪肉皮
回旋形线状鱼鳞病,啤酒
回旋形线状鱼鳞病,蜂蜜
回旋形线状鱼鳞病,干腌菜
回旋形线状鱼鳞病,红葡萄酒
纵隔肿瘤,螃蟹
纵隔肿瘤,油豆腐
纵隔肿瘤,咸鱼
纵隔肿瘤,咸鸭蛋
蛔虫性肠梗阻,啤酒
蛔虫性肠梗阻,蜂蜜
蛔虫性肠梗阻,干腌菜
蛔虫性肠梗阻,螺丝菜
霍奇金病,啤酒
霍奇金病,蜂蜜
霍奇金病,干腌菜
霍奇金病,螺丝菜
颅内静脉窦闭塞性颅高压,田螺
颅内静脉窦闭塞性颅高压,淡菜(鲜)
颅内静脉窦闭塞性颅高压,猪肚
颅内静脉窦闭塞性颅高压,猪脑
颅内静脉血栓形成,田螺
颅内静脉血栓形成,淡菜(鲜)
颅内静脉血栓形成,猪肚
颅内静脉血栓形成,猪脑
弹响肩胛,啤酒
弹响肩胛,蜂蜜
弹响肩胛,干腌菜
弹响肩胛,螺丝菜
颅内生殖细胞瘤,田螺
颅内生殖细胞瘤,淡菜(鲜)
颅内生殖细胞瘤,猪肚
颅内生殖细胞瘤,猪脑
急性胆源性胰腺炎,啤酒
急性胆源性胰腺炎,蜂蜜
急性胆源性胰腺炎,干腌菜
急性胆源性胰腺炎,红葡萄酒
颅内肿瘤,田螺
颅内肿瘤,淡菜(鲜)
颅内肿瘤,猪肚
颅内肿瘤,猪脑
克拉伯病,啤酒
克拉伯病,蜂蜜
克拉伯病,干腌菜
克拉伯病,红葡萄酒
颅内肿瘤伴发的精神障碍,田螺
颅内肿瘤伴发的精神障碍,淡菜(鲜)
颅内肿瘤伴发的精神障碍,猪肚
颅内肿瘤伴发的精神障碍,猪脑
溃疡病出血,啤酒
溃疡病出血,白酒
溃疡病出血,蜂蜜
溃疡病出血,干腌菜
颅内肿瘤性出血,白酒
颅内肿瘤性出血,田螺
颅内肿瘤性出血,咸鸭蛋
颅内肿瘤性出血,淡菜(鲜)
铝尘肺,白酒
铝尘肺,田螺
铝尘肺,淡菜(鲜)
铝尘肺,猪脑
巴德-吉亚利综合征,啤酒
巴德-吉亚利综合征,白酒
巴德-吉亚利综合征,蜂蜜
巴德-吉亚利综合征,干腌菜
铝骨病,油条
铝骨病,田螺
铝骨病,淡菜(鲜)
铝骨病,猪肉(肥)
氯气中毒,啤酒
氯气中毒,蜂蜜
氯气中毒,干腌菜
氯气中毒,红葡萄酒
卵巢成熟畸胎瘤,田螺
卵巢成熟畸胎瘤,淡菜(鲜)
卵巢成熟畸胎瘤,猪肚
卵巢成熟畸胎瘤,猪脑
卵巢恶性腹膜间皮瘤,田螺
卵巢恶性腹膜间皮瘤,干腌菜
卵巢恶性腹膜间皮瘤,淡菜(鲜)
卵巢恶性腹膜间皮瘤,螺丝菜
良性脂肪母细胞瘤,啤酒
良性脂肪母细胞瘤,白酒
良性脂肪母细胞瘤,蜂蜜
良性脂肪母细胞瘤,干腌菜
老年甲状腺功能减退症,啤酒
老年甲状腺功能减退症,白酒
老年甲状腺功能减退症,蜂蜜
老年甲状腺功能减退症,干腌菜
卵巢恶性中胚叶混合瘤,白酒
卵巢恶性中胚叶混合瘤,田螺
卵巢恶性中胚叶混合瘤,干腌菜
卵巢恶性中胚叶混合瘤,淡菜(鲜)
卵巢功能缺如综合征,莲子
卵巢功能缺如综合征,田螺
卵巢功能缺如综合征,干腌菜
卵巢功能缺如综合征,淡菜(鲜)
卵巢功能异常综合征,啤酒
卵巢功能异常综合征,白酒
卵巢功能异常综合征,田螺
卵巢功能异常综合征,淡菜(鲜)
狼疮肾炎,啤酒
狼疮肾炎,白酒
狼疮肾炎,蜂蜜
狼疮肾炎,干腌菜
卵巢宫内膜样肿瘤,田螺
卵巢宫内膜样肿瘤,淡菜(鲜)
卵巢宫内膜样肿瘤,猪肚
卵巢宫内膜样肿瘤,猪脑
坐骨神经损伤,啤酒
坐骨神经损伤,白酒
坐骨神经损伤,油豆腐
坐骨神经损伤,咸鸭蛋
蓝痣,啤酒
蓝痣,蜂蜜
蓝痣,干腌菜
蓝痣,红葡萄酒
卵巢冠囊肿,田螺
卵巢冠囊肿,淡菜(鲜)
卵巢冠囊肿,猪肚
卵巢冠囊肿,猪脑
卵巢过度刺激综合征,田螺
卵巢过度刺激综合征,淡菜(鲜)
卵巢过度刺激综合征,猪肚
卵巢过度刺激综合征,猪脑
卵巢环管状性索肿瘤,田螺
卵巢环管状性索肿瘤,干腌菜
卵巢环管状性索肿瘤,淡菜(鲜)
卵巢环管状性索肿瘤,母鸡
巴贝虫病,啤酒
巴贝虫病,蜂蜜
巴贝虫病,干腌菜
巴贝虫病,红葡萄酒
卵巢黄体囊肿破裂,田螺
卵巢黄体囊肿破裂,干腌菜
卵巢黄体囊肿破裂,淡菜(鲜)
卵巢黄体囊肿破裂,猪脑
卵巢混合性生殖细胞-性索间质肿瘤,田螺
卵巢混合性生殖细胞-性索间质肿瘤,干腌菜
卵巢混合性生殖细胞-性索间质肿瘤,红葡萄酒
卵巢混合性生殖细胞-性索间质肿瘤,螺丝菜
农药中毒所致的精神障碍,啤酒
农药中毒所致的精神障碍,蜂蜜
农药中毒所致的精神障碍,干腌菜
农药中毒所致的精神障碍,螺丝菜
卵巢肌肉来源肿瘤,田螺
卵巢肌肉来源肿瘤,干腌菜
卵巢肌肉来源肿瘤,淡菜(鲜)
卵巢肌肉来源肿瘤,猪脑
囊状淋巴管瘤,啤酒
囊状淋巴管瘤,蜂蜜
囊状淋巴管瘤,干腌菜
囊状淋巴管瘤,红葡萄酒
卵巢浆液性肿瘤,芝麻
卵巢浆液性肿瘤,咸鱼
卵巢浆液性肿瘤,田螺
卵巢浆液性肿瘤,绿豆
铍及其化合物引起的皮肤病,啤酒
铍及其化合物引起的皮肤病,蜂蜜
铍及其化合物引起的皮肤病,干腌菜
铍及其化合物引起的皮肤病,红葡萄酒
卵巢交界性肿瘤,田螺
卵巢交界性肿瘤,干腌菜
卵巢交界性肿瘤,淡菜(鲜)
卵巢交界性肿瘤,公鸡
卵巢颗粒细胞瘤,田螺
卵巢颗粒细胞瘤,淡菜(鲜)
卵巢颗粒细胞瘤,猪肚
卵巢颗粒细胞瘤,猪脑
卵巢两性母细胞瘤,田螺
卵巢两性母细胞瘤,淡菜(鲜)
卵巢两性母细胞瘤,猪肚
卵巢两性母细胞瘤,猪脑
卵巢卵黄囊瘤,田螺
卵巢卵黄囊瘤,淡菜(鲜)
卵巢卵黄囊瘤,猪肚
卵巢卵黄囊瘤,猪脑
器械性食管损伤,啤酒
器械性食管损伤,蜂蜜
器械性食管损伤,干腌菜
器械性食管损伤,红葡萄酒
情感性心境障碍,啤酒
情感性心境障碍,蜂蜜
情感性心境障碍,干腌菜
情感性心境障碍,螺丝菜
肩周炎,咸鸭蛋
肩周炎,黑豆
肩周炎,赤小豆
肩周炎,鳕鱼
卵巢泡膜细胞瘤,田螺
卵巢泡膜细胞瘤,干腌菜
卵巢泡膜细胞瘤,淡菜(鲜)
卵巢泡膜细胞瘤,螺丝菜
水母皮炎,啤酒
水母皮炎,蜂蜜
水母皮炎,干腌菜
水母皮炎,红葡萄酒
白睛溢血,咸鸭蛋
白睛溢血,黑豆
白睛溢血,赤小豆
白睛溢血,鳕鱼
四肢淋巴水肿,啤酒
四肢淋巴水肿,蜂蜜
四肢淋巴水肿,干腌菜
四肢淋巴水肿,螺丝菜
白痢,大豆
白痢,咸鸭蛋
白痢,黑豆
白痢,赤小豆
卵巢妊娠,螃蟹
卵巢妊娠,白酒
卵巢妊娠,田螺
卵巢妊娠,淡菜(鲜)
白膜侵睛,啤酒
白膜侵睛,白酒
白膜侵睛,咸鸭蛋
白膜侵睛,赤小豆
卵巢透明细胞肿瘤,咸鱼
卵巢透明细胞肿瘤,田螺
卵巢透明细胞肿瘤,干腌菜
卵巢透明细胞肿瘤,淡菜(鲜)
白秃疮,咸鱼
白秃疮,沙丁鱼
白秃疮,咸鸭蛋
白秃疮,鳕鱼
十二指肠炎,啤酒
十二指肠炎,白酒
十二指肠炎,咸鸭蛋
十二指肠炎,花生仁（炸）
白屑风,啤酒
白屑风,白酒
白屑风,咸鸭蛋
白屑风,鳕鱼
十二指肠重复畸形,啤酒
十二指肠重复畸形,白酒
十二指肠重复畸形,咸鸭蛋
十二指肠重复畸形,红葡萄酒
卵巢无性细胞瘤,田螺
卵巢无性细胞瘤,干腌菜
卵巢无性细胞瘤,淡菜(鲜)
卵巢无性细胞瘤,猪脑
白淫,咸鱼
白淫,咸鸭蛋
白淫,鳕鱼
白淫,三文鱼
卵巢纤维瘤,田螺
卵巢纤维瘤,淡菜(鲜)
卵巢纤维瘤,猪肚
卵巢纤维瘤,猪脑
食管受压性吞咽困难,白酒
食管受压性吞咽困难,咸鸭蛋
食管受压性吞咽困难,花生仁（炸）
食管受压性吞咽困难,红葡萄酒
卵巢纤维瘤病,田螺
卵巢纤维瘤病,淡菜(鲜)
卵巢纤维瘤病,猪肚
卵巢纤维瘤病,猪脑
食管肉瘤,咸鸭蛋
食管肉瘤,干腌菜
食管肉瘤,花生仁（炸）
食管肉瘤,螺丝菜
卵巢纤维组织来源肿瘤,鲢鱼
卵巢纤维组织来源肿瘤,田螺
卵巢纤维组织来源肿瘤,干腌菜
卵巢纤维组织来源肿瘤,螺丝菜
胞痹,啤酒
胞痹,白酒
胞痹,咸鸭蛋
胞痹,鳕鱼
卵巢小细胞癌,黄酒
卵巢小细胞癌,干腌菜
卵巢小细胞癌,鹅肉
卵巢小细胞癌,螺丝菜
胞生痰核,咸鱼
胞生痰核,咸鸭蛋
胞生痰核,鳕鱼
胞生痰核,三文鱼
卵巢硬化性间质瘤,田螺
卵巢硬化性间质瘤,干腌菜
卵巢硬化性间质瘤,淡菜(鲜)
卵巢硬化性间质瘤,猪肉(肥)
暴痢,豆浆
暴痢,咸鱼
暴痢,咸鸭蛋
暴痢,鳕鱼
食管壁内憩室,咸鸭蛋
食管壁内憩室,鸡蛋黄
食管壁内憩室,羊油
食管壁内憩室,花生仁（炸）
暴泻,啤酒
暴泻,白酒
暴泻,咸鸭蛋
暴泻,鳕鱼
食管外压和牵拉,咸鸭蛋
食管外压和牵拉,鸡蛋黄
食管外压和牵拉,干腌菜
食管外压和牵拉,花生仁（炸）
卵巢肿瘤破裂,啤酒
卵巢肿瘤破裂,白酒
卵巢肿瘤破裂,田螺
卵巢肿瘤破裂,干腌菜
背痈,白酒
背痈,咸鱼
背痈,咸鸭蛋
背痈,鳕鱼
沙雷菌肺炎,啤酒
沙雷菌肺炎,白酒
沙雷菌肺炎,咸鸭蛋
沙雷菌肺炎,红葡萄酒
奔豚气,白酒
奔豚气,咸鱼
奔豚气,咸鸭蛋
奔豚气,鳕鱼
卵黄状黄斑营养不良,啤酒
卵黄状黄斑营养不良,花生
卵黄状黄斑营养不良,田螺
卵黄状黄斑营养不良,干腌菜
听力障碍,啤酒
听力障碍,白酒
听力障碍,干腌菜
听力障碍,红葡萄酒
崩漏,啤酒
崩漏,白酒
崩漏,咸鸭蛋
崩漏,鳕鱼
卵泡囊肿,啤酒
卵泡囊肿,鸭肉
卵泡囊肿,田螺
卵泡囊肿,淡菜(鲜)
鼻疔,啤酒
鼻疔,白酒
鼻疔,咸鸭蛋
鼻疔,鳕鱼
卵泡腺细胞增殖综合征,啤酒
卵泡腺细胞增殖综合征,田螺
卵泡腺细胞增殖综合征,淡菜(鲜)
卵泡腺细胞增殖综合征,猪脑
鼻鼽,啤酒
鼻鼽,白酒
鼻鼽,咸鸭蛋
鼻鼽,鳕鱼
闭经性头痛,啤酒
闭经性头痛,白酒
闭经性头痛,咸鸭蛋
闭经性头痛,鳕鱼
无机盐所致的皮肤病,啤酒
无机盐所致的皮肤病,白酒
无机盐所致的皮肤病,咸鸭蛋
无机盐所致的皮肤病,红葡萄酒
痹证,鲈鱼
痹证,海参
痹证,咸鱼
痹证,咸鸭蛋
稳定型心绞痛,啤酒
稳定型心绞痛,干腌菜
稳定型心绞痛,红葡萄酒
稳定型心绞痛,螺丝菜
玻璃体疝,咸鱼
玻璃体疝,咸鸭蛋
玻璃体疝,鳕鱼
玻璃体疝,三文鱼
网状红斑萎缩性毛囊炎,啤酒
网状红斑萎缩性毛囊炎,白酒
网状红斑萎缩性毛囊炎,咸鸭蛋
网状红斑萎缩性毛囊炎,红葡萄酒
先天性尺骨缺如,啤酒
先天性尺骨缺如,白酒
先天性尺骨缺如,咸鸭蛋
先天性尺骨缺如,红葡萄酒
蚕豆病,咸鱼
蚕豆病,咸鸭蛋
蚕豆病,鳕鱼
蚕豆病,三文鱼
先天性腓骨缺如,啤酒
先天性腓骨缺如,白酒
先天性腓骨缺如,咸鸭蛋
先天性腓骨缺如,红葡萄酒
疟疾肾病,啤酒
疟疾肾病,田螺
疟疾肾病,干腌菜
疟疾肾病,泥胡菜
产后喘促,咸鱼
产后喘促,咸鸭蛋
产后喘促,鳕鱼
产后喘促,三文鱼
诺卡菌性巩膜炎,啤酒
诺卡菌性巩膜炎,田螺
诺卡菌性巩膜炎,干腌菜
诺卡菌性巩膜炎,泥胡菜
小儿洋地黄中毒,啤酒
小儿洋地黄中毒,白酒
小儿洋地黄中毒,干腌菜
小儿洋地黄中毒,红葡萄酒
产后风,咸鱼
产后风,咸鸭蛋
产后风,鳕鱼
产后风,三文鱼
小儿帕套综合征,啤酒
小儿帕套综合征,白酒
小儿帕套综合征,干腌菜
小儿帕套综合征,红葡萄酒
产后痉症,咸鱼
产后痉症,咸鸭蛋
产后痉症,鳕鱼
产后痉症,三文鱼
乳房单纯囊肿,螃蟹
乳房单纯囊肿,鸡
乳房单纯囊肿,田螺
乳房单纯囊肿,鱿鱼(鲜)
小肠扭转,啤酒
小肠扭转,白酒
小肠扭转,咸鸭蛋
小肠扭转,花生仁（炸）
产后劳伤,咸鱼
产后劳伤,咸鸭蛋
产后劳伤,鳕鱼
产后劳伤,三文鱼
乳头溢液,啤酒
乳头溢液,白酒
乳头溢液,油豆腐
乳头溢液,公鸡
产后目病,咸鱼
产后目病,咸鸭蛋
产后目病,鳕鱼
产后目病,三文鱼
须部假毛囊炎,咸鸭蛋
须部假毛囊炎,干腌菜
须部假毛囊炎,花生仁（炸）
须部假毛囊炎,螺丝菜
乳腺导管扩张症,油豆腐
乳腺导管扩张症,田螺
乳腺导管扩张症,干腌菜
乳腺导管扩张症,淡菜(鲜)
产后三冲,咸鱼
产后三冲,咸鸭蛋
产后三冲,鳕鱼
产后三冲,三文鱼
先天性食管憩室,咸鸭蛋
先天性食管憩室,干腌菜
先天性食管憩室,羊油
先天性食管憩室,花生仁（炸）
产后三急,咸鱼
产后三急,咸鸭蛋
产后三急,鳕鱼
产后三急,三文鱼
小儿先天性卵巢发育不全,咸鸭蛋
小儿先天性卵巢发育不全,干腌菜
小儿先天性卵巢发育不全,羊油
小儿先天性卵巢发育不全,花生仁（炸）
乳腺囊性增生病,油豆腐
乳腺囊性增生病,田螺
乳腺囊性增生病,干腌菜
乳腺囊性增生病,淡菜(鲜)
产后伤食,咸鱼
产后伤食,咸鸭蛋
产后伤食,鳕鱼
产后伤食,三文鱼
乙型病毒性肝炎,啤酒
乙型病毒性肝炎,白酒
乙型病毒性肝炎,咸鸭蛋
乙型病毒性肝炎,花生仁（炸）
产后虚羸,咸鱼
产后虚羸,咸鸭蛋
产后虚羸,鳕鱼
产后虚羸,三文鱼
乳腺腺病,油豆腐
乳腺腺病,田螺
乳腺腺病,干腌菜
乳腺腺病,淡菜(鲜)
中枢神经系统淋巴瘤,白酒
中枢神经系统淋巴瘤,油豆腐
中枢神经系统淋巴瘤,田螺
中枢神经系统淋巴瘤,干腌菜
右室心肌梗死,咸鱼
右室心肌梗死,咸鸭蛋
右室心肌梗死,羊油
右室心肌梗死,花生仁（炸）
产后血虚热,咸鱼
产后血虚热,咸鸭蛋
产后血虚热,鳕鱼
产后血虚热,三文鱼
Machado-Joseph病,油豆腐
Machado-Joseph病,田螺
Machado-Joseph病,红葡萄酒
Machado-Joseph病,泥胡菜
幽门螺杆菌感染,咸鱼
幽门螺杆菌感染,咸鸭蛋
幽门螺杆菌感染,羊油
幽门螺杆菌感染,花生仁（炸）
产后血瘀,洋葱
产后血瘀,咖啡
产后血瘀,姜
产后血瘀,酸白菜
Morton跖头痛,田螺
Morton跖头痛,干腌菜
Morton跖头痛,淡菜(鲜)
Morton跖头痛,螺丝菜
产褥中暑,鲈鱼
产褥中暑,咸鱼
产褥中暑,咸鸭蛋
产褥中暑,鳕鱼
麻痹性痴呆,油条
麻痹性痴呆,田螺
麻痹性痴呆,淡菜(鲜)
麻痹性痴呆,猪脑
颤证,鲈鱼
颤证,咸鱼
颤证,咸鸭蛋
颤证,鳕鱼
麻风性葡萄膜炎,田螺
麻风性葡萄膜炎,干腌菜
麻风性葡萄膜炎,淡菜(鲜)
麻风性葡萄膜炎,螺丝菜
真菌性心包炎,咸鸭蛋
真菌性心包炎,干腌菜
真菌性心包炎,羊油
真菌性心包炎,花生仁（炸）
麻风性周围神经病,油条
麻风性周围神经病,田螺
麻风性周围神经病,干腌菜
麻风性周围神经病,淡菜(鲜)
肠风,鲈鱼
肠风,咸鱼
肠风,咸鸭蛋
肠风,鳕鱼
真菌性巩膜炎,咸鱼
真菌性巩膜炎,咸鸭蛋
真菌性巩膜炎,羊油
真菌性巩膜炎,花生仁（炸）
麻疹样红斑,油条
麻疹样红斑,田螺
麻疹样红斑,淡菜(鲜)
麻疹样红斑,猪脑
肠结,鲈鱼
肠结,咸鱼
肠结,咸鸭蛋
肠结,鳕鱼
马尔尼菲青霉病,田螺
马尔尼菲青霉病,干腌菜
马尔尼菲青霉病,淡菜(鲜)
马尔尼菲青霉病,螺丝菜
肠郁,鲈鱼
肠郁,咸鱼
肠郁,咸鸭蛋
肠郁,鳕鱼
马方综合征,油条
马方综合征,田螺
马方综合征,干腌菜
马方综合征,淡菜(鲜)
常染色体隐性遗传性脑动脉病伴白质脑病,鲈鱼
常染色体隐性遗传性脑动脉病伴白质脑病,咸鱼
常染色体隐性遗传性脑动脉病伴白质脑病,咸鸭蛋
常染色体隐性遗传性脑动脉病伴白质脑病,鳕鱼
马拉色菌病,油条
马拉色菌病,田螺
马拉色菌病,干腌菜
马拉色菌病,淡菜(鲜)
巴西紫热,咸鱼
巴西紫热,咸鸭蛋
巴西紫热,羊油
巴西紫热,花生仁（炸）
潮热,鲈鱼
潮热,咸鱼
潮热,咸鸭蛋
潮热,鳕鱼
脉络丛乳头状瘤,油条
脉络丛乳头状瘤,田螺
脉络丛乳头状瘤,干腌菜
脉络丛乳头状瘤,淡菜(鲜)
成人肥大性幽门狭窄,咸鱼
成人肥大性幽门狭窄,咸鸭蛋
成人肥大性幽门狭窄,羊油
成人肥大性幽门狭窄,花生仁（炸）
赤白游风,啤酒
赤白游风,白酒
赤白游风,咸鸭蛋
赤白游风,鳕鱼
脉络膜出血,田螺
脉络膜出血,干腌菜
脉络膜出血,淡菜(鲜)
脉络膜出血,螺丝菜
多乳房,咸鱼
多乳房,咸鸭蛋
多乳房,羊油
多乳房,花生仁（炸）
脉络膜骨瘤,油条
脉络膜骨瘤,田螺
脉络膜骨瘤,干腌菜
脉络膜骨瘤,淡菜(鲜)
赤痢,啤酒
赤痢,白酒
赤痢,咸鱼
赤痢,河蚌
低钾血症肾病,白酒
低钾血症肾病,咸鸭蛋
低钾血症肾病,花生仁（炸）
低钾血症肾病,小黄鱼
赤脉传睛,鲈鱼
赤脉传睛,咸鱼
赤脉传睛,咸鸭蛋
赤脉传睛,鳕鱼
脉络膜脱离,田螺
脉络膜脱离,干腌菜
脉络膜脱离,淡菜(鲜)
脉络膜脱离,螺丝菜
非ST段抬高心肌梗死,白酒
非ST段抬高心肌梗死,咸鸭蛋
非ST段抬高心肌梗死,干腌菜
非ST段抬高心肌梗死,螺丝菜
赤脉贯布,大豆
赤脉贯布,咸鱼
赤脉贯布,咸鸭蛋
赤脉贯布,鳕鱼
脉络膜脱离型视网膜脱离,油条
脉络膜脱离型视网膜脱离,田螺
脉络膜脱离型视网膜脱离,干腌菜
脉络膜脱离型视网膜脱离,淡菜(鲜)
脉络膜新生血管,田螺
脉络膜新生血管,干腌菜
脉络膜新生血管,淡菜(鲜)
脉络膜新生血管,螺丝菜
赤膜下垂,啤酒
赤膜下垂,白酒
赤膜下垂,咸鸭蛋
赤膜下垂,鳕鱼
肝脏疾病所致贫血,咸鸭蛋
肝脏疾病所致贫血,干腌菜
肝脏疾病所致贫血,花生仁（炸）
肝脏疾病所致贫血,螺丝菜
脉络膜血管瘤,田螺
脉络膜血管瘤,干腌菜
脉络膜血管瘤,淡菜(鲜)
脉络膜血管瘤,螺丝菜
高颅压性脑积水,咸鸭蛋
高颅压性脑积水,干腌菜
高颅压性脑积水,花生仁（炸）
高颅压性脑积水,小黄鱼
螨皮炎,田螺
螨皮炎,干腌菜
螨皮炎,淡菜(鲜)
螨皮炎,猪脑
赤游丹,鲈鱼
赤游丹,咸鱼
赤游丹,咸鸭蛋
赤游丹,鳕鱼
急性蜂窝织炎,啤酒
急性蜂窝织炎,白酒
急性蜂窝织炎,咸鸭蛋
急性蜂窝织炎,花生仁（炸）
虫臌,啤酒
虫臌,白酒
虫臌,咸鸭蛋
虫臌,鳕鱼
脊膜瘤,咸鸭蛋
脊膜瘤,羊油
脊膜瘤,花生仁（炸）
脊膜瘤,小黄鱼
虫积,辣椒(青、尖)
虫积,咸鱼
虫积,咸肉
虫积,酸白菜
虫证,鲈鱼
虫证,咸鱼
虫证,咸鸭蛋
虫证,鳕鱼
喘证,鲈鱼
喘证,咸鱼
喘证,油条
喘证,咸肉
慢性创伤性滑囊炎,田螺
慢性创伤性滑囊炎,干腌菜
慢性创伤性滑囊炎,淡菜(鲜)
慢性创伤性滑囊炎,猪脑
疮疡,啤酒
疮疡,白酒
疮疡,咸鸭蛋
疮疡,干腌菜
慢性颈部软组织损伤,田螺
慢性颈部软组织损伤,干腌菜
慢性颈部软组织损伤,淡菜(鲜)
慢性颈部软组织损伤,螺丝菜
免疫缺陷性肺炎,咸鸭蛋
免疫缺陷性肺炎,干腌菜
免疫缺陷性肺炎,花生仁（炸）
免疫缺陷性肺炎,鸽肉
大肠湿热,大豆
大肠湿热,啤酒
大肠湿热,白酒
大肠湿热,咸鱼
慢性酒中毒,田螺
慢性酒中毒,干腌菜
慢性酒中毒,淡菜(鲜)
慢性酒中毒,螺丝菜
小儿尿路感染,咸鸭蛋
小儿尿路感染,羊油
小儿尿路感染,花生仁（炸）
小儿尿路感染,小黄鱼
小儿肾性氨基酸尿症,咸鸭蛋
小儿肾性氨基酸尿症,羊油
小儿肾性氨基酸尿症,花生仁（炸）
小儿肾性氨基酸尿症,小黄鱼
带下病,啤酒
带下病,白酒
带下病,油豆腐
带下病,咸鸭蛋
慢性卡他性结膜炎,田螺
慢性卡他性结膜炎,干腌菜
慢性卡他性结膜炎,淡菜(鲜)
慢性卡他性结膜炎,螺丝菜
原发性阿米巴脑膜脑炎,咸鸭蛋
原发性阿米巴脑膜脑炎,干腌菜
原发性阿米巴脑膜脑炎,羊油
原发性阿米巴脑膜脑炎,花生仁（炸）
慢性溃疡性非肉芽肿性空肠回肠炎,田螺
慢性溃疡性非肉芽肿性空肠回肠炎,干腌菜
慢性溃疡性非肉芽肿性空肠回肠炎,淡菜(鲜)
慢性溃疡性非肉芽肿性空肠回肠炎,螺丝菜
阿克森费尔德-里格尔综合征,白酒
阿克森费尔德-里格尔综合征,咸鸭蛋
阿克森费尔德-里格尔综合征,羊油
阿克森费尔德-里格尔综合征,花生仁（炸）
慢性劳损性腰背痛,海虾
慢性劳损性腰背痛,海参
慢性劳损性腰背痛,田螺
慢性劳损性腰背痛,淡菜(鲜)
Austin型幼儿脑硫脂病,白酒
Austin型幼儿脑硫脂病,芝麻
Austin型幼儿脑硫脂病,咸鸭蛋
Austin型幼儿脑硫脂病,花生仁（炸）
慢性盆腔炎,啤酒
慢性盆腔炎,白酒
慢性盆腔炎,白砂糖
慢性盆腔炎,干腌菜
阿司匹林诱发哮喘,咸鸭蛋
阿司匹林诱发哮喘,羊油
阿司匹林诱发哮喘,花生仁（炸）
阿司匹林诱发哮喘,小黄鱼
慢性肾性贫血,螃蟹
慢性肾性贫血,田螺
慢性肾性贫血,鸡蛋黄
慢性肾性贫血,白砂糖
慢性腰部劳损,啤酒
慢性腰部劳损,白酒
慢性腰部劳损,鸡蛋黄
慢性腰部劳损,干腌菜
海绵状淋巴管瘤,咸鸭蛋
海绵状淋巴管瘤,羊油
海绵状淋巴管瘤,花生仁（炸）
海绵状淋巴管瘤,小黄鱼
胆石,啤酒
胆石,白酒
胆石,咸鸭蛋
胆石,鸭肝
慢性自身免疫性甲状腺炎,啤酒
慢性自身免疫性甲状腺炎,白酒
慢性自身免疫性甲状腺炎,鸡蛋黄
慢性自身免疫性甲状腺炎,干腌菜
颈椎单侧及双侧小关节脱位,咸鸭蛋
颈椎单侧及双侧小关节脱位,羊油
颈椎单侧及双侧小关节脱位,花生仁（炸）
脊髓血管畸形,咸鸭蛋
脊髓血管畸形,羊油
脊髓血管畸形,花生仁（炸）
脊髓血管畸形,小黄鱼
慢性纵隔炎,白酒
慢性纵隔炎,鸡蛋黄
慢性纵隔炎,干腌菜
慢性纵隔炎,螺丝菜
癫病,白酒
癫病,咸鱼
癫病,咸肉
癫病,猪脑
酒精中毒性肌病,咸鸭蛋
酒精中毒性肌病,羊油
酒精中毒性肌病,花生仁（炸）
酒精中毒性肌病,小黄鱼
慢性阻塞性肺疾病,白酒
慢性阻塞性肺疾病,田螺
慢性阻塞性肺疾病,鸡蛋黄
慢性阻塞性肺疾病,干腌菜
癫狂病,咸鱼
癫狂病,腊肉（烟肉）
癫狂病,咸肉
癫狂病,牡蛎(鲜)
老年大便失禁,啤酒
老年大便失禁,白酒
老年大便失禁,咸鸭蛋
老年大便失禁,花生仁（炸）
盲肠扭转,螃蟹
盲肠扭转,白酒
盲肠扭转,田螺
盲肠扭转,鸡蛋黄
盲肠旁疝,螃蟹
盲肠旁疝,白酒
盲肠旁疝,田螺
盲肠旁疝,鸡蛋黄
肋骨骨髓炎,白酒
肋骨骨髓炎,咸鸭蛋
肋骨骨髓炎,花生仁（炸）
肋骨骨髓炎,小黄鱼
疔疮,啤酒
疔疮,白酒
疔疮,油豆腐
疔疮,咸鸭蛋
毒热侵肤,啤酒
毒热侵肤,白酒
毒热侵肤,油豆腐
毒热侵肤,咸鸭蛋
猫抓病,鸡蛋
猫抓病,白酒
猫抓病,鸡蛋黄
猫抓病,干腌菜
脑干胶质瘤,啤酒
脑干胶质瘤,白酒
脑干胶质瘤,咸鸭蛋
脑干胶质瘤,干腌菜
毛孢子菌病,螃蟹
毛孢子菌病,白酒
毛孢子菌病,田螺
毛孢子菌病,淡菜(鲜)
恶寒发热,咸鱼
恶寒发热,油条
恶寒发热,河蚌
恶寒发热,猪脑
帕金森病性痴呆,啤酒
帕金森病性痴呆,白酒
帕金森病性痴呆,咸鸭蛋
帕金森病性痴呆,鸭肝
毛滴虫病,螃蟹
毛滴虫病,白酒
毛滴虫病,田螺
毛滴虫病,鸡蛋黄
毛根鞘癌,田螺
毛根鞘癌,鸡蛋黄
毛根鞘癌,干腌菜
毛根鞘癌,螺丝菜
毛霉病,螃蟹
毛霉病,猪油（板油）
毛霉病,田螺
毛霉病,淡菜(鲜)
耳疮,辣椒(红、尖、干)
耳疮,咸鱼
耳疮,油条
耳疮,咸肉
毛母质瘤,螃蟹
毛母质瘤,猪油（板油）
毛母质瘤,田螺
毛母质瘤,淡菜(鲜)
毛囊角化病,啤酒
毛囊角化病,白酒
毛囊角化病,鸡蛋黄
毛囊角化病,干腌菜
毛囊瘤,啤酒
毛囊瘤,白酒
毛囊瘤,鸡蛋黄
毛囊瘤,干腌菜
糖代谢异常伴发的精神障碍,鸡肝
糖代谢异常伴发的精神障碍,咸鸭蛋
糖代谢异常伴发的精神障碍,鸭肝
糖代谢异常伴发的精神障碍,花生仁（炸）
毛囊漏斗肿瘤,啤酒
毛囊漏斗肿瘤,白酒
毛囊漏斗肿瘤,干腌菜
毛囊漏斗肿瘤,螺丝菜
奥迪括约肌功能异常,白酒
奥迪括约肌功能异常,咸鸭蛋
奥迪括约肌功能异常,鸭肝
奥迪括约肌功能异常,鸭血(白鸭)
毛囊脓疱病,啤酒
毛囊脓疱病,白酒
毛囊脓疱病,田螺
毛囊脓疱病,鸡蛋黄
小儿脑性瘫痪,鸡肝
小儿脑性瘫痪,咸鸭蛋
小儿脑性瘫痪,鸭肝
小儿脑性瘫痪,花生仁（炸）
毛囊皮脂腺囊性错构瘤,啤酒
毛囊皮脂腺囊性错构瘤,白酒
毛囊皮脂腺囊性错构瘤,鸡蛋黄
毛囊皮脂腺囊性错构瘤,干腌菜
耳痈,啤酒
耳痈,白酒
耳痈,咸鱼
耳痈,咸鸭蛋
症状性癫痫综合征,鸡肝
症状性癫痫综合征,咸鸭蛋
症状性癫痫综合征,鸭肝
症状性癫痫综合征,干腌菜
镇痛剂肾病,鸡肝
镇痛剂肾病,咸鸭蛋
镇痛剂肾病,鸭肝
镇痛剂肾病,花生仁（炸）
毛囊性黏蛋白病,啤酒
毛囊性黏蛋白病,白酒
毛囊性黏蛋白病,干腌菜
毛囊性黏蛋白病,螺丝菜
毛囊性鱼鳞病,啤酒
毛囊性鱼鳞病,白酒
毛囊性鱼鳞病,鸡蛋黄
毛囊性鱼鳞病,干腌菜
多发性脑膜瘤,鸡肝
多发性脑膜瘤,咸鸭蛋
多发性脑膜瘤,鸭肝
多发性脑膜瘤,花生仁（炸）
高眼压症,咸鸭蛋
高眼压症,鸭肝
高眼压症,干腌菜
高眼压症,螺丝菜
急性腮腺炎性睾丸炎,鸡肝
急性腮腺炎性睾丸炎,咸鸭蛋
急性腮腺炎性睾丸炎,鸭肝
急性腮腺炎性睾丸炎,花生仁（炸）
克雷白杆菌属感染,鸡肝
克雷白杆菌属感染,咸鸭蛋
克雷白杆菌属感染,鸭肝
克雷白杆菌属感染,花生仁（炸）
毛囊周围纤维瘤,啤酒
毛囊周围纤维瘤,白酒
毛囊周围纤维瘤,鸡蛋黄
毛囊周围纤维瘤,干腌菜
维生素D缺乏病,鸡肝
维生素D缺乏病,咸鸭蛋
维生素D缺乏病,鸭肝
维生素D缺乏病,花生仁（炸）
毛盘瘤,啤酒
毛盘瘤,白酒
毛盘瘤,鸡蛋黄
毛盘瘤,干腌菜
维生素E缺乏神经病,白酒
维生素E缺乏神经病,鸡肝
维生素E缺乏神经病,咸鸭蛋
维生素E缺乏神经病,鸭肝
毛胚细胞瘤,啤酒
毛胚细胞瘤,白酒
毛胚细胞瘤,干腌菜
毛胚细胞瘤,螺丝菜
肺咳,啤酒
肺咳,鲈鱼
肺咳,油条
肺咳,咸肉
血卟啉病性周围神经病,鸡肝
血卟啉病性周围神经病,咸鸭蛋
血卟啉病性周围神经病,鸭肝
血卟啉病性周围神经病,花生仁（炸）
毛鞘棘皮瘤,田螺
毛鞘棘皮瘤,鸡蛋黄
毛鞘棘皮瘤,干腌菜
毛鞘棘皮瘤,螺丝菜
下丘脑综合征,鸡肝
下丘脑综合征,咸鸭蛋
下丘脑综合征,鸭肝
下丘脑综合征,花生仁（炸）
毛细淋巴管瘤,螃蟹
毛细淋巴管瘤,田螺
毛细淋巴管瘤,鸡蛋黄
毛细淋巴管瘤,干腌菜
显微镜下多血管炎,咸鸭蛋
显微镜下多血管炎,鸭肝
显微镜下多血管炎,干腌菜
显微镜下多血管炎,螺丝菜
毛细血管或静脉血栓形成,螃蟹
毛细血管或静脉血栓形成,田螺
毛细血管或静脉血栓形成,鸡蛋黄
毛细血管或静脉血栓形成,干腌菜
肺气虚,啤酒
肺气虚,白酒
肺气虚,油豆腐
肺气虚,咸鸭蛋
缢死,咸鸭蛋
缢死,鸭肝
缢死,干腌菜
缢死,螺丝菜
肺热咳嗽,啤酒
肺热咳嗽,白酒
肺热咳嗽,咸鸭蛋
肺热咳嗽,花生（炒）
毛细血管扩张性共济失调综合征,田螺
毛细血管扩张性共济失调综合征,鸡蛋黄
毛细血管扩张性共济失调综合征,干腌菜
毛细血管扩张性共济失调综合征,螺丝菜
百草枯中毒,鸡肝
百草枯中毒,咸鸭蛋
百草枯中毒,鸭肝
百草枯中毒,花生仁（炸）
肺功能衰竭,油豆腐
肺功能衰竭,咸鱼
肺功能衰竭,咸鸭蛋
肺功能衰竭,羊油
毛细血管扩张性环状紫癜,螃蟹
毛细血管扩张性环状紫癜,田螺
毛细血管扩张性环状紫癜,鸡蛋黄
毛细血管扩张性环状紫癜,干腌菜
毛圆线虫病,田螺
毛圆线虫病,鸡蛋黄
毛圆线虫病,干腌菜
毛圆线虫病,螺丝菜
鞍结节脑膜瘤,白酒
鞍结节脑膜瘤,鸡肝
鞍结节脑膜瘤,咸鸭蛋
鞍结节脑膜瘤,鸭肝
毛状白斑,螃蟹
毛状白斑,田螺
毛状白斑,鸡蛋黄
毛状白斑,干腌菜
过敏性紫癜肾炎,鸡肝
过敏性紫癜肾炎,咸鸭蛋
过敏性紫癜肾炎,鸭肝
过敏性紫癜肾炎,花生仁（炸）
梅毒性巩膜炎,田螺
梅毒性巩膜炎,鸡蛋黄
梅毒性巩膜炎,干腌菜
梅毒性巩膜炎,螺丝菜
获得性血友病,咸鸭蛋
获得性血友病,鸭肝
获得性血友病,干腌菜
获得性血友病,螺丝菜
梅毒性骨软骨炎,田螺
梅毒性骨软骨炎,鸡蛋黄
梅毒性骨软骨炎,干腌菜
梅毒性骨软骨炎,螺丝菜
女性性高潮障碍,白酒
女性性高潮障碍,干腌菜
女性性高潮障碍,螺丝菜
女性性高潮障碍,泥胡菜
梅毒性关节炎,蟹黄
梅毒性关节炎,鸡蛋黄
梅毒性关节炎,干腌菜
梅毒性关节炎,螺丝菜
脾良性肿瘤,鸡肝
脾良性肿瘤,咸鸭蛋
脾良性肿瘤,鸭肝
脾良性肿瘤,红葡萄酒
风寒犯肺,咸鱼
风寒犯肺,油条
风寒犯肺,羊油
风寒犯肺,咸肉
梅毒性角膜病变,螃蟹
梅毒性角膜病变,田螺
梅毒性角膜病变,鸡蛋黄
梅毒性角膜病变,干腌菜
葡萄状肉瘤,白酒
葡萄状肉瘤,鸡肝
葡萄状肉瘤,咸鸭蛋
葡萄状肉瘤,鸭肝
风寒感冒,啤酒
风寒感冒,白酒
风寒感冒,油豆腐
风寒感冒,咸鸭蛋
梅毒性葡萄膜炎,田螺
梅毒性葡萄膜炎,鸡蛋黄
梅毒性葡萄膜炎,干腌菜
梅毒性葡萄膜炎,螺丝菜
失盐性肾炎,鸡肝
失盐性肾炎,咸鸭蛋
失盐性肾炎,鸭肝
失盐性肾炎,花生仁（炸）
风寒头痛,啤酒
风寒头痛,白酒
风寒头痛,咸鸭蛋
风寒头痛,油皮
梅克尔细胞癌,螃蟹
梅克尔细胞癌,田螺
梅克尔细胞癌,鸡蛋黄
梅克尔细胞癌,干腌菜
梅勒尼坏疽,螃蟹
梅勒尼坏疽,田螺
梅勒尼坏疽,鸡蛋黄
梅勒尼坏疽,干腌菜
梅尼埃病,螃蟹
梅尼埃病,田螺
梅尼埃病,鸡蛋黄
梅尼埃病,干腌菜
小儿过敏性紫癜,鸡肝
小儿过敏性紫癜,咸鸭蛋
小儿过敏性紫癜,鸭肝
小儿过敏性紫癜,花生仁（炸）
湄公血吸虫病,螃蟹
湄公血吸虫病,田螺
湄公血吸虫病,鸡蛋黄
湄公血吸虫病,干腌菜
血管内大B细胞淋巴瘤,鸡肝
血管内大B细胞淋巴瘤,咸鸭蛋
血管内大B细胞淋巴瘤,鸭肝
血管内大B细胞淋巴瘤,花生仁（炸）
门静脉高压性胃病,螃蟹
门静脉高压性胃病,田螺
门静脉高压性胃病,鸡蛋黄
门静脉高压性胃病,干腌菜
门静脉血栓形成,螃蟹
门静脉血栓形成,田螺
门静脉血栓形成,鸡蛋黄
门静脉血栓形成,干腌菜
门脉高压性肠病,田螺
门脉高压性肠病,鸡蛋黄
门脉高压性肠病,干腌菜
门脉高压性肠病,螺丝菜
风热感冒,啤酒
风热感冒,白酒
风热感冒,咸鸭蛋
风热感冒,油皮
弥漫性空回肠溃疡,鸡蛋黄
弥漫性空回肠溃疡,干腌菜
弥漫性空回肠溃疡,螺丝菜
弥漫性空回肠溃疡,泥胡菜
风热头痛,啤酒
风热头痛,白酒
风热头痛,油豆腐
风热头痛,咸鸭蛋
弥漫性食管壁内憩室,田螺
弥漫性食管壁内憩室,鸡蛋黄
弥漫性食管壁内憩室,干腌菜
弥漫性食管壁内憩室,泥胡菜
弥漫性掌跖角化病,鸡蛋黄
弥漫性掌跖角化病,干腌菜
弥漫性掌跖角化病,螺丝菜
弥漫性掌跖角化病,泥胡菜
多发性骨骺发育不良,鸡肝
多发性骨骺发育不良,咸鸭蛋
多发性骨骺发育不良,鸭肝
多发性骨骺发育不良,花生仁（炸）
风搔痒,啤酒
风搔痒,白酒
风搔痒,鸡肉
风搔痒,咸鱼
米氏链球菌肺炎,螃蟹
米氏链球菌肺炎,田螺
米氏链球菌肺炎,鸡蛋黄
米氏链球菌肺炎,干腌菜
多发性肌炎和皮肌炎伴发的精神障碍,鸡肝
多发性肌炎和皮肌炎伴发的精神障碍,咸鸭蛋
多发性肌炎和皮肌炎伴发的精神障碍,鸭肝
多发性肌炎和皮肌炎伴发的精神障碍,花生仁（炸）
泌尿道肿瘤,螃蟹
泌尿道肿瘤,田螺
泌尿道肿瘤,鸡蛋黄
泌尿道肿瘤,干腌菜
泌尿道肿瘤皮肤转移,鸡蛋黄
泌尿道肿瘤皮肤转移,干腌菜
泌尿道肿瘤皮肤转移,螺丝菜
泌尿道肿瘤皮肤转移,泥胡菜
混合瘤,鸡肝
混合瘤,咸鸭蛋
混合瘤,鸭肝
混合瘤,干腌菜
泌尿生殖系阿米巴病,螃蟹
泌尿生殖系阿米巴病,田螺
泌尿生殖系阿米巴病,鸡蛋黄
泌尿生殖系阿米巴病,干腌菜
巨细胞动脉炎和风湿性多肌痛,鸡肝
巨细胞动脉炎和风湿性多肌痛,咸鸭蛋
巨细胞动脉炎和风湿性多肌痛,鸭肝
巨细胞动脉炎和风湿性多肌痛,花生仁（炸）
泌尿生殖系滴虫病,啤酒
泌尿生殖系滴虫病,白酒
泌尿生殖系滴虫病,鸡蛋黄
泌尿生殖系滴虫病,干腌菜
结节性多动脉炎伴发的葡萄膜炎,鸡肝
结节性多动脉炎伴发的葡萄膜炎,咸鸭蛋
结节性多动脉炎伴发的葡萄膜炎,鸭肝
结节性多动脉炎伴发的葡萄膜炎,花生仁（炸）
泌尿生殖系放线菌病,螃蟹
泌尿生殖系放线菌病,田螺
泌尿生殖系放线菌病,鸡蛋黄
泌尿生殖系放线菌病,干腌菜
泌尿生殖系棘球蚴病,啤酒
泌尿生殖系棘球蚴病,白酒
泌尿生殖系棘球蚴病,鸡蛋黄
泌尿生殖系棘球蚴病,干腌菜
艾滋病神经系统损害,鸡肝
艾滋病神经系统损害,咸鸭蛋
艾滋病神经系统损害,鸭肝
艾滋病神经系统损害,花生仁（炸）
泌尿生殖系血吸虫病,啤酒
泌尿生殖系血吸虫病,白酒
泌尿生殖系血吸虫病,鸡蛋黄
泌尿生殖系血吸虫病,干腌菜
泌尿生殖系真菌病,啤酒
泌尿生殖系真菌病,白酒
泌尿生殖系真菌病,鸡蛋黄
泌尿生殖系真菌病,干腌菜
痛风性心肌病,白酒
痛风性心肌病,鸡肝
痛风性心肌病,咸鸭蛋
痛风性心肌病,鸭肝
泌尿生殖系支原体感染,啤酒
泌尿生殖系支原体感染,白酒
泌尿生殖系支原体感染,鸡蛋黄
泌尿生殖系支原体感染,干腌菜
血清病和血清病样反应,鸡肝
血清病和血清病样反应,咸鸭蛋
血清病和血清病样反应,鸭肝
血清病和血清病样反应,干腌菜
药物或化学物质所致的色素沉着,咸鸭蛋
药物或化学物质所致的色素沉着,鸭肝
药物或化学物质所致的色素沉着,干腌菜
药物或化学物质所致的色素沉着,螺丝菜
面部播散性粟粒状狼疮,啤酒
面部播散性粟粒状狼疮,白酒
面部播散性粟粒状狼疮,鸡蛋黄
面部播散性粟粒状狼疮,干腌菜
肝胆湿热,鸡蛋
肝胆湿热,啤酒
肝胆湿热,白酒
肝胆湿热,鸡肉
重金属中毒性肾病,鸡肝
重金属中毒性肾病,咸鸭蛋
重金属中毒性肾病,鸭肝
重金属中毒性肾病,花生仁（炸）
面部脓皮病,啤酒
面部脓皮病,白酒
面部脓皮病,鸡蛋黄
面部脓皮病,干腌菜
癌肿性关节炎,啤酒
癌肿性关节炎,白酒
癌肿性关节炎,咸鸭蛋
癌肿性关节炎,干腌菜
动脉阻塞或狭窄视网膜病变,麦芽糖
动脉阻塞或狭窄视网膜病变,赤砂糖
动脉阻塞或狭窄视网膜病变,干腌菜
动脉阻塞或狭窄视网膜病变,冰糖
面部偏侧萎缩,啤酒
面部偏侧萎缩,白酒
面部偏侧萎缩,鸡蛋黄
面部偏侧萎缩,干腌菜
肺孢子丝菌病,鸡肝
肺孢子丝菌病,咸鸭蛋
肺孢子丝菌病,鸭肝
肺孢子丝菌病,花生仁（炸）
肝厥,鸡蛋
肝厥,啤酒
肝厥,白酒
肝厥,鸡肉
继发于无晶状体眼和人工晶状体眼的青光眼,鸡肝
继发于无晶状体眼和人工晶状体眼的青光眼,咸鸭蛋
继发于无晶状体眼和人工晶状体眼的青光眼,鸭肝
继发于无晶状体眼和人工晶状体眼的青光眼,干腌菜
面部肉芽肿,啤酒
面部肉芽肿,白酒
面部肉芽肿,鸡蛋黄
面部肉芽肿,干腌菜
面肌抽搐,啤酒
面肌抽搐,白酒
面肌抽搐,鸡蛋黄
面肌抽搐,干腌菜
慢性萎缩性肢皮炎,咸鸭蛋
慢性萎缩性肢皮炎,鸭肝
慢性萎缩性肢皮炎,干腌菜
慢性萎缩性肢皮炎,螺丝菜
面颈部毛囊性红斑黑变病,啤酒
面颈部毛囊性红斑黑变病,白酒
面颈部毛囊性红斑黑变病,鸡蛋黄
面颈部毛囊性红斑黑变病,干腌菜
肝胃不和,鸡蛋
肝胃不和,鸡肉
肝胃不和,沙丁鱼
肝胃不和,三文鱼
食管梅毒,鸡肝
食管梅毒,咸鸭蛋
食管梅毒,鸭肝
食管梅毒,干腌菜
面瘫唇肿裂纹舌综合征,啤酒
面瘫唇肿裂纹舌综合征,白酒
面瘫唇肿裂纹舌综合征,鸡蛋黄
面瘫唇肿裂纹舌综合征,干腌菜
梭形细胞血管内皮细胞瘤,鸡肝
梭形细胞血管内皮细胞瘤,咸鸭蛋
梭形细胞血管内皮细胞瘤,鸭肝
梭形细胞血管内皮细胞瘤,花生仁（炸）
外伤性硬膜下积液,鸡肝
外伤性硬膜下积液,咸鸭蛋
外伤性硬膜下积液,鸭肝
外伤性硬膜下积液,花生仁（炸）
摩擦黑变病,啤酒
摩擦黑变病,白酒
摩擦黑变病,鸡蛋黄
摩擦黑变病,干腌菜
胸内甲状腺肿,鸡肝
胸内甲状腺肿,咸鸭蛋
胸内甲状腺肿,鸭肝
胸内甲状腺肿,花生仁（炸）
摩擦性苔藓样疹,啤酒
摩擦性苔藓样疹,白酒
摩擦性苔藓样疹,鸡蛋黄
摩擦性苔藓样疹,干腌菜
心脏横纹肌瘤,鸡肝
心脏横纹肌瘤,咸鸭蛋
心脏横纹肌瘤,鸭肝
心脏横纹肌瘤,花生仁（炸）
肝炎,鸡蛋
肝炎,白酒
肝炎,鸡肉
肝炎,沙丁鱼
摩根菌肺炎,啤酒
摩根菌肺炎,白酒
摩根菌肺炎,鸡蛋黄
摩根菌肺炎,干腌菜
肝阳上亢,杏仁
肝阳上亢,核桃
肝阳上亢,松子仁
肝阳上亢,芝麻
幼儿急疹,鸡肝
幼儿急疹,咸鸭蛋
幼儿急疹,鸭肝
幼儿急疹,干腌菜
木村网状肢端色素沉着,啤酒
木村网状肢端色素沉着,白酒
木村网状肢端色素沉着,鸡蛋黄
木村网状肢端色素沉着,干腌菜
原卟啉病,鸡肝
原卟啉病,咸鸭蛋
原卟啉病,鸭肝
原卟啉病,花生仁（炸）
赖特综合征性巩膜炎,啤酒
赖特综合征性巩膜炎,白酒
赖特综合征性巩膜炎,鸡蛋黄
赖特综合征性巩膜炎,干腌菜
内分泌性肌病,啤酒
内分泌性肌病,白酒
内分泌性肌病,鸡蛋黄
内分泌性肌病,干腌菜
纵隔气肿,鸡肝
纵隔气肿,咸鸭蛋
纵隔气肿,鸭肝
纵隔气肿,干腌菜
椎动脉创伤性栓塞,鸡肝
椎动脉创伤性栓塞,咸鸭蛋
椎动脉创伤性栓塞,鸭肝
椎动脉创伤性栓塞,花生仁（炸）
内脏利什曼病,啤酒
内脏利什曼病,白酒
内脏利什曼病,鸡蛋黄
内脏利什曼病,干腌菜
内脏血吸虫炎,啤酒
内脏血吸虫炎,白酒
内脏血吸虫炎,鸡蛋黄
内脏血吸虫炎,干腌菜
假性动脉瘤,辣椒(红、尖、干)
假性动脉瘤,大蒜
假性动脉瘤,油条
假性动脉瘤,姜
东方马型脑炎,咸鸭蛋
东方马型脑炎,赤砂糖
东方马型脑炎,白砂糖
东方马型脑炎,冰糖
男假两性畸形,啤酒
男假两性畸形,白酒
男假两性畸形,鸡蛋黄
男假两性畸形,干腌菜
腘动脉损伤,白酒
腘动脉损伤,辣椒(红、尖、干)
腘动脉损伤,咖啡
腘动脉损伤,油条
呃逆,啤酒
呃逆,白酒
呃逆,咸鸭蛋
呃逆,苏打粉
男性青春期乳房发育,啤酒
男性青春期乳房发育,白酒
男性青春期乳房发育,鸡蛋黄
男性青春期乳房发育,干腌菜
腘肌肌腱炎,鸡蛋
腘肌肌腱炎,鸡肉
腘肌肌腱炎,黑豆
腘肌肌腱炎,绿豆
耳湿疹,咸鸭蛋
耳湿疹,花生仁（炸）
耳湿疹,鱿鱼(鲜)
耳湿疹,苏打粉
男性性早熟,咸鱼
男性性早熟,田螺
男性性早熟,鸡蛋黄
男性性早熟,干腌菜
黄斑裂孔性视网膜脱离,白酒
黄斑裂孔性视网膜脱离,咸鸭蛋
黄斑裂孔性视网膜脱离,花生仁（炸）
黄斑裂孔性视网膜脱离,苏打粉
男子雄激素源性秃发,啤酒
男子雄激素源性秃发,白酒
男子雄激素源性秃发,鸡蛋黄
男子雄激素源性秃发,干腌菜
脊柱裂和有关畸形,咸鱼
脊柱裂和有关畸形,咸鸭蛋
脊柱裂和有关畸形,花生仁（炸）
脊柱裂和有关畸形,苏打粉
脊疳,鸡蛋
脊疳,鸡肉
脊疳,黑豆
脊疳,绿豆
脊髓型颈椎病,咸鱼
脊髓型颈椎病,咸鸭蛋
脊髓型颈椎病,花生仁（炸）
脊髓型颈椎病,苏打粉
难治性心力衰竭,啤酒
难治性心力衰竭,白酒
难治性心力衰竭,鸡蛋黄
难治性心力衰竭,干腌菜
寒痹,鸡蛋
寒痹,鸡肉
寒痹,黑豆
寒痹,绿豆
颅骨骨瘤,咸鱼
颅骨骨瘤,咸鸭蛋
颅骨骨瘤,花生仁（炸）
颅骨骨瘤,苏打粉
寒湿困脾,白酒
寒湿困脾,辣椒(红、尖、干)
寒湿困脾,油条
寒湿困脾,青椒
颅狭症,咸鱼
颅狭症,咸鸭蛋
颅狭症,花生仁（炸）
颅狭症,苏打粉
脑干损伤,啤酒
脑干损伤,白酒
脑干损伤,鸡蛋黄
脑干损伤,干腌菜
寒湿泄泻,鸡蛋
寒湿泄泻,鸡肉
寒湿泄泻,黑豆
寒湿泄泻,绿豆
脑干肿瘤,白酒
脑干肿瘤,咸鱼
脑干肿瘤,鸡蛋黄
脑干肿瘤,干腌菜
寒饮咳嗽,鸡蛋
寒饮咳嗽,鸡肉
寒饮咳嗽,黑豆
寒饮咳嗽,绿豆
脑膜癌病,咸鱼
脑膜癌病,咸鸭蛋
脑膜癌病,花生仁（炸）
脑膜癌病,苏打粉
脑回状颅皮,啤酒
脑回状颅皮,白酒
脑回状颅皮,赤砂糖
脑回状颅皮,干腌菜
脑膜炎球菌性脑膜炎,啤酒
脑膜炎球菌性脑膜炎,白酒
脑膜炎球菌性脑膜炎,赤砂糖
脑膜炎球菌性脑膜炎,干腌菜
丘疹坏死性结核疹,白酒
丘疹坏死性结核疹,咸鸭蛋
丘疹坏死性结核疹,花生仁（炸）
丘疹坏死性结核疹,苏打粉
脑膜炎球菌血症,啤酒
脑膜炎球菌血症,白酒
脑膜炎球菌血症,鸡蛋黄
脑膜炎球菌血症,干腌菜
外伤后颈内动脉闭塞,白酒
外伤后颈内动脉闭塞,咸鸭蛋
外伤后颈内动脉闭塞,花生仁（炸）
外伤后颈内动脉闭塞,苏打粉
脑膨出和脑脊膜膨出,啤酒
脑膨出和脑脊膜膨出,白酒
脑膨出和脑脊膜膨出,鸡蛋黄
脑膨出和脑脊膜膨出,干腌菜
脑桥中央髓鞘溶解症,啤酒
脑桥中央髓鞘溶解症,白酒
脑桥中央髓鞘溶解症,鸡蛋黄
寒滞肝脉证,鸡蛋
寒滞肝脉证,鸡肉
寒滞肝脉证,黑豆
寒滞肝脉证,绿豆
中间葡萄膜炎,咸鱼
中间葡萄膜炎,咸鸭蛋
中间葡萄膜炎,花生仁（炸）
中间葡萄膜炎,苏打粉
脑缺血性疾病,螃蟹
脑缺血性疾病,咸鱼
脑缺血性疾病,田螺
脑缺血性疾病,干腌菜
汗证,鸡蛋
汗证,鸡肉
汗证,黑豆
汗证,绿豆
尿道结核,花生
尿道结核,咸鸭蛋
尿道结核,花生仁（炸）
尿道结核,苏打粉
膀胱脱垂,花生
膀胱脱垂,咸鸭蛋
膀胱脱垂,花生仁（炸）
膀胱脱垂,苏打粉
红蝴蝶疮,鸡蛋
红蝴蝶疮,鸡肉
红蝴蝶疮,黑豆
红蝴蝶疮,绿豆
肾上腺髓质增生,啤酒
肾上腺髓质增生,白酒
肾上腺髓质增生,咸鸭蛋
肾上腺髓质增生,苏打粉
喉痹,沙丁鱼
喉痹,干腌菜
喉痹,黑豆
喉痹,绿豆
喉疮,鸡蛋
喉疮,鸡肉
喉疮,黑豆
喉疮,绿豆
肾周围炎,啤酒
肾周围炎,白酒
肾周围炎,咸鸭蛋
肾周围炎,苏打粉
脑型疟疾,白酒
脑型疟疾,咸鱼
脑型疟疾,鸡蛋黄
脑型疟疾,干腌菜
喉喑,鸡蛋
喉喑,鸡肉
喉喑,黑豆
喉喑,绿豆
脑型血吸虫病,啤酒
脑型血吸虫病,白酒
脑型血吸虫病,鸡蛋黄
脑型血吸虫病,干腌菜
尼曼-皮克病,啤酒
尼曼-皮克病,白酒
尼曼-皮克病,鸡蛋黄
尼曼-皮克病,干腌菜
I型糖尿病,啤酒
I型糖尿病,白酒
I型糖尿病,咸鸭蛋
I型糖尿病,白砂糖
泥螺-日光性皮炎,啤酒
泥螺-日光性皮炎,白酒
泥螺-日光性皮炎,干腌菜
喉痈,鸡蛋
喉痈,鸡肉
喉痈,黑豆
喉痈,绿豆
狐惑,鸡蛋
狐惑,鸡肉
狐惑,黑豆
狐惑,绿豆
花柳病,鸡蛋
花柳病,杏仁
花柳病,腐竹
花柳病,鸡肉
花翳自陷,鸡蛋
花翳自陷,杏仁
花翳自陷,腐竹
花翳自陷,鸡肉
A链球菌群感染,鸡肉
A链球菌群感染,咸鸭蛋
A链球菌群感染,鸡蛋黄
A链球菌群感染,花生仁（炸）
化脓性角膜炎,鸡蛋
化脓性角膜炎,杏仁
化脓性角膜炎,腐竹
化脓性角膜炎,鸡肉
环跳疽,鸡蛋
环跳疽,杏仁
环跳疽,腐竹
环跳疽,鸡肉
肛周肿瘤,啤酒
肛周肿瘤,白酒
肛周肿瘤,咸鸭蛋
肛周肿瘤,烤鸭
股动脉瘤,咸鸭蛋
股动脉瘤,鸡蛋黄
股动脉瘤,鹅肝
股动脉瘤,鹅肉
蛲虫性阴道炎,咸鱼
蛲虫性阴道炎,咸鸭蛋
蛲虫性阴道炎,花生仁（炸）
蛲虫性阴道炎,鲜贝
回乳,田螺
回乳,沙丁鱼
回乳,绿豆
回乳,三文鱼
变性近视的脉络膜萎缩,啤酒
变性近视的脉络膜萎缩,白酒
变性近视的脉络膜萎缩,咸鸭蛋
变性近视的脉络膜萎缩,花生仁（炸）
感染性急性小管间质性肾炎,啤酒
感染性急性小管间质性肾炎,白酒
感染性急性小管间质性肾炎,咸鸭蛋
感染性急性小管间质性肾炎,花生仁（炸）
黏膜白斑,啤酒
黏膜白斑,白酒
黏膜白斑,鸡蛋黄
黏膜白斑,干腌菜
混合痔,杏仁
混合痔,腐竹
混合痔,田螺
混合痔,沙丁鱼
混睛帐,杏仁
混睛帐,腐竹
混睛帐,田螺
混睛帐,沙丁鱼
黏膜白色海绵状痣,啤酒
黏膜白色海绵状痣,白酒
黏膜白色海绵状痣,鸡蛋黄
黏膜白色海绵状痣,干腌菜
黏膜相关样组织淋巴瘤,啤酒
黏膜相关样组织淋巴瘤,白酒
黏膜相关样组织淋巴瘤,鸡蛋黄
黏膜相关样组织淋巴瘤,干腌菜
肱骨髁间骨折,啤酒
肱骨髁间骨折,白酒
肱骨髁间骨折,咸鸭蛋
肱骨髁间骨折,花生仁（炸）
积聚,杏仁
积聚,腐竹
积聚,田螺
积聚,沙丁鱼
黏液纤维肉瘤,咸鱼
黏液纤维肉瘤,鸡蛋黄
黏液纤维肉瘤,干腌菜
黏液纤维肉瘤,羊油
骨神经鞘瘤,啤酒
骨神经鞘瘤,白酒
骨神经鞘瘤,咸鸭蛋
骨神经鞘瘤,花生仁（炸）
积滞,杏仁
积滞,腐竹
积滞,田螺
积滞,沙丁鱼
肱骨远端全骨骺分离,啤酒
肱骨远端全骨骺分离,白酒
肱骨远端全骨骺分离,咸鸭蛋
肱骨远端全骨骺分离,白砂糖
急喉风,杏仁
急喉风,腐竹
急喉风,田螺
急喉风,沙丁鱼
急黄,杏仁
急黄,腐竹
急黄,田螺
急黄,沙丁鱼
踝部急性韧带损伤,白酒
踝部急性韧带损伤,咸鱼
踝部急性韧带损伤,咸鸭蛋
踝部急性韧带损伤,花生仁（炸）
腹腔妊娠,啤酒
腹腔妊娠,白酒
腹腔妊娠,咸鸭蛋
腹腔妊娠,花生仁（炸）
棘间韧带损伤,杏仁
棘间韧带损伤,腐竹
棘间韧带损伤,田螺
棘间韧带损伤,沙丁鱼
棘突骨折,杏仁
棘突骨折,腐竹
棘突骨折,田螺
棘突骨折,沙丁鱼
棘突滑囊炎,杏仁
棘突滑囊炎,腐竹
棘突滑囊炎,田螺
棘突滑囊炎,沙丁鱼
脊髓蛛网膜炎,白酒
脊髓蛛网膜炎,咸鱼
脊髓蛛网膜炎,咸鸭蛋
脊髓蛛网膜炎,花生仁（炸）
脊髓火器伤,白酒
脊髓火器伤,咸鱼
脊髓火器伤,咸鸭蛋
脊髓火器伤,花生仁（炸）
桡骨干骨折,咸鱼
桡骨干骨折,咸鸭蛋
桡骨干骨折,花生仁（炸）
桡骨干骨折,龙虾
脊髓灰质炎后遗症,杏仁
脊髓灰质炎后遗症,腐竹
脊髓灰质炎后遗症,田螺
脊髓灰质炎后遗症,沙丁鱼
念珠菌病,啤酒
念珠菌病,白酒
念珠菌病,鸡蛋黄
念珠菌病,干腌菜
热带痉挛性轻截瘫,白酒
热带痉挛性轻截瘫,咸鱼
热带痉挛性轻截瘫,咸鸭蛋
热带痉挛性轻截瘫,花生仁（炸）
脊椎骨质增生,白酒
脊椎骨质增生,杏仁
脊椎骨质增生,腐竹
脊椎骨质增生,田螺
念珠状发,啤酒
念珠状发,白酒
念珠状发,鸡蛋黄
念珠状发,干腌菜
脊椎外伤,白酒
脊椎外伤,杏仁
脊椎外伤,腐竹
脊椎外伤,田螺
念珠状红苔藓,啤酒
念珠状红苔藓,白酒
念珠状红苔藓,鸡蛋黄
念珠状红苔藓,干腌菜
夹色伤寒,杏仁
夹色伤寒,腐竹
夹色伤寒,田螺
夹色伤寒,沙丁鱼
鸟枪弹样视网膜脉络膜病变,啤酒
鸟枪弹样视网膜脉络膜病变,白酒
鸟枪弹样视网膜脉络膜病变,鸡蛋黄
鸟枪弹样视网膜脉络膜病变,干腌菜
胸椎椎管狭窄症,白酒
胸椎椎管狭窄症,咸鸭蛋
胸椎椎管狭窄症,白砂糖
胸椎椎管狭窄症,花生仁（炸）
夹阴伤寒,杏仁
夹阴伤寒,腐竹
夹阴伤寒,田螺
夹阴伤寒,沙丁鱼
尿道旁腺癌,啤酒
尿道旁腺癌,白酒
尿道旁腺癌,鸡蛋黄
尿道旁腺癌,干腌菜
眼眶肌炎,啤酒
眼眶肌炎,白酒
眼眶肌炎,咸鸭蛋
眼眶肌炎,鸡蛋黄
间质膀胱炎局限外阴炎和脱屑性阴道炎综合征,杏仁
间质膀胱炎局限外阴炎和脱屑性阴道炎综合征,腐竹
间质膀胱炎局限外阴炎和脱屑性阴道炎综合征,田螺
间质膀胱炎局限外阴炎和脱屑性阴道炎综合征,沙丁鱼
尿道憩室,啤酒
尿道憩室,白酒
尿道憩室,鸡蛋黄
尿道憩室,干腌菜
跖骨头骨软骨病,咸鱼
跖骨头骨软骨病,咸鸭蛋
跖骨头骨软骨病,花生仁（炸）
跖骨头骨软骨病,龙虾
煎厥,杏仁
煎厥,腐竹
煎厥,田螺
煎厥,沙丁鱼
尿道肉阜,啤酒
尿道肉阜,白酒
尿道肉阜,鸡蛋黄
尿道肉阜,干腌菜
闭合性气胸,啤酒
闭合性气胸,白酒
闭合性气胸,咸鸭蛋
闭合性气胸,花生仁（炸）
第1跖趾骨关节炎,杏仁
第1跖趾骨关节炎,腐竹
第1跖趾骨关节炎,田螺
第1跖趾骨关节炎,沙丁鱼
鼻疽,啤酒
鼻疽,白酒
鼻疽,咸鸭蛋
鼻疽,花生仁（炸）
尿毒症性心包炎,啤酒
尿毒症性心包炎,白酒
尿毒症性心包炎,鸡蛋黄
尿毒症性心包炎,干腌菜
交肠,杏仁
交肠,腐竹
交肠,田螺
交肠,沙丁鱼
尿毒症性心肌病,啤酒
尿毒症性心肌病,白酒
尿毒症性心肌病,鸡蛋黄
尿毒症性心肌病,干腌菜
电击伤所致脊髓病,咸鱼
电击伤所致脊髓病,咸鸭蛋
电击伤所致脊髓病,花生仁（炸）
电击伤所致脊髓病,龙虾
椒疮,杏仁
椒疮,腐竹
椒疮,田螺
椒疮,沙丁鱼
尿黑酸尿与褐黄病,啤酒
尿黑酸尿与褐黄病,白酒
尿黑酸尿与褐黄病,鸡蛋黄
尿黑酸尿与褐黄病,干腌菜
喉部钝挫伤,啤酒
喉部钝挫伤,白酒
喉部钝挫伤,咸鸭蛋
喉部钝挫伤,花生仁（炸）
急性失血性贫血,咸鸭蛋
急性失血性贫血,赤砂糖
急性失血性贫血,白砂糖
急性失血性贫血,花生仁（炸）
角膜葡萄肿,杏仁
角膜葡萄肿,腐竹
角膜葡萄肿,田螺
角膜葡萄肿,沙丁鱼
牛痘,啤酒
牛痘,白酒
牛痘,鸡蛋黄
牛痘,干腌菜
节育手术并发症,杏仁
节育手术并发症,腐竹
节育手术并发症,田螺
节育手术并发症,沙丁鱼
血影细胞性青光眼,啤酒
血影细胞性青光眼,白酒
血影细胞性青光眼,咸鸭蛋
血影细胞性青光眼,花生仁（炸）
牛痘样水疱病,咸鱼
牛痘样水疱病,鸡蛋黄
牛痘样水疱病,干腌菜
牛痘样水疱病,羊油
口腔结核性溃疡,白酒
口腔结核性溃疡,杏仁
口腔结核性溃疡,腐竹
口腔结核性溃疡,田螺
电灼伤,啤酒
电灼伤,白酒
电灼伤,咸鸭蛋
电灼伤,花生仁（炸）
农民肺,啤酒
农民肺,白酒
农民肺,干腌菜
农民肺,红葡萄酒
结胸证,杏仁
结胸证,腐竹
结胸证,田螺
结胸证,黄豆粉
热性嗜中性白细胞皮肤病,啤酒
热性嗜中性白细胞皮肤病,咸鱼
热性嗜中性白细胞皮肤病,咸鸭蛋
热性嗜中性白细胞皮肤病,花生仁（炸）
金疮,杏仁
金疮,腐竹
金疮,田螺
金疮,沙丁鱼
农药中毒性肾病,啤酒
农药中毒性肾病,白酒
农药中毒性肾病,鸡蛋黄
农药中毒性肾病,干腌菜
小儿砷中毒,啤酒
小儿砷中毒,白酒
小儿砷中毒,咸鸭蛋
小儿砷中毒,花生仁（炸）
脓毒症和菌血症,田螺
脓毒症和菌血症,干腌菜
脓毒症和菌血症,淡菜(鲜)
脓毒症和菌血症,猪头肉
眼酸碱化学伤,啤酒
眼酸碱化学伤,白酒
眼酸碱化学伤,咸鸭蛋
眼酸碱化学伤,花生仁（炸）
筋痹,杏仁
筋痹,腐竹
筋痹,田螺
筋痹,沙丁鱼
脓疱病,啤酒
脓疱病,白酒
脓疱病,田螺
脓疱病,干腌菜
女性的青春期延迟,啤酒
女性的青春期延迟,白酒
女性的青春期延迟,干腌菜
女性的青春期延迟,虾仁
筋骨懈堕,杏仁
筋骨懈堕,腐竹
筋骨懈堕,田螺
筋骨懈堕,沙丁鱼
急性放射性甲状腺炎,咸鱼
急性放射性甲状腺炎,咸鸭蛋
急性放射性甲状腺炎,花生仁（炸）
急性放射性甲状腺炎,龙虾
女性生殖道多部位原发癌,咸鱼
女性生殖道多部位原发癌,田螺
女性生殖道多部位原发癌,干腌菜
女性生殖道多部位原发癌,虾仁
夏季皮炎,咸鱼
夏季皮炎,咸鸭蛋
夏季皮炎,花生仁（炸）
夏季皮炎,龙虾
女性性早熟,田螺
女性性早熟,干腌菜
女性性早熟,淡菜(鲜)
女性性早熟,猪头肉
筋痿,杏仁
筋痿,腐竹
筋痿,田螺
筋痿,沙丁鱼
长Q-T间期综合征,咸鱼
长Q-T间期综合征,咸鸭蛋
长Q-T间期综合征,花生仁（炸）
长Q-T间期综合征,龙虾
Poncet综合征,啤酒
Poncet综合征,白酒
Poncet综合征,田螺
Poncet综合征,干腌菜
进行性脊肌萎缩症,杏仁
进行性脊肌萎缩症,腐竹
进行性脊肌萎缩症,田螺
进行性脊肌萎缩症,沙丁鱼
恶性黑素瘤,咸鱼
恶性黑素瘤,咸鸭蛋
恶性黑素瘤,花生仁（炸）
恶性黑素瘤,龙虾
PUVA雀斑样痣,啤酒
PUVA雀斑样痣,白酒
PUVA雀斑样痣,田螺
PUVA雀斑样痣,干腌菜
浸淫疮,杏仁
浸淫疮,腐竹
浸淫疮,田螺
浸淫疮,沙丁鱼
腹膜假黏液瘤,咸鱼
腹膜假黏液瘤,田螺
腹膜假黏液瘤,咸鸭蛋
腹膜假黏液瘤,花生仁（炸）
膀胱不发育与发育不全,啤酒
膀胱不发育与发育不全,白酒
膀胱不发育与发育不全,田螺
膀胱不发育与发育不全,干腌菜
噤口痢,杏仁
噤口痢,腐竹
噤口痢,田螺
噤口痢,沙丁鱼
颈部纤维瘤,啤酒
颈部纤维瘤,白酒
颈部纤维瘤,咸鸭蛋
颈部纤维瘤,花生仁（炸）
膀胱结核,啤酒
膀胱结核,白酒
膀胱结核,干腌菜
膀胱结核,花生仁（炸）
经行发热,杏仁
经行发热,腐竹
经行发热,田螺
经行发热,沙丁鱼
膀胱平滑肌瘤,啤酒
膀胱平滑肌瘤,白酒
膀胱平滑肌瘤,干腌菜
膀胱平滑肌瘤,羊油
经行流涎,杏仁
经行流涎,腐竹
经行流涎,田螺
经行流涎,沙丁鱼
膀胱平滑肌肉瘤,啤酒
膀胱平滑肌肉瘤,白酒
膀胱平滑肌肉瘤,鸡肉
膀胱平滑肌肉瘤,干腌菜
卡波西水痘样疹,啤酒
卡波西水痘样疹,白酒
卡波西水痘样疹,咸鸭蛋
卡波西水痘样疹,花生仁（炸）
经行尿感,杏仁
经行尿感,腐竹
经行尿感,田螺
经行尿感,沙丁鱼
膀胱葡萄状肉瘤,田螺
膀胱葡萄状肉瘤,干腌菜
膀胱葡萄状肉瘤,羊油
膀胱葡萄状肉瘤,扇贝(鲜)
经行舌麻,杏仁
经行舌麻,腐竹
经行舌麻,田螺
经行舌麻,沙丁鱼
膀胱憩室,啤酒
膀胱憩室,白酒
膀胱憩室,干腌菜
膀胱憩室,羊油
经行头痛,莲子
经行头痛,田螺
经行头痛,鸭血(白鸭)
经行头痛,绿豆
膀胱上内疝,啤酒
膀胱上内疝,白酒
膀胱上内疝,干腌菜
膀胱上内疝,羊油
经行泄水,莲子
经行泄水,田螺
经行泄水,鸭血(白鸭)
经行泄水,绿豆
膀胱嗜铬细胞瘤,啤酒
膀胱嗜铬细胞瘤,白酒
膀胱嗜铬细胞瘤,干腌菜
惊风,莲子
惊风,田螺
惊风,鸭血(白鸭)
惊风,绿豆
外阴白化病,咸鸭蛋
外阴白化病,花生仁（炸）
外阴白化病,公鸡
外阴白化病,鹅
膀胱输尿管反流,田螺
膀胱输尿管反流,干腌菜
膀胱输尿管反流,羊油
膀胱输尿管反流,虾仁
精瘀证,莲子
精瘀证,田螺
精瘀证,鸭血(白鸭)
精瘀证,绿豆
膀胱与尿道结石,干腌菜
膀胱与尿道结石,黑豆
膀胱与尿道结石,青豆
膀胱与尿道结石,豆腐
α1-抗胰蛋白酶缺乏性脂膜炎,咸鱼
α1-抗胰蛋白酶缺乏性脂膜炎,咸鸭蛋
α1-抗胰蛋白酶缺乏性脂膜炎,花生仁（炸）
α1-抗胰蛋白酶缺乏性脂膜炎,龙虾
精子增多症,莲子
精子增多症,田螺
精子增多症,鸭血(白鸭)
精子增多症,绿豆
痉病,莲子
痉病,田螺
痉病,鸭血(白鸭)
痉病,绿豆
贲门黏膜撕裂综合征,啤酒
贲门黏膜撕裂综合征,白酒
贲门黏膜撕裂综合征,干腌菜
贲门黏膜撕裂综合征,羊油
迪厄拉富瓦病,咸鱼
迪厄拉富瓦病,咸鸭蛋
迪厄拉富瓦病,花生仁（炸）
迪厄拉富瓦病,龙虾
久疟,莲子
久疟,田螺
久疟,鸭血(白鸭)
久疟,绿豆
脯肽酶缺乏症,啤酒
脯肽酶缺乏症,白酒
脯肽酶缺乏症,干腌菜
单纯性外阴阴道念珠菌病,螃蟹
单纯性外阴阴道念珠菌病,咸鱼
单纯性外阴阴道念珠菌病,咸鸭蛋
单纯性外阴阴道念珠菌病,花生仁（炸）
久泄,田螺
久泄,沙丁鱼
久泄,鸭血(白鸭)
久泄,绿豆
盘尾丝虫病,啤酒
盘尾丝虫病,白酒
盘尾丝虫病,干腌菜
盘尾丝虫病,羊油
宫颈复发癌,咸鱼
宫颈复发癌,咸鸭蛋
宫颈复发癌,花生仁（炸）
宫颈复发癌,龙虾
疱疹样皮炎,田螺
疱疹样皮炎,干腌菜
疱疹样皮炎,淡菜(鲜)
疱疹样皮炎,羊油
酒胀,田螺
酒胀,沙丁鱼
酒胀,鸭血(白鸭)
酒胀,绿豆
盆底腹膜疝,啤酒
盆底腹膜疝,白酒
盆底腹膜疝,鸡蛋黄
盆底腹膜疝,干腌菜
聚星障,田螺
聚星障,沙丁鱼
聚星障,鸭血(白鸭)
聚星障,绿豆
宫颈腺癌,白酒
宫颈腺癌,咸鸭蛋
宫颈腺癌,黄酒
宫颈腺癌,花生仁（炸）
盆腔脓肿,啤酒
盆腔脓肿,白酒
盆腔脓肿,干腌菜
盆腔脓肿,羊油
厥脱,田螺
厥脱,沙丁鱼
厥脱,鸭血(白鸭)
厥脱,绿豆
皮肤B细胞淋巴样结节型增生,啤酒
皮肤B细胞淋巴样结节型增生,白酒
皮肤B细胞淋巴样结节型增生,干腌菜
皮肤B细胞淋巴样结节型增生,羊油
厥阴头痛,田螺
厥阴头痛,沙丁鱼
厥阴头痛,鸭血(白鸭)
厥阴头痛,绿豆
皮肤T细胞淋巴样增生,啤酒
皮肤T细胞淋巴样增生,白酒
皮肤T细胞淋巴样增生,干腌菜
厥证,田螺
厥证,沙丁鱼
厥证,鸭血(白鸭)
厥证,绿豆
皲裂疮,田螺
皲裂疮,沙丁鱼
皲裂疮,鸭血(白鸭)
皲裂疮,绿豆
急性共同性斜视,白酒
急性共同性斜视,咸鸭蛋
急性共同性斜视,黄酒
急性共同性斜视,花生仁（炸）
皮肤白细胞破碎性血管炎,啤酒
皮肤白细胞破碎性血管炎,白酒
皮肤白细胞破碎性血管炎,干腌菜
皮肤白细胞破碎性血管炎,虾仁
皮肤白血病,啤酒
皮肤白血病,白酒
皮肤白血病,干腌菜
皮肤白血病,虾仁
考后综合症,田螺
考后综合症,沙丁鱼
考后综合症,鸭血(白鸭)
考后综合症,绿豆
老年性紫癜,螃蟹
老年性紫癜,咸鱼
老年性紫癜,咸鸭蛋
老年性紫癜,花生仁（炸）
盆腔炎性肿块,白酒
盆腔炎性肿块,咸鸭蛋
盆腔炎性肿块,黄酒
盆腔炎性肿块,花生仁（炸）
皮肤穿入性毛囊和毛囊周角化病,啤酒
皮肤穿入性毛囊和毛囊周角化病,白酒
皮肤穿入性毛囊和毛囊周角化病,干腌菜
皮肤穿入性毛囊和毛囊周角化病,羊油
口糜,田螺
口糜,沙丁鱼
口糜,鸭血(白鸭)
口糜,绿豆
盆腔结缔组织炎,白酒
盆腔结缔组织炎,咸鸭蛋
盆腔结缔组织炎,黄酒
盆腔结缔组织炎,花生仁（炸）
皮肤恶性黑色素瘤,啤酒
皮肤恶性黑色素瘤,白酒
皮肤恶性黑色素瘤,干腌菜
皮肤恶性黑色素瘤,羊油
口腔粘膜病,海虾
口腔粘膜病,河蚌
口腔粘膜病,淡菜(鲜)
口腔粘膜病,蛏子
口腔粘膜黑棘皮病,田螺
口腔粘膜黑棘皮病,沙丁鱼
口腔粘膜黑棘皮病,鸭血(白鸭)
口腔粘膜黑棘皮病,绿豆
皮肤发育不良,啤酒
皮肤发育不良,白酒
皮肤发育不良,田螺
皮肤发育不良,干腌菜
口周湿疹,田螺
口周湿疹,沙丁鱼
口周湿疹,鸭血(白鸭)
口周湿疹,绿豆
苦夏,栗子（熟）
苦夏,田螺
苦夏,葵花子仁
苦夏,花生仁（炸）
胎死宫内,啤酒
胎死宫内,白酒
胎死宫内,咸鸭蛋
胎死宫内,花生仁（炸）
狂病,田螺
狂病,沙丁鱼
狂病,鸭血(白鸭)
狂病,绿豆
痨瘵,田螺
痨瘵,沙丁鱼
痨瘵,鸭血(白鸭)
痨瘵,绿豆
老年人原发性恶性高血压引起的恶性小动脉肾,田螺
老年人原发性恶性高血压引起的恶性小动脉肾,沙丁鱼
老年人原发性恶性高血压引起的恶性小动脉肾,鸭血(白鸭)
老年人原发性恶性高血压引起的恶性小动脉肾,绿豆
雷头风,田螺
雷头风,沙丁鱼
雷头风,鸭血(白鸭)
雷头风,绿豆
外阴-阴道-牙龈综合征,咸鱼
外阴-阴道-牙龈综合征,田螺
外阴-阴道-牙龈综合征,咸鸭蛋
外阴-阴道-牙龈综合征,花生仁（炸）
肋间神经痛,田螺
肋间神经痛,沙丁鱼
肋间神经痛,鸭血(白鸭)
肋间神经痛,绿豆
先天性无转铁蛋白血症,咸鱼
先天性无转铁蛋白血症,田螺
先天性无转铁蛋白血症,咸鸭蛋
先天性无转铁蛋白血症,花生仁（炸）
月经过多,啤酒
月经过多,白酒
月经过多,咸鸭蛋
月经过多,赤砂糖
离位皮炎,田螺
离位皮炎,沙丁鱼
离位皮炎,鸭血(白鸭)
离位皮炎,绿豆
臁疮,田螺
臁疮,沙丁鱼
臁疮,鸭血(白鸭)
臁疮,绿豆
多胎妊娠,啤酒
多胎妊娠,咸鱼
多胎妊娠,咸鸭蛋
多胎妊娠,花生仁（炸）
凉燥,田螺
凉燥,沙丁鱼
凉燥,鸭血(白鸭)
凉燥,绿豆
皮下裂头蚴病,田螺
皮下裂头蚴病,沙丁鱼
皮下裂头蚴病,鸭血(白鸭)
皮下裂头蚴病,绿豆
淋证,田螺
淋证,沙丁鱼
淋证,鸭血(白鸭)
淋证,绿豆
流痰,田螺
流痰,沙丁鱼
流痰,鸭血(白鸭)
流痰,绿豆
流注,田螺
流注,沙丁鱼
流注,鸭血(白鸭)
流注,绿豆
六瘤,田螺
六瘤,沙丁鱼
六瘤,鸭血(白鸭)
六瘤,绿豆
皮肤松垂,白酒
皮肤松垂,田螺
皮肤松垂,干腌菜
皮肤松垂,淡菜(鲜)
流感病毒肺炎,白酒
流感病毒肺炎,咸鸭蛋
流感病毒肺炎,花生仁（炸）
流感病毒肺炎,青豆
癃闭,鸡蛋
癃闭,鹌鹑蛋
癃闭,咸鸭蛋
癃闭,鸭肝
偻附,鸡蛋
偻附,鹌鹑蛋
偻附,咸鸭蛋
偻附,鸭肝
肠瘘,咸鱼
肠瘘,咸鸭蛋
肠瘘,花生仁（炸）
肠瘘,红葡萄酒
颅脑先天畸形,鸡蛋
颅脑先天畸形,鹌鹑蛋
颅脑先天畸形,咸鸭蛋
颅脑先天畸形,鸭肝
挛痹,鸡肝
挛痹,咸鸭蛋
挛痹,鸭肝
挛痹,鸡血
楚尔盖分枝杆菌感染,啤酒
楚尔盖分枝杆菌感染,白酒
楚尔盖分枝杆菌感染,咸鸭蛋
楚尔盖分枝杆菌感染,花生仁（炸）
瘰疬,鸡蛋
瘰疬,鹌鹑蛋
瘰疬,咸鸭蛋
瘰疬,鸭肝
维生素B1缺乏症,啤酒
维生素B1缺乏症,白酒
维生素B1缺乏症,咸鸭蛋
维生素B1缺乏症,花生仁（炸）
马牙,鸡肝
马牙,咸鸭蛋
马牙,银鱼
马牙,鸡血
蚂蚁叮咬,鸡肝
蚂蚁叮咬,咸鸭蛋
蚂蚁叮咬,银鱼
蚂蚁叮咬,鸡血
皮肤子宫内膜异位症,啤酒
皮肤子宫内膜异位症,白酒
皮肤子宫内膜异位症,田螺
皮肤子宫内膜异位症,干腌菜
瘢痕性脱发,咸鱼
瘢痕性脱发,咸鸭蛋
瘢痕性脱发,花生仁（炸）
瘢痕性脱发,龙虾
脉痹,鸡肝
脉痹,咸鸭蛋
脉痹,银鱼
脉痹,鸡血
表皮内嗜中性IgA皮肤病,咸鱼
表皮内嗜中性IgA皮肤病,咸鸭蛋
表皮内嗜中性IgA皮肤病,花生仁（炸）
表皮内嗜中性IgA皮肤病,龙虾
脉痿,鸡肝
脉痿,咸鸭蛋
脉痿,银鱼
脉痿,鸡血
包茎,咸鱼
包茎,咸鸭蛋
包茎,花生仁（炸）
包茎,龙虾
脉溢,鸡肝
脉溢,咸鸭蛋
脉溢,银鱼
脉溢,鸡血
纯红细胞再生障碍,咸鱼
纯红细胞再生障碍,咸鸭蛋
纯红细胞再生障碍,花生仁（炸）
纯红细胞再生障碍,龙虾
慢惊风,鸡肝
慢惊风,咸鸭蛋
慢惊风,银鱼
慢惊风,鸡血
皮下脂肪肉芽肿,啤酒
皮下脂肪肉芽肿,白酒
皮下脂肪肉芽肿,田螺
皮下脂肪肉芽肿,干腌菜
蚕食性角膜溃疡,咸鱼
蚕食性角膜溃疡,咸鸭蛋
蚕食性角膜溃疡,花生仁（炸）
蚕食性角膜溃疡,龙虾
慢脾风,鸡肝
慢脾风,咸鸭蛋
慢脾风,银鱼
慢脾风,鸡血
皮下脂膜炎性T细胞淋巴瘤,啤酒
皮下脂膜炎性T细胞淋巴瘤,白酒
皮下脂膜炎性T细胞淋巴瘤,干腌菜
皮下脂膜炎性T细胞淋巴瘤,羊油
低增生性急性白血病,咸鱼
低增生性急性白血病,咸鸭蛋
低增生性急性白血病,花生仁（炸）
低增生性急性白血病,龙虾
慢性肝炎,鸡肝
慢性肝炎,咸鸭蛋
慢性肝炎,干腌菜
慢性肝炎,鸡血
单纯疱疹性脑炎,咸鱼
单纯疱疹性脑炎,咸鸭蛋
单纯疱疹性脑炎,花生仁（炸）
单纯疱疹性脑炎,龙虾
皮样表皮样囊肿,啤酒
皮样表皮样囊肿,白酒
皮样表皮样囊肿,田螺
皮样表皮样囊肿,干腌菜
皮脂缺乏症,啤酒
皮脂缺乏症,白酒
皮脂缺乏症,田螺
皮脂缺乏症,干腌菜
慢性咳嗽,鸡肝
慢性咳嗽,咸鸭蛋
慢性咳嗽,银鱼
慢性咳嗽,鸡血
化脓性食管炎,啤酒
化脓性食管炎,白酒
化脓性食管炎,咸鸭蛋
化脓性食管炎,花生仁（炸）
慢性疲劳综合症,啤酒
慢性疲劳综合症,鸡肝
慢性疲劳综合症,咸鸭蛋
慢性疲劳综合症,鸡血
急性腰背部扭伤,咸鱼
急性腰背部扭伤,咸鸭蛋
急性腰背部扭伤,花生仁（炸）
急性腰背部扭伤,龙虾
瞀瘛,鸡肝
瞀瘛,咸鸭蛋
瞀瘛,羊油
瞀瘛,鸡血
猛兽伤,鸡肝
猛兽伤,咸鸭蛋
猛兽伤,银鱼
猛兽伤,鸡血
面游风,鸡肝
面游风,咸鸭蛋
面游风,银鱼
面游风,鸡血
明癣,鸡肝
明癣,咸鸭蛋
明癣,银鱼
明癣,鸡血
目病,鸡肝
目病,咸鸭蛋
目病,银鱼
目病,鸡血
内热,鹿肉
内热,田螺
内热,沙丁鱼
内热,三文鱼
内伤发热,鹿肉
内伤发热,田螺
内伤发热,沙丁鱼
内伤发热,三文鱼
阿米巴结肠炎,咸鱼
阿米巴结肠炎,咸鸭蛋
阿米巴结肠炎,花生仁（炸）
阿米巴结肠炎,龙虾
奶麻,鹿肉
奶麻,田螺
奶麻,沙丁鱼
奶麻,三文鱼
男科外伤,鹿肉
男科外伤,田螺
男科外伤,沙丁鱼
男科外伤,三文鱼
囊痈,啤酒
囊痈,鹿肉
囊痈,鸡肉
囊痈,蟹黄
脑胶质瘤,杏仁
脑胶质瘤,田螺
脑胶质瘤,沙丁鱼
脑胶质瘤,虾皮
脑痨,杏仁
脑痨,田螺
脑痨,沙丁鱼
脑痨,虾皮
脑鸣,杏仁
脑鸣,虾皮
脑鸣,羊油
脑鸣,虾米
平底足,赤砂糖
平底足,干腌菜
平底足,冰糖
脑萎,杏仁
脑萎,田螺
脑萎,沙丁鱼
脑萎,虾皮
平滑肌肉瘤,啤酒
平滑肌肉瘤,白酒
平滑肌肉瘤,干腌菜
平滑肌肉瘤,羊油
尿毒症昏迷,海虾
尿毒症昏迷,田螺
尿毒症昏迷,沙丁鱼
尿毒症昏迷,三文鱼
尿精,啤酒
尿精,田螺
尿精,沙丁鱼
尿精,鱿鱼(鲜)
先天性膀胱颈挛缩,啤酒
先天性膀胱颈挛缩,白酒
先天性膀胱颈挛缩,田螺
先天性膀胱颈挛缩,干腌菜
颞骨和下颔骨关节异常,松子仁
颞骨和下颔骨关节异常,田螺
颞骨和下颔骨关节异常,虾皮
颞骨和下颔骨关节异常,小龙虾
阿-斯综合征,油豆腐
阿-斯综合征,咸鸭蛋
阿-斯综合征,油皮
阿-斯综合征,花生仁（炸）
脓包疮,松子仁
脓包疮,田螺
脓包疮,虾皮
脓包疮,小龙虾
真菌性尿路感染,啤酒
真菌性尿路感染,白酒
真菌性尿路感染,咸鸭蛋
真菌性尿路感染,花生仁（炸）
脓窠疮,松子仁
脓窠疮,田螺
脓窠疮,虾皮
脓窠疮,小龙虾
漆所致皮肤病,啤酒
漆所致皮肤病,白酒
漆所致皮肤病,干腌菜
女劳疸,松子仁
女劳疸,田螺
女劳疸,虾皮
女劳疸,小龙虾
其他病毒肺炎,啤酒
其他病毒肺炎,白酒
其他病毒肺炎,田螺
其他病毒肺炎,干腌菜
女子梦交,松子仁
女子梦交,田螺
女子梦交,沙丁鱼
女子梦交,虾皮
其他弧菌感染,啤酒
其他弧菌感染,白酒
其他弧菌感染,干腌菜
膀胱咳,松子仁
膀胱咳,田螺
膀胱咳,虾皮
膀胱咳,小龙虾
其他沙门菌感染,啤酒
其他沙门菌感染,白酒
其他沙门菌感染,田螺
其他沙门菌感染,干腌菜
脐部脐肠系膜管息肉,啤酒
脐部脐肠系膜管息肉,白酒
脐部脐肠系膜管息肉,干腌菜
脐部脐肠系膜管息肉,母鸡
脐尿管囊肿,啤酒
脐尿管囊肿,白酒
脐尿管囊肿,田螺
脐尿管囊肿,干腌菜
膀胱气痛,松子仁
膀胱气痛,田螺
膀胱气痛,虾皮
膀胱气痛,小龙虾
脐疝,啤酒
脐疝,白酒
脐疝,干腌菜
脐疝,绿豆
盆腔炎症性不孕症,松子仁
盆腔炎症性不孕症,田螺
盆腔炎症性不孕症,虾皮
盆腔炎症性不孕症,小龙虾
脐炎,啤酒
脐炎,白酒
脐炎,干腌菜
脐炎,羊油
皮痹,松子仁
皮痹,田螺
皮痹,虾皮
皮痹,小龙虾
慢性腰背痛,白酒
慢性腰背痛,咸鱼
慢性腰背痛,咸鸭蛋
慢性腰背痛,花生仁（炸）
起搏器综合征,啤酒
起搏器综合征,白酒
起搏器综合征,干腌菜
起搏器综合征,羊油
皮肤病,海虾
皮肤病,田螺
皮肤病,沙丁鱼
皮肤病,三文鱼
气单胞菌肺炎,啤酒
气单胞菌肺炎,白酒
气单胞菌肺炎,干腌菜
气单胞菌肺炎,羊油
脾疳,海虾
脾疳,田螺
脾疳,沙丁鱼
脾疳,三文鱼
气管梗阻,啤酒
气管梗阻,白酒
气管梗阻,田螺
气管梗阻,干腌菜
脾劳,海虾
脾劳,田螺
脾劳,沙丁鱼
脾劳,三文鱼
气管前间隙感染,啤酒
气管前间隙感染,白酒
气管前间隙感染,干腌菜
气管前间隙感染,羊油
脾水,海虾
脾水,田螺
脾水,沙丁鱼
脾水,三文鱼
先天性长结肠,咸鱼
先天性长结肠,咸鸭蛋
先天性长结肠,花生仁（炸）
先天性长结肠,龙虾
脾虚泄泻,海虾
脾虚泄泻,田螺
脾虚泄泻,沙丁鱼
脾虚泄泻,三文鱼
气性膀胱炎,啤酒
气性膀胱炎,白酒
气性膀胱炎,干腌菜
气性膀胱炎,羊油
脾约,海虾
脾约,田螺
脾约,沙丁鱼
脾约,三文鱼
髂骨取骨后盆侧腹壁疝,啤酒
髂骨取骨后盆侧腹壁疝,白酒
髂骨取骨后盆侧腹壁疝,咸鱼
髂骨取骨后盆侧腹壁疝,干腌菜
痞满,海虾
痞满,田螺
痞满,沙丁鱼
痞满,三文鱼
痞气,海虾
痞气,田螺
痞气,沙丁鱼
痞气,三文鱼
变应性皮肤结节性血管炎,白酒
变应性皮肤结节性血管炎,咸鱼
变应性皮肤结节性血管炎,咸鸭蛋
变应性皮肤结节性血管炎,花生仁（炸）
睥翻粘睑,海虾
睥翻粘睑,田螺
睥翻粘睑,沙丁鱼
睥翻粘睑,三文鱼
千足虫灼伤,啤酒
千足虫灼伤,白酒
千足虫灼伤,田螺
千足虫灼伤,干腌菜
前臂动脉损伤,啤酒
前臂动脉损伤,白酒
前臂动脉损伤,鸡肉
前臂动脉损伤,干腌菜
偏沮,海虾
偏沮,田螺
偏沮,沙丁鱼
偏沮,三文鱼
前列腺囊肿,啤酒
前列腺囊肿,白酒
前列腺囊肿,田螺
前列腺囊肿,干腌菜
口角炎,白酒
口角炎,咸鱼
口角炎,咸鸭蛋
口角炎,花生仁（炸）
气腹痛,海虾
气腹痛,田螺
气腹痛,沙丁鱼
气腹痛,三文鱼
前列腺脓肿,啤酒
前列腺脓肿,白酒
前列腺脓肿,干腌菜
前列腺脓肿,羊油
气臌,海虾
气臌,田螺
气臌,沙丁鱼
气臌,三文鱼
前列腺肉瘤,啤酒
前列腺肉瘤,白酒
前列腺肉瘤,干腌菜
前列腺肉瘤,松花蛋（鸭蛋）
气痢,田螺
气痢,沙丁鱼
气痢,绿豆
气痢,三文鱼
前十字韧带损伤,啤酒
前十字韧带损伤,白酒
前十字韧带损伤,咸鱼
前十字韧带损伤,干腌菜
气瘤,海虾
气瘤,田螺
气瘤,沙丁鱼
气瘤,三文鱼
前庭大腺癌,啤酒
前庭大腺癌,白酒
前庭大腺癌,干腌菜
前庭大腺癌,羊油
前庭大腺囊肿,啤酒
前庭大腺囊肿,白酒
前庭大腺囊肿,干腌菜
前庭大腺囊肿,羊油
气秘,海虾
气秘,田螺
气秘,沙丁鱼
气秘,三文鱼
前纵韧带骨化症,田螺
前纵韧带骨化症,干腌菜
前纵韧带骨化症,淡菜(鲜)
前纵韧带骨化症,猪脑
气疝,海虾
气疝,田螺
气疝,沙丁鱼
气疝,三文鱼
气虚眩晕,海虾
气虚眩晕,田螺
气虚眩晕,沙丁鱼
气虚眩晕,三文鱼
气瘿,海虾
气瘿,田螺
气瘿,沙丁鱼
气瘿,三文鱼
钱币状湿疹,啤酒
钱币状湿疹,白酒
钱币状湿疹,淡菜(鲜)
钱币状湿疹,猪脑
气胀,海虾
气胀,田螺
气胀,沙丁鱼
气胀,三文鱼
淤积性皮炎,啤酒
淤积性皮炎,白酒
淤积性皮炎,咸鸭蛋
淤积性皮炎,花生仁（炸）
钱币状掌跖角化病,啤酒
钱币状掌跖角化病,白酒
钱币状掌跖角化病,淡菜(鲜)
钱币状掌跖角化病,猪脑
憩室病,海虾
憩室病,田螺
憩室病,沙丁鱼
憩室病,三文鱼
埃利希体病,啤酒
埃利希体病,白酒
埃利希体病,咸鸭蛋
埃利希体病,花生仁（炸）
浅部急性淋巴结炎和淋巴管炎,啤酒
浅部急性淋巴结炎和淋巴管炎,白酒
浅部急性淋巴结炎和淋巴管炎,淡菜(鲜)
浅部急性淋巴结炎和淋巴管炎,猪脑
嵌顿性腹股沟斜疝,啤酒
嵌顿性腹股沟斜疝,白酒
嵌顿性腹股沟斜疝,淡菜(鲜)
嵌顿性腹股沟斜疝,猪脑
嵌顿包茎,海虾
嵌顿包茎,田螺
嵌顿包茎,沙丁鱼
嵌顿包茎,三文鱼
布氏杆菌红斑,啤酒
布氏杆菌红斑,白酒
布氏杆菌红斑,咸鸭蛋
布氏杆菌红斑,花生仁（炸）
腔隙性脑梗死,啤酒
腔隙性脑梗死,白酒
腔隙性脑梗死,鸭肝
腔隙性脑梗死,虾皮
情感性交叉擦腿症,海虾
情感性交叉擦腿症,田螺
情感性交叉擦腿症,沙丁鱼
情感性交叉擦腿症,三文鱼
强直性脊柱炎性巩膜炎,啤酒
强直性脊柱炎性巩膜炎,白酒
强直性脊柱炎性巩膜炎,黄酒
强直性脊柱炎性巩膜炎,江米酒
秋燥,海虾
秋燥,田螺
秋燥,沙丁鱼
秋燥,三文鱼
侵袭性婴儿纤维瘤病,啤酒
侵袭性婴儿纤维瘤病,白酒
侵袭性婴儿纤维瘤病,淡菜(鲜)
侵袭性婴儿纤维瘤病,江米酒
胞内分枝杆菌感染,啤酒
胞内分枝杆菌感染,白酒
胞内分枝杆菌感染,咸鸭蛋
胞内分枝杆菌感染,花生仁（炸）
癔病性昏厥,海虾
癔病性昏厥,田螺
癔病性昏厥,沙丁鱼
癔病性昏厥,三文鱼
热痹,海虾
热痹,田螺
热痹,沙丁鱼
热痹,三文鱼
热毒冲心,海虾
热毒冲心,田螺
热毒冲心,沙丁鱼
热毒冲心,三文鱼
青春期发育迟缓,啤酒
青春期发育迟缓,白酒
青春期发育迟缓,淡菜(鲜)
青春期发育迟缓,江米酒
单纯性雀斑样痣,咸鱼
单纯性雀斑样痣,咸鸭蛋
单纯性雀斑样痣,花生仁（炸）
单纯性雀斑样痣,鱼肉
青春期功能失调性子宫出血,啤酒
青春期功能失调性子宫出血,白酒
青春期功能失调性子宫出血,淡菜(鲜)
青春期功能失调性子宫出血,江米酒
热汗,海虾
热汗,田螺
热汗,沙丁鱼
热汗,三文鱼
带状疱疹病毒性巩膜炎,白酒
带状疱疹病毒性巩膜炎,咸鸭蛋
带状疱疹病毒性巩膜炎,羊油
带状疱疹病毒性巩膜炎,花生仁（炸）
青春期功能失调性子宫出血病,啤酒
青春期功能失调性子宫出血病,白酒
青春期功能失调性子宫出血病,淡菜(鲜)
青春期功能失调性子宫出血病,江米酒
热咳,辣椒(红、尖、干)
热咳,狗肉
热咳,油条
热咳,田螺
等孢球虫病,咸鸭蛋
等孢球虫病,花生仁（炸）
等孢球虫病,花生（炒）
等孢球虫病,花生仁（炒）
热秘,海虾
热秘,田螺
热秘,沙丁鱼
热秘,三文鱼
热入血室,海虾
热入血室,田螺
热入血室,沙丁鱼
热入血室,三文鱼
单纯疱疹病毒性巩膜炎,咸鱼
单纯疱疹病毒性巩膜炎,咸鸭蛋
单纯疱疹病毒性巩膜炎,花生仁（炸）
单纯疱疹病毒性巩膜炎,花生（炒）
青年人中的成年发病型糖尿病,啤酒
青年人中的成年发病型糖尿病,白酒
青年人中的成年发病型糖尿病,腐竹
青年人中的成年发病型糖尿病,江米酒
热伤风,海虾
热伤风,田螺
热伤风,沙丁鱼
热伤风,三文鱼
青年上肢远端肌萎缩,啤酒
青年上肢远端肌萎缩,白酒
青年上肢远端肌萎缩,淡菜(鲜)
青年上肢远端肌萎缩,江米酒
热射病,海虾
热射病,田螺
热射病,沙丁鱼
热射病,三文鱼
青年心肌梗死,啤酒
青年心肌梗死,白酒
青年心肌梗死,淡菜(鲜)
青年心肌梗死,江米酒
热哮,海虾
热哮,田螺
热哮,沙丁鱼
热哮,三文鱼
青年性驼背,啤酒
青年性驼背,白酒
青年性驼背,淡菜(鲜)
青年性驼背,江米酒
热中,海虾
热中,田螺
热中,沙丁鱼
热中,三文鱼
青少年及小儿卵巢肿瘤,啤酒
青少年及小儿卵巢肿瘤,白酒
青少年及小儿卵巢肿瘤,黄酒
青少年及小儿卵巢肿瘤,江米酒
妊娠恶阻,海虾
妊娠恶阻,田螺
妊娠恶阻,沙丁鱼
妊娠恶阻,三文鱼
青少年及小儿阴道肉瘤,啤酒
青少年及小儿阴道肉瘤,白酒
青少年及小儿阴道肉瘤,淡菜(鲜)
青少年及小儿阴道肉瘤,江米酒
妊娠热病,海虾
妊娠热病,田螺
妊娠热病,沙丁鱼
妊娠热病,三文鱼
阿尔茨海默病性痴呆,咸鸭蛋
阿尔茨海默病性痴呆,干腌菜
阿尔茨海默病性痴呆,花生仁（炸）
阿尔茨海默病性痴呆,花生（炒）
青少年及小儿阴道透明细胞癌,啤酒
青少年及小儿阴道透明细胞癌,白酒
青少年及小儿阴道透明细胞癌,淡菜(鲜)
青少年及小儿阴道透明细胞癌,江米酒
肉痹,海虾
肉痹,田螺
肉痹,沙丁鱼
肉痹,三文鱼
类鼻疽杆菌肺炎,咸鱼
类鼻疽杆菌肺炎,咸鸭蛋
类鼻疽杆菌肺炎,花生仁（炸）
类鼻疽杆菌肺炎,花生（炒）
青少年及小儿子宫颈癌,啤酒
青少年及小儿子宫颈癌,白酒
青少年及小儿子宫颈癌,黄酒
青少年及小儿子宫颈癌,江米酒
肉痉,海虾
肉痉,田螺
肉痉,沙丁鱼
肉痉,三文鱼
丘疹性荨麻疹,啤酒
丘疹性荨麻疹,白酒
丘疹性荨麻疹,江米酒
丘疹性荨麻疹,公鸡
肉瘿,海虾
肉瘿,田螺
肉瘿,沙丁鱼
肉瘿,三文鱼
乳发,海虾
乳发,田螺
乳发,沙丁鱼
乳发,三文鱼
性功能异常伴发的精神障碍,莲子
性功能异常伴发的精神障碍,咸鱼
性功能异常伴发的精神障碍,咸鸭蛋
性功能异常伴发的精神障碍,花生仁（炸）
丘疹性血管增生,啤酒
丘疹性血管增生,白酒
丘疹性血管增生,淡菜(鲜)
丘疹性血管增生,江米酒
丘疹紫癜性手套和短袜样综合征,啤酒
丘疹紫癜性手套和短袜样综合征,白酒
丘疹紫癜性手套和短袜样综合征,淡菜(鲜)
丘疹紫癜性手套和短袜样综合征,江米酒
乳泣,海虾
乳泣,田螺
乳泣,沙丁鱼
乳泣,三文鱼
曲霉病,啤酒
曲霉病,白酒
曲霉病,淡菜(鲜)
曲霉病,江米酒
蓐劳,海虾
蓐劳,田螺
蓐劳,沙丁鱼
蓐劳,三文鱼
躯体感染伴发的精神障碍,啤酒
躯体感染伴发的精神障碍,白酒
躯体感染伴发的精神障碍,淡菜(鲜)
躯体感染伴发的精神障碍,江米酒
鼠疫耶尔森菌肺炎,莲子
鼠疫耶尔森菌肺炎,咸鱼
鼠疫耶尔森菌肺炎,咸鸭蛋
鼠疫耶尔森菌肺炎,花生仁（炸）
三痹,海虾
三痹,田螺
三痹,沙丁鱼
三痹,三文鱼
全身性发疹性组织细胞增生症,啤酒
全身性发疹性组织细胞增生症,白酒
全身性发疹性组织细胞增生症,淡菜(鲜)
全身性发疹性组织细胞增生症,江米酒
全身脂肪代谢障碍,啤酒
全身脂肪代谢障碍,白酒
全身脂肪代谢障碍,淡菜(鲜)
全身脂肪代谢障碍,江米酒
三焦咳,螃蟹
三焦咳,田螺
三焦咳,沙丁鱼
三焦咳,三文鱼
缺血性多形性室性心动过速,啤酒
缺血性多形性室性心动过速,白酒
缺血性多形性室性心动过速,淡菜(鲜)
缺血性多形性室性心动过速,江米酒
色厥色脱,田螺
色厥色脱,沙丁鱼
色厥色脱,干腌菜
色厥色脱,三文鱼
Reis-Bucklers角膜营养不良,啤酒
Reis-Bucklers角膜营养不良,白酒
Reis-Bucklers角膜营养不良,黄酒
Reis-Bucklers角膜营养不良,江米酒
色素斑,海虾
色素斑,田螺
色素斑,沙丁鱼
色素斑,三文鱼
Rh血型不合溶血病,啤酒
Rh血型不合溶血病,白酒
Rh血型不合溶血病,淡菜(鲜)
Rh血型不合溶血病,猪脑
结核性心包炎,莲子
结核性心包炎,咸鱼
结核性心包炎,咸鸭蛋
结核性心包炎,花生仁（炸）
色欲伤,田螺
色欲伤,沙丁鱼
色欲伤,干腌菜
色欲伤,三文鱼
痧气,海虾
痧气,田螺
痧气,沙丁鱼
痧气,三文鱼
染色体异常,啤酒
染色体异常,白酒
染色体异常,淡菜(鲜)
染色体异常,猪脑
旋前圆肌综合征,莲子
旋前圆肌综合征,咸鱼
旋前圆肌综合征,咸鸭蛋
旋前圆肌综合征,花生仁（炸）
痧子,田螺
痧子,沙丁鱼
痧子,干腌菜
痧子,三文鱼
染色体异常伴发的精神障碍,啤酒
染色体异常伴发的精神障碍,白酒
染色体异常伴发的精神障碍,淡菜(鲜)
染色体异常伴发的精神障碍,猪脑
伤风,海虾
伤风,啤酒
伤风,田螺
伤风,河蚌
桡骨茎突骨折,啤酒
桡骨茎突骨折,白酒
桡骨茎突骨折,淡菜(鲜)
桡骨茎突骨折,猪脑
光化性角化病,莲子
光化性角化病,咸鱼
光化性角化病,咸鸭蛋
光化性角化病,花生仁（炸）
桡骨头骨折,啤酒
桡骨头骨折,白酒
桡骨头骨折,淡菜(鲜)
桡骨头骨折,猪脑
桡管综合征,啤酒
桡管综合征,白酒
桡管综合征,淡菜(鲜)
桡管综合征,猪脑
分离性垂直偏斜,莲子
分离性垂直偏斜,咸鱼
分离性垂直偏斜,咸鸭蛋
分离性垂直偏斜,花生仁（炸）
芽生菌病样脓皮病,莲子
芽生菌病样脓皮病,咸鱼
芽生菌病样脓皮病,咸鸭蛋
芽生菌病样脓皮病,花生仁（炸）
热带性口炎性腹泻,啤酒
热带性口炎性腹泻,白酒
热带性口炎性腹泻,淡菜(鲜)
热带性口炎性腹泻,猪脑
多形性脂肪瘤,莲子
多形性脂肪瘤,咸鱼
多形性脂肪瘤,咸鸭蛋
多形性脂肪瘤,花生仁（炸）
肾精亏虚,杏仁
肾精亏虚,核桃
肾精亏虚,松子仁
肾精亏虚,鸡肉
斑疹伤寒立克次体肺炎,咸鱼
斑疹伤寒立克次体肺炎,咸鸭蛋
斑疹伤寒立克次体肺炎,花生仁（炸）
斑疹伤寒立克次体肺炎,龙虾
肾气不固,海虾
肾气不固,带鱼
肾气不固,沙丁鱼
肾气不固,三文鱼
隐翅虫皮炎,咸鱼
隐翅虫皮炎,咸鸭蛋
隐翅虫皮炎,花生仁（炸）
隐翅虫皮炎,龙虾
肾虚耳鸣,白酒
肾虚耳鸣,田螺
肾虚耳鸣,鸭血(白鸭)
肾虚耳鸣,绿豆
白发,咸鱼
白发,咸鸭蛋
白发,花生仁（炸）
白发,龙虾
肾虚眩晕,田螺
肾虚眩晕,沙丁鱼
肾虚眩晕,鸭血(白鸭)
肾虚眩晕,绿豆
人为性皮炎,啤酒
人为性皮炎,白酒
人为性皮炎,淡菜(鲜)
人为性皮炎,猪脑
肾虚腰痛,田螺
肾虚腰痛,沙丁鱼
肾虚腰痛,鸭血(白鸭)
肾虚腰痛,绿豆
自主性高功能性甲状腺腺瘤,白酒
自主性高功能性甲状腺腺瘤,咸鱼
自主性高功能性甲状腺腺瘤,咸鸭蛋
自主性高功能性甲状腺腺瘤,花生仁（炸）
蜂窝肺综合征,啤酒
蜂窝肺综合征,咸鱼
蜂窝肺综合征,咸鸭蛋
蜂窝肺综合征,花生仁（炸）
人为脂膜炎,螃蟹
人为脂膜炎,啤酒
人为脂膜炎,白酒
人为脂膜炎,淡菜(鲜)
妊娠高血压综合征,啤酒
妊娠高血压综合征,白酒
妊娠高血压综合征,淡菜(鲜)
妊娠高血压综合征,猪脑
妊娠高血压综合征眼底病变,啤酒
妊娠高血压综合征眼底病变,白酒
妊娠高血压综合征眼底病变,腐竹
妊娠高血压综合征眼底病变,淡菜(鲜)
妊娠合并白血病,螃蟹
妊娠合并白血病,啤酒
妊娠合并白血病,白酒
妊娠合并白血病,蛤蜊
麻疹病毒肺炎,白酒
麻疹病毒肺炎,咸鸭蛋
麻疹病毒肺炎,黄酒
麻疹病毒肺炎,花生仁（炸）
妊娠合并癫痫,啤酒
妊娠合并癫痫,白酒
妊娠合并癫痫,腐竹
妊娠合并癫痫,淡菜(鲜)
湿热病,田螺
湿热病,沙丁鱼
湿热病,鸭血(白鸭)
湿热病,绿豆
妊娠合并动脉导管未闭,啤酒
妊娠合并动脉导管未闭,白酒
妊娠合并动脉导管未闭,黄酒
妊娠合并动脉导管未闭,江米酒
妊娠合并多囊肾,啤酒
妊娠合并多囊肾,白酒
妊娠合并多囊肾,淡菜(鲜)
妊娠合并多囊肾,猪脑
扭转痉挛,白酒
扭转痉挛,咸鱼
扭转痉挛,咸鸭蛋
扭转痉挛,花生仁（炸）
妊娠合并肺炎,啤酒
妊娠合并肺炎,白酒
妊娠合并肺炎,淡菜(鲜)
妊娠合并肺炎,猪脑
妊娠合并风湿性心脏病,啤酒
妊娠合并风湿性心脏病,白酒
妊娠合并风湿性心脏病,淡菜(鲜)
妊娠合并风湿性心脏病,虾皮
脂质沉积性肌病,咸鱼
脂质沉积性肌病,咸鸭蛋
脂质沉积性肌病,花生仁（炸）
脂质沉积性肌病,章鱼
妊娠合并肝硬化,啤酒
妊娠合并肝硬化,白酒
妊娠合并肝硬化,淡菜(鲜)
妊娠合并肝硬化,江米酒
妊娠合并红细胞增多症,啤酒
妊娠合并红细胞增多症,白酒
妊娠合并红细胞增多症,淡菜(鲜)
妊娠合并红细胞增多症,江米酒
妊娠合并急性膀胱炎,啤酒
妊娠合并急性膀胱炎,白酒
妊娠合并急性膀胱炎,淡菜(鲜)
妊娠合并急性膀胱炎,江米酒
霜样树枝状视网膜血管炎,咸鱼
霜样树枝状视网膜血管炎,咸鸭蛋
霜样树枝状视网膜血管炎,花生仁（炸）
霜样树枝状视网膜血管炎,龙虾
叶酸缺乏神经病,咸鱼
叶酸缺乏神经病,咸鸭蛋
叶酸缺乏神经病,花生仁（炸）
叶酸缺乏神经病,龙虾
妊娠合并急性胆囊炎,鸡蛋
妊娠合并急性胆囊炎,啤酒
妊娠合并急性胆囊炎,白酒
妊娠合并急性胆囊炎,江米酒
视网膜脱落,杏仁
视网膜脱落,腐竹
视网膜脱落,田螺
视网膜脱落,沙丁鱼
妊娠合并急性阑尾炎,啤酒
妊娠合并急性阑尾炎,白酒
妊娠合并急性阑尾炎,羊油
妊娠合并急性阑尾炎,江米酒
妊娠合并急性肾小球肾炎,啤酒
妊娠合并急性肾小球肾炎,白酒
妊娠合并急性肾小球肾炎,淡菜(鲜)
妊娠合并急性肾小球肾炎,江米酒
癫痫持续状态,咸鱼
癫痫持续状态,咸鸭蛋
癫痫持续状态,花生仁（炸）
癫痫持续状态,龙虾
妊娠合并急性肾盂肾炎,啤酒
妊娠合并急性肾盂肾炎,白酒
妊娠合并急性肾盂肾炎,咸鱼
妊娠合并急性肾盂肾炎,江米酒
苯丙酮尿症,咸鱼
苯丙酮尿症,咸鸭蛋
苯丙酮尿症,花生仁（炸）
苯丙酮尿症,龙虾
妊娠合并急性胰腺炎,啤酒
妊娠合并急性胰腺炎,白酒
妊娠合并急性胰腺炎,花生
妊娠合并急性胰腺炎,江米酒
高原性心脏病,咸鱼
高原性心脏病,咸鸭蛋
高原性心脏病,花生仁（炸）
高原性心脏病,龙虾
妊娠合并甲状旁腺功能亢进,啤酒
妊娠合并甲状旁腺功能亢进,白酒
妊娠合并甲状旁腺功能亢进,淡菜(鲜)
妊娠合并甲状旁腺功能亢进,龙虾
妊娠合并甲状腺功能减退,白酒
妊娠合并甲状腺功能减退,淡菜(鲜)
妊娠合并甲状腺功能减退,猪肚
妊娠合并甲状腺功能减退,猪脑
妊娠合并甲状腺功能亢进,啤酒
妊娠合并甲状腺功能亢进,白酒
妊娠合并甲状腺功能亢进,龙虾
妊娠合并甲状腺功能亢进,河虾
妊娠合并巨幼红细胞性贫血,螃蟹
妊娠合并巨幼红细胞性贫血,啤酒
妊娠合并巨幼红细胞性贫血,白酒
妊娠合并巨幼红细胞性贫血,淡菜(鲜)
妊娠合并类风湿关节炎,啤酒
妊娠合并类风湿关节炎,白酒
妊娠合并类风湿关节炎,杏仁
妊娠合并类风湿关节炎,桃仁
慢性膀胱炎,白酒
慢性膀胱炎,咸鱼
慢性膀胱炎,咸鸭蛋
慢性膀胱炎,花生仁（炸）
孟氏骨折,白酒
孟氏骨折,咸鱼
孟氏骨折,咸鸭蛋
孟氏骨折,花生仁（炸）
妊娠合并淋巴瘤,啤酒
妊娠合并淋巴瘤,白酒
妊娠合并淋巴瘤,淡菜(鲜)
妊娠合并淋巴瘤,猪脑
妊娠合并卵巢肿瘤,啤酒
妊娠合并卵巢肿瘤,白酒
妊娠合并卵巢肿瘤,淡菜(鲜)
妊娠合并卵巢肿瘤,江米酒
Nezelot综合征,白酒
Nezelot综合征,咸鱼
Nezelot综合征,咸鸭蛋
Nezelot综合征,花生仁（炸）
妊娠合并慢性肾上腺皮质功能减退,啤酒
妊娠合并慢性肾上腺皮质功能减退,白酒
妊娠合并慢性肾上腺皮质功能减退,淡菜(鲜)
妊娠合并慢性肾上腺皮质功能减退,江米酒
妊娠合并慢性肾小球肾炎,鸡蛋
妊娠合并慢性肾小球肾炎,啤酒
妊娠合并慢性肾小球肾炎,白酒
妊娠合并慢性肾小球肾炎,江米酒
妊娠合并尿石症,啤酒
妊娠合并尿石症,白酒
妊娠合并尿石症,淡菜(鲜)
妊娠合并尿石症,猪脑
小儿急性淋巴细胞性白血病,白酒
小儿急性淋巴细胞性白血病,咸鱼
小儿急性淋巴细胞性白血病,咸鸭蛋
小儿急性淋巴细胞性白血病,花生仁（炸）
妊娠合并皮质醇增多症,鸡蛋
妊娠合并皮质醇增多症,啤酒
妊娠合并皮质醇增多症,白酒
妊娠合并皮质醇增多症,淡菜(鲜)
妊娠合并偏头痛,啤酒
妊娠合并偏头痛,白酒
妊娠合并偏头痛,淡菜(鲜)
妊娠合并偏头痛,江米酒
妊娠合并缺铁性贫血,螃蟹
妊娠合并缺铁性贫血,啤酒
妊娠合并缺铁性贫血,白酒
妊娠合并缺铁性贫血,蛤蜊
妊娠合并肾病综合征,啤酒
妊娠合并肾病综合征,白酒
妊娠合并肾病综合征,淡菜(鲜)
妊娠合并肾病综合征,猪脑
妊娠合并系统性红斑狼疮,啤酒
妊娠合并系统性红斑狼疮,白酒
妊娠合并系统性红斑狼疮,淡菜(鲜)
妊娠合并系统性红斑狼疮,虾米
妊娠合并消化性溃疡,螃蟹
妊娠合并消化性溃疡,啤酒
妊娠合并消化性溃疡,白酒
妊娠合并消化性溃疡,江米酒
妊娠合并哮喘,啤酒
妊娠合并哮喘,白酒
妊娠合并哮喘,淡菜(鲜)
妊娠合并哮喘,江米酒
小儿精神发育迟缓,白酒
小儿精神发育迟缓,咸鱼
小儿精神发育迟缓,咸鸭蛋
小儿精神发育迟缓,花生仁（炸）
妊娠合并心房间隔缺损,啤酒
妊娠合并心房间隔缺损,白酒
妊娠合并心房间隔缺损,黄酒
妊娠合并心房间隔缺损,江米酒
颞动脉炎,咸鱼
颞动脉炎,咸鸭蛋
颞动脉炎,花生仁（炸）
颞动脉炎,龙虾
妊娠合并心室间隔缺损,啤酒
妊娠合并心室间隔缺损,白酒
妊娠合并心室间隔缺损,黄酒
妊娠合并心室间隔缺损,江米酒
妊娠合并血栓性疾病,啤酒
妊娠合并血栓性疾病,白酒
妊娠合并血栓性疾病,鸡肉
妊娠合并血栓性疾病,黄酒
小儿肺炎链球菌肺炎,白酒
小儿肺炎链球菌肺炎,咸鸭蛋
小儿肺炎链球菌肺炎,白砂糖
小儿肺炎链球菌肺炎,冰糖
妊娠合并血栓性血小板减少性紫癜,啤酒
妊娠合并血栓性血小板减少性紫癜,白酒
妊娠合并血栓性血小板减少性紫癜,黄酒
妊娠合并血栓性血小板减少性紫癜,江米酒
妊娠合并硬皮病,啤酒
妊娠合并硬皮病,白酒
妊娠合并硬皮病,黄酒
妊娠合并硬皮病,淡菜(鲜)
胸主动脉瘤,白酒
胸主动脉瘤,咸鱼
胸主动脉瘤,咸鸭蛋
胸主动脉瘤,花生仁（炸）
妊娠合并原发性高血压,啤酒
妊娠合并原发性高血压,白酒
妊娠合并原发性高血压,黄酒
妊娠合并原发性高血压,江米酒
先天性非溶血性黄疸,白酒
先天性非溶血性黄疸,咸鱼
先天性非溶血性黄疸,咸鸭蛋
先天性非溶血性黄疸,花生仁（炸）
心房心肌梗死,白酒
心房心肌梗死,咸鱼
心房心肌梗死,咸鸭蛋
心房心肌梗死,花生仁（炸）
心脏黏液瘤,白酒
心脏黏液瘤,咸鱼
心脏黏液瘤,咸鸭蛋
心脏黏液瘤,花生仁（炸）
心室静止,白酒
心室静止,咸鱼
心室静止,咸鸭蛋
心室静止,花生仁（炸）
Bazin硬红斑,豆浆
Bazin硬红斑,咸鸭蛋
Bazin硬红斑,花生仁（炸）
Bazin硬红斑,鹅肉
太阳病,腐竹
太阳病,田螺
太阳病,沙丁鱼
太阳病,三文鱼
肠系膜囊肿,咸鱼
肠系膜囊肿,咸鸭蛋
肠系膜囊肿,花生仁（炸）
肠系膜囊肿,鹅肉
胆固醇肺炎,鸡蛋
胆固醇肺炎,咸鸭蛋
胆固醇肺炎,松花蛋（鸭蛋）
胆固醇肺炎,鹅肉
痰毒,腐竹
痰毒,田螺
痰毒,沙丁鱼
痰毒,三文鱼
妊娠合并再生障碍性贫血,啤酒
妊娠合并再生障碍性贫血,白酒
妊娠合并再生障碍性贫血,黄酒
妊娠合并再生障碍性贫血,江米酒
妊娠合并重症肌无力,啤酒
妊娠合并重症肌无力,白酒
妊娠合并重症肌无力,黄酒
妊娠合并重症肌无力,淡菜(鲜)
妊娠合并子宫肌瘤,啤酒
妊娠合并子宫肌瘤,白酒
妊娠合并子宫肌瘤,黄酒
妊娠合并子宫肌瘤,江米酒
家族性进行性色素沉着,咸鱼
家族性进行性色素沉着,咸鸭蛋
家族性进行性色素沉着,花生仁（炸）
家族性进行性色素沉着,龙虾
妊娠合并自身免疫性溶血性贫血,啤酒
妊娠合并自身免疫性溶血性贫血,白酒
妊娠合并自身免疫性溶血性贫血,黄酒
妊娠合并自身免疫性溶血性贫血,江米酒
克罗恩病关节炎,咸鱼
克罗恩病关节炎,咸鸭蛋
克罗恩病关节炎,花生仁（炸）
克罗恩病关节炎,龙虾
妊娠呕吐,啤酒
妊娠呕吐,蜂蜜
妊娠呕吐,白砂糖
妊娠呕吐,苹果脯
弥漫性特发性骨肥厚,螃蟹
弥漫性特发性骨肥厚,咸鱼
弥漫性特发性骨肥厚,咸鸭蛋
弥漫性特发性骨肥厚,花生仁（炸）
妊娠疱疹,啤酒
妊娠疱疹,黄酒
妊娠疱疹,江米酒
妊娠疱疹,苹果脯
癌性疼痛,白酒
癌性疼痛,咸鸭蛋
癌性疼痛,黄酒
癌性疼痛,花生仁（炸）
妊娠期肝血肿及破裂,啤酒
妊娠期肝血肿及破裂,黄酒
妊娠期肝血肿及破裂,干腌菜
妊娠期肝血肿及破裂,江米酒
脚气病性心脏病,白酒
脚气病性心脏病,咸鸭蛋
脚气病性心脏病,黄酒
脚气病性心脏病,花生仁（炸）
妊娠期急性肾功能衰竭,啤酒
妊娠期急性肾功能衰竭,白酒
妊娠期急性肾功能衰竭,黄酒
妊娠期急性肾功能衰竭,淡菜(鲜)
妊娠期急性脂肪肝,啤酒
妊娠期急性脂肪肝,白酒
妊娠期急性脂肪肝,黄酒
妊娠期急性脂肪肝,淡菜(鲜)
急性侵袭型肺曲霉病,白酒
急性侵袭型肺曲霉病,咸鸭蛋
急性侵袭型肺曲霉病,黄酒
急性侵袭型肺曲霉病,花生仁（炸）
妊娠期甲状腺功能亢进,啤酒
妊娠期甲状腺功能亢进,白酒
妊娠期甲状腺功能亢进,黄酒
妊娠期甲状腺功能亢进,淡菜(鲜)
耻骨炎,白酒
耻骨炎,咸鸭蛋
耻骨炎,黄酒
耻骨炎,花生仁（炸）
妊娠期糖尿病,啤酒
妊娠期糖尿病,白酒
妊娠期糖尿病,黄酒
妊娠期糖尿病,淡菜(鲜)
妊娠舞蹈病,啤酒
妊娠舞蹈病,白酒
妊娠舞蹈病,黄酒
妊娠舞蹈病,绿豆
妊娠性急性阑尾炎,啤酒
妊娠性急性阑尾炎,白酒
妊娠性急性阑尾炎,黄酒
妊娠性急性阑尾炎,江米酒
妊娠性哮喘,啤酒
妊娠性哮喘,白酒
妊娠性哮喘,蜂蜜
妊娠性哮喘,黄酒
畸形性吞咽困难,啤酒
畸形性吞咽困难,白酒
畸形性吞咽困难,咸鸭蛋
畸形性吞咽困难,花生仁（炸）
妊娠痒疹,啤酒
妊娠痒疹,赤砂糖
妊娠痒疹,白砂糖
妊娠痒疹,冰糖
日光皮炎,啤酒
日光皮炎,白酒
日光皮炎,黄酒
日光皮炎,淡菜(鲜)
日光性雀斑样痣,啤酒
日光性雀斑样痣,白酒
日光性雀斑样痣,黄酒
日光性雀斑样痣,干腌菜
心脏神经症,啤酒
心脏神经症,白酒
心脏神经症,咸鸭蛋
心脏神经症,花生仁（炸）
小儿抽动秽语综合征,啤酒
小儿抽动秽语综合征,白酒
小儿抽动秽语综合征,咸鸭蛋
心室扑动和心室颤动,白酒
心室扑动和心室颤动,咸鱼
心室扑动和心室颤动,咸鸭蛋
心室扑动和心室颤动,花生仁（炸）
退行性黄韧带肥厚,腐竹
退行性黄韧带肥厚,田螺
退行性黄韧带肥厚,沙丁鱼
退行性黄韧带肥厚,三文鱼
脱疽,腐竹
脱疽,田螺
脱疽,沙丁鱼
脱疽,三文鱼
十二指肠先天性狭窄,啤酒
十二指肠先天性狭窄,白酒
十二指肠先天性狭窄,咸鸭蛋
十二指肠先天性狭窄,花生仁（炸）
痿病,腐竹
痿病,田螺
痿病,沙丁鱼
痿病,三文鱼
β受体亢进症,啤酒
β受体亢进症,咸鱼
β受体亢进症,咸鸭蛋
β受体亢进症,花生仁（炸）
特发性息肉样脉络膜血管病变,啤酒
特发性息肉样脉络膜血管病变,咸鱼
特发性息肉样脉络膜血管病变,咸鸭蛋
特发性息肉样脉络膜血管病变,花生仁（炸）
多形红斑样皮疹,啤酒
多形红斑样皮疹,白酒
多形红斑样皮疹,黄酒
多形红斑样皮疹,淡菜(鲜)
乳头内陷,啤酒
乳头内陷,白酒
乳头内陷,黄酒
乳头内陷,干腌菜
胃溃疡,猪肚
胃溃疡,赤小豆
胃溃疡,香肠
胃溃疡,驴肉
胃结核,猪肚
胃结核,赤小豆
胃结核,香肠
胃结核,驴肉
乳头侵蚀性腺瘤病,螃蟹
乳头侵蚀性腺瘤病,白酒
乳头侵蚀性腺瘤病,河蚌
乳头侵蚀性腺瘤病,黄酒
乳头炎和乳晕炎,螃蟹
乳头炎和乳晕炎,啤酒
乳头炎和乳晕炎,白酒
乳头炎和乳晕炎,黄酒
乳头状汗腺腺瘤,螃蟹
乳头状汗腺腺瘤,啤酒
乳头状汗腺腺瘤,白酒
乳头状汗腺腺瘤,黄酒
胃切除后吸收不良综合征,啤酒
胃切除后吸收不良综合征,白酒
胃切除后吸收不良综合征,猪肚
胃切除后吸收不良综合征,赤小豆
乳腺癌皮肤转移,啤酒
乳腺癌皮肤转移,白酒
乳腺癌皮肤转移,黄酒
乳腺癌皮肤转移,羊油
乳腺癌肉瘤,螃蟹
乳腺癌肉瘤,啤酒
乳腺癌肉瘤,白酒
乳腺癌肉瘤,黄酒
乳腺错构瘤,螃蟹
乳腺错构瘤,啤酒
乳腺错构瘤,白酒
乳腺错构瘤,黄酒
乳腺纤维肉瘤,螃蟹
乳腺纤维肉瘤,啤酒
乳腺纤维肉瘤,白酒
乳腺纤维肉瘤,黄酒
乳腺纤维腺瘤,螃蟹
乳腺纤维腺瘤,白酒
乳腺纤维腺瘤,河蚌
乳腺纤维腺瘤,黄酒
乳腺叶状囊肉瘤,螃蟹
乳腺叶状囊肉瘤,白酒
乳腺叶状囊肉瘤,河蚌
乳腺叶状囊肉瘤,黄酒
消散延迟性肺炎,猪肚
消散延迟性肺炎,赤小豆
消散延迟性肺炎,香肠
消散延迟性肺炎,驴肉
息积,腐竹
息积,田螺
息积,沙丁鱼
息积,三文鱼
乳溢症,白酒
乳溢症,猪油（板油）
乳溢症,油条
乳溢症,淡菜(鲜)
先天性巨尿道症,猪肚
先天性巨尿道症,赤小豆
先天性巨尿道症,香肠
先天性巨尿道症,驴肉
软骨样汗管瘤,螃蟹
软骨样汗管瘤,啤酒
软骨样汗管瘤,白酒
软骨样汗管瘤,淡菜(鲜)
小儿急性胆囊炎与胆管炎,啤酒
小儿急性胆囊炎与胆管炎,白酒
小儿急性胆囊炎与胆管炎,猪肚
小儿急性胆囊炎与胆管炎,赤小豆
软组织肉瘤,白酒
软组织肉瘤,猪油（板油）
软组织肉瘤,油条
软组织肉瘤,淡菜(鲜)
下腰椎不稳症,啤酒
下腰椎不稳症,白酒
下腰椎不稳症,猪肚
下腰椎不稳症,赤小豆
心源性哮喘,鸡蛋黄
心源性哮喘,猪肚
心源性哮喘,赤小豆
心源性哮喘,猪排骨(大排)
SARS的胃肠道感染,螃蟹
SARS的胃肠道感染,啤酒
SARS的胃肠道感染,白酒
SARS的胃肠道感染,河蚌
唇舌水肿及面瘫综合征,螃蟹
唇舌水肿及面瘫综合征,啤酒
唇舌水肿及面瘫综合征,白酒
唇舌水肿及面瘫综合征,淡菜(鲜)
希恩综合征,赤小豆
希恩综合征,咸肉
希恩综合征,香肠
希恩综合征,驴肉
腮腺恶性肿瘤,啤酒
腮腺恶性肿瘤,白酒
腮腺恶性肿瘤,油条
腮腺恶性肿瘤,淡菜(鲜)
先天性心脏病,杏仁
先天性心脏病,鸡肉
先天性心脏病,鹌鹑蛋
先天性心脏病,鸡腿
心血管疾病伴发的精神障碍,啤酒
心血管疾病伴发的精神障碍,白酒
心血管疾病伴发的精神障碍,赤小豆
散光,腐竹
散光,猪油（板油）
散光,油条
散光,淡菜(鲜)
先天性拇内翻,啤酒
先天性拇内翻,油条
先天性拇内翻,猪肚
先天性拇内翻,赤小豆
色素性化妆品皮炎,啤酒
色素性化妆品皮炎,白酒
色素性化妆品皮炎,河蚌
色素性化妆品皮炎,淡菜(鲜)
血色病性骨关节病,啤酒
血色病性骨关节病,猪肚
血色病性骨关节病,赤小豆
血色病性骨关节病,香肠
色素性静脉旁视网膜脉络膜萎缩,啤酒
色素性静脉旁视网膜脉络膜萎缩,白酒
色素性静脉旁视网膜脉络膜萎缩,河蚌
色素性静脉旁视网膜脉络膜萎缩,淡菜(鲜)
小肠虚寒,杏仁
小肠虚寒,沙丁鱼
小肠虚寒,三文鱼
小肠虚寒,甲鱼
色素性口周红斑,啤酒
色素性口周红斑,白酒
色素性口周红斑,河蚌
色素性口周红斑,淡菜(鲜)
药物性呼吸衰竭,白酒
药物性呼吸衰竭,猪肚
药物性呼吸衰竭,赤小豆
药物性呼吸衰竭,香肠
原发性腹膜炎,啤酒
原发性腹膜炎,白酒
原发性腹膜炎,猪肚
原发性腹膜炎,赤小豆
直肠脱垂直肠壁内疝,鸡蛋
直肠脱垂直肠壁内疝,白酒
直肠脱垂直肠壁内疝,鸭肉
直肠脱垂直肠壁内疝,赤小豆
色素性紫癜性苔藓样皮病,螃蟹
色素性紫癜性苔藓样皮病,啤酒
色素性紫癜性苔藓样皮病,白酒
色素性紫癜性苔藓样皮病,河蚌
低血糖,啤酒
低血糖,白酒
低血糖,杏仁
低血糖,芝麻
色素性紫癜性苔藓样皮炎,啤酒
色素性紫癜性苔藓样皮炎,白酒
色素性紫癜性苔藓样皮炎,河蚌
色素性紫癜性苔藓样皮炎,淡菜(鲜)
上干型胸廓出口综合征,啤酒
上干型胸廓出口综合征,白酒
上干型胸廓出口综合征,河蚌
上干型胸廓出口综合征,淡菜(鲜)
小儿发烧,白酒
小儿发烧,辣椒(红、尖、干)
小儿发烧,韭菜
小儿发烧,姜
上巩膜静脉压升高所致青光眼,啤酒
上巩膜静脉压升高所致青光眼,白酒
上巩膜静脉压升高所致青光眼,河蚌
上巩膜静脉压升高所致青光眼,海蜇皮
上气道梗阻,啤酒
上气道梗阻,白酒
上气道梗阻,河蚌
上气道梗阻,淡菜(鲜)
痛风和高尿酸血症,啤酒
痛风和高尿酸血症,白酒
痛风和高尿酸血症,杏仁
痛风和高尿酸血症,绿豆
小儿副流感病毒肺炎,杏仁
小儿副流感病毒肺炎,黑豆
小儿副流感病毒肺炎,绿豆
小儿副流感病毒肺炎,赤小豆
上腔静脉综合征,啤酒
上腔静脉综合征,白酒
上腔静脉综合征,河蚌
上腔静脉综合征,淡菜(鲜)
砷及其化合物引起的皮肤病,螃蟹
砷及其化合物引起的皮肤病,啤酒
砷及其化合物引起的皮肤病,白酒
砷及其化合物引起的皮肤病,河蚌
癌症伴发的精神障碍,啤酒
癌症伴发的精神障碍,白酒
癌症伴发的精神障碍,杏仁
癌症伴发的精神障碍,绿豆
神经病性关节病,啤酒
神经病性关节病,白酒
神经病性关节病,河蚌
神经病性关节病,淡菜(鲜)
小儿乳积,杏仁
小儿乳积,沙丁鱼
小儿乳积,三文鱼
小儿乳积,甲鱼
神经官能性表皮剥脱,啤酒
神经官能性表皮剥脱,白酒
神经官能性表皮剥脱,河蚌
神经官能性表皮剥脱,泥蚶
小儿食积,河蚌
小儿食积,沙丁鱼
小儿食积,三文鱼
小儿食积,甲鱼
神经内分泌肿瘤,啤酒
神经内分泌肿瘤,白酒
神经内分泌肿瘤,河蚌
神经内分泌肿瘤,泥蚶
神经内分泌肿瘤皮肤转移,啤酒
神经内分泌肿瘤皮肤转移,白酒
神经内分泌肿瘤皮肤转移,河蚌
神经内分泌肿瘤皮肤转移,泥蚶
神经鞘源性肿瘤,啤酒
神经鞘源性肿瘤,白酒
神经鞘源性肿瘤,乌龟
神经鞘源性肿瘤,泥蚶
脑膜肉瘤,杏仁
脑膜肉瘤,黑豆
脑膜肉瘤,绿豆
脑膜肉瘤,赤小豆
神经系统结节病,啤酒
神经系统结节病,白酒
神经系统结节病,河蚌
神经系统结节病,泥蚶
神经系统先天性疾病,啤酒
神经系统先天性疾病,白酒
神经系统先天性疾病,河蚌
神经系统先天性疾病,淡菜(鲜)
胆道蛔虫病与肝蛔虫病,鸡蛋
胆道蛔虫病与肝蛔虫病,白酒
胆道蛔虫病与肝蛔虫病,杏仁
胆道蛔虫病与肝蛔虫病,绿豆
神经系统遗传病,啤酒
神经系统遗传病,白酒
神经系统遗传病,河蚌
神经系统遗传病,淡菜(鲜)
胆道华支睾吸虫病,白酒
胆道华支睾吸虫病,杏仁
胆道华支睾吸虫病,黑豆
胆道华支睾吸虫病,绿豆
神经元蜡样脂褐质沉积症,啤酒
神经元蜡样脂褐质沉积症,白酒
神经元蜡样脂褐质沉积症,河蚌
神经元蜡样脂褐质沉积症,淡菜(鲜)
肾淀粉样变性,啤酒
肾淀粉样变性,白酒
肾淀粉样变性,河蚌
肾淀粉样变性,淡菜(鲜)
肾动静脉瘘,啤酒
肾动静脉瘘,白酒
肾动静脉瘘,河蚌
肾动静脉瘘,淡菜(鲜)
肾动脉栓塞,啤酒
肾动脉栓塞,白酒
肾动脉栓塞,河蚌
肾动脉栓塞,干腌菜
肾动脉狭窄,啤酒
肾动脉狭窄,白酒
肾动脉狭窄,河蚌
肾动脉狭窄,鲶鱼
胁痛,杏仁
胁痛,腐竹
胁痛,沙丁鱼
胁痛,三文鱼
肾动脉血栓形成和栓塞,啤酒
肾动脉血栓形成和栓塞,白酒
肾动脉血栓形成和栓塞,河蚌
肾动脉血栓形成和栓塞,干腌菜
肾错构瘤,白酒
肾错构瘤,杏仁
肾错构瘤,黑豆
肾错构瘤,绿豆
蟹睛,杏仁
蟹睛,腐竹
蟹睛,沙丁鱼
蟹睛,三文鱼
肾积脓,啤酒
肾积脓,白酒
肾积脓,河蚌
肾积脓,淡菜(鲜)
肾母细胞瘤,啤酒
肾母细胞瘤,白酒
肾母细胞瘤,河蚌
肾母细胞瘤,淡菜(鲜)
心火上炎,海参
心火上炎,油条
心火上炎,河蚌
心火上炎,兔肉
肾上腺皮质功能减退性心脏病,螃蟹
肾上腺皮质功能减退性心脏病,啤酒
肾上腺皮质功能减退性心脏病,白酒
肾上腺皮质功能减退性心脏病,河蚌
心脾两虚,杏仁
心脾两虚,沙丁鱼
心脾两虚,绿豆
心脾两虚,三文鱼
肾上腺皮质功能异常伴发的精神障碍,螃蟹
肾上腺皮质功能异常伴发的精神障碍,啤酒
肾上腺皮质功能异常伴发的精神障碍,白酒
肾上腺皮质功能异常伴发的精神障碍,河蚌
心气虚,螃蟹
心气虚,杏仁
心气虚,沙丁鱼
心气虚,三文鱼
肾脏疾病伴发的精神障碍,杏仁
肾脏疾病伴发的精神障碍,鸡蛋黄
肾脏疾病伴发的精神障碍,黑豆
肾脏疾病伴发的精神障碍,绿豆
心肾不交,杏仁
心肾不交,鸡肉
心肾不交,沙丁鱼
心肾不交,虾皮
难治性癫痫,杏仁
难治性癫痫,黑豆
难治性癫痫,绿豆
难治性癫痫,赤小豆
子宫颈残端癌,杏仁
子宫颈残端癌,黑豆
子宫颈残端癌,绿豆
子宫颈残端癌,赤小豆
子宫切除术后会阴疝,白酒
子宫切除术后会阴疝,杏仁
子宫切除术后会阴疝,黑豆
子宫切除术后会阴疝,绿豆
子宫内膜增生,白酒
子宫内膜增生,杏仁
子宫内膜增生,黑豆
子宫内膜增生,绿豆
子宫腺肌病,杏仁
子宫腺肌病,鸭
子宫腺肌病,公鸡
子宫腺肌病,母鸡
失眠,猪油（板油）
失眠,油条
失眠,河蚌
失眠,淡菜(鲜)
性交晕厥,杏仁
性交晕厥,鸡肉
性交晕厥,沙丁鱼
性交晕厥,虾皮
产后甲状腺炎,杏仁
产后甲状腺炎,核桃
产后甲状腺炎,黑豆
产后甲状腺炎,绿豆
巨大肥厚性胃炎,白酒
巨大肥厚性胃炎,杏仁
巨大肥厚性胃炎,黑豆
巨大肥厚性胃炎,绿豆
拇外翻,白酒
拇外翻,杏仁
拇外翻,黑豆
拇外翻,绿豆
虚喘,螃蟹
虚喘,辣椒(红、尖、干)
虚喘,田螺
虚喘,兔肉
小儿营养不良性水肿,白酒
小儿营养不良性水肿,杏仁
小儿营养不良性水肿,黑豆
小儿营养不良性水肿,绿豆
虚寒咳嗽,辣椒(红、尖、干)
虚寒咳嗽,韭菜
虚寒咳嗽,咸肉
虚寒咳嗽,韭黄
虚寒呕吐,海虾
虚寒呕吐,白酒
虚寒呕吐,海参
虚寒呕吐,河蚌
虚寒泄泻,螃蟹
虚寒泄泻,海虾
虚寒泄泻,沙丁鱼
虚寒泄泻,三文鱼
婴幼儿脐疝,啤酒
婴幼儿脐疝,白酒
婴幼儿脐疝,杏仁
婴幼儿脐疝,绿豆
鼻神经胶质瘤,啤酒
鼻神经胶质瘤,白酒
鼻神经胶质瘤,杏仁
鼻神经胶质瘤,绿豆
慢性病贫血,啤酒
慢性病贫血,白酒
慢性病贫血,杏仁
慢性病贫血,绿豆
十二指肠溃疡,杏仁
十二指肠溃疡,白扁豆
十二指肠溃疡,田螺
十二指肠溃疡,绿豆
阿根廷出血热,杏仁
阿根廷出血热,黑豆
阿根廷出血热,绿豆
阿根廷出血热,赤小豆
磨牙,杏仁
磨牙,黑豆
磨牙,绿豆
磨牙,赤小豆
血虚头痛,油条
血虚头痛,咸肉
血虚头痛,兔肉
血虚头痛,肥膘肉
血虚眩晕,油条
血虚眩晕,咸肉
血虚眩晕,海蜇皮
血虚眩晕,海蜇头
狐臭,海虾
狐臭,带鱼
狐臭,沙丁鱼
狐臭,三文鱼
阳虚,海虾
阳虚,带鱼
阳虚,沙丁鱼
阳虚,三文鱼
阳虚发热,螃蟹
阳虚发热,田螺
阳虚发热,沙丁鱼
阳虚发热,三文鱼
腰椎间盘突出,杏仁
腰椎间盘突出,腐竹
腰椎间盘突出,沙丁鱼
腰椎间盘突出,干腌菜
室性并行心律及室性并行心律性心动过速,白酒
室性并行心律及室性并行心律性心动过速,杏仁
室性并行心律及室性并行心律性心动过速,油豆腐
室性并行心律及室性并行心律性心动过速,绿豆
室性期前收缩,白酒
室性期前收缩,杏仁
室性期前收缩,咸鸭蛋
室性期前收缩,干腌菜
室性逸搏及室性逸搏心律,白酒
室性逸搏及室性逸搏心律,杏仁
室性逸搏及室性逸搏心律,咸鸭蛋
室性逸搏及室性逸搏心律,干腌菜
嗜碱性粒细胞增多症,白酒
嗜碱性粒细胞增多症,鸡
嗜碱性粒细胞增多症,杏仁
嗜碱性粒细胞增多症,油豆腐
阴盛阳衰症,螃蟹
阴盛阳衰症,辣椒(红、尖、干)
阴盛阳衰症,咸肉
阴盛阳衰症,蛤蜊
嗜麦芽黄单胞菌肺炎,白酒
嗜麦芽黄单胞菌肺炎,杏仁
嗜麦芽黄单胞菌肺炎,油豆腐
嗜麦芽黄单胞菌肺炎,干腌菜
阴缩,杏仁
阴缩,腐竹
阴缩,沙丁鱼
阴缩,三文鱼
阴虚发热,海虾
阴虚发热,杏仁
阴虚发热,沙丁鱼
阴虚发热,三文鱼
阴虚火旺,海虾
阴虚火旺,杏仁
阴虚火旺,沙丁鱼
阴虚火旺,三文鱼
手部伸肌腱损伤,白酒
手部伸肌腱损伤,杏仁
手部伸肌腱损伤,干腌菜
手部伸肌腱损伤,绿豆
手部神经损伤,白酒
手部神经损伤,杏仁
手部神经损伤,羊油
手部神经损伤,绿豆
手部血管损伤,白酒
手部血管损伤,杏仁
手部血管损伤,干腌菜
手部血管损伤,绿豆
手湿疹,螃蟹
手湿疹,白酒
手湿疹,杏仁
手湿疹,绿豆
手术后反流性胃炎,白酒
手术后反流性胃炎,杏仁
手术后反流性胃炎,油豆腐
手术后反流性胃炎,花生仁（炒）
手术后膈疝,白酒
手术后膈疝,杏仁
手术后膈疝,油豆腐
手术后膈疝,干腌菜
郁证,洋葱
郁证,辣椒(红、尖、干)
郁证,韭菜
郁证,姜
手足发绀症,白酒
手足发绀症,鸡
手足发绀症,白砂糖
手足发绀症,干腌菜
枢椎齿突骨折,白酒
枢椎齿突骨折,鸡
枢椎齿突骨折,咸鸭蛋
枢椎齿突骨折,干腌菜
舒张性心力衰竭,白酒
舒张性心力衰竭,鸡
舒张性心力衰竭,杏仁
舒张性心力衰竭,咸鸭蛋
输卵管癌三联症,白酒
输卵管癌三联症,鸡
输卵管癌三联症,杏仁
输卵管癌三联症,咸鸭蛋
输卵管结核,白酒
输卵管结核,鸡
输卵管结核,杏仁
输卵管结核,干腌菜
输尿管结核,白酒
输尿管结核,杏仁
输尿管结核,油豆腐
输尿管结核,咸鸭蛋
脏躁,海虾
脏躁,杏仁
脏躁,沙丁鱼
脏躁,三文鱼
输尿管炎,白酒
输尿管炎,杏仁
输尿管炎,咸鸭蛋
输尿管炎,绿豆
输尿管异位开口,螃蟹
输尿管异位开口,白酒
输尿管异位开口,杏仁
输尿管异位开口,绿豆
输尿管肿瘤,白酒
输尿管肿瘤,杏仁
输尿管肿瘤,油豆腐
输尿管肿瘤,干腌菜
症瘕,海虾
症瘕,杏仁
症瘕,沙丁鱼
症瘕,三文鱼
束支折返性室性心动过速,白酒
束支折返性室性心动过速,杏仁
束支折返性室性心动过速,咸鸭蛋
束支折返性室性心动过速,干腌菜
蜘蛛咬伤,海虾
蜘蛛咬伤,杏仁
蜘蛛咬伤,沙丁鱼
蜘蛛咬伤,三文鱼
双侧肾缺如,白酒
双侧肾缺如,油豆腐
双侧肾缺如,干腌菜
双侧肾缺如,羊油
双侧束支传导阻滞,油豆腐
双侧束支传导阻滞,咸鱼
双侧束支传导阻滞,干腌菜
双侧束支传导阻滞,羊油
双分支阻滞,白酒
双分支阻滞,咸鸭蛋
双分支阻滞,干腌菜
双分支阻滞,松花蛋（鸭蛋）
指疔,海虾
指疔,杏仁
指疔,沙丁鱼
指疔,三文鱼
双向性室性心动过速,油豆腐
双向性室性心动过速,咸鸭蛋
双向性室性心动过速,干腌菜
双向性室性心动过速,油皮
双眼上斜肌麻痹,螃蟹
双眼上斜肌麻痹,油豆腐
双眼上斜肌麻痹,干腌菜
双眼上斜肌麻痹,羊油
中气不足,螃蟹
中气不足,杏仁
中气不足,沙丁鱼
中气不足,三文鱼
肿胀,螃蟹
肿胀,杏仁
肿胀,沙丁鱼
肿胀,三文鱼
水痘肺炎,螃蟹
水痘肺炎,干腌菜
水痘肺炎,虾米
水痘肺炎,鱼肉
水痘性角膜炎,螃蟹
水痘性角膜炎,海蟹
水痘性角膜炎,白酒
水痘性角膜炎,干腌菜
水疱性远端指炎,白酒
水疱性远端指炎,油豆腐
水疱性远端指炎,白砂糖
水疱性远端指炎,干腌菜
睡眠呼吸暂停综合征,油豆腐
睡眠呼吸暂停综合征,咸鸭蛋
睡眠呼吸暂停综合征,干腌菜
睡眠呼吸暂停综合征,花生仁（炸）
睡眠障碍,油豆腐
睡眠障碍,干腌菜
睡眠障碍,羊油
睡眠障碍,花生仁（炸）
松节油皮炎,螃蟹
松节油皮炎,海蟹
松节油皮炎,海虾
松节油皮炎,海螺
子痫,海虾
子痫,带鱼
子痫,沙丁鱼
子痫,三文鱼
酸碱灼伤,白酒
酸碱灼伤,鸡肉
酸碱灼伤,干腌菜
酸碱灼伤,松花蛋（鸭蛋）
髓单核细胞白血病,鸭肉
髓单核细胞白血病,鸡肉
髓单核细胞白血病,干腌菜
髓单核细胞白血病,松花蛋（鸭蛋）
垂痈,啤酒
垂痈,白酒
垂痈,杏仁
垂痈,腐竹
髓过氧化物酶缺乏症,白酒
髓过氧化物酶缺乏症,干腌菜
髓过氧化物酶缺乏症,羊油
髓过氧化物酶缺乏症,松花蛋（鸭蛋）
唇风,啤酒
唇风,白酒
唇风,杏仁
唇风,腐竹
髓母细胞瘤,油豆腐
髓母细胞瘤,鸡肉
髓母细胞瘤,咸鱼
髓母细胞瘤,干腌菜
唇疱疹,啤酒
唇疱疹,杏仁
唇疱疹,腰果
唇疱疹,花生
髓内肿瘤,白酒
髓内肿瘤,油豆腐
髓内肿瘤,咸鱼
髓内肿瘤,干腌菜
髓性多汗症,螃蟹
髓性多汗症,海蟹
髓性多汗症,白酒
髓性多汗症,干腌菜
梭形细胞脂肪瘤,螃蟹
梭形细胞脂肪瘤,海蟹
梭形细胞脂肪瘤,白酒
梭形细胞脂肪瘤,干腌菜
锁骨下动脉-腋动脉瘤,螃蟹
锁骨下动脉-腋动脉瘤,海蟹
锁骨下动脉-腋动脉瘤,海虾
锁骨下动脉-腋动脉瘤,咸鱼
抗-HCVAg阳性,啤酒
抗-HCVAg阳性,杏仁
抗-HCVAg阳性,腰果
抗-HCVAg阳性,花生
胎儿生长受限,赤砂糖
胎儿生长受限,白砂糖
胎儿生长受限,干腌菜
胎儿生长受限,冰糖
脑萎缩,海虾
脑萎缩,杏仁
脑萎缩,沙丁鱼
脑萎缩,三文鱼
扁桃体炎,海虾
扁桃体炎,杏仁
扁桃体炎,沙丁鱼
扁桃体炎,三文鱼
胰腺炎,杏仁
胰腺炎,腐竹
胰腺炎,白扁豆
胰腺炎,沙丁鱼
鼻炎,白扁豆
鼻炎,花生
鼻炎,沙丁鱼
鼻炎,三文鱼
胎记,啤酒
胎记,白酒
胎记,蟹黄
慢性结肠炎,松子仁
慢性结肠炎,白扁豆
慢性结肠炎,沙丁鱼
慢性结肠炎,三文鱼
肠炎,海虾
肠炎,白扁豆
肠炎,沙丁鱼
肠炎,三文鱼
苔藓样结核疹,螃蟹
苔藓样结核疹,啤酒
苔藓样结核疹,白酒
苔藓样结核疹,干腌菜
溃疡性肠炎,海虾
溃疡性肠炎,白扁豆
溃疡性肠炎,沙丁鱼
溃疡性肠炎,三文鱼
细菌性肠炎,海虾
细菌性肠炎,白扁豆
细菌性肠炎,沙丁鱼
细菌性肠炎,三文鱼
苔藓样念珠状疹,啤酒
苔藓样念珠状疹,白酒
苔藓样念珠状疹,咸鸭蛋
苔藓样念珠状疹,干腌菜
直肠炎,杏仁
直肠炎,松子仁
直肠炎,芝麻
直肠炎,青豆
炭疽,啤酒
炭疽,白酒
炭疽,咸鸭蛋
炭疽,干腌菜
慢性肠炎,沙丁鱼
慢性肠炎,黑豆
慢性肠炎,绿豆
慢性肠炎,赤小豆
糖尿病,蜂蜜
糖尿病,麦芽糖
糖尿病,冰糖
糖尿病,糖桂花
腰椎病,杏仁
腰椎病,腐竹
腰椎病,沙丁鱼
腰椎病,赤小豆
糖尿病合并低血糖,蜂蜜
糖尿病合并低血糖,麦芽糖
糖尿病合并低血糖,白砂糖
糖尿病合并低血糖,干腌菜
肠胃炎,海虾
肠胃炎,沙丁鱼
肠胃炎,赤小豆
肠胃炎,三文鱼
糖尿病和高血压,啤酒
糖尿病和高血压,白酒
糖尿病和高血压,白砂糖
糖尿病和高血压,冰糖
肾小球肾炎,鸡蛋
肾小球肾炎,鹌鹑蛋
肾小球肾炎,咸鸭蛋
肾小球肾炎,鸭肝
糖尿病心脏病,啤酒
糖尿病心脏病,白酒
糖尿病心脏病,白砂糖
糖尿病心脏病,冰糖
脊柱侧弯,鹌鹑蛋
脊柱侧弯,田螺
脊柱侧弯,咸鸭蛋
脊柱侧弯,白砂糖
糖尿病性视网膜病变,螃蟹
糖尿病性视网膜病变,啤酒
糖尿病性视网膜病变,白酒
糖尿病性视网膜病变,咸鸭蛋
糖尿病性胃轻瘫,啤酒
糖尿病性胃轻瘫,白酒
糖尿病性胃轻瘫,咸鸭蛋
糖尿病性胃轻瘫,干腌菜
肾炎,杏仁
肾炎,腐竹
肾炎,白扁豆
肾炎,虾皮
糖尿病性周围神经病,蜂蜜
糖尿病性周围神经病,赤砂糖
糖尿病性周围神经病,白砂糖
糖尿病性周围神经病,冰糖
手外伤,杏仁
手外伤,腐竹
手外伤,白扁豆
手外伤,虾皮
腱鞘炎,杏仁
腱鞘炎,腐竹
腱鞘炎,白扁豆
腱鞘炎,虾皮
椎管狭窄,杏仁
椎管狭窄,腐竹
椎管狭窄,白扁豆
椎管狭窄,虾皮
心力衰竭,杏仁
心力衰竭,腐竹
心力衰竭,白扁豆
心力衰竭,虾皮
肺心病,螃蟹
肺心病,海虾
肺心病,沙丁鱼
肺心病,三文鱼
胆囊炎,海虾
胆囊炎,带鱼
胆囊炎,沙丁鱼
胆囊炎,三文鱼
输卵管炎,杏仁
输卵管炎,芝麻
输卵管炎,腐竹
输卵管炎,油豆腐
韧带损伤,杏仁
韧带损伤,腐竹
韧带损伤,白扁豆
韧带损伤,沙丁鱼
病毒性肠炎,杏仁
病毒性肠炎,腐竹
病毒性肠炎,白扁豆
病毒性肠炎,沙丁鱼
