aname,bname
喘息样支气管炎,化学性支气管炎
大楼病综合征,紧张性头痛
二硫化碳中毒,多发性神经炎
二硫化碳中毒,昏迷
二硫化碳中毒,谵妄
肺-胸膜阿米巴病,腹泻
肺出血－肾炎综合征,咯血
肺出血－肾炎综合征,蛋白尿
肺放线菌病,咯血
肺放线菌病,骨膜炎
放射性肺炎,肺纤维化
肺栓塞,咯血
肺栓塞,心律失常
肺栓塞,大咯血
肺炎,咳嗽
肺炎性假瘤,咯血
镉中毒,腹泻
镉中毒,消化不良
感冒,头痛
感染性休克,低血压
过敏性休克,意识障碍
过敏性休克,晕厥
过敏性休克,低血压
Goodpasture综合征,咯血
Goodpasture综合征,血尿
Goodpasture综合征,蛋白尿
汞中毒,腹痛
汞中毒,腹泻
呼吸道异物,吞咽困难
呼吸性细支气管相关的间质性肺疾病,呼吸衰竭
呼吸性细支气管相关的间质性肺疾病,咯血
呼吸性细支气管相关的间质性肺疾病,肺纤维化
呼吸衰竭,意识障碍
呼吸衰竭,呼吸衰竭
急性呼吸衰竭,呼吸衰竭
急性呼吸衰竭,呼吸性碱中毒
军团病,呼吸衰竭
军团病,休克
急性呼吸窘迫综合征,呼吸衰竭
急性呼吸窘迫综合征,昏迷
急性呼吸窘迫综合征,呼吸性碱中毒
军团菌病,腹泻
军团菌病,眩晕
结核性脓胸,咯血
结核性脓胸,胸腔积液
金黄色葡萄球菌肺炎,休克
金黄色葡萄球菌肺炎,胸腔积液
金黄色葡萄球菌肺炎,脓肿
金黄色葡萄球菌肺炎,脓胸
咖啡因与氨茶碱中毒,腹痛
咖啡因与氨茶碱中毒,昏迷
咖啡因与氨茶碱中毒,耳鸣
咖啡因与氨茶碱中毒,谵妄
卡氏肺囊虫肺炎,气胸
卡氏肺囊虫肺炎,腹泻
咯血,咯血
硫化氢中毒,昏迷
硫化氢中毒,结膜充血
老年肺炎,腹痛
老年肺炎,腹泻
免疫缺陷者肺炎,肺栓塞
镍中毒,疱疹
铍中毒,疱疹
缺血缺氧性脑病,新生儿反应低下
球孢子菌病,慢性咳嗽
禽流感,休克
禽流感,腹痛
禽流感,腹泻
禽流感,咳嗽
气管肿瘤,吞咽困难
气管肿瘤,咳嗽
气管先天性疾病,新生儿喉喘鸣
乳酸性酸中毒,休克
乳酸性酸中毒,腹痛
乳酸性酸中毒,昏迷
鼾症,心律失常
特发性肺纤维化,呼吸衰竭
脱屑性间质性肺炎,心力衰竭
特发性含铁血黄素沉着症,咯血
外源性过敏性肺泡炎,呼吸衰竭
小儿结核病,咯血
小儿结核病,疱疹
小儿结核病,淋巴结结核
新生儿呼吸窘迫综合征,新生儿青紫
小儿金黄色葡萄球菌肺炎,腹泻
小儿金黄色葡萄球菌肺炎,脓胸
小儿急性支气管炎,腹痛
小儿急性支气管炎,腹泻
小儿急性支气管炎,细菌感染
矽肺,肺纤维化
新生儿窒息,心律失常
新生儿窒息,新生儿青紫
小儿支原体肺炎,胸腔积液
小儿支原体肺炎,心包炎
哮喘,咳嗽
哮喘,痰饮
新生儿呼吸暂停,败血症
新生儿呼吸暂停,猝死
先天性肺囊肿,呼吸衰竭
先天性肺囊肿,咯血
休克型肺炎,休克
休克型肺炎,昏迷
吸入性肺炎,呼吸衰竭
吸入性肺炎,代谢性酸中毒
腺病毒肺炎,腹泻
细菌性肺炎,咯血
细菌性肺炎,休克
新生儿湿肺,胸腔积液
胸壁结核,脓肿
乙醚中毒,腹痛
乙醚中毒,腹泻
乙醚中毒,体温过低
淹溺,呼吸衰竭
淹溺,昏迷
淹溺,结膜充血
一氧化碳中毒,昏迷
支气管扩张,大咯血
支气管肺炎,胸腔积液
支气管肺炎,心力衰竭
变应性血管炎,腹痛
病态窦房结综合征,心律失常
病态窦房结综合征,心动过缓
病态窦房结综合征,失眠
穿透性心脏外伤,休克
穿透性心脏外伤,心肌缺血
窦性停搏,意识障碍
窦性停搏,晕厥
单心室,心律失常
单心室,心力衰竭
单心房,心力衰竭
动脉硬化,脑干梗塞
动脉硬化,动脉粥样硬化
动脉瘤,静脉曲张
二尖瓣狭窄,心绞痛
二尖瓣狭窄,心包积液
二尖瓣环钙化,心动过缓
肺性脑病,昏迷
肺性脑病,精神障碍
风湿性二尖瓣狭窄,咯血
风湿性二尖瓣关闭不全,咯血
肥厚型梗阻性心肌病,心绞痛
房室管畸形,动脉导管未闭
法洛四联症,心力衰竭
房室传导阻滞,心动过缓
房室传导阻滞,猝死
高血压,神经性呕吐
冠状动脉终止异常,动脉导管未闭
冠状动脉异位起源,心绞痛
冠状动脉异位起源,心力衰竭
冠心病,心律失常
冠心病,心力衰竭
后天性动静脉瘘,静脉曲张
后天性动静脉瘘,心力衰竭
间歇性眼球突出症,上睑下垂
间歇性眼球突出症,眼球内陷
间歇性眼球突出症,结膜充血
间歇性眼球突出症,耳鸣
间歇性眼球突出症,眩晕
酒精性心肌病,心绞痛
酒精性心肌病,心律失常
酒精性心肌病,共济失调
酒精性心肌病,心力衰竭
急性心功能不全,休克
急性心功能不全,心绞痛
急性感染性心内膜炎,咯血
扩张型心肌病,心律失常
扩张型心肌病,心力衰竭
克山病,腹痛
慢性肺源性心脏病,呼吸衰竭
慢性肺源性心脏病,心律失常
慢性肺源性心脏病,失眠
缺血性心肌病,肺栓塞
缺血性心肌病,心绞痛
缺血性心肌病,心肌梗死
缺血性心肌病,心律失常
缺血性心肌病,眩晕
四肢血栓性浅静脉炎,静脉曲张
三尖瓣下移畸形,三尖瓣狭窄
三尖瓣闭锁,新生儿青紫
颈动脉体瘤,晕厥
颈动脉体瘤,吞咽困难
完全性大动脉错位,心力衰竭
休克,呼吸衰竭
休克,低血压
休克,休克
新生儿缺氧缺血性脑病,昏迷
新生儿缺氧缺血性脑病,意识障碍
新生儿硬肿症,体温过低
新生儿硬肿症,硬肿症
新生儿硬肿症,心力衰竭
先天性风疹,动脉导管未闭
先天性风疹,耳聋
先天性风疹,色素斑
血栓闭塞性脉管炎,肌肉萎缩
胸降主动脉动脉瘤,咯血
胸主动脉夹层动脉瘤,休克
心肌梗塞并发心室间隔穿破,休克
心肌梗塞并发心室间隔穿破,心力衰竭
心肌梗塞并发二尖瓣关闭不全,休克
心肌梗塞并发二尖瓣关闭不全,低血压
心肌梗塞并发二尖瓣关闭不全,心力衰竭
心肌梗死,心律失常
心功能障碍,低血压
心功能障碍,心力衰竭
小儿高血压,共济失调
小儿充血性心力衰竭,心力衰竭
心肌梗塞并发左心室室壁瘤,心绞痛
心肌梗塞并发左心室室壁瘤,心律失常
先天性主动脉缩窄,心力衰竭
先天性主动脉弓畸形,吞咽困难
先天性主动脉瓣上狭窄,心绞痛
先天性主动脉瓣上狭窄,下颌后缩
先天性主动脉瓣上狭窄,动脉粥样硬化
先天性动静脉瘘,静脉曲张
先天性动静脉瘘,肌肉萎缩
先天性二尖瓣畸形,心力衰竭
心肌病,心律失常
心律失常,心律失常
心房扑动与心房颤动,心律失常
先天性主动脉瓣窦动脉瘤破裂,动脉导管未闭
先天性主动脉瓣窦动脉瘤破裂,心绞痛
胸腔积液,胸腔积液
心脏内粘液瘤,心包积液
羊水过多,便秘
羊水过多,妊高征
羊水过多,胎盘早剥
羊水过多,产后出血
羊水过多,静脉曲张
原发性下肢静脉瓣膜关闭不全,静脉曲张
亚急性感染性心内膜炎,菌血症
左心发育不良,休克
左心发育不良,新生儿青紫
自发性血胸,血胸
主动脉夹层,休克
主动脉夹层,晕厥
阵发性室上性心动过速,心绞痛
阵发性室上性心动过速,晕厥
早搏,心律失常
主动脉瓣狭窄,心绞痛
主动脉瓣狭窄,心律失常
主动脉瓣狭窄,猝死
主动脉瓣关闭不全,晕厥
阵发性室性心动过速,猝死
中暑衰竭,休克
中暑衰竭,热痉挛
中暑衰竭,热衰竭
氨基甲酸酯类农药中毒,昏迷
阿米巴肠病,腹痛
阿米巴肠病,腹泻
阿片类药物中毒,昏迷
柏-查综合征,腹痛
柏-查综合征,静脉曲张
柏-查综合征,腹水
Brenneman综合征,腹痛
巴瑞特综合征,吞咽困难
巴瑞特综合征,便血
半乳糖血症,腹泻
半乳糖血症,低血糖症
半乳糖血症,蛋白尿
半乳糖血症,β-氨基酸尿
半乳糖血症,半乳糖血症
暴发性肝功能衰竭,呃逆
鞭虫病,腹痛
鞭虫病,腹泻
鞭虫病,痢疾
布卡综合症,腹痛
布卡综合症,昏迷
布卡综合症,腹水
暴发性肝炎样综合征,腹痛
暴发性肝炎样综合征,蛋白尿
便秘,肠易激综合征
吡唑酮类中毒,休克
吡唑酮类中毒,血尿
吡唑酮类中毒,昏迷
吡唑酮类中毒,心力衰竭
Barrett食管,吞咽困难
Barrett食管,便血
贲门失弛缓症,呃逆
钡中毒,呼吸衰竭
钡中毒,便秘
钡中毒,腹痛
钡中毒,腹泻
钡中毒,肠痉挛
变形杆菌食物中毒,腹痛
变形杆菌食物中毒,腹泻
变形杆菌食物中毒,脱水
变形杆菌食物中毒,便血
蓖麻子中毒,腹痛
蓖麻子中毒,腹泻
蓖麻子中毒,昏迷
蓖麻子中毒,蛋白尿
铋中毒,腹痛
铋中毒,腹泻
铋中毒,多发性神经炎
肠病性肢皮炎综合征,腹泻
肠病性肢皮炎综合征,舌炎
肠道菌群失调症,腹痛
肠道菌群失调症,腹泻
肠道菌群失调症,消化不良
肠扭转综合征,休克
肠扭转综合征,便秘
肠扭转综合征,肠套叠
肠气肿综合征,腹泻
肠系膜淋巴结结核,腹痛
肠系膜淋巴结结核,腹部肿块
肠系膜淋巴结结核,淋巴结结核
肠系膜上动脉压迫综合征,脱水
粗制棉子油中毒,腹痛
粗制棉子油中毒,昏迷
肠扭转,休克
肠扭转,便秘
肠扭转,肠套叠
肠扭转,腹痛
肠套叠,休克
肠套叠,腹痛
肠套叠,急腹症
肠套叠,便血
肠间脓肿,腹痛
肠间脓肿,腹膜炎
肠间脓肿,脓肿
肠易激综合征,便秘
肠易激综合征,腹痛
肠易激综合征,腹泻
肠梗阻,腹痛
肠梗阻,急腹症
苍耳中毒,呼吸衰竭
苍耳中毒,腹痛
苍耳中毒,腹泻
肠系膜上动脉栓塞,腹痛
肠系膜上动脉栓塞,腹泻
肠系膜上动脉栓塞,动脉粥样硬化
肠道气囊肿症,便秘
肠道气囊肿症,肠套叠
肠道气囊肿症,腹泻
肠道气囊肿症,吸收不良综合征
肠道气囊肿症,便血
餐后血糖过低症,倾倒综合征
餐后血糖过低症,意识障碍
肠结核,便秘
肠结核,腹痛
肠系膜上静脉血栓形成,便秘
肠系膜上静脉血栓形成,腹痛
肠系膜上静脉血栓形成,腹泻
大网膜扭转,腹部肿块
胆道运动功能障碍综合征,胆道运动功能障碍
胆道张力低下综合征,消化不良
胆石性肠绞塞综合征,腹胀
第五日综合征,腹痛
蛋白丧失胃肠综合征,腹痛
蛋白丧失胃肠综合征,腹泻
蛋白丧失胃肠综合征,腹水
胆囊切除术后综合征,便秘
胆囊切除术后综合征,腹痛
胆囊切除术后综合征,腹泻
大肠息肉,便秘
大肠息肉,腹痛
大肠息肉,腹泻
大肠息肉,便血
多发性消化道息肉综合征,腹痛
多发性消化道息肉综合征,腹泻
大肠梗阻,腹痛
大肠梗阻,蛔虫性肠梗阻
胆汁性肝硬化,胆结石
胆汁性肝硬化,腹水
胆汁返流性胃炎,腹泻
胆管癌,腹痛
胆管癌,腹泻
胆管癌,腹水
毒蕈中毒,腹痛
毒蕈中毒,腹泻
敌鼠中毒,咯血
敌鼠中毒,腹痛
敌鼠中毒,昏迷
敌鼠中毒,便血
大肠癌,便秘
大肠癌,腹痛
大肠癌,便血
大肠恶性淋巴瘤,便秘
大肠恶性淋巴瘤,腹痛
大肠恶性淋巴瘤,腹水
大肠恶性淋巴瘤,便血
Ehler-Danlos综合征,上消化道出血
儿童胰腺功能不全并中性粒细胞减少症综合征,腹泻
儿童腹痛,肠套叠
儿童腹痛,消化性溃疡
儿童腹痛,肠痉挛
呃逆症,呃逆
非溃疡消化不良,消化不良
非溃疡消化不良,呃逆
分流性高胆红素血症综合征,腹泻
分流性高胆红素血症综合征,消化不良
粪类圆线虫病,腹痛
粪类圆线虫病,腹泻
腹肌缺如综合征,肾功能衰竭
腹膜后感染与脓肿,腹痛
腹膜后间隙出血,便秘
腹膜后间隙出血,腹痛
腹膜后间隙出血,低血压
腹膜后腔液体渗病,腹痛
腹膜后腔液体渗病,腹泻
腹膜后疝,腹痛
腹膜间皮瘤,便秘
腹膜间皮瘤,腹痛
腹膜间皮瘤,腹泻
腹膜间皮瘤,腹部肿块
腹腔动脉压迫综合征,腹痛
腹腔动脉压迫综合征,腹泻
腹型癫痫综合征,腹痛
腹型癫痫综合征,眩晕
腹型偏头痛综合征,腹痛
腹型偏头痛综合征,偏头痛
腹主动脉血栓形成综合征,休克
腹卒中综合征,休克
腹卒中综合征,腹痛
腹痛,腹泻
腹膜炎,休克
腹膜炎,腹痛
腹膜炎,腹泻
腹泻,腹痛
腹泻,细菌感染
反流性食管炎,呃逆
沙门氏菌属食物中毒,腹痛
沙门氏菌属食物中毒,腹泻
放射性肠炎,腹泻
福尔马林中毒,呼吸衰竭
福尔马林中毒,腹痛
福尔马林中毒,腹泻
福尔马林中毒,昏迷
发芽马铃薯中毒,腹痛
发芽马铃薯中毒,腹泻
发芽马铃薯中毒,昏迷
副溶血性弧菌食物中毒,腹痛
副溶血性弧菌食物中毒,腹泻
非酒精性脂肪性肝病,消化不良
非霍乱弧菌感染,腹痛
非霍乱弧菌感染,腹泻
高锰酸钾中毒,腹痛
高锰酸钾中毒,腹泻
肝-甲状腺综合征,腹水
肝-甲状腺综合征,蜘蛛痣
肝纤维化,腹部肿块
肝纤维化,肝纤维化
肝肺综合症,腹水
肝肺综合症,蜘蛛痣
Gardner综合征,腹痛
Gardner综合征,结肠息肉
Gardner综合征,便血
Gardner综合征,色素斑
肝性脊髓病,上消化道出血
肝性脊髓病,腹水
肝性脊髓病,蜘蛛痣
肝炎后综合征,失眠
膈膨出和麻痹,腹痛
膈膨出和麻痹,吞咽困难
肝性脑病,昏迷
肝性脑病,智能障碍
肝性脑病,共济失调
肝硬化,肝肾综合征
肝硬化,蜘蛛痣
肝脓肿,腹痛
肝脓肿,腹膜炎
肝脓肿,腹泻
功能性消化不良,腹泻
功能性消化不良,消化不良
功能性消化不良,呃逆
钩虫病,腹痛
钩虫病,腹泻
钩虫病,耳鸣
钩虫病,消化不良
肝腺瘤,腹痛
肝腺瘤,急腹症
肝损伤,腹痛
肝囊肿,腹痛
肝包虫囊肿,腹痛
膈下脓肿,呃逆
肝血管瘤,消化不良
钩虫性十二指肠炎综合征,便秘
钩虫性十二指肠炎综合征,腹泻
膈疝,腹痛
肛管、直肠、结肠狭窄,肛裂
膈扑动,吞咽困难
含亚硝酸盐类植物性食物中毒,腹泻
回盲瓣综合征,便秘
回盲瓣综合征,腹泻
活动盲肠综合征,便秘
活动盲肠综合征,腹痛
活动盲肠综合征,腹泻
横膈下结肠嵌入综合征,便秘
黄疸,腹痛
黄疸,消化不良
黄疸,蜘蛛痣
黑色素斑-胃肠多发性息肉综合征,肠套叠
黑色素斑-胃肠多发性息肉综合征,腹痛
黑色素斑-胃肠多发性息肉综合征,色素斑
蛔虫病,腹痛
蛔虫病,腹泻
霍乱样综合征,休克
霍乱样综合征,腹痛
霍乱样综合征,腹泻
霍乱样综合征,脱水
霍乱样综合征,谵妄
结、直肠黑变病,便秘
结肠粪性穿孔,便秘
结肠粪性穿孔,腹痛
结肠粪性穿孔,腹膜炎
结肠粪性穿孔,结肠粪性穿孔
结肠憩室病,腹痛
结肠憩室病,腹膜炎
结肠憩室病,腹泻
结肠憩室病,脓肿
结肠憩室病,便血
甲醇中毒,视神经萎缩
甲醇中毒,谵妄
甲醇中毒,失眠
局部麻醉药中毒,休克
局部麻醉药中毒,昏迷
结核性腹膜炎,腹膜炎
结核性腹膜炎,腹泻
结核性腹膜炎,肠粘连
结核性腹膜炎,腹水
急性胃扩张,腹膜炎
急性胃扩张,脱水
急性胃扩张,急性胃扩张
急性化脓性胆管炎,休克
急性出血性坏死性肠炎,腹痛
急性出血性坏死性肠炎,腹膜炎
急性出血性坏死性肠炎,腹泻
结肠直肠损伤,腹痛
结肠直肠损伤,腹膜炎
结核性肠系膜淋巴结炎,便秘
结核性肠系膜淋巴结炎,腹痛
结核性肠系膜淋巴结炎,腹泻
结核性肠系膜淋巴结炎,静脉曲张
结核性肠系膜淋巴结炎,淋巴结结核
结肠扭转,休克
结肠扭转,便秘
结肠扭转,肠套叠
结肠扭转,腹胀
结肠瘘,腹痛
结肠癌,腹痛
急性胃粘膜病变,休克
急性胃粘膜病变,上消化道出血
急性腐蚀性胃炎,休克
急性腐蚀性胃炎,腹膜炎
急性单纯性胃炎,休克
急性单纯性胃炎,腹泻
急性单纯性胃炎,消化不良
急性单纯性胃炎,便血
假膜性肠炎,休克
假膜性肠炎,腹痛
假膜性肠炎,腹膜炎
假膜性肠炎,腹泻
家族性结肠息肉,便秘
家族性结肠息肉,腹痛
家族性结肠息肉,结肠息肉
家族性结肠息肉,便血
家族性结肠息肉,色素斑
急性腹膜炎,腹痛
急性腹膜炎,腹膜炎
酒精性肝病,酒精性肝硬化
酒精性肝病,舌炎
酒精性肝病,蜘蛛痣
甲型肝炎,腹痛
甲型肝炎,心动过缓
急性胃肠炎,腹痛
急性胃肠炎,腹泻
结肠息肉,便秘
结肠息肉,腹痛
结肠息肉,便血
急性胃炎,休克
急性胃炎,腹痛
急性胃炎,腹泻
急性阑尾炎,腹痛
结缔组织性肠炎,便秘
结缔组织性肠炎,腹痛
结缔组织性肠炎,腹泻
急性腹型-高脂血症综合征,腹痛
Turcot综合征,腹痛
Turcot综合征,腹泻
Turcot综合征,便血
急性胆囊炎,腹痛
吉尔伯特综合征,消化不良
吉尔伯特综合征,溶血性黄疸
急性胰腺炎,腹痛
结肠损伤,腹痛
结肠损伤,腹膜炎
可拉明中毒,呼吸衰竭
可拉明中毒,腹泻
可拉明中毒,昏迷
奎宁中毒,腹痛
奎宁中毒,腹泻
奎宁中毒,昏迷
奎宁中毒,耳鸣
奎宁中毒,谵妄
克罗恩病,便秘
克罗恩病,腹痛
克罗恩病,腹泻
α1-抗胰蛋白酶缺乏症,上消化道出血
溃疡性结肠炎,便秘
溃疡性结肠炎,腹痛
溃疡性结肠炎,腹泻
溃疡性结肠炎,消化不良
磷中毒,腹痛
磷中毒,昏迷
磷中毒,谵妄
轮状病毒所致胃肠炎,腹痛
轮状病毒所致胃肠炎,腹泻
类癌,腹痛
类癌,腹泻
类癌,低血压
氯丙嗪类中毒,腹痛
氯丙嗪类中毒,吞咽困难
氯喹中毒,吞咽困难
氯喹中毒,耳鸣
氯喹中毒,耳聋
淋菌性肛门直肠炎,腹痛
淋菌性肛门直肠炎,腹泻
阑尾寄生虫病,腹痛
阑尾寄生虫病,脓肿
轮状病毒性肠炎,腹痛
轮状病毒性肠炎,腹泻
良性阵发性腹膜炎综合征,腹痛
良性阵发性腹膜炎综合征,腹水
痢疾后综合症,血尿
痢疾后综合症,角膜炎
痢疾后综合症,痢疾
蓝色橡皮泡痣综合症,便血
老年急性阑尾炎,腹痛
老年急性阑尾炎,脓肿
淋巴结-胆道综合征,腹痛
郎-奥韦综合征,咯血
郎-奥韦综合征,腹痛
郎-奥韦综合征,血尿
旅游者腹泻,腹痛
旅游者腹泻,腹泻
旅游者腹泻,吸收不良综合征
慢性胰腺炎,腹痛
慢性胰腺炎,上消化道出血
慢性胰腺炎,腹水
Milk-Alkali综合征,血尿
Milk-Alkali综合征,代谢性碱中毒
麦胶性肠病,便秘
麦胶性肠病,腹痛
麦胶性肠病,腹泻
麦胶性肠病,骨质疏松
麦胶性肠病,脱水
慢性溃疡性结肠炎,腹痛
慢性溃疡性结肠炎,腹泻
慢性溃疡性结肠炎,肛裂
慢性溃疡性结肠炎,便血
弥漫性食管痉挛,吞咽困难
弥漫性食管痉挛,心动过缓
慢性胃炎,上消化道出血
慢性胃炎,消化不良
毛石肠梗阻综合征,腹泻
毛石肠梗阻综合征,蛔虫性肠梗阻
盲袢综合征,腹痛
农药中毒,腹痛
农药中毒,过敏性皮炎
农药中毒,共济失调
脑肝肾综合征,蛋白尿
脑肝肾综合征,肝肾综合征
诺沃克类病毒胃肠炎,腹泻
粘连性肠梗阻,腹痛
粘连性肠梗阻,腹膜炎
粘连性肠梗阻,蛔虫性肠梗阻
囊性纤维化,胆结石
脾破裂,休克
脾破裂,腹痛
葡萄球菌食物中毒,腹泻
硼酸中毒,腹泻
硼酸中毒,昏迷
硼酸中毒,剥脱性皮炎
硼酸中毒,共济失调
脾-肝综合征,腹泻
脾-肝综合征,消化不良
Plummer-Vinson综合征,缺铁性贫血
Plummer-Vinson综合征,吞咽困难
Plummer-Vinson综合征,脱发
Plummer-Vinson综合征,舌炎
贲门癌,上消化道出血
贲门癌,吞咽困难
贲门癌,腹水
盆底痉挛综合症,便秘
盆底痉挛综合症,便血
强酸、强碱中毒,休克
强酸、强碱中毒,腹痛
强酸、强碱中毒,腹泻
强酸、强碱中毒,昏迷
汽油、煤油中毒,咯血
汽油、煤油中毒,腹痛
汽油、煤油中毒,腹泻
汽油中毒,咯血
汽油中毒,腹痛
汽油中毒,腹泻
汽油中毒,晕厥
强碱类中毒,休克
强碱类中毒,昏迷
强碱类中毒,肾功能衰竭
驱蛔灵中毒,心律失常
驱蛔灵中毒,腹痛
驱蛔灵中毒,血尿
驱蛔灵中毒,昏迷
驱蛔灵中毒,眩晕
驱蛔灵中毒,共济失调
缺血性结肠炎,休克
缺血性结肠炎,腹痛
缺血性结肠炎,腹膜炎
缺血性结肠炎,便血
缺血性肝炎,心肌梗死
缺血性肝炎,心律失常
缺血性肝炎,低血压
缺血性肝炎,败血症
倾倒综合征,腹泻
倾倒综合征,眩晕
倾倒综合征,倾倒综合征
脐膨出-巨舌-巨大躯体综合征,隐睾
脐膨出-巨舌-巨大躯体综合征,巨舌
铅中毒,腹痛
乳头状腺瘤,腹泻
乳头状腺瘤,脱水
热带口炎性腹泻,腹泻
热带口炎性腹泻,口炎
瑞氏综合症,呼吸衰竭
瑞氏综合症,昏迷
瑞氏综合症,脱水
杀虫脒中毒,蛋白尿
杀虫脒中毒,心动过缓
砷中毒,腹痛
砷中毒,腹泻
砷中毒,多发性神经炎
砷中毒,剥脱性皮炎
水合氯醛中毒,腹泻
四氯化碳中毒,腹痛
四氯化碳中毒,腹泻
嗜酸细胞性胃肠炎,腹痛
嗜酸细胞性胃肠炎,腹泻
食管异物,吞咽困难
十二指肠血管性压迫综合征,脱水
食管癌,吞咽困难
食管癌,呃逆
上消化道出血,腹水
十二指肠憩室梗阻性黄疸综合征,上消化道出血
十二指肠壅积症,呃逆
神经型食物中毒,眩晕
食物中毒,腹泻
食物中毒,代谢性酸中毒
食管失弛缓症,吞咽困难
食管憩室,肺不张
食管破裂,吞咽困难
食管瘢痕性狭窄,吞咽困难
石膏综合征,休克
石膏综合征,脱水
十二指肠憩室,腹膜炎
十二指肠憩室,腹泻
十二指肠白点综合征,消化不良
神经性肠梗阻综合症,便秘
杀鼠剂中毒,休克
杀鼠剂中毒,便血
锑中毒,腹痛
锑中毒,腹泻
锑中毒,血尿
锑中毒,肾功能衰竭
铁中毒,腹痛
铁中毒,腹泻
铁中毒,低血压
嗜酸性细胞胃肠炎,腹痛
嗜酸性细胞胃肠炎,腹泻
嗜酸性细胞胃肠炎,上消化道出血
嗜酸性细胞胃肠炎,腹水
特发性腹膜后纤维化,腹水
铊中毒,腹泻
铊中毒,多发性神经炎
铊中毒,昏迷
铊中毒,球后视神经炎
铊中毒,脱发
糖原累积症,心律失常
糖原累积症,上消化道出血
糖原累积症,静脉曲张
糖原累积症,肌肉萎缩
糖原累积症,腹水
糖原累积症,心力衰竭
特发性非硬化性门脉高压综合征,上消化道出血
特发性非硬化性门脉高压综合征,昏迷
特发性非硬化性门脉高压综合征,静脉曲张
特发性非硬化性门脉高压综合征,腹水
吞气症,腹胀
胃癌,便秘
胃癌,急腹症
无机磷中毒,腹痛
无机磷中毒,腹泻
无机磷中毒,肾功能衰竭
五氯酚钠中毒,腹痛
五氯酚钠中毒,腹泻
五氯酚钠中毒,昏迷
五氯酚钠中毒,脱水
胃心综合征,心绞痛
胃心综合征,心律失常
胃损伤,休克
胃损伤,腹痛
胃下垂,便秘
胃下垂,腹痛
胃下垂,消化不良
胃下垂,低血压
胃平滑肌肉瘤,休克
胃平滑肌肉瘤,腹痛
胃平滑肌肉瘤,上消化道出血
胃扭转,心肌梗死
胃扭转,消化不良
胃空肠输入袢综合征,休克
胃空肠输入袢综合征,腹膜炎
胃肠道外瘘,腹膜炎
胃肠道外瘘,脱水
胃肠道外瘘,脓肿
胃、十二指肠溃疡急性穿孔,腹痛
胃、十二指肠溃疡出血,腹痛
胃肠型食物中毒,休克
胃肠型食物中毒,腹痛
胃肠型食物中毒,腹泻
胃肠型食物中毒,脱水
胃泌素瘤,腹泻
胃泌素瘤,消化性溃疡
胃肠食物不耐受症,晕厥
胃肠食物不耐受症,低血压
胃肠道功能紊乱,便秘
胃肠道功能紊乱,肠痉挛
胃肠道功能紊乱,低血压
胃粘膜脱垂症,腹痛
胃粘膜脱垂症,消化性溃疡
胃粘膜脱垂症,腹胀
胃切除后胆汁返流性胃炎,腹泻
胃切除后胆汁返流性胃炎,上消化道出血
胃切除后胆汁返流性胃炎,舌炎
胃切除后胆汁返流性胃炎,腹胀
胃潴留,腹痛
胃潴留,脱水
胃病,腹泻
吻合口溃疡,腹痛
吻合口溃疡,消化性溃疡
Whipple病,腹痛
Whipple病,腹泻
胃肠道伴癌综合征,休克
胃肠道伴癌综合征,腹泻
戊型病毒性肝炎,腹泻
戊型病毒性肝炎,腹水
戊型病毒性肝炎,腹胀
戊型病毒性肝炎,肝肾综合征
网膜肿瘤,腹胀
网膜原发性节段性梗死,腹痛
网膜原发性节段性梗死,急腹症
网膜原发性节段性梗死,腹水
网膜炎,腹痛
网膜炎,腹膜炎
网膜炎,腹胀
网膜囊肿,腹痛
网膜囊肿,腹膜炎
网膜囊肿,腹部肿块
网膜囊肿,腹水
网膜囊肿,腹胀
网膜囊肿,肠系膜囊肿
伪膜性肠炎,腹痛
伪膜性肠炎,腹泻
伪膜性肠炎,低血压
伪膜性肠炎,腹胀
胃息肉,腹痛
胃息肉,腹泻
胃良性肿瘤,吞咽困难
小肠损伤,腹膜炎
小肠损伤,腹水
先天性肠闭锁与狭窄,脱水
先天性肠闭锁与狭窄,腹胀
先天性肠旋转异常,休克
先天性肠旋转异常,便秘
先天性肠旋转异常,脱水
蝎子螫伤,血尿
蝎子螫伤,心动过缓
锌中毒,腹痛
锌中毒,蛋白尿
消化性溃疡,腹痛
先天性胆道闭锁,胆汁性肝硬化
先天性胆道闭锁,腹泻
先天性胆道闭锁,静脉曲张
先天性胆道闭锁,腹水
消化道重复畸形,肠套叠
消化道重复畸形,腹痛
消化道重复畸形,腹膜炎
消化道重复畸形,腹部肿块
消化道重复畸形,脓胸
消化道重复畸形,便血
小肠系膜损伤,休克
小肠系膜损伤,腹膜炎
小肠系膜损伤,小肠损伤
新生儿胆红素脑病,眼球震颤
新生儿胆红素脑病,心动过缓
先天性肥厚性幽门狭窄,脱水
先天性巨结肠,脑积水
先天性巨结肠,脱水
小儿呕吐,便秘
小儿呕吐,腹痛
小儿呕吐,急腹症
小儿急性胆囊炎,腹痛
小儿急性胆囊炎,腹膜炎
小儿急性胆囊炎,昏迷
小肠瘘,腹痛
小肠瘘,腹膜炎
小肠瘘,败血症
细菌性肝脓肿,腹痛
细菌性肝脓肿,腹膜炎
细菌性肝脓肿,腹水
下消化道出血,肠套叠
下消化道出血,腹痛
下消化道出血,腹泻
下消化道出血,肠道血管畸形
下消化道出血,便血
小儿消化性溃疡,休克
小儿消化性溃疡,腹痛
小儿消化性溃疡,上消化道出血
小儿消化性溃疡,便血
小肠吸收不良综合征,腹痛
小肠吸收不良综合征,腹泻
小肠吸收不良综合征,口炎
小肠吸收不良综合征,舌炎
小儿急性胰腺炎,腹膜炎
小儿急性胰腺炎,脱水
小儿急性胰腺炎,急腹症
心源性肝硬化,肝纤维化
心源性肝硬化,腹水
心源性肝硬化,腹胀
新生儿呕吐,腹胀
新生儿肝炎综合征,腹泻
新生儿肝炎综合征,鼻出血
新生儿肝炎综合征,腹水
新生儿肝炎综合征,耳聋
溴中毒,便秘
溴中毒,腹痛
溴中毒,腹泻
溴中毒,便血
溴中毒,共济失调
血吸虫肠病,便秘
血吸虫肠病,腹痛
血吸虫肠病,腹泻
血吸虫肠病,腹水
血吸虫肠病,便血
吸收不良综合征,腹痛
吸收不良综合征,腹泻
吸收不良综合征,腹胀
消化道出血,腹痛
消化道出血,上消化道出血
消化道出血,便血
先天性食管闭锁,脱水
先天性食管闭锁,腹胀
消化系癌伴血液病综合征,耳鸣
消化系癌伴血液病综合征,眩晕
先天性梅毒性肝硬化,流产
血色病,腹痛
血色病,腹膜炎
血色病,闭经
血色病,败血症
细菌性痢疾,呼吸衰竭
细菌性痢疾,腹痛
细菌性痢疾,腹泻
细菌性痢疾,昏迷
消化道憩室病,便秘
消化道憩室病,腹痛
消化道憩室病,腹泻
消化道憩室病,腹胀
小儿先天性巨结肠,便秘
小儿先天性巨结肠,腹膜炎
小儿先天性巨结肠,腹泻
小儿先天性巨结肠,脱水
小儿先天性巨结肠,腹胀
乙胺嘧啶中毒,腹痛
乙胺嘧啶中毒,腹泻
乙胺嘧啶中毒,昏迷
乙胺嘧啶中毒,共济失调
乙酰苯胺类中毒,腹痛
乙酰苯胺类中毒,耳鸣
乙酰苯胺类中毒,蛋白尿
乙酰苯胺类中毒,剥脱性皮炎
有机氯杀虫剂中毒,腹痛
有机氯杀虫剂中毒,腹泻
有机氯杀虫剂中毒,过敏性皮炎
有机氯杀虫剂中毒,共济失调
幽门梗阻,便秘
幽门梗阻,腹痛
幽门梗阻,腹胀
原发性肝内硬化综合征,胆汁性肝硬化
原发性肝内硬化综合征,骨质疏松
胰腺损伤,腹痛
胰腺损伤,腹胀
胰腺损伤,呃逆
胰腺脑病综合征,腹痛
胰腺脑病综合征,昏迷
胰腺脑病综合征,共济失调
胰腺假性囊肿,腹痛
胰腺假性囊肿,腹泻
药物性胃病,腹痛
药物性胃病,上消化道出血
药物性胃病,消化性溃疡
原发性胆汁性肝硬化,胆汁性肝硬化
原发性胆汁性肝硬化,胆结石
原发性胆汁性肝硬化,腹水
营养不良性肝硬化,腹痛
营养不良性肝硬化,闭经
营养不良性肝硬化,腹水
药物性肝硬化,上消化道出血
药物性肝硬化,腹水
药物性肝硬化,腹胀
亚硝酸盐中毒,呼吸衰竭
亚硝酸盐中毒,腹痛
亚硝酸盐中毒,腹泻
亚硝酸盐中毒,昏迷
亚硝酸盐中毒,腹胀
银杏中毒,腹痛
银杏中毒,腹泻
银杏中毒,瘫痪
乙肝,腹水
胰胆汁综合征,消化不良
胰胆汁综合征,腹水
胰胆汁综合征,腹胀
胰胆管合流异常综合征,腹痛
胰胆管合流异常综合征,鼻出血
胰胆管合流异常综合征,颅内出血
原发性腹膜后肿瘤,便秘
原发性腹膜后肿瘤,腹部肿块
原发性腹膜后肿瘤,便血
原发性腹膜后肿瘤,腹胀
鱼肝中毒,腹痛
鱼肝中毒,腹泻
鱼胆中毒,腹痛
鱼胆中毒,腹泻
鱼胆中毒,昏迷
鱼胆中毒,肾功能衰竭
原发性肝癌,腹痛
原发性肝癌,腹泻
原发性肝癌,鼻出血
原发性肝癌,腹部肿块
原发性肝癌,腹水
真菌性食物中毒,腹痛
真菌性食物中毒,腹泻
真菌性食物中毒,昏迷
真菌性食物中毒,腹胀
真菌中毒症,腹痛
真菌中毒症,腹泻
真菌中毒症,昏迷
真菌中毒症,腹胀
直肠损伤,休克
直肠损伤,腹痛
直肠损伤,直肠重复畸形
脂肪肝,蜘蛛痣
Zieve综合征,蛋白尿
Zieve综合征,腹水
Zieve综合征,血脂异常
直肠脱垂,便秘
直肠脱垂,便血
自发性食管破裂,腹痛
自发性食管破裂,腹膜炎
自发性食管破裂,低血压
自发性食管破裂,急腹症
卓－艾氏综合征,腹痛
卓－艾氏综合征,腹泻
卓－艾氏综合征,甲状旁腺功能亢进
真菌性肠炎,腹痛
真菌性肠炎,腹泻
真菌性肠炎,痢疾
真菌性肠炎,腹胀
巴特综合征,低钾血症
成人多囊肾,血尿
常染色体显性多囊肾,血尿
常染色体显性多囊肾,蛋白尿
常染色体显性多囊肾,细菌感染
多囊肾,血尿
等渗性脱水,腹泻
等渗性脱水,脱水
低渗性脱水,昏迷
低渗性脱水,脱水
低渗性脱水,低钠血症
低钾血症,便秘
儿童遗尿症,小儿遗尿
儿童遗尿症,遗尿
恶性高血压性小动脉性肾硬化,血尿
非特异性尿道炎,腹痛
非IgA系膜增生性肾炎,血尿
非IgA系膜增生性肾炎,蛋白尿
高渗性脱水,休克
高渗性脱水,昏迷
高血压肾病,血尿
高血压肾病,肾功能衰竭
高血压肾病,蛋白尿
高血压肾病,心力衰竭
肝源性肾损害,低血压
肝源性肾损害,蛋白尿
肝源性肾损害,腹水
肝源性肾损害,蜘蛛痣
高钾血症,心律失常
高钾血症,腹痛
高钾血症,代谢性酸中毒
高钾血症,心力衰竭
间质性膀胱炎,血尿
急性风湿热肾损害,肾病综合征
急性风湿热肾损害,血尿
急性风湿热肾损害,蛋白尿
急性肾功能衰竭,昏迷
急性肾小管坏死,腹泻
急性肾小管坏死,昏迷
急性肾小管坏死,肌肉萎缩
间质性肾炎,血尿
急进性肾炎,血尿
急进性肾炎,蛋白尿
近端(Ⅱ型)肾小管性酸中毒,便秘
近端(Ⅱ型)肾小管性酸中毒,肾结石
急性肾炎,蛋白尿
急性肾炎,腹水
急性肾小管间质性肾炎,代谢性酸中毒
急性肾小管间质性肾炎,蛋白尿
急性肾炎综合征,血尿
急性肾炎综合征,蛋白尿
急性肾炎综合征,心力衰竭
局灶性肾小球硬化症,肾病综合征
局灶性肾小球硬化症,血尿
局灶性肾小球硬化症,蛋白尿
良性高血压性小动脉性肾硬化,肾功能衰竭
良性高血压性小动脉性肾硬化,蛋白尿
流行性出血热,口腔溃疡
流行性出血热,腹水
狼疮性肾炎,蛋白尿
狼疮性肾炎,腹水
链球菌感染后的急性肾小球肾炎,血尿
链球菌感染后的急性肾小球肾炎,蛋白尿
类风湿性关节炎肾损害,血尿
类风湿性关节炎肾损害,蛋白尿
慢性呼吸衰竭,呼吸衰竭
慢性呼吸衰竭,心律失常
慢性呼吸衰竭,低血压
免疫介导性肾脏病,肾病综合征
免疫介导性肾脏病,血尿
免疫介导性肾脏病,蛋白尿
慢性肾功能衰竭,代谢性酸中毒
慢性肾功能衰竭,蛋白尿
膜性肾小球肾炎,血尿
膜性肾小球肾炎,血脂异常
慢性肾炎,血尿
慢性肾炎,蛋白尿
尿失禁,前列腺增生
尿失禁,尿失禁
尿道炎,血尿
尿崩症,失眠
尿道结石,血尿
尿道结石,尿潴留
钠过多,昏迷
尿路感染,血尿
尿路感染,脓肿
尿路感染,蛋白尿
膀胱颈挛缩,尿失禁
膀胱颈挛缩,遗尿
膀胱癌,血尿
溶血尿毒综合征,腹痛
溶血尿毒综合征,腹泻
溶血尿毒综合征,血尿
肾前性肾功能衰竭,脱水
肾结核对侧肾积水,尿失禁
肾结核对侧肾积水,血尿
肾及输尿管重复畸形,遗尿
神经源性膀胱,尿失禁
神经源性膀胱,遗尿
输尿管损伤,血尿
肾发育不全,慢性肾功能不全
肾积水,腹部肿块
肾硬化症,血尿
肾及输尿管结石,血尿
肾结核,血尿
肾结核,膀胱结核
肾病综合征,蛋白尿
肾下垂,消化不良
肾石症,血尿
肾血管性高血压,蛋白尿
肾血管性高血压,继发性高血压
双侧先天性肾上腺皮质增生,闭经
肾上腺皮质功能减退症,腹痛
肾上腺皮质功能减退症,昏迷
肾上腺皮质功能减退症,闭经
水过多,昏迷
水过多,意识障碍
水过多,低钠血症
烧伤后急性肾功能衰竭,昏迷
烧伤后急性肾功能衰竭,脱水
肾脏损伤,休克
肾脏损伤,血尿
肾动脉粥样栓塞,血尿
肾囊肿,血尿
肾囊肿,蛋白尿
肾囊肿,腹部肿块
肾盂肾炎,肾脓肿
肾小管性酸中毒,脱水
肾动脉闭塞,血尿
蹄铁形肾,腹痛
特异性肾实质疾病,血尿
糖尿病肾病,血尿
糖尿病肾病,蛋白尿
糖尿病肾病,腹水
微小病变性肾病,肾病综合征
微小病变性肾病,血尿
微小病变性肾病,肾功能衰竭
微小病变性肾病,蛋白尿
小儿原发性肾病综合征,腹泻
小儿原发性肾病综合征,蛋白尿
小儿尿感,血尿
小儿尿感,蛋白尿
小儿尿感,遗尿
小儿慢性肾功能衰竭,代谢性酸中毒
小儿慢性肾功能衰竭,慢性肾功能不全
小儿慢性肾功能衰竭,低血压
小儿慢性肾功能衰竭,蛋白尿
小儿急性肾功能衰竭,代谢性酸中毒
小儿急性肾功能衰竭,肾功能衰竭
小儿急性肾功能衰竭,慢性肾功能不全
小儿急性肾功能衰竭,低钙血症
小儿急性肾功能衰竭,新生儿反应低下
小儿肾小管性酸中毒,便秘
小儿肾小管性酸中毒,肾结石
遗尿症,小儿遗尿
遗尿症,遗尿
原发性小血管炎性肾损害,腹痛
原发性小血管炎性肾损害,肾病综合征
原发性小血管炎性肾损害,血尿
原发性小血管炎性肾损害,蛋白尿
原发性IgA肾病,腹痛
原发性IgA肾病,血尿
原发性IgA肾病,蛋白尿
隐匿性肾小球肾炎,血尿
隐匿性肾小球肾炎,蛋白尿
中毒性肾病,蛋白尿
中毒性肾病,肾结石
紫癜性肾炎,血尿
紫癜性肾炎,蛋白尿
癌性神经肌病,共济失调
阿尔茨海默病,谵妄
阿尔茨海默病,共济失调
阿尔茨海默病,失眠
安眠药中毒,昏迷
安眠药中毒,眼球震颤
安眠药中毒,共济失调
阿片中毒,昏迷
Creutzfeldt-Jakob病,痴呆
Creutzfeldt-Jakob病,失眠
痴呆综合征,精神障碍
痴呆综合征,共济失调
痴呆综合征,烟酸缺乏
纯植物神经功能衰竭,腹胀
多发性硬化,耳鸣
多发性硬化,耳聋
多发性硬化,痴呆
动眼、滑车及外展神经疾病,上睑下垂
多发性神经炎,腹泻
多发性神经炎,肌肉萎缩
多发性末梢神经炎,腹泻
儿童口吃,睡眠障碍
耳源性脑脓肿,昏迷
耳源性脑脓肿,脑脓肿
耳源性脑脓肿,脑膜炎
风湿性舞蹈病,共济失调
吩噻嗪类抗精神病药物中毒,昏迷
吩噻嗪类抗精神病药物中毒,吞咽困难
吩噻嗪类抗精神病药物中毒,剥脱性皮炎
膈肌麻痹,呼吸衰竭
膈肌麻痹,腹痛
膈肌麻痹,吞咽困难
膈肌麻痹,肺不张
格林－巴利综合征,植物神经功能障碍
格林－巴利综合征,共济失调
肝豆状核变性,蜘蛛痣
肝豆状核变性,肝豆状核变性
海绵窦血栓,昏迷
海绵窦血栓,眼球突出
昏迷,颅内出血
昏迷,低血压
昏厥,低血压
僵人综合征,吞咽困难
急性脊髓炎,尿失禁
急性脊髓炎,截瘫
脊髓压迫症,便秘
脊髓压迫症,肌肉萎缩
脊髓压迫症,呃逆
延髓进行性麻痹,吞咽困难
结节性硬化病,视神经萎缩
结节性硬化病,精神障碍
结节性硬化病,失眠
脊髓亚急性联合变性,腹泻
脊髓血管病,截瘫
脊髓血管病,脊髓梗死
脊神经根炎,肌肉萎缩
酒精中毒,精神障碍
急性中毒性脑炎,昏迷
急性中毒性脑炎,精神障碍
老年痴呆,共济失调
老年眩晕,眩晕
老年性耳聋,耳鸣
老年性耳聋,耳聋
老年性耳聋,眩晕
淋巴细胞脉络丛脑膜炎,腹泻
淋巴细胞脉络丛脑膜炎,共济失调
末梢神经炎,腹泻
慢性进行性舞蹈病,精神障碍
慢性进行性舞蹈病,痴呆
慢性进行性舞蹈病,共济失调
脑出血,昏迷
脑肺吸虫病,腹痛
脑肺吸虫病,腹泻
脑肺吸虫病,便血
脑脓肿,败血症
脑梗塞,脑干梗塞
脑梗塞,共济失调
皮肌炎,色素斑
偏头痛,头痛
偏头痛,意识障碍
氰化物中毒,昏迷
前庭神经炎,眼球震颤
前庭神经炎,耳鸣
前庭神经炎,乳突炎
前庭神经炎,耳聋
前庭神经炎,眩晕
上矢状窦血栓性静脉炎,昏迷
三环类抗忧郁药中毒,心律失常
三环类抗忧郁药中毒,昏迷
肾上腺素中毒,休克
肾上腺素中毒,腹痛
肾上腺素中毒,昏迷
士的宁中毒,昏迷
神经系统的放射性损伤,痴呆
神经系统的放射性损伤,瘫痪
手足徐动症,扭转痉挛
Shy-Drager综合征,眼球震颤
Shy-Drager综合征,吞咽困难
Shy-Drager综合征,共济失调
头-面血管瘤综合征,血管痣
舌咽神经痛,耳鸣
舌咽神经痛,耳聋
舌咽神经痛,眩晕
神经鞘瘤,面肌抽搐
神经衰弱,紧张性头痛
神经梅毒,痴呆
糖尿病性神经病,低血压
糖尿病性神经病,痴呆
头痛,紧张性头痛
头痛,眩晕
羰基镍中毒,心律失常
羰基镍中毒,昏迷
羰基镍中毒,失眠
位置性眩晕,眩晕
溴氯菊酯中毒,腹痛
溴氯菊酯中毒,昏迷
小舞蹈病,共济失调
新生儿惊厥,意识障碍
新生儿惊厥,婴儿痉挛症
运动神经元疾病,吞咽困难
运动神经元疾病,肌肉萎缩
运动神经元疾病,瘫痪
意识障碍,昏迷
意识障碍,痴呆
晕厥,耳鸣
遗传性共济失调,视神经萎缩
遗传性共济失调,上睑下垂
运动神经元病,吞咽困难
运动神经元病,肌肉萎缩
运动神经元病,瘫痪
晕动病,眼球震颤
晕动病,眩晕
压迫性视神经病变,视神经萎缩
压迫性视神经病变,球后视神经炎
中枢神经兴奋药中毒,呼吸衰竭
中枢神经兴奋药中毒,昏迷
镇静、安定、催眠药中毒,昏迷
镇静、安定、催眠药中毒,眩晕
镇静、安定、催眠药中毒,共济失调
直立性低血压,低血压
重症肌无力危象,肌肉萎缩
蛛网膜炎,眼球震颤
蛛网膜炎,耳鸣
蛛网膜炎,耳聋
蛛网膜炎,眩晕
蛛网膜炎,共济失调
周围神经病损,肌肉萎缩
周围神经病损,植物神经功能障碍
ADH分泌过多综合征,昏迷
ADH分泌过多综合征,低钠血症
闭经,运动性闭经
垂体瘤,闭经
垂体危象与垂体卒中,脱水
垂体危象与垂体卒中,体温过低
垂体前叶机能减退症,昏迷
垂体前叶机能减退症,低血糖症
单纯性甲状腺肿,吞咽困难
多囊卵巢综合征,闭经
多囊卵巢综合征,痛经
多囊卵巢综合征,流产
多发性内分泌肿瘤综合征Ⅰ型,消化性溃疡
代谢性碱中毒,昏迷
代谢性酸中毒,腹痛
代谢性酸中毒,腹泻
代谢性酸中毒,肾功能衰竭
代谢性酸中毒,心动过缓
代谢性酸中毒,心力衰竭
儿童睡眠障碍,夜惊
儿童睡眠障碍,梦游症
儿童睡眠障碍,病理性REM睡眠
儿童睡眠障碍,磨牙
高渗性非酮症性糖尿病昏迷,昏迷
高渗性非酮症性糖尿病昏迷,意识障碍
高渗性非酮症性糖尿病昏迷,脱水
高血脂,动脉粥样硬化
Graves病,多汗症
呼吸性碱中毒,代谢性碱中毒
呼吸性碱中毒,呼吸性碱中毒
呼吸性酸中毒,呼吸衰竭
呼吸性酸中毒,昏迷
呼吸性酸中毒,代谢性碱中毒
呼吸性酸中毒,代谢性酸中毒
甲状腺功能减退,心绞痛
甲状腺功能减退,便秘
甲状腺功能减退,肾功能衰竭
甲状腺功能减退,共济失调
继发性肾上腺功能不足,腹泻
继发性肾上腺功能不足,肾上腺危象
继发性肾上腺功能不足,低血压
继发性肾上腺功能不足,腹胀
急性乳腺炎,脓肿
急性乳腺炎,乳头皲裂
假性甲状旁腺功能减退症,昏迷
假性甲状旁腺功能减退症,骨质疏松
假性甲状旁腺功能减退症,低钙血症
假性甲状旁腺功能减退症,呃逆
继发性甲状旁腺功能亢进症,代谢性酸中毒
继发性甲状旁腺功能亢进症,肾功能衰竭
继发性甲状旁腺功能亢进症,低钙血症
继发性甲状旁腺功能亢进症,甲状旁腺功能亢进
脚气病,便秘
脚气病,腹痛
脚气病,腹泻
脚气病,多发性神经炎
巨人症及肢端肥大症,闭经
巨人症及肢端肥大症,骨质疏松
颈部淋巴结结核,脓肿
颈部淋巴结结核,淋巴结结核
库欣综合征,闭经
库欣综合征,骨质疏松
库欣综合征,肌肉萎缩
慢性淋巴细胞性甲状腺炎,吞咽困难
泌乳素瘤,闭经
泌乳素瘤,骨质疏松
内分泌性眼球突出,角膜炎
内分泌性眼球突出,角膜溃疡
气管支气管异物,咯血
气管支气管异物,脓肿
雀斑,雀斑
乳腺增生,乳房疼痛
乳腺增生,乳房肿块
乳腺增生,乳头溢液
乳腺癌,乳房肿块
乳腺癌,乳头溢液
乳腺癌,乳头内陷
乳溢,库欣综合征
乳头状囊腺癌,乳房肿块
肾上腺危象,腹痛
肾上腺危象,昏迷
松果体瘤,痴呆
松果体瘤,共济失调
嗜铬细胞瘤,休克
嗜铬细胞瘤,心律失常
糖尿病乳酸性酸中毒,休克
糖尿病乳酸性酸中毒,腹泻
糖尿病乳酸性酸中毒,意识障碍
糖尿病酮症酸中毒,腹痛
糖尿病酮症酸中毒,昏迷
糖尿病足,脓肿
维生素C缺乏病,鼻出血
维生素C缺乏病,便血
维生素D中毒症,便秘
维生素D中毒症,腹泻
维生素D中毒症,昏迷
维生素E缺乏病,溶血性贫血
维生素E缺乏病,共济失调
外科淋巴管瘤,舌炎
新生儿低血糖症与高血糖症,休克
新生儿低血糖症与高血糖症,昏迷
新生儿低血糖症与高血糖症,低血糖症
新生儿低血糖症与高血糖症,脱水
新生儿低血糖症与高血糖症,颅内出血
涎瘘,涎瘘
胸腺瘤,腹泻
血卟啉病,便秘
血卟啉病,腹痛
血卟啉病,角膜炎
血卟啉病,低血压
下丘脑疾病,男性性早熟
性变态,露阴癖
性变态,异性装扮癖
腺样囊性癌,上睑下垂
原发性醛固酮增多症,腹泻
原发性醛固酮增多症,代谢性碱中毒
原发性醛固酮增多症,吞咽困难
原发性醛固酮增多症,耳鸣
原发性醛固酮增多症,蛋白尿
c胰岛功能性β细胞瘤,低血糖症
胰岛素瘤,腹泻
胰岛素瘤,昏迷
胰岛素瘤,低血糖症
原发性甲状旁腺功能亢进症,便秘
原发性甲状旁腺功能亢进症,甲状旁腺功能亢进
溢乳闭经综合征,闭经
白细胞减少症和粒细胞缺乏症,剥脱性皮炎
白血病,昏迷
白血病,脾大
出血性疾病,腹痛
出血性疾病,血管痣
单纯红细胞再障性贫血,溶血性贫血
低钙血症和低镁血症,低钙血症
低钙血症和低镁血症,低镁血症
低钙血症和低镁血症,谵妄
地中海贫血,骨质疏松
多发性骨髓瘤,骨质疏松
多发性骨髓瘤,心脏淤积淀粉样物质
恶性组织细胞病,便血
非酮症高血糖-高渗性昏迷,昏迷
复合型酸碱失衡,休克
复合型酸碱失衡,呼吸性碱中毒
复合型酸碱失衡,呼吸性酸中毒
复合型酸碱失衡,肾功能衰竭
复合型酸碱失衡,腹水
骨髓增生异常综合征,鼻出血
骨髓增生异常综合征,颅内出血
过敏性紫癜,腹痛
过敏性紫癜,腹泻
过敏性紫癜,蛋白尿
过敏性紫癜,便血
过敏性紫癜,谵妄
何杰金病,腹痛
获得性血小板功能障碍,疱疹
化脓性骨髓炎,脓肿
霍奇金淋巴瘤,腹痛
霍奇金淋巴瘤,疱疹
菌血症,休克
菌血症,腹痛
菌血症,腹泻
菌血症,脓肿
菌血症,低血压
菌血症,菌血症
巨球蛋白血症,慢性肾功能不全
急性白血病,剥脱性皮炎
巨幼细胞性贫血,末梢神经炎
巨幼细胞性贫血,精神障碍
巨幼细胞性贫血,共济失调
急性淋巴细胞性白血病,颅内出血
急性淋巴细胞性白血病,截瘫
急性淋巴细胞性白血病,便血
淋巴细胞减少症,口腔溃疡
淋巴细胞减少症,湿疹
淋巴细胞减少症,脱发
镰状细胞病,腹痛
镰状细胞病,血尿
镰状细胞病,昏迷
镰状细胞病,脱水
镰状细胞病,瘫痪
类白血病反应,休克
粒细胞缺乏症,昏迷
粒细胞缺乏症,意识障碍
粒细胞缺乏症,咳嗽
粒细胞缺乏症,剥脱性皮炎
绿色瘤,眼球突出
镁过多症,昏迷
镁缺乏症,心律失常
镁缺乏症,低钾血症
镁缺乏症,低镁血症
弥散性血管内凝血,咯血
弥散性血管内凝血,腹痛
弥散性血管内凝血,昏迷
慢性淋巴细胞性白血病,腹泻
慢性淋巴细胞性白血病,蛋白尿
慢性淋巴细胞性白血病,腹胀
尿道上裂,尿失禁
充血性脾肿大,消化不良
充血性脾肿大,腹水
贫血,闭经
贫血,耳鸣
破伤风,昏迷
葡萄糖-6-磷酸脱氢酶缺乏症,腹痛
葡萄糖-6-磷酸脱氢酶缺乏症,肾功能衰竭
缺铁性贫血,晕厥
缺铁性贫血,吞咽困难
缺铁性贫血,耳鸣
缺铁性贫血,心力衰竭
溶血过度所致贫血,晕厥
溶血过度所致贫血,蛋白尿
溶血性贫血,脾功能亢进
溶血性贫血,肾功能衰竭
失血性休克,休克
特发性血小板减少性紫癜,休克
特发性血小板减少性紫癜,鼻出血
特发性血小板减少性紫癜,脾大
铁利用性贫血,舌炎
铁利用性贫血,营养不良
维生素K缺乏病,鼻出血
维生素K缺乏病,颅内出血
维生素B12缺乏所致贫血,营养不良
小儿过敏性紫瘢,腹痛
小儿过敏性紫瘢,腹泻
小儿过敏性紫瘢,血尿
血栓性血小板减少性紫癜,腹痛
血栓性血小板减少性紫癜,鼻出血
血栓性血小板减少性紫癜,蛋白尿
血栓性血小板减少性紫癜,猝死
血小板减少症,鼻出血
血友病,腹痛
血友病,血尿
血友病,肌肉萎缩
新生儿败血症,腹泻
新生儿败血症,败血症
新生儿败血症,细菌感染
血管性血友病,产后出血
血管性血友病,颅内出血
叶酸缺乏所致贫血,营养不良
遗传性出血性毛细血管扩张症,血尿
遗传性出血性毛细血管扩张症,心力衰竭
营养性巨幼红细胞性贫血,腹泻
营养性巨幼红细胞性贫血,营养不良
原发性血小板减少性紫瘢,血瘀体质
原发性血小板增多症,失眠
异常血红蛋白病,腹泻
中性白(粒)细胞减少症,败血症
组织细胞增殖症,细菌感染
再生障碍性贫血,贫血
自身免疫性溶血性贫血,蛋白尿
真性红细胞增多症,鼻出血
阵发性睡眠性血红蛋白尿,蛋白尿
白塞综合征,腹痛
白塞综合征,腹泻
白塞综合征,共济失调
迟发性低丙球血症,吸收不良综合征
大骨节病,膝内翻
淀粉样变病,肾病综合征
淀粉样变病,血尿
淀粉样变病,蛋白尿
肥大细胞增多症,腹痛
肥大细胞增多症,腹泻
肥大细胞增多症,鼻出血
肥大细胞增多症,低血压
红斑狼疮,腹胀
混合结缔组织病,吞咽困难
混合结缔组织病,网状青斑
碱性磷酸钙结晶沉积病,甲状旁腺功能亢进
巨细胞动脉炎,耳鸣
巨细胞动脉炎,眩晕
巨细胞动脉炎,失眠
结节性多动脉炎,腹痛
结节性多动脉炎,蛋白尿
结节性多动脉炎,便血
结节性脂膜炎,蛋白尿
结节性脂膜炎,败血症
结节性脂膜炎,腹胀
结节病,角膜炎
结节病,冻疮
肩关节结核,骨质疏松
肩关节结核,脓肿
慢性皮肤粘膜念珠菌病,甲营养不良
慢性皮肤粘膜念珠菌病,脱发
慢性肉芽肿病,腹泻
慢性肉芽肿病,脑脓肿
慢性肉芽肿病,湿疹
强直性脊柱炎,坐骨神经痛
强直性脊柱炎,截瘫
强直性脊柱炎,蛋白尿
气性坏疽,坏死性筋膜炎
Reiter综合征,腹泻
Reiter综合征,口腔溃疡
Reiter综合征,脓肿
Reiter综合征,骨膜炎
软组织肿瘤,低血糖症
软组织肿瘤,腹水
食物变应性和不耐受性,腹泻
物理性变应性,休克
小儿风湿热,类风湿关节炎
小儿风湿热,肋间神经痛
先天性胸腺发育不全,低钙血症
血清病,腹痛
选择性IgA缺乏症,腹泻
选择性IgA缺乏症,吸收不良综合征
新生儿皮下坏疽,腹泻
新生儿皮下坏疽,肾功能衰竭
新生儿皮下坏疽,脱水
原发性免疫缺陷病,口腔溃疡
原发性免疫缺陷病,共济失调
遗传性补体缺陷病,细菌感染
遗传性血管性水肿,腹痛
遗传性血管性水肿,腹泻
遗传性血管性水肿,腹胀
药物过敏,药疹
药物过敏,剥脱性皮炎
药物过敏,色素斑
严重联合免疫缺陷病,腹泻
Ⅰ型超敏反应性疾病,疱疹
Ⅰ型超敏反应性疾病,湿疹
硬皮病,腹痛
硬皮病,腹泻
硬皮病,蛋白尿
重叠综合征,溶血性贫血
创伤性窒息,休克
创伤性窒息,昏迷
创伤性气胸,休克
动脉硬化性闭塞症,肌肉萎缩
肺栓塞和肺梗死,肺栓塞
肺栓塞和肺梗死,咯血
肺栓塞和肺梗死,肺不张
肺错构瘤,咯血
肺爆震伤,休克
肺爆震伤,肺不张
肺包虫病,脓胸
感染性肋软骨炎,脓肿
膈肌膨出,消化不良
鸡胸,胸廓畸形
矫正型大动脉错位,心律失常
矫正型大动脉错位,心力衰竭
继发性纵隔感染,休克
局限型间皮瘤,胸腔积液
急性脓胸,胸腔积液
肋骨骨折,休克
肋骨骨折,血胸
肋骨骨折,传导性腹痛
联合瓣膜病变,心绞痛
联合瓣膜病变,腹水
漏斗胸,心律失常
漏斗胸,胸腔积液
漏斗胸,心肌缺血
漏斗胸,胸廓畸形
漏斗胸,脊柱侧弯
慢性支气管炎,化学性支气管炎
慢性缩窄性心包炎,腹水
慢性心功能不全,心包积液
慢性心功能不全,腹水
慢性心功能不全,心力衰竭
慢性心包炎,缩窄性心包炎
慢性心包炎,腹水
慢性心力衰竭,咯血
梅毒性心血管病,动脉导管未闭
梅毒性心血管病,动脉粥样硬化
梅毒性心血管病,肺不张
梅毒性心血管病,呃逆
梅毒性心血管病,猝死
慢性脓胸,脓肿
慢性脓胸,脊柱侧弯
乳头肌功能不全,休克
乳头肌功能不全,心绞痛
食管裂孔疝,呃逆
缩窄性心包炎,脾功能亢进
缩窄性心包炎,腹水
外伤性乳糜胸,脱水
外伤性乳糜胸,乳糜胸
心脏穿透伤,低血压
胸骨骨折,胸骨裂
限制型心脏病,心包积液
限制型心脏病,腹痛
限制型心脏病,腹水
限制型心脏病,腹胀
胸廓出口综合征,腕管综合征
胸廓出口综合征,静脉曲张
先天性膈疝,便秘
先天性膈疝,腹痛
先天性膈疝,便血
先天性膈疝,腹胀
心性猝死综合征,猝死
原发性心脏肿瘤,咯血
原发性心脏肿瘤,三尖瓣狭窄
原发性心脏肿瘤,心力衰竭
右心室双出口,心力衰竭
永存动脉干,心力衰竭
原发性纵隔肿瘤,咯血
原发性纵隔肿瘤,心包积液
转移性胸膜肿瘤,肺栓塞
转移性胸膜肿瘤,咯血
转移性胸膜肿瘤,胸腔积液
搏动性眼球突出症,静脉曲张
搏动性眼球突出症,角膜炎
搏动性眼球突出症,结膜充血
创伤性枢椎前滑脱,截瘫
侧脑室肿瘤,昏迷
侧脑室肿瘤,脑疝
侧脑室肿瘤,脑积水
侧脑室肿瘤,精神障碍
第四脑室肿瘤,昏迷
第四脑室肿瘤,脑疝
第四脑室肿瘤,呃逆
多发性颅内血肿,昏迷
多发性颅内血肿,意识障碍
蝶窦恶性肿瘤,鳞状细胞癌
蝶窦恶性肿瘤,上睑下垂
蝶窦恶性肿瘤,眼球突出
额叶肿瘤,痴呆
额叶肿瘤,共济失调
耳源性脑积水,脑积水
耳内脑膜脑疝,脑脓肿
耳内脑膜脑疝,脑疝
耳内脑膜脑疝,脑膜炎
高血压性脑出血,意识障碍
高血压性脑出血,脱水
高血压脑病,昏迷
高血压脑病,意识障碍
高血压脑病,脱水
高血压脑病,继发性高血压
系统性红斑狼疮,蛋白尿
颈椎骨折脱位,颈椎骨折脱位
颈椎管狭窄症,便秘
颈椎管狭窄症,肌肉萎缩
颈椎过伸性损伤,瘫痪
颈椎后脱位,颈肩痛
颈椎后纵韧带骨化症,便秘
颈椎后纵韧带骨化症,腹胀
颈椎结核,截瘫
颈椎椎弓裂,脊柱裂
颈椎椎弓裂,吞咽困难
颈椎椎弓裂,颈肩痛
基底节血肿,意识障碍
急性单纯疱疹病毒性脑炎,腹痛
急性单纯疱疹病毒性脑炎,腹泻
急性单纯疱疹病毒性脑炎,昏迷
急性单纯疱疹病毒性脑炎,口唇疱疹
急性单纯疱疹病毒性脑炎,共济失调
肌营养不良症,肌肉萎缩
急性硬脑膜外血肿,昏迷
急性硬脑膜外血肿,脑疝
急性硬脑膜外血肿,瘫痪
急性硬脑膜外血肿,共济失调
急性和亚急性硬脑膜下血肿,昏迷
急性和亚急性硬脑膜下血肿,意识障碍
急性和亚急性硬脑膜下血肿,脑疝
急性及亚急性脑内血肿,意识障碍
急性及亚急性脑内血肿,脑疝
脊髓小脑变性症,吞咽困难
脊髓小脑变性症,共济失调
颅骨骨髓炎,脑脓肿
颅骨骨髓炎,脑膜炎
颅底骨折,鼻出血
颅底骨折,吞咽困难
颅底骨折,脑脊液鼻漏
颅内动脉瘤,精神障碍
颅内动脉瘤,嗅觉障碍
颅内动脉瘤,智能障碍
颅内低压性头痛,眩晕
颅内转移瘤,痴呆
颅内转移瘤,眩晕
慢性硬脑膜外血肿,昏迷
慢性硬脑膜外血肿,意识障碍
慢性硬脑膜外血肿,脑疝
脑室炎,昏迷
脑室炎,脑脓肿
脑室炎,脑疝
脑室炎,脑膜炎
脑室炎,脑积水
脑囊虫病,共济失调
脑疝,神经性呕吐
脑疝,昏迷
脑蛛网膜下腔出血,便秘
脑震荡,昏迷
脑震荡,耳鸣
脑血栓形成,吞咽困难
脑损伤后综合征,痛经
脑损伤后综合征,眩晕
脑损伤后综合征,失眠
脑室内出血,意识障碍
脑脊液漏,脑脊液鼻漏
脑挫裂伤,昏迷
脑挫裂伤,低血压
脑积水,眼球震颤
脑积水,嗅觉障碍
脑积水,智能障碍
脑结核瘤,共济失调
脑膜瘤,脑积水
脑膜瘤,球后视神经炎
脑膜瘤,眼球突出
迁延性昏迷,昏迷
迁延性昏迷,磨牙
丘脑下部损伤,休克
丘脑下部损伤,低血压
丘脑下部损伤,睡眠障碍
上皮样囊肿,脑膜炎
上皮样囊肿,脑脊液鼻漏
神经胶质瘤,视神经萎缩
散发性脑炎,腹泻
散发性脑炎,精神障碍
散发性脑炎,共济失调
听神经鞘瘤,耳鸣
听神经鞘瘤,耳聋
外伤性颈内动脉海绵窦瘘,昏迷
外伤性颈内动脉海绵窦瘘,视神经萎缩
外伤性颈内动脉海绵窦瘘,眼球突出
外伤性颈内动脉海绵窦瘘,鼻出血
外伤性颈内动脉海绵窦瘘,角膜溃疡
外伤性颈内动脉海绵窦瘘,失眠
外伤后脑脂肪栓塞,咯血
外伤后脑脂肪栓塞,昏迷
外伤后脑脂肪栓塞,意识障碍
外伤后脑膨出,颅内出血
外伤后颅内积气,脑疝
外伤后颅内积气,脑脊液鼻漏
外伤后低颅压综合征,昏迷
外伤后低颅压综合征,意识障碍
外伤后低颅压综合征,眩晕
外伤后头痛,紧张性头痛
外伤后头痛,头痛
外伤后头痛,耳鸣
外伤后头痛,失眠
先天性脑积水,脑积水
先天性脑积水,眼球震颤
新生儿颅内出血,呼吸衰竭
新生儿颅内出血,昏迷
小脑扁桃体疝,眼球震颤
小脑扁桃体疝,吞咽困难
小脑扁桃体疝,耳鸣
先天性肿瘤,脑积水
先天性肿瘤,耳鸣
先天性肿瘤,共济失调
硬脑膜下血肿,昏迷
硬脑膜下血肿,意识障碍
硬脑膜下血肿,脑疝
中风,眼球震颤
中风,偏瘫
中风,眩晕
周围神经损伤,肌肉萎缩
胆囊癌,胆结石
胆囊癌,胆囊结石
胆囊癌,胆总管结石
胆囊腺肌增生病,腹痛
胆囊腺肌增生病,腹水
胆结石,腹痛
胆结石,肝纤维化
胆结石,消化不良
胆管扩张症,腹痛
胆管扩张症,肝纤维化
胆管扩张症,腹部肿块
胆管结石与胆管炎,腹痛
胆道蛔虫病,腹痛
胆道出血,上消化道出血
胆道出血,便血
乏特壶腹周围癌,休克
乏特壶腹周围癌,腹痛
乏特壶腹周围癌,腹泻
肝棘球蚴病,腹痛
肝棘球蚴病,腹水
肝性血卟啉病综合征,便秘
肝性血卟啉病综合征,腹痛
肝性血卟啉病综合征,急腹症
肝内胆管结石,上消化道出血
肝内胆管结石,腹水
肝内胆管结石,胆总管结石
肝包虫病,腹痛
肝包虫病,腹部肿块
肝包虫病,腹水
肝包虫病,腹胀
环状胰腺,腹痛
环状胰腺,脱水
急性出血坏死型胰腺炎,腹部肿块
溃疡病急性穿孔,休克
溃疡病急性穿孔,便秘
溃疡病急性穿孔,腹痛
溃疡病急性穿孔,腹膜炎
溃疡病急性穿孔,腹胀
慢性胆囊炎,消化不良
慢性胆管炎,腹痛
门静脉高压症,上消化道出血
门静脉高压症,腹水
生长激素释放抑制素瘤,腹痛
生长激素释放抑制素瘤,腹泻
生长激素释放抑制素瘤,消化不良
胰腺癌,便秘
胰腺囊腺癌,腹痛
胰腺囊腺癌,消化不良
胰腺囊腺癌,腹部肿块
原发性硬化性胆管炎,胆汁性肝硬化
原发性硬化性胆管炎,腹痛
原发性硬化性胆管炎,腹水
原发性硬化性胆管炎,胆总管结石
异位胰腺,肠套叠
胰腺外伤,休克
胰腺外伤,小肠损伤
胰腺囊肿,便秘
胰腺囊肿,腹痛
胰腺囊肿,腹膜炎
胰腺囊肿,上消化道出血
胰腺囊肿,腹水
胰腺囊肿,腹胀
胰腺脓肿,腹痛
胰腺脓肿,脓肿
胰腺脓肿,肺不张
胰腺脓肿,败血症
胰腺瘘,腹痛
胰腺瘘,腹胀
胰腺多肽瘤,腹痛
胰石症,腹痛
胰石症,腹胀
胰岛细胞类癌,休克
胰岛细胞类癌,腹痛
胰岛细胞类癌,腹泻
胰岛细胞类癌,腹胀
非细菌性前列腺炎,前列腺钙化
梗阻性肾病,腹部肿块
梗阻性肾病,腹水
后尿道瓣膜,血尿
后尿道瓣膜,脱水
后尿道瓣膜,腹水
后尿道瓣膜,遗尿
结核性膀胱挛缩,尿失禁
结核性膀胱挛缩,血尿
结核性膀胱挛缩,膀胱结核
结核性膀胱自发破裂,腹痛
结核性膀胱自发破裂,腹膜炎
结核性膀胱自发破裂,血尿
结核性膀胱自发破裂,急腹症
结核性膀胱自发破裂,腹水
结核性膀胱自发破裂,膀胱结核
急性膀胱炎,尿失禁
急性膀胱炎,血尿
急性膀胱炎,前列腺增生
精索静脉曲张,腹痛
精索静脉曲张,血尿
精索静脉曲张,精索静脉曲张
尿路梗阻,前列腺增生
尿瘘,尿失禁
尿道创伤,休克
尿道狭窄,尿失禁
尿道狭窄,尿道结石
尿道损伤,休克
男性尿道癌,血尿
女性尿道癌,尿失禁
女性尿道癌,血尿
女性尿道癌,脓肿
膀胱损伤,腹痛
膀胱损伤,腹膜炎
膀胱损伤,血尿
膀胱损伤,尿瘘
膀胱损伤,腹水
膀胱结石,尿道结石
膀胱外翻,湿疹
前列腺增生,血尿
前列腺增生,前列腺增生
前列腺癌,尿失禁
前列腺癌,血尿
前列腺癌,前列腺增生
射精功能障碍,遗精
肾损伤,血尿
输尿管结石,腹泻
肾创伤,休克
肾创伤,血尿
肾上腺髓质功能亢进,休克
肾皮质髓质脓肿,腹痛
肾皮质脓肿,腹痛
肾周脓肿,胸腔积液
肾周脓肿,肺不张
肾盂癌,血尿
肾胚胎瘤,腹痛
肾胚胎瘤,腹胀
肾盂肿瘤和输尿管肿瘤,血尿
隐睾,腹痛
遗精,耳鸣
遗精,失眠
I型肾小管性酸中毒,心律失常
I型肾小管性酸中毒,骨质疏松
I型肾小管性酸中毒,脱水
白线疝,腹痛
成人脐疝,消化不良
成人脐疝,腹水
穿腹膜疝,休克
穿腹膜疝,腹痛
儿童遗粪症,大便失禁
腹膜后血肿,休克
腹膜后血肿,腹痛
腹内疝,休克
腹内疝,腹痛
腹股沟斜疝,便秘
肛窦炎,便血
肛瘘,老年大便失禁
肛门瘙痒症,便秘
肛门失禁,腹泻
肛乳头炎,便血
肛裂,便秘
肛裂,便血
肛裂,肛裂
肛周湿疹,细菌感染
孤立性直肠溃疡综合征,便秘
孤立性直肠溃疡综合征,腹泻
孤立性直肠溃疡综合征,便血
会阴裂伤,大便失禁
结肠过敏症,便秘
结肠过敏症,腹痛
结肠过敏症,腹泻
急性出血性坏死性小肠炎,休克
急性出血性坏死性小肠炎,腹泻
急性出血性坏死性小肠炎,代谢性酸中毒
结肠脂肪瘤,肠套叠
结肠脂肪瘤,腹痛
结肠脂肪瘤,便血
溃疡病大出血,休克
溃疡病大出血,腹痛
溃疡病大出血,眩晕
蓝氏贾第鞭毛虫病,腹痛
蓝氏贾第鞭毛虫病,腹泻
蓝氏贾第鞭毛虫病,腹胀
盲肠肉芽肿,腹痛
盲肠肉芽肿,腹泻
盲肠肉芽肿,盲肠阿米巴肉芽肿
内痔,便血
内痔,痔核
蛲虫病,腹痛
蛲虫病,腹泻
蛲虫病,失眠
外痔,痔核
直肠息肉,便血
直肠癌,便秘
直肠癌,直肠重复畸形
痔疮,便秘
痔疮,便血
直肠内异物,便秘
直肠重复畸形,腹痛
直肠阴道瘘,便秘
直肠阴道瘘,腹痛
直肠前突,便秘
直肠前突,便血
变形性骨炎,静脉曲张
变形性骨炎,截瘫
剥脱性骨软骨炎,肌肉萎缩
鼻骨骨折,鼻出血
鼻骨骨折,脑脊液鼻漏
成骨不全,骨质疏松
成骨不全,扁平足
成骨不全,耳硬化症
成骨不全,耳聋
成骨不全,脊柱侧弯
尺骨上1/3骨折合并桡骨头脱位,肘关节脱位
脆弱性骨硬化,肢骨纹状肥大
尺骨鹰嘴骨折,粉碎性骨折
尺骨鹰嘴骨折,撕脱骨折
动脉瘤样骨囊肿,截瘫
断指再植,脱水
多发性骨骺发育异常,膝内翻
骶髂关节扭伤,休克
Friedreich共济失调症,共济失调
骨肉瘤,咯血
骨肉瘤,骨囊肿
骨折,休克
感染性关节炎,细菌感染
肱骨内髁骨折,肘关节脱位
肱骨外髁骨折,肘关节脱位
佝偻病,胸廓畸形
股骨干骨折,休克
股骨干骨折,髋关节脱位
股骨干骨折,粉碎性骨折
骨硬化病,眼球震颤
骨硬化病,斜视
骨硬化病,颅内出血
骨硬化病,耳聋
骨囊肿,骨囊肿
骨盆骨折,腹痛
骨盆骨折,腹胀
骨纤维异常增殖症,眼球突出
骨纤维异常增殖症,传导性耳聋
肱骨小头骨折,粉碎性骨折
骨干续连症,膝内翻
骨干续连症,截瘫
骨与关节结核,截瘫
骨与关节结核,肌肉萎缩
股骨大粗隆结核,肌肉萎缩
肱骨内上髁骨折,肘关节脱位
肱骨内上髁骨折,撕脱骨折
骨包囊虫病,截瘫
骨包囊虫病,肌肉萎缩
骨样骨瘤,肌肉萎缩
骨样骨瘤,脊柱侧弯
骨髓炎,细菌感染
骨与关节梅毒,骨质疏松
骨与关节梅毒,骨膜炎
骨旁骨肉瘤,骨膜炎
骨雅司病,骨膜炎
股骨髁骨折,髋关节脱位
高弓足,鸡眼
股骨头坏死,骨质疏松
股骨头坏死,肌肉萎缩
颌骨骨折,粉碎性骨折
寰枢椎旋转脱位固定,痉挛性斜颈
颌骨造釉细胞瘤,磨牙
踝关节扭伤,撕脱骨折
滑囊炎,肌肉萎缩
横纹肌肉瘤,眼球突出
横纹肌肉瘤,嗅觉障碍
褐黄病性关节炎,前列腺结石
踝扭伤,足外翻
踝扭伤,撕脱骨折
间充质软骨肉瘤,骨膜炎
局限性骨脓肿,脓肿
肩-手综合征,骨质疏松
肩-手综合征,肌肉萎缩
脊椎结核并发截瘫,截瘫
脊柱、脊髓损伤,便秘
脊柱、脊髓损伤,腹痛
脊柱、脊髓损伤,尿失禁
脊髓空洞症,眼球震颤
脊髓空洞症,角膜炎
脊髓空洞症,截瘫
脊髓空洞症,眩晕
急性血源性骨髓炎,谵妄
畸形性骨炎,骨质疏松
畸形性骨炎,脑积水
畸形性骨炎,耳聋
畸形性骨炎,心力衰竭
肌萎缩侧索硬化症,吞咽困难
肌萎缩侧索硬化症,肌肉萎缩
急性腰扭伤,脊柱侧弯
脊髓肿瘤,脊髓半切综合征
肌张力异常,痉挛性斜颈
肌张力异常,锥体外系损害
肌张力异常,扭转痉挛
痉挛性斜颈,书写痉挛
脊髓灰质炎,腹痛
脊髓灰质炎,腹泻
脊髓灰质炎,脑膜炎
胫骨内髁骨软骨病,膝内翻
进行性脊髓性肌萎缩症,肌肉萎缩
进行性脊髓性肌萎缩症,脊髓性肌萎缩
进行性骨干发育不全,肌肉萎缩
进行性骨干发育不全,耳聋
甲状旁腺骨营养不良,腹痛
甲状旁腺骨营养不良,血尿
甲状旁腺骨营养不良,骨质疏松
甲状旁腺骨营养不良,消化不良
脊椎骨髓炎,腹痛
脊椎骨髓炎,棘突压痛
肌萎缩性侧索硬化,吞咽困难
肌萎缩性侧索硬化,肌肉萎缩
眶底骨折,眼球突出
肋锁综合征,颈肩痛
梨状肌综合征,睡眠障碍
Maffucci综合征,扁平足
Maffucci综合征,膝内翻
慢性化脓性骨髓炎,肌肉萎缩
难产,颅内出血
颞骨骨折,脑膜炎
颞骨骨折,上睑下垂
颞骨骨折,耳聋
颞下颌关节脱位,吞咽困难
缺血性坏死,肌肉萎缩
软骨肉瘤,骨囊肿
锁骨骨折,气胸
枢椎齿状突骨折,截瘫
神经卡压综合征,类风湿关节炎
神经卡压综合征,肌肉萎缩
神经卡压综合征,瘫痪
伸指肌腱损伤,指节垫
色素绒毛结节性滑膜炎,肌肉萎缩
同型胱氨酸尿症,骨质疏松
同型胱氨酸尿症,脊柱侧弯
听小骨创伤,传导性耳聋
特发性脊柱侧凸,骨质疏松
维生素D缺乏性佝偻病,膝内翻
维生素D缺乏性佝偻病,脱发
维生素D缺乏性佝偻病,夜惊
维生素D缺乏性佝偻病,胸廓畸形
维生素D缺乏性佝偻病,脊柱侧弯
无脊髓损伤的颈椎骨折脱位,颈椎骨折脱位
腕管综合征,肌肉萎缩
腕关节结核,骨质疏松
先天性肘关节融合,肌肉萎缩
先天性仰趾外翻足,足外翻
先天性马蹄内翻足,脊柱裂
先天性马蹄内翻足,肌肉萎缩
先天性胫骨假关节,色素斑
先天性脊柱侧凸,消化不良
先天性脊柱侧凸,胸廓畸形
先天性高肩胛症,胸廓畸形
膝关节结核,肌肉萎缩
膝关节结核,淋巴结结核
胸椎结核椎旁脓肿穿入胸腔,胸腔积液
胸椎结核椎旁脓肿穿入胸腔,脓肿
胸椎结核椎旁脓肿穿入胸腔,截瘫
先天性颅锁骨发育不全,发育性骨盆异常
下背部痛,骨质疏松
纤维肌痛症,失眠
先天性椎体畸形,脊柱侧弯
先天性外展性髋挛缩,髋关节脱位
先天性颈椎齿状突畸形,痉挛性斜颈
先天性桡骨小头脱位,肘关节脱位
系统性红斑狼疮性关节炎,骨质疏松
系统性红斑狼疮性关节炎,溶血性贫血
系统性红斑狼疮性关节炎,病理性神经损伤
膝关节创伤性滑膜炎,膝内翻
膝关节半月板损伤,肌肉萎缩
月状骨骨软骨病,腕管综合征
眼眶击出性骨折,视神经萎缩
眼眶击出性骨折,眼球突出
眼眶击出性骨折,粉碎性骨折
眼眶击出性骨折,瘫痪
眼眶骨折,眼球突出
眼眶骨折,眼球内陷
坐骨神经痛,脊柱侧弯
椎管内结核肉芽肿,淋巴结结核
椎管内结核肉芽肿,瘫痪
肘关节结核,脓肿
跖骨、趾骨骨折,撕脱骨折
肘关节脱位,肘关节脱位
肢骨纹状肥大,足外翻
椎弓结核,脓肿
椎弓结核,截瘫
肘关节强直,肌肉萎缩
肘关节强直,肘管综合征
肘外翻,病理性神经损伤
闭合性脑外伤,休克
闭合性脑外伤,意识障碍
闭合性脑外伤,鼻出血
鼻窦创伤,鼻出血
鼻窦创伤,粉碎性骨折
鼻窦创伤,脑脊液鼻漏
鼻疖,败血症
鼻窦气压性创伤,气压伤
爆震性耳聋,昏迷
爆震性耳聋,耳鸣
爆震性耳聋,耳聋
尺神经损伤,病理性神经损伤
创伤性鼻中隔穿孔,鼻出血
创伤性鼻中隔穿孔,嗅觉障碍
创伤性鼻出血,鼻出血
创伤性鼻出血,鼻中隔穿孔
电击伤,蛋白尿
电击伤,耳聋
非冻结性冷伤,冻疮
腹部创伤,腹痛
鼓膜外伤,耳鸣
鼓膜外伤,耳聋
鼓膜外伤,眩晕
喉部创伤,咯血
喉部创伤,骨膜炎
急性失血所致贫血,休克
急性单纯外伤性腰腿痛,坐骨神经痛
晶体脱位,角膜溃疡
开放性脑外伤,昏迷
开放性脑外伤,意识障碍
开放性脑外伤,精神障碍
开放性脑外伤,颅内出血
开放性手外伤,细菌感染
气压创伤性中耳炎,耳鸣
气压创伤性中耳炎,气压伤
强酸类中毒,便秘
强酸类中毒,腹痛
强酸类中毒,腹泻
强酸类中毒,昏迷
头皮感染,头皮血肿
头外伤,休克
头外伤,头皮血肿
头外伤,头皮撕脱伤
血胸,休克
咽部机械性创伤,咯血
咽部机械性创伤,休克
咽部机械性创伤,吞咽困难
咽喉部外伤,休克
咽喉部外伤,吞咽困难
咽喉部外伤,瘫痪
冻僵,昏迷
化学烧伤,心律失常
化学烧伤,昏迷
应激性溃疡,腹膜炎
应激性溃疡,上消化道出血
应激性溃疡,消化性溃疡
应激性溃疡,肾功能衰竭
烧伤休克,昏迷
头皮及颅骨烧伤,心律失常
小儿烧伤,脱水
咽喉烧伤及化学伤,休克
咽喉烧伤及化学伤,脱水
眼烧伤,结膜充血
眼烧伤,烫伤
疖,脓肿
色素痣,湿疹
色素痣,色素斑
鼻血管瘤,鼻出血
急性动脉栓塞,腹痛
脑动静脉畸形,昏迷
脑动静脉畸形,脑积水
四肢血管损伤,休克
四肢血管损伤,低血压
血管网织细胞瘤,共济失调
血管网织细胞瘤,呃逆
血管肉瘤,静脉曲张
血管活性肠肽瘤,代谢性酸中毒
血管活性肠肽瘤,肾功能衰竭
血管活性肠肽瘤,脱水
血管活性肠肽瘤,肾结石
下肢深静脉血栓形成,静脉曲张
柏哲病,湿疹
柏哲病,乳头内陷
产褥期乳腺炎,丹毒
急性化脓性乳腺炎,脓肿
乳腺囊性增生症,乳房肿块
乳腺囊性增生症,乳头溢液
乳腺结核,脓肿
乳腺结核,乳房疼痛
乳腺结核,乳头内陷
鼻咽癌,鼻出血
鼻咽癌,耳鸣
鼻咽血管纤维瘤,鼻出血
恶性葡萄胎,休克
恶性葡萄胎,腹痛
耳部恶性肿瘤,耳鸣
颞叶肿瘤,耳鸣
颞叶肿瘤,共济失调
腹膜后肿瘤,腹痛
腹膜后肿瘤,腹水
腹膜后肿瘤,腹胀
非霍奇金淋巴瘤,腹痛
非炎性单纯性突眼,眼球突出
高泌乳素血症,闭经
宫颈癌,便秘
骨血管瘤,颈椎骨折脱位
骨血管瘤,截瘫
骨化性纤维瘤,眼球突出
骨瘤,眼球突出
睾丸肿瘤,咳嗽
颌面部神经纤维瘤,色素斑
颌面部淋巴管瘤,巨舌
基底细胞瘤,鳞状细胞癌
基底细胞瘤,湿疹
浆细胞瘤,淀粉样变性
浆细胞瘤,蛋白尿
脊索瘤,便秘
脊索瘤,坐骨神经痛
脊索瘤,截瘫
甲状腺癌,甲状腺结节
甲状腺癌,吞咽困难
颈部囊状淋巴管瘤,肌肉萎缩
卡波西肉瘤,骨质疏松
眶假瘤,眼球突出
眶假瘤,角膜炎
卵巢癌,腹水
卵巢癌,运动性闭经
卵巢癌,绝经
良性葡萄胎,休克
良性葡萄胎,腹痛
良性葡萄胎,闭经
良性葡萄胎,妊高征
良性葡萄胎,蛋白尿
良性葡萄胎,子痫
淋巴管瘤,舌炎
颅咽管瘤,鼻出血
颅咽管瘤,耳鸣
颅咽管瘤,低血压
淋巴水肿,静脉曲张
淋巴水肿,丹毒
弥漫性恶性间皮瘤,胸腔积液
弥漫型间皮瘤,胸腔积液
弥漫性血管内凝血,腹痛
弥漫性血管内凝血,腹泻
弥漫性血管内凝血,低血压
弥漫性血管内凝血,蛋白尿
粘液表皮样癌,涎瘘
粘液表皮样癌,磨牙
乳管内乳头状瘤,乳房肿块
乳管内乳头状瘤,乳头溢液
软腭癌,吞咽困难
绒毛膜癌,流产
舌癌,吞咽困难
筛窦恶性肿瘤,嗅觉障碍
视网膜母细胞瘤,视网膜脱离
视网膜母细胞瘤,斜视
纹状骨瘤,肢骨纹状肥大
外阴癌,外阴溃疡
外阴癌,外阴痛
小肠肿瘤,肠套叠
小肠肿瘤,肠痉挛
小肠肿瘤,便血
咽部脊索瘤,耳鸣
咽部脊索瘤,耳聋
咽部混合瘤,吞咽困难
原发性椎管内肿瘤,截瘫
原发性椎管内肿瘤,肌肉萎缩
原发性椎管内肿瘤,植物神经功能障碍
阴茎癌,尿瘘
尤文氏肉瘤,胸腔积液
阴道恶性肿瘤,便秘
眼眶肉瘤,视网膜脱离
眼眶肉瘤,上睑下垂
眼眶肉瘤,眼球突出
咽畸胎瘤,吞咽困难
中耳癌,耳聋
阿米巴性阴道炎,痢疾
女性不孕症,闭经
女性不孕症,痛经
女性不孕症,月经量少
处女膜闭锁,先天性无阴道
处女膜闭锁,阴道横隔
滴虫性阴道炎,血尿
滴虫性阴道炎,细菌感染
附件炎,腹痛
附件炎,慢性盆腔疼痛
非特异性阴道炎,外阴溃疡
宫外孕,腹痛
宫外孕,流产
功血,腹痛
功血,流产
更年期综合征,眩晕
更年期综合征,绝经
经前期综合征,腹泻
经前期综合征,痛经
经前期综合征,眩晕
经前期综合征,失眠
急性宫颈炎,急性宫颈炎
卵巢囊肿,胸腔积液
卵巢囊肿,腹痛
卵巢囊肿,腹部肿块
卵巢囊肿,腹水
卵巢破裂,休克
慢性宫颈炎,痛经
霉菌性外阴炎,性交疼痛
慢性子宫内膜炎,痛经
慢性子宫内膜炎,原发性痛经
慢性输卵管卵巢炎,腹痛
慢性输卵管卵巢炎,痛经
慢性输卵管卵巢炎,性交疼痛
慢性输卵管卵巢炎,脓肿
盆腔炎,卵巢囊肿
盆腔炎,痛经
盆腔炎,慢性盆腔疼痛
盆腔炎,输卵管粘连
盆腔炎,卵泡囊肿
盆腔淤血综合征,腹痛
盆腔腹膜炎,便秘
盆腔腹膜炎,腹膜炎
盆腔腹膜炎,腹泻
盆腔腹膜炎,昏迷
前庭大腺炎,外阴瘙痒
前庭大腺炎,外阴痛
妊娠合并糖尿病,昏迷
妊娠合并糖尿病,流产
妊娠期心脏病,肺栓塞
妊娠期心脏病,动脉导管未闭
妊娠期心脏病,心律失常
妊娠期心脏病,菌血症
妊娠期心脏病,心力衰竭
妊高征,昏迷
妊高征,蛋白尿
输卵管妊娠,休克
输卵管妊娠,晕厥
胎盘早剥,腹痛
痛经,腹痛
痛经,腹泻
外阴瘙痒,外阴痛
外阴白色病变,外阴瘙痒
外阴白色病变,湿疹
外阴炎,外阴瘙痒
外阴炎,外阴溃疡
外阴炎,湿疹
先天性无阴道,腹痛
先天性无阴道,闭经
性交疼痛,疱疹
性交疼痛,绝经
性交疼痛,子宫内膜异位
阴道痉挛,性交疼痛
阴道痉挛,子宫内膜异位
月经周期性精神病,休克
月经周期性精神病,意识障碍
阴道横隔,阴道横隔
阴道毛滴虫病,细菌感染
子宫肌瘤,痛经
子宫发育异常,腹痛
子宫发育异常,闭经
子宫发育异常,痛经
子宫发育异常,产后出血
子宫发育异常,原发性痛经
子宫内膜异位症,痛经
子宫息肉,月经不调
弓形虫病,胸腔积液
弓形虫病,腹痛
弓形虫病,昏迷
弓形虫病,心包炎
胎膜早破,胎膜早破
脐带脱垂,胎儿窘迫
妊娠合并病毒性肝炎,流产
妊娠合并病毒性肝炎,腹水
臀先露,产后出血
臀先露,胎膜早破
羊水栓塞,休克
羊水栓塞,昏迷
羊水栓塞,肾功能衰竭
子宫收缩过强,腹痛
子宫收缩乏力,脱水
早产,胎膜早破
早产儿,代谢性酸中毒
早产儿,脱水
早产儿,低血压
肠梨形鞭毛虫病,腹痛
肠梨形鞭毛虫病,腹泻
出血性休克和脑病综合征,休克
出血性休克和脑病综合征,昏迷
出血性休克和脑病综合征,低颅压综合征
多种抽动综合征,脑血管痉挛
鹅口疮,吞咽困难
小儿多动症,品行障碍
儿童抽动障碍,抽动障碍
儿童孤独症,孤独症
儿童急性良性肌炎,腹泻
儿童期情绪障碍,腹痛
儿童精神分裂症,精神障碍
儿童精神分裂症,孤独症
结节性硬化,视神经萎缩
巨细胞病毒感染症,末梢神经炎
巨细胞病毒感染症,疱疹
巨细胞病毒感染症,耳聋
朗格汉斯细胞组织细胞增生症,腹泻
朗格汉斯细胞组织细胞增生症,肝纤维化
朗格汉斯细胞组织细胞增生症,腹水
朗格汉斯细胞组织细胞增生症,共济失调
母儿血型不合溶血病,流产
乳汁吸入性肺炎,肺纤维化
水杨酸类中毒,呼吸衰竭
水杨酸类中毒,昏迷
水杨酸类中毒,蛋白尿
疝气,便秘
疝气,腹痛
维生素A中毒症,腹痛
维生素B6依赖综合征,腹泻
维生素B6依赖综合征,末梢神经炎
维生素B6依赖综合征,舌炎
维生素A缺乏病,痢疾
先天性全丙种球蛋白低下血症,脑膜炎
先天性全丙种球蛋白低下血症,细菌感染
小儿肥胖,遗传性肥胖
小儿缺铁性贫血,缺铁性贫血
小儿营养不良,便秘
小儿营养不良,肌肉萎缩
新生儿脓疱病,腹泻
新生儿脓疱病,脑膜炎
新生儿脓疱病,败血症
新生儿低钙血症,低钙血症
新生儿低钙血症,颅内出血
锌缺乏病,腹泻
锌缺乏病,口腔溃疡
锌缺乏病,精神障碍
锌缺乏病,脱发
新生儿肝炎,消化不良
小儿麻痹症,腹泻
小儿麻痹症,脑膜炎
先天性白内障,眼球震颤
异位急性阑尾炎,腹痛
婴儿手足搐搦症,猝死
婴幼儿腹泻,腹痛
婴幼儿腹泻,腹泻
婴幼儿腹泻,脱水
婴幼儿上颌骨骨髓炎,昏迷
幼年型类风湿病,心包积液
幼年型类风湿病,肌肉萎缩
婴儿肠痉挛,肠痉挛
牙体缺损,牙列拥挤
咽扁桃体肥大,耳鸣
婴儿猝死综合征,脑膜炎
婴儿猝死综合征,蛋白尿
婴儿猝死综合征,心动过缓
婴儿猝死综合征,猝死
早产儿视网膜病变,心动过缓
早产儿视网膜病变,色素斑
玻璃体猪囊虫病,视网膜脱离
白内障,先天性无虹膜
瘢痕性类天疱疮,角膜溃疡
玻璃体出血,视网膜脱离
包涵体性结膜炎,结膜充血
包涵体性结膜炎,角膜溃疡
春季性结膜炎,上睑下垂
春季性结膜炎,角膜炎
春季性结膜炎,结膜充血
春季卡他性结膜炎,角膜炎
春季卡他性结膜炎,结膜充血
蚕蚀性角膜溃疡,角膜溃疡
低眼压性青光眼,低血压
大泡性角膜病变,角膜溃疡
单纯疱疹病毒性角膜炎,疱疹
单纯疱疹病毒性角膜炎,角膜炎
单纯疱疹病毒性角膜炎,角膜溃疡
酚类中毒,休克
酚类中毒,腹痛
酚类中毒,腹泻
酚类中毒,昏迷
巩膜炎,上睑下垂
巩膜炎,眼球突出
共同性斜视,眼球震颤
共同性斜视,斜视
红外线伤,色素斑
化学性眼外伤,结膜充血
化学性眼外伤,角膜溃疡
化脓性葡萄膜炎,昏迷
化脓性葡萄膜炎,结膜充血
化脓性葡萄膜炎,脓肿
急性泪囊炎,结膜充血
近视眼,近视
间歇性外斜视,斜视
急性眼眶蜂窝织炎,昏迷
急性眼眶蜂窝织炎,眼球突出
急性出血性结膜炎,结膜充血
急性出血性结膜炎,肌肉萎缩
睑板腺癌,霰粒肿
晶体异位和脱位,角膜溃疡
结膜干燥症,睑外翻
结膜干燥症,角膜炎
结膜干燥症,眼睑闭合不全
交感性眼炎,视网膜脱离
交感性眼炎,耳鸣
交感性眼炎,耳聋
交感性眼炎,色素斑
急性卡他性结膜炎,结膜充血
急性闭角性青光眼,结膜充血
睑外翻,角膜炎
睑外翻,结膜充血
基质性角膜炎,角膜炎
基质性角膜炎,耳聋
急性虹膜睫状体炎,角膜炎
眶蜂窝织炎,昏迷
眶蜂窝织炎,视神经萎缩
眶蜂窝织炎,脑膜炎
眶蜂窝织炎,眼球突出
眶蜂窝织炎,角膜炎
眶蜂窝织炎,谵妄
泪腺分泌功能减退,角膜炎
泪腺混合瘤,上睑下垂
泪腺混合瘤,眼球突出
泪腺混合瘤,角膜炎
淋菌性结膜炎,结膜充血
老年性黄斑变性,色素斑
流行性角结膜炎,结膜充血
绿脓杆菌性角膜溃疡,结膜充血
绿脓杆菌性角膜溃疡,角膜溃疡
麦粒肿,结膜充血
麻痹性斜视,眼球突出
麻痹性斜视,眩晕
脉络膜黑色素瘤,眼球突出
慢性泪囊炎,结膜充血
泡性角结膜炎,角膜炎
匐行性角膜溃疡,角膜溃疡
泡性眼炎,疱疹
泡性眼炎,角膜炎
青光眼,失眠
缺血性视神经病变,低血压
球后视神经炎,球后视神经炎
浅层点状角膜炎,角膜炎
缺血性视盘病变,球后视神经炎
缺血性视盘病变,低血压
沙眼,结膜充血
沙眼,角膜溃疡
沙眼,细菌感染
视网膜静脉阻塞,视网膜脱离
视网膜动脉阻塞,视神经萎缩
视网膜动脉阻塞,视网膜动脉阻塞
视网膜静脉周围炎,视网膜脱离
视网膜脱离,色素斑
视交叉病变,视神经萎缩
视交叉病变,球后视神经炎
特发性葡萄膜大脑炎,视网膜脱离
特发性葡萄膜大脑炎,耳鸣
外层渗出性视网膜病变,视网膜脱离
外伤性白内障,色素斑
雪盲,休克
雪盲,结膜充血
霰粒肿,霰粒肿
细菌性角膜溃疡,角膜溃疡
先天性青光眼,眼球突出
溢泪症,睑外翻
溢泪症,湿疹
隐斜视,斜视
隐斜视,眩晕
眼眶骨膜炎,睑外翻
眼眶骨膜炎,眼球突出
眼眶骨膜炎,结膜充血
原发性非调节性内斜视,眼球震颤
眼眶假瘤,眼球突出
眼眶假瘤,角膜炎
远视眼,斜视
眼球突出,眼球内陷
眼球突出,结膜充血
眼球突出,耳鸣
眼球突出,眩晕
眼部带状疱疹,角膜炎
眼睑带状疱疹,疱疹
眼睑带状疱疹,角膜炎
圆锥角膜,视网膜脱离
圆锥角膜,结膜充血
原发性视网膜色素变性,视神经萎缩
眼球震颤,眩晕
翼状胬肉,结膜充血
紫外线伤,结膜充血
真菌性角膜溃疡,角膜炎
真菌性角膜溃疡,结膜充血
真菌性角膜溃疡,角膜溃疡
中心性浆液性脉络膜视网膜病变,视网膜脱离
真菌性角膜炎,角膜溃疡
真菌性角膜炎,细菌感染
阿斯匹林不耐受三联症,休克
鼻硬结病,鼻出血
鼻硬结病,嗅觉障碍
鼻出血,休克
鼻出血,贫血
鼻出血,鼻出血
鼻腔异物,鼻出血
鼻息肉,肺纤维化
鼻中隔偏曲,鼻出血
鼻中隔穿孔,鼻出血
鼻中隔穿孔,鼻中隔穿孔
扁桃体周围脓肿,吞咽困难
鼻中隔溃疡,鼻中隔穿孔
鼻瓣区狭窄,鼻出血
病毒性咽炎,疱疹
鼻恶性肉芽肿,鼻中隔穿孔
分泌性中耳炎,耳鸣
干酪性鼻炎,鼻出血
干酪性鼻炎,鼻中隔穿孔
鼓室硬化症,耳硬化症
鼓室硬化症,耳聋
化脓性耳廓软骨膜炎,骨膜炎
喉阻塞,心力衰竭
茎突综合征,耳鸣
茎突综合征,失眠
间断脉冲噪音损伤,昏迷
间断脉冲噪音损伤,眼球震颤
间断脉冲噪音损伤,耳鸣
间断脉冲噪音损伤,耳聋
间断脉冲噪音损伤,眩晕
急性化脓性乳突炎,耳鸣
急性化脓性乳突炎,乳突炎
急性化脓性乳突炎,耳聋
急性鼻咽炎,腹痛
急性鼻咽炎,腹泻
急性化脓性中耳炎,耳鸣
急性化脓性中耳炎,耳聋
急性化脓性鼻窦炎,嗅觉障碍
急性会厌炎,会厌炎
结核性中耳乳突炎,耳鸣
结核性中耳乳突炎,乳突炎
结核性中耳乳突炎,耳聋
口咽部粘连,吞咽困难
链球菌性咽炎,增殖体肥大
粒性白细胞缺乏性咽峡炎,吞咽困难
迷路炎,耳鸣
迷路炎,耳聋
迷路炎,眩晕
美尼尔氏综合症,耳鸣
美尼尔氏综合症,耳聋
美尼尔氏综合症,神经性耳鸣
迷路震荡,耳鸣
迷路震荡,耳聋
迷路震荡,眩晕
迷路窗破裂,耳鸣
迷路窗破裂,耳聋
迷路窗破裂,眩晕
弥漫性外耳道炎,耳鸣
弥漫性外耳道炎,乳突炎
慢性蝶窦炎,嗅觉障碍
慢性单纯性咽炎,咽异感症
慢性化脓性中耳炎,传导性耳聋
慢性扁桃体炎,消化不良
慢性肥厚性鼻炎,嗅觉障碍
慢性咽炎,消化不良
面神经瘤,耳鸣
面神经瘤,耳聋
粘连性中耳炎,耳鸣
潜水性内耳损伤,耳聋
潜水性内耳损伤,眩晕
气管及食管异物,吞咽困难
鳃裂瘘管,口臭
腮腺隙感染,吞咽困难
腮腺隙感染,化脓性腮腺炎
突发性聋,耳鸣
突发性聋,耳聋
突发性聋,眩晕
外耳道异物,耳鸣
外耳道异物,眩晕
萎缩性咽炎,耳鸣
外耳道疖肿,副耳
萎缩性鼻炎,鼻出血
外耳道真菌病,耳鸣
外耳道真菌病,细菌感染
外耳道真菌病,眩晕
外耳道炎,耳鸣
外耳道炎,乳突炎
先天性小喉,吞咽困难
先天性喉闭锁,休克
硬脑膜外和硬脑膜下脓肿,昏迷
硬脑膜外和硬脑膜下脓肿,脑脓肿
硬脑膜外和硬脑膜下脓肿,脑膜炎
硬脑膜外和硬脑膜下脓肿,谵妄
咽肌痉挛,耳鸣
咽后壁憩室,吞咽困难
咽后壁憩室,口臭
咽鼓管异常开放症,耳鸣
咽侧壁憩室,吞咽困难
咽侧壁憩室,口臭
咽部硬结病,耳鸣
咽部异物,咽异感症
咽部创伤,休克
咽部创伤,吞咽困难
咽部创伤,脓肿
咽部创伤,脑脊液鼻漏
咽部创伤,增殖体肥大
咽后脓肿,脓肿
咽旁脓肿,脓肿
中耳气压伤,耳鸣
中耳气压伤,气压伤
噪声性耳聋,耳鸣
噪声性耳聋,耳聋
噪声性耳聋,失眠
中毒性眩晕,耳鸣
中毒性眩晕,药物中毒
中毒性眩晕,耳聋
扁平苔癣,扁平苔癣
变应性口炎,结膜充血
变应性口炎,口炎
唇裂,唇腭裂
创伤性口炎,口炎
唇病,脓肿
唇病,湿疹
多形红斑,角膜炎
单纯性牙周炎,脓肿
腭裂,吞咽困难
氟骨症,腹泻
氟骨症,骨质疏松
氟骨症,肌肉萎缩
氟牙症,腹泻
根尖周病,脓肿
坏死性龈口炎,吞咽困难
坏死性龈口炎,口炎
颌面部放线菌病,脓肿
颌周蜂窝织炎,吞咽困难
颌周蜂窝织炎,磨牙
颌骨囊肿,骨囊肿
颌骨囊肿,颌骨囊肿
颌骨癌,磨牙
急性化脓性腮腺炎,脱水
急性化脓性腮腺炎,脓肿
急性化脓性腮腺炎,化脓性腮腺炎
颊间隙感染,脓肿
颊间隙感染,磨牙
结核性溃疡,磨牙
口底多间隙感染,吞咽困难
口底多间隙感染,脓肿
口腔溃疡,疱疹
口腔溃疡,口炎
口腔扁平苔藓,脱发
口腔扁平苔藓,磨牙
口腔单纯性疱疹,疱疹
口腔单纯性疱疹,口炎
口腔白斑病,口腔溃疡
口腔白斑病,口腔黏膜白斑
口腔念珠菌病,口炎
口腔念珠菌病,舌炎
颏下间隙感染,脓肿
开合,磨牙
口腔颌面部软组织损伤,休克
膜性口炎,口炎
磨损,磨牙
慢性筛窦炎,嗅觉障碍
颞下颌关节紊乱综合征,耳鸣
颞间隙感染,磨牙
颞骨岩部炎,乳突炎
前牙反合,牙列拥挤
前牙反合,磨牙
青少年牙周炎,磨牙
龋齿,磨牙
前牙深覆盖,牙列拥挤
前牙深覆盖,磨牙
双颌前突,磨牙
深覆合,下颌后缩
舌下间隙感染,脓肿
舌下间隙感染,磨牙
上颌前突,牙列拥挤
舌病,口炎
舌病,脓肿
舌病,舌炎
天疱疮,疱疹
天疱疮,脓肿
楔状缺损,磨牙
下颌后缩,下颌后缩
牙周萎缩,牙列稀疏
牙列拥挤,牙列拥挤
颜面部疖痈,休克
颜面部疖痈,败血症
牙隐裂,牙列稀疏
牙折,休克
牙折,牙列稀疏
智齿冠周炎,脓肿
肝硬化男性性功能减弱综合征,性欲减退
肝硬化男性性功能减弱综合征,蜘蛛痣
淋病合并症前列腺炎,前列腺钙化
良性前列腺增生,尿失禁
良性前列腺增生,血尿
慢性细菌性前列腺炎,性欲减退
慢性细菌性前列腺炎,前列腺钙化
男性不育症,精索静脉曲张
男性不育症,输精管堵塞
男性更年期综合症,耳鸣
男性更年期综合症,失眠
尿道与阴茎结核,血尿
尿道与阴茎结核,脓肿
性欲亢进,性欲亢进
小阴茎,尿道下裂
埃里希体病,腹痛
埃里希体病,腹泻
艾滋病,腹痛
艾滋病,腹泻
艾滋病,败血症
病毒性肝炎,蛋白尿
病毒性肝炎,腹水
包虫病,咯血
巴尔通体病,昏迷
软产道异常性难产,阴道横隔
软产道异常性难产,产后出血
软产道异常性难产,胎膜早破
软产道异常性难产,脱水
孢子丝菌病,脑膜炎
硬化剂治疗引起的食管损害,吞咽困难
硬化剂治疗引起的食管损害,脓胸
创伤后应激障碍,失眠
肠道蛔虫,腹痛
肠道蛔虫,腹膜炎
肠道蛔虫,腹泻
肠道蛔虫,脓肿
肠道蛔虫,消化不良
肠道蛔虫,蛔虫性肠梗阻
传染性脓疱病,丹毒
传染性脓疱病,败血症
肺地丝菌病,腹痛
肺地丝菌病,腹泻
肺炎球菌脑膜炎,脑脊液鼻漏
肺青霉病,咯血
肺青霉病,昏迷
传染性湿疹样皮炎,疥疮
传染性湿疹样皮炎,脓肿
肺炎克雷白杆菌肺炎,腹泻
单纯性疱疹,口腔溃疡
单纯性疱疹,口唇疱疹
肺疟疾病,腹痛
肺疟疾病,腹泻
肺损伤,咯血
呼吸性细支气管炎间质肺病,呼吸衰竭
呼吸性细支气管炎间质肺病,咯血
呼吸性细支气管炎间质肺病,肺纤维化
带状疱疹,耳鸣
带状疱疹,耳聋
呼吸系统疾病伴发的精神障碍,精神障碍
地方性斑疹伤寒,腹泻
军团菌肺炎,腹痛
登革热,昏迷
单纯疱疹病毒感染症,疱疹
单纯疱疹病毒感染症,口炎
金黄色葡萄球菌脑膜炎,脑膜炎
丹毒丝菌病,丹毒
老年急性白血病,鼻出血
老年急性白血病,耳鸣
老年急性白血病,便血
免疫抑制药和抗癌药中毒性肾病,溶血性贫血
免疫抑制药和抗癌药中毒性肾病,肾功能衰竭
免疫抑制药和抗癌药中毒性肾病,脱发
缺血性肠绞痛,腹痛
缺血性肠绞痛,腹泻
特发性癫痫综合征,尿失禁
特发性癫痫综合征,意识障碍
特发性癫痫综合征,吞咽困难
特发性癫痫综合征,婴儿痉挛症
Wegner肉芽肿伴发的葡萄膜炎,血尿
Wegner肉芽肿伴发的葡萄膜炎,鼻出血
Wegner肉芽肿伴发的葡萄膜炎,蛋白尿
小儿金葡菌性烫伤样皮肤综合征,烫伤
小儿金葡菌性烫伤样皮肤综合征,剥脱性皮炎
小儿金葡菌性烫伤样皮肤综合征,腹胀
二期梅毒,肋间神经痛
小儿肢端肥大症和垂体性巨人症,心律失常
小儿肢端肥大症和垂体性巨人症,心力衰竭
特发性急性小管间质性肾炎,血尿
新生儿肝脾肿大,败血症
特发性尿钙增多症,腹痛
特发性尿钙增多症,血尿
特发性尿钙增多症,蛋白尿
副球孢子菌病,腹水
特发性室性心动过速,晕厥
肺结核,咳嗽
肺结核,大咯血
肺结核,败血症
休止期脱发,脱发
特发性嗜酸性粒细胞增多综合征,心力衰竭
肺吸虫病,咯血
肺吸虫病,腹痛
肺吸虫病,腹泻
腺病毒感染,血尿
特发性心室颤动,心律失常
特发性心室颤动,晕厥
特发性心室颤动,猝死
天冬氨酰葡萄糖胺尿症,腹泻
窦性心律失常,昏迷
窦性心律失常,眩晕
混合型脑瘫,精神障碍
混合型脑瘫,共济失调
钩端螺旋体病,咯血
铜绿假单胞菌感染,休克
铜绿假单胞菌感染,脑膜炎
铜绿假单胞菌感染,角膜炎
铜绿假单胞菌感染,角膜溃疡
铜绿假单胞菌性角膜炎,角膜炎
铜绿假单胞菌性角膜炎,结膜充血
铜绿假单胞菌性角膜炎,脓肿
多囊肝,消化不良
铜绿色假单胞菌肺炎,呼吸衰竭
铜绿色假单胞菌肺炎,休克
铜绿色假单胞菌肺炎,胸腔积液
铜绿色假单胞菌肺炎,脓肿
二尖瓣和主动脉瓣的疾患,猝死
肾功能衰竭,血尿
肾功能衰竭,脱水
肾功能衰竭,蛋白尿
铜绿色假单胞菌脑膜炎,昏迷
铜绿色假单胞菌脑膜炎,脑膜炎
铜绿色假单胞菌脑膜炎,败血症
混合性厌氧菌感染,菌血症
混合性厌氧菌感染,脓肿
肥胖性生殖无能综合征,闭经
童年情绪障碍,腹痛
童年情绪障碍,孤独症
高血压病伴发的精神障碍,意识障碍
高血压病伴发的精神障碍,精神障碍
高血压病伴发的精神障碍,痴呆
高血压病伴发的精神障碍,智能障碍
高血压病伴发的精神障碍,谵妄
黄热病,便秘
慢性肾功能不全,血尿
慢性肾功能不全,代谢性酸中毒
慢性肾功能不全,脱水
慢性肾功能不全,蛋白尿
童年社会功能障碍,精神障碍
拔毛狂,便秘
拔毛狂,腹痛
拔毛狂,斑秃
拔毛狂,脱发
痛性青紫综合征,失眠
头部鳞状细胞癌,鳞状细胞癌
冠状病毒感染,胸腔积液
冠状病毒感染,腹泻
脊髓炎,吞咽困难
脊髓炎,肌肉萎缩
甲亢合并妊娠,角膜溃疡
甲亢合并妊娠,脱发
支气管炎,咳嗽
头皮损伤,休克
头皮损伤,颅内出血
头皮损伤,头皮撕脱伤
头皮损伤,颅骨骨折
霍乱,脱水
三尖瓣闭锁不全,消化不良
心肌梗死后心包炎,心绞痛
心肌梗死后心包炎,心肌梗死
心肌梗死后心包炎,心包积液
心肌梗死后心包炎,心包炎
透明丝孢霉病,脓肿
心包囊肿与心包憩室,心力衰竭
心包间皮瘤,心肌梗死
心包间皮瘤,心包积液
心包间皮瘤,心包炎
甲状腺炎,甲状腺结节
甲亢眼突,眼球突出
甲亢眼突,结膜充血
心包转移瘤,心包积液
心包转移瘤,心包炎
吞噬功能缺陷病,脓肿
胸锁关节脱位,吞咽困难
吞咽困难,吞咽困难
精神障碍,偏执状态
假单胞菌感染,腹泻
假单胞菌感染,败血症
心尖肥厚型心肌病,心绞痛
心尖肥厚型心肌病,猝死
脱水,腹痛
脱水,代谢性碱中毒
脱水,代谢性酸中毒
脱水,低钠血症
食管炎,吞咽困难
姜片虫病,腹痛
姜片虫病,腹泻
姜片虫病,腹水
姜片虫病,磨牙
暴发性紫癜,休克
暴发性紫癜,昏迷
脱屑性红皮病,腹泻
丙型肝炎病毒感染与肾小球肾炎,肾病综合征
丙型肝炎病毒感染与肾小球肾炎,血尿
丙型肝炎病毒感染与肾小球肾炎,蛋白尿
丙型肝炎病毒感染与肾小球肾炎,抗-HCVAg阳性
脱屑性间质肺炎,肺纤维化
尖锐湿疣,血尿
残胃淋巴瘤,腹痛
残胃淋巴瘤,腹泻
残胃淋巴瘤,便血
绞架性骨折或外伤性枢椎椎弓骨折,颈椎骨折脱位
蛋白质-能量营养不良,腹泻
蛋白质-能量营养不良,腹水
蛋白质-能量营养不良,败血症
肠癌,便血
切除术后内疝,腹痛
切除术后内疝,腹膜炎
切除术后内疝,代谢性酸中毒
切除术后内疝,低血压
切除术后内疝,腹胀
胆囊结石,腹痛
胆囊结石,肝内胆管结石
胆囊结石,胆道运动功能障碍
胆囊结石,胆总管结石
外伤性低颅内压综合征,意识障碍
外伤性低颅内压综合征,低颅压综合征
外伤性低颅内压综合征,眩晕
外伤性脑脊液漏,脑脊液鼻漏
大肠平滑肌肉瘤,腹痛
大肠平滑肌肉瘤,腹泻
外伤性脑膜炎,意识障碍
外伤性脑膜炎,脑膜炎
外伤性脑膜炎,谵妄
非甲状腺性的病态综合征,静脉曲张
非甲状腺性的病态综合征,蜘蛛痣
柯萨奇病毒和埃可病毒感染,脑膜炎
柯萨奇病毒和埃可病毒感染,疱疹
外伤性脑脓肿,昏迷
外伤性脑脓肿,意识障碍
外伤性脑脓肿,脑疝
外伤性脾破裂,休克
外伤性脾破裂,腹痛
外伤性脾破裂,耳鸣
中耳炎,耳鸣
中耳炎,神经性耳鸣
肝结核,腹痛
肝结核,腹水
外伤性乳房血肿,乳房肿块
外伤性乳房脂肪坏死,脓肿
外伤性乳房脂肪坏死,乳房肿块
外伤性乳房脂肪坏死,乳头内陷
结膜炎,结膜充血
皮炎,晒伤
肝上皮样血管内皮细胞瘤,腹痛
肝小静脉闭塞症,腹水
阴道炎,性交疼痛
黄杆菌肺炎,昏迷
黄杆菌肺炎,低钠血症
黄杆菌肺炎,腹水
利斯特菌病,腹痛
利斯特菌病,腹泻
利斯特菌病,脓胸
利斯特菌病,共济失调
结核性宫颈炎,闭经
结核性宫颈炎,慢性盆腔疼痛
结核性宫颈炎,腹水
精子畸形,精索静脉曲张
外阴丹毒,外阴瘙痒
外阴丹毒,败血症
类鼻疽,咯血
类鼻疽,腹痛
类鼻疽,腹泻
结肠平滑肌瘤,休克
结肠平滑肌瘤,腹痛
结肠平滑肌瘤,腹部肿块
输卵管阻塞,性交疼痛
流行性脑脊髓膜炎,意识障碍
流行性脑脊髓膜炎,口唇疱疹
流行性脑脊髓膜炎,败血症
急性细支气管炎,腹泻
流行性乙型脑炎,痴呆
急性附睾炎,脓肿
黄体功能不全,流产
外阴恶性神经鞘瘤,性交疼痛
A-V综合征,眼球内陷
酒精性脑萎缩,肌肉萎缩
酒精性脑萎缩,痴呆
结肠息肉和息肉病,便秘
结肠息肉和息肉病,腹痛
结肠息肉和息肉病,结肠息肉
结肠息肉和息肉病,便血
外阴汗腺腺癌,湿疹
结缔组织增生性毛发上皮瘤,硬斑
共济失调型脑瘫,眼球震颤
共济失调型脑瘫,共济失调
假性尖锐湿疣,外阴瘙痒
外阴黑色棘皮症,色素斑
结直肠损伤,腹痛
结直肠损伤,腹膜炎
结直肠损伤,便血
口腔尖锐湿疣,吞咽困难
流行性斑疹伤寒,休克
流行性斑疹伤寒,心律失常
外阴黑色素瘤,外阴溃疡
溃疡性结肠炎性关节炎,腹泻
溃疡性结肠炎性关节炎,便血
类癌综合征,腹痛
类癌综合征,腹泻
类癌综合征,低血压
类癌综合征,腹部肿块
类癌综合征,腹水
类癌综合征,眩晕
子宫恶性肿瘤,原发性痛经
阑尾类癌,肠套叠
阑尾类癌,腹痛
阑尾类癌,类癌综合征
阑尾类癌,低血压
口腔血管瘤,结节性硬化
莱姆病,腹痛
莱姆病,腹泻
莱姆病,共济失调
铅中毒引起的溶血性贫血,便秘
铅中毒引起的溶血性贫血,腹胀
胆管肿瘤,腹痛
胆管肿瘤,腹水
胃肠道癌,子宫内膜异位
乳腺脂肪瘤,脂肪瘤
乳腺脂肪瘤,乳房疼痛
乳腺脂肪瘤,乳房肿块
消化系统疾病伴发的精神障碍,昏迷
消化系统疾病伴发的精神障碍,腹水
消化系统疾病伴发的精神障碍,痴呆
子宫内膜炎,痛经
细菌性心包炎,心包炎
细菌性心包炎,脓胸
细菌性心包炎,败血症
原发性肝脂肪肉瘤,蜘蛛痣
原发性肝脂肪肉瘤,呃逆
致死性家族性失眠症,共济失调
致死性家族性失眠症,睡眠障碍
外阴接触性皮炎,疱疹
外阴接触性皮炎,湿疹
乳腺肿瘤,乳房肿块
乳腺肿瘤,乳头溢液
外阴结核,性交疼痛
慢性腹泻,腹痛
慢性腹泻,腹泻
慢性腹泻,腹部肿块
急性肾小球肾炎,肾病综合征
急性肾小球肾炎,血尿
急性肾小球肾炎,蛋白尿
外阴浸润性鳞癌,鳞状细胞癌
流行性出血性结膜炎,角膜炎
流行性出血性结膜炎,结膜充血
乳腺炎,脓肿
乳腺炎,乳房疼痛
狼疮样综合征,咯血
急性肾功能不全,代谢性酸中毒
外阴卡波西肉瘤,骨质疏松
肾功能不全,代谢性酸中毒
肾功能不全,脱水
外阴克罗恩病,腹痛
外阴克罗恩病,腹泻
外阴克罗恩病,脓肿
外阴克罗恩病,腹部肿块
外阴克罗恩病,腹胀
慢性化脓性鼻窦炎,耳鸣
慢性化脓性鼻窦炎,耳聋
慢性化脓性鼻窦炎,嗅觉障碍
外阴淋巴管瘤,疱疹
母儿ABO血型不合,溶血性贫血
脑血吸虫病,咯血
脑血吸虫病,腹泻
脑血吸虫病,昏迷
脑血吸虫病,共济失调
慢性肾小球肾炎,血尿
慢性肾小球肾炎,细菌感染
囊虫病,耳鸣
囊虫病,痴呆
囊虫病,猝死
坏死性脉管炎,心律失常
坏死性脉管炎,网状青斑
疟疾,腹痛
疟疾,腹泻
尿毒症肺炎,咯血
尿毒症肺炎,代谢性酸中毒
诺卡放线菌病,脑脓肿
皮肤念珠菌病,脑膜炎
皮肤念珠菌病,疱疹
皮肤念珠菌病,败血症
外阴蛲虫病,腹痛
外阴蛲虫病,腹泻
外阴蛲虫病,磨牙
葡萄球菌感染,脑膜炎
葡萄球菌感染,乳突炎
葡萄球菌感染,心包炎
葡萄球菌感染,败血症
葡萄球菌感染,细菌性心内膜炎
膀胱移行细胞癌,尿失禁
膀胱移行细胞癌,咳嗽
外阴佩吉特病,外阴瘙痒
外阴佩吉特病,湿疹
膀胱白斑病,血尿
外阴皮肤脂溢性皮炎,湿疹
急性细菌性前列腺炎,血尿
肾融合,消化性溃疡
肾融合,腹胀
外阴平滑肌肉瘤,外阴痛
肾静脉血栓,蛋白尿
非淋性前列腺炎,性欲减退
输尿管脱垂,血尿
肾钙乳,血尿
特异性前列腺炎,性欲减退
肾实质性高血压,血尿
肾实质性高血压,代谢性酸中毒
外阴乳头状瘤,外阴溃疡
肾盏积水,腹痛
精神病,意识障碍
肾盂输尿管连接部梗阻,腹痛
肾盂输尿管连接部梗阻,腹部肿块
药物性哮喘,咳嗽
Q热,腹痛
肾性氨基酸尿,低钙血症
肾性氨基酸尿,β-氨基酸尿
肾性氨基酸尿,氨基酸尿症
肾异位血管及副血管,腹泻
肾异位血管及副血管,昏迷
肾动脉瘤,血尿
肾动脉瘤,腹部肿块
肉毒中毒,眩晕
外阴烧伤、烫伤和化学损伤,腹痛
糖尿病所致脊髓病,肌肉萎缩
外阴神经鞘瘤,外阴痛
溶组织内阿米巴病,脑脓肿
溶组织内阿米巴病,痢疾
微小病毒感染,腹痛
微小病毒感染,溶血性贫血
小儿原发性纤毛运动障碍,咯血
小儿原发性纤毛运动障碍,肺不张
软下疳,疱疹
外阴神经性皮炎,外阴瘙痒
小儿慢性肾小球肾炎,血尿
小儿慢性肾小球肾炎,蛋白尿
外阴湿疹,疱疹
外阴湿疹,湿疹
小儿急性肾小球肾炎,胸腔积液
小儿急性肾小球肾炎,血尿
小儿急性肾小球肾炎,代谢性酸中毒
小儿急性肾小球肾炎,蛋白尿
毛细血管瘤,鲜红斑痣
毛细血管瘤,血管痣
毛细血管瘤,蜘蛛痣
原发性心脏横纹肌肉瘤,肺栓塞
原发性心脏横纹肌肉瘤,胸腔积液
原发性心脏横纹肌肉瘤,晕厥
原发性心脏横纹肌肉瘤,猝死
外阴痛,疱疹
外阴痛,外阴痛
化脓性乳腺炎,脓肿
化脓性乳腺炎,乳房肿块
化脓性乳腺炎,乳头皲裂
乳腺导管瘤,乳房肿块
乳腺导管瘤,乳头溢液
肝豆状核变性伴发的精神障碍,吞咽困难
肝豆状核变性伴发的精神障碍,智能障碍
牙周炎,黏膜白斑
脑垂体功能异常伴发的精神障碍,意识障碍
脑垂体功能异常伴发的精神障碍,精神障碍
脑垂体功能异常伴发的精神障碍,痴呆
脑膨出,脑膜炎
脑膨出,眼球突出
丝虫病,丹毒
丝虫病,腹水
结肠炎,便秘
结肠炎,腹泻
结肠炎,便血
外阴血管瘤,血管痣
脑梗死,昏迷
脑梗死,精神障碍
糖尿病性肾病,血尿
糖尿病性肾病,蛋白尿
糖尿病性肾病,腹水
外阴血吸虫病,腹痛
外阴血吸虫病,腹泻
外阴血吸虫病,疱疹
外阴血吸虫病,腹胀
外阴银屑病,湿疹
小儿结核性心包炎,心包积液
小儿结核性心包炎,胸腔积液
外阴硬化性苔藓,外阴瘙痒
伤寒与副伤寒,便秘
闭经溢乳综合征,闭经
外阴尤因肉瘤,外阴痛
垂体卒中,昏迷
垂体卒中,低血压
肝癌,腹水
鼠疫,腹痛
鼠疫,腹泻
鼠疫,昏迷
绦虫病,腹痛
绦虫病,腹泻
外阴早期浸润性鳞癌,外阴溃疡
外阴早期浸润性鳞癌,外阴痛
甲状腺激素抵抗综合征,便秘
甲状腺激素抵抗综合征,眼球震颤
甲状腺激素抵抗综合征,心动过缓
阑尾炎,便秘
阑尾炎,腹泻
酒精伴发的精神障碍,便秘
酒精伴发的精神障碍,尿失禁
炭疽病,休克
炭疽病,腹膜炎
炭疽病,腹泻
炭疽病,败血症
肾虚,性欲减退
外阴脂肪肉瘤,外阴痛
巨人症与肢端肥大症,闭经
巨人症与肢端肥大症,骨质疏松
巨人症与肢端肥大症,性欲亢进
头癣,疱疹
头癣,细菌感染
心内膜炎,肺栓塞
心内膜炎,偏瘫
甲状腺相关眼病,上睑下垂
甲状腺相关眼病,角膜炎
甲状腺相关眼病,结膜充血
兔热病,腹痛
兔热病,腹泻
兔热病,败血症
胃穿孔,休克
胃穿孔,腹痛
弯曲菌感染,腹痛
弯曲菌感染,腹泻
弯曲菌感染,脑膜炎
弯曲菌感染,细菌性心内膜炎
外阴转移性癌,外阴痛
慢性糜烂性胃炎,腹泻
慢性糜烂性胃炎,上消化道出血
弯曲菌性肠炎,腹痛
弯曲菌性肠炎,腹泻
弯曲菌性肠炎,败血症
弯曲菌性肠炎,痢疾
外源性光感性皮炎,湿疹
外源性光感性皮炎,剥脱性皮炎
假性醛固酮减少症,腹泻
假性醛固酮减少症,脱水
网状青斑,网状青斑
先天性巨细胞包涵体病,末梢神经炎
先天性巨细胞包涵体病,耳聋
先天性巨细胞包涵体病,败血症
网状青斑和青斑性血管炎,静脉曲张
网状青斑和青斑性血管炎,网状青斑
网状青斑和青斑性血管炎,冻疮
慢性乳突炎,耳聋
微小病变型肾病,肾病综合征
微小病变型肾病,低血压
微小病变型肾病,蛋白尿
微小病变型肾病,腹水
夸赛纳森林病,腹泻
夸赛纳森林病,眩晕
淋巴瘤细胞白血病,心包积液
淋巴瘤细胞白血病,胸腔积液
淋巴瘤细胞白血病,腹水
Usher综合征,精神障碍
Usher综合征,耳聋
Usher综合征,眩晕
微小核糖核酸病毒性角膜炎,角膜炎
结膜充血,结膜充血
脾大,淀粉样变性
脾大,腹水
脾大,败血症
慢性乳腺炎,乳房肿块
韦格内肉芽肿,肾病综合征
韦格内肉芽肿,鼻中隔穿孔
韦格内肉芽肿,角膜炎
妊娠合并宫颈癌,急性宫颈炎
妊娠合并宫颈癌,胎盘早剥
韦格纳肉芽肿,咯血
韦格纳肉芽肿,血尿
韦格纳肉芽肿,肾功能衰竭
嗜碱性粒细胞白血病,腹泻
韦格纳肉芽肿性巩膜炎,血尿
韦格纳肉芽肿性巩膜炎,视网膜动脉阻塞
韦格纳肉芽肿性巩膜炎,眼球突出
韦格纳肉芽肿性巩膜炎,鼻中隔穿孔
韦格纳肉芽肿性巩膜炎,蛋白尿
韦格纳肉芽肿性巩膜炎,角膜溃疡
糖尿病心肌病,心绞痛
糖尿病心肌病,心律失常
糖尿病心肌病,心力衰竭
韦尼克脑病,意识障碍
韦尼克脑病,眼球震颤
韦尼克脑病,低血压
韦尼克脑病,痴呆
韦尼克脑病,共济失调
韦尼克脑病,心力衰竭
胸腺囊肿,纵隔囊肿
血吸虫病,腹水
血吸虫病,痢疾
围绝经期功能失调性子宫出血,闭经
围绝经期功能失调性子宫出血,绝经
围绝经期前后的外阴白色病变,外阴溃疡
围绝经期前后的外阴白色病变,绝经
旋毛虫病,腹痛
旋毛虫病,腹膜炎
原发性乳腺恶性淋巴瘤,乳头溢液
新疆出血热,休克
新疆出血热,血尿
新疆出血热,低血压
原发性甲状旁腺功能亢进症与肾病,肾功能衰竭
原发性甲状旁腺功能亢进症与肾病,消化不良
原发性甲状旁腺功能亢进症与肾病,甲状旁腺功能亢进
围绝经期综合征,绝经
白血病伴发的精神障碍,昏迷
白血病伴发的精神障碍,意识障碍
白血病伴发的精神障碍,精神障碍
急性胆管炎,休克
急性胆管炎,低血压
围生期心肌病,心律失常
围生期心肌病,腹痛
围生期心肌病,心力衰竭
出血性脑梗死,颅内出血
糜烂性胃炎,上消化道出血
围术期伴发的精神障碍,谵妄
围术期伴发的精神障碍,睡眠障碍
维生素A过多病,脱发
瘢痕性睑内翻,睑内翻
瘢痕性睑内翻,角膜溃疡
多发性骨髓瘤病肾病,鼻出血
维生素B2缺乏病,结膜充血
维生素B2缺乏病,舌炎
急性海绵窦栓塞性静脉炎,昏迷
衣原体感染症,疱疹
贫血伴发的精神障碍,昏迷
贫血伴发的精神障碍,意识障碍
贫血伴发的精神障碍,缺铁性贫血
贫血伴发的精神障碍,失眠
厌氧菌感染,腹痛
厌氧菌感染,腹膜炎
厌氧菌感染,腹泻
缺铁性吞咽困难,吞咽困难
泌尿系结石,血尿
泌尿系结石,尿潴留
溶血尿毒症综合征,腹痛
溶血尿毒症综合征,血尿
溶血尿毒症综合征,昏迷
溶血尿毒症综合征,蛋白尿
尾蚴性皮炎,疱疹
尾蚴性皮炎,细菌感染
芽生菌病,脓肿
异尖线吸虫蚴移行症,腹膜炎
异尖线吸虫蚴移行症,脓肿
心血管疾病,晕厥
心血管疾病,眩晕
委内瑞拉马脑炎,昏迷
阴虱病,细菌感染
铁线虫病,腹泻
铁线虫病,血尿
铁线虫病,消化不良
肾脓肿,血尿
血小板无力症,鼻出血
血小板无力症,颅内出血
未分化结缔组织病,蛋白尿
包涵体肌炎,吞咽困难
血友病甲,休克
血友病甲,流产
鼻部囊肿,脑脊液鼻漏
血管炎前期综合征,败血症
胃肠道癌转移卵巢,腹痛
胃肠道癌转移卵巢,腹水
乳腺囊肿,乳房疼痛
乳腺囊肿,乳房肿块
胃恶性淋巴瘤,腹痛
胃恶性淋巴瘤,上消化道出血
胃恶性淋巴瘤,急腹症
叶酸缺乏症,流产
医院内感染,休克
医院内感染,昏迷
医院内感染,败血症
医院内感染,细菌感染
肾性脑病,昏迷
肾性脑病,眼球震颤
肾性脑病,谵妄
胃反应性淋巴增生,消化不良
营养障碍性多发性神经病,低血压
鼻外伤,鼻出血
恙虫病,鼻出血
恙虫病,细菌感染
恙虫病,心力衰竭
真性小眼球,斜视
胃畸胎瘤,腹部肿块
胃畸胎瘤,腹胀
干燥综合征神经系统损害,意识障碍
干燥综合征神经系统损害,口腔溃疡
干燥综合征神经系统损害,吞咽困难
干燥综合征神经系统损害,精神障碍
干燥综合征神经系统损害,角膜溃疡
羊痘,多形红斑样皮疹
耳鸣,传导性耳鸣
耳鸣,眩晕
耳鸣,耳鸣
胃急性扩张,腹痛
胃急性扩张,急性胃扩张
胃急性扩张,昏迷
胃急性扩张,急腹症
胃急性扩张,腹胀
类风湿性关节炎的肾损害,血尿
类风湿性关节炎的肾损害,蛋白尿
肺纤维化,呼吸衰竭
硬皮病食管,吞咽困难
胃溃疡出血,胃痉挛
隐孢子虫病,腹痛
隐孢子虫病,腹泻
隐孢子虫病,低钾血症
隐孢子虫病,脱水
隐孢子虫病,细菌感染
脑水肿,瘫痪
胃溃疡性穿孔,腹痛
胃溃疡性穿孔,胃痉挛
闭合性颅脑损伤,昏迷
联合免疫缺陷病,腹泻
联合免疫缺陷病,类风湿关节炎
联合免疫缺陷病,疱疹
排卵障碍,腹痛
排卵障碍,性欲亢进
排卵障碍,性欲减退
胃类癌瘤,腹痛
胃类癌瘤,类癌综合征
胃类癌瘤,甲状旁腺功能亢进
胃类癌瘤,便血
偏瘫,脑干梗塞
梅克尔憩室,肠套叠
梅克尔憩室,腹痛
梅克尔憩室,腹膜炎
梅克尔憩室,急腹症
扁桃体结石,吞咽困难
胃内异物,腹痛
胃内异物,腹膜炎
胃内异物,脓肿
胃内异物,腹胀
慢性盆腔疼痛,腹痛
慢性盆腔疼痛,子宫内膜异位
慢性盆腔疼痛,失眠
中间型链球菌感染,脓肿
胃黏膜脱垂,休克
胃黏膜脱垂,腹痛
胃黏膜脱垂,上消化道出血
肾阳虚,眩晕
查加斯病,心律失常
查加斯病,低血压
查加斯病,心力衰竭
着色真菌病,脑脓肿
胃石症,腹痛
胃石症,腹膜炎
脑外伤,昏迷
脑外伤,颅内出血
蝶骨嵴脑膜瘤,眼球突出
蝶骨嵴脑膜瘤,嗅觉障碍
足菌肿,骨质疏松
足菌肿,鸡眼
足菌肿,脓肿
足菌肿,骨膜炎
胃食管反流病,上消化道出血
胃食管反流病,慢性肾功能不全
胃食管反流病,吞咽困难
高血压性心肌病,心律失常
高血压性心肌病,心力衰竭
战壕热,腹痛
战壕热,眩晕
高血压脑出血,昏迷
高血压脑出血,意识障碍
肾阴虚,耳鸣
肾阴虚,眩晕
肾阴虚,磨牙
真菌过敏症,偏头痛
真菌过敏症,疱疹
真菌过敏症,湿疹
窝状角质松解症,剥脱性皮炎
脑血管畸形,昏迷
脑血管畸形,脑疝
脑血管畸形,偏瘫
脑血管畸形,颅内出血
脑膜炎奈瑟菌肺炎,胸腔积液
脑膜炎奈瑟菌肺炎,咽喉炎
自由生活阿米巴感染,腹痛
自由生活阿米巴感染,腹泻
沃纳综合征,昏迷
沃纳综合征,闭经
沃纳综合征,骨质疏松
沃纳综合征,鸡眼
沃纳综合征,动脉粥样硬化
肾肿瘤,血尿
肾肿瘤,腹部肿块
胆囊胆固醇沉着症,胆囊结石
胆囊胆固醇沉着症,消化不良
志贺菌病,腹痛
志贺菌病,腹泻
志贺菌病,脱水
并指畸形,拇外翻
法布里病,心肌梗死
法布里病,肾功能衰竭
法布里病,低血压
法布里病,蛋白尿
法布里病,痴呆
无功能垂体腺瘤,昏迷
无功能垂体腺瘤,闭经
无功能垂体腺瘤,脑积水
无功能垂体腺瘤,脑脊液鼻漏
渗出性中耳炎,耳鸣
剥脱性皮炎型药疹,剥脱性皮炎
无汗症,中暑
无脉络膜症,色素斑
胰腺分裂,腹痛
无排卵型功能失调性子宫出血,闭经
非细菌性血栓性心内膜炎,心肌梗死
白发症,先天性少白头
工业毒物中毒性周围神经病,腹痛
工业毒物中毒性周围神经病,肌肉萎缩
工业毒物中毒性周围神经病,脱发
失眠抑郁,便秘
失眠抑郁,消化不良
斑秃,脱发
无痛性心肌梗死,休克
无痛性心肌梗死,心律失常
无痛性心肌梗死,腹痛
无痛性心肌梗死,心力衰竭
无症状型心肌缺血,心绞痛
无症状型心肌缺血,心肌梗死
无症状型心肌缺血,猝死
女性尿瘘,闭经
女性尿瘘,湿疹
无症状性脑梗死,心肌梗死
无症状性脑梗死,痴呆
无症状性脑梗死,血管性痴呆
无症状性脑梗死,睡眠障碍
前葡萄膜炎,口腔溃疡
前葡萄膜炎,脱水
前葡萄膜炎,疱疹
脑干梗塞,意识障碍
脑干梗塞,吞咽困难
前列腺异位,血尿
急性冠脉综合征,心绞痛
垂体腺瘤,闭经
前列腺结石,脓肿
前列腺结石,前列腺结石
小儿扁脸关节脱位足异常综合征,髋关节脱位
小儿扁脸关节脱位足异常综合征,肘关节脱位
小儿扁脸关节脱位足异常综合征,脊柱侧弯
肾上腺意外瘤,骨质疏松
结肠黑变病,便秘
西方马型脑炎,精神障碍
骨质软化症与佝偻病,骨质疏松
维生素D依赖性佝偻病,维生素D中毒
系统性血管炎,咯血
系统性血管炎,血尿
系统性血管炎,网状青斑
系统性血管炎,系统性血管炎
西尼罗河热,腹痛
西尼罗河热,腹泻
脊柱畸形,脊柱侧弯
α1抗胰蛋白酶缺乏性肝病,上消化道出血
α1抗胰蛋白酶缺乏性肝病,静脉曲张
睑缘炎,霰粒肿
西瓦特皮肤异色病,色素斑
大疱性类天疱疮,疱疹
脑动脉硬化伴发的精神障碍,意识障碍
脑动脉硬化伴发的精神障碍,精神障碍
脑动脉硬化伴发的精神障碍,痴呆
脑动脉硬化伴发的精神障碍,眩晕
脑动脉硬化伴发的精神障碍,谵妄
希尔德病,精神障碍
希尔德病,痴呆
希尔德病,共济失调
丹毒,腹膜炎
丹毒,坏死性筋膜炎
丹毒,败血症
丹毒,丹毒
鼻咽癌的眼部病变,上睑下垂
鼻咽癌的眼部病变,鼻出血
鼻咽癌的眼部病变,耳鸣
戈登综合征,代谢性酸中毒
甲状腺功能减低所致贫血,便秘
甲状腺功能减低所致贫血,巨舌
膝外侧韧带损伤,膝内翻
膝外侧韧带损伤,撕脱骨折
口腔癌皮肤转移,鳞状细胞癌
系统性红斑狼疮伴发的精神障碍,意识障碍
系统性红斑狼疮伴发的精神障碍,延髓性麻痹
系统性红斑狼疮伴发的精神障碍,谵妄
卵巢残余综合征,腹痛
卵巢残余综合征,血尿
卵巢残余综合征,绝经
系统性红斑狼疮伴发的葡萄膜炎,肾病综合征
系统性红斑狼疮伴发的葡萄膜炎,球后视神经炎
系统性红斑狼疮伴发的葡萄膜炎,角膜炎
系统性红斑狼疮所致脊髓病,截瘫
输卵管畸形,月经不调
皮肤白喉,湿疹
宫颈妊娠,流产
系统性血管炎所致神经损害,耳鸣
系统性血管炎所致神经损害,系统性血管炎
系统性血管炎所致神经损害,肌肉萎缩
系统性血管炎所致神经损害,痴呆
系统性血管炎所致神经损害,共济失调
卵巢黏液性肿瘤,腹痛
卵巢黏液性肿瘤,腹水
阿米巴性宫颈炎,急性宫颈炎
阿米巴性宫颈炎,脓肿
开放性颅脑损伤,休克
开放性颅脑损伤,脑脊液鼻漏
卵巢巧克力囊肿破裂,休克
卵巢巧克力囊肿破裂,腹痛
蜂螫伤,休克
蜂螫伤,昏迷
蜂螫伤,丹毒
病毒性胃肠炎,脱水
蜂窝织炎,脓肿
蜂窝织炎,败血症
卵巢支持-间质细胞瘤,腹痛
卵巢支持-间质细胞瘤,闭经
卵巢支持-间质细胞瘤,性早熟
卵巢支持-间质细胞瘤,腹部肿块
卵巢支持-间质细胞瘤,腹水
卵巢支持-间质细胞瘤,绝经
慢性中耳炎,便秘
慢性中耳炎,耳聋
慢性中耳炎,眩晕
痱子,小儿湿疹
空巢综合症,心律失常
空巢综合症,睡眠障碍
下腔静脉后输尿管,血尿
妊娠高血压疾病,昏迷
妊娠高血压疾病,妊高征
妊娠高血压疾病,蛋白尿
妊娠高血压疾病,腹水
妊娠高血压疾病,胎儿窘迫
妊娠合并肺栓塞,肺栓塞
妊娠合并肺栓塞,腹痛
妊娠合并肺栓塞,昏迷
不孕不育,腹痛
不孕不育,闭经
不孕不育,精索静脉曲张
不孕不育,痛经
下丘脑错构瘤,性早熟
下丘脑多汗症,多汗症
副牛痘,多形红斑样皮疹
输卵管妊娠流产,休克
输卵管妊娠流产,腹痛
输卵管妊娠流产,晕厥
输卵管妊娠流产,闭经
输卵管妊娠流产,先兆流产
下肢动脉硬化闭塞症,足癣
妊娠合并肠梗阻,腹痛
妊娠合并肠梗阻,急腹症
妊娠合并肠梗阻,腹胀
光感型药疹,药疹
光感型药疹,多形红斑样皮疹
慢性细菌性痢疾,腹痛
慢性细菌性痢疾,腹泻
结核性脑膜炎,昏迷
下肢交通静脉瓣膜关闭不全,湿疹
草莓状血管瘤,败血症
精神发育迟缓,痴呆
下肢静脉曲张,静脉曲张
肝硬化性肾损害,低血压
肝硬化性肾损害,蛋白尿
肝硬化性肾损害,腹水
下肢静脉血栓形成,静脉曲张
夏伊-德雷格综合征,便秘
夏伊-德雷格综合征,腹泻
夏伊-德雷格综合征,晕厥
夏伊-德雷格综合征,共济失调
先天性肠闭锁,便秘
先天性肠闭锁,脱水
慢性纤维性甲状腺炎,吞咽困难
艾滋病人的急性阑尾炎,腹痛
先天性胆总管囊肿,腹痛
先天性胆总管囊肿,腹泻
病毒性脑膜炎,腹痛
病毒性脑膜炎,腹泻
病毒性脑膜炎,昏迷
先天性短食管,上消化道出血
先天性短食管,吞咽困难
先天性短食管,肺不张
传染性单核细胞增多症,脾功能亢进
出血性脑中风,昏迷
先天性肺动静脉瘘,咯血
先天性肺动静脉瘘,肺动静脉瘘
地方性甲状腺肿,甲状腺结节
地方性甲状腺肿,吞咽困难
核黄素缺乏病,角膜溃疡
核黄素缺乏病,舌炎
腹外疝,便秘
腹外疝,膀胱结石
腹外疝,慢性咳嗽
肝纤维板层癌,腹痛
急性脓肿,脓肿
唇癌,口唇疱疹
先天性肝内胆管囊状扩张症,腹痛
先天性肝内胆管囊状扩张症,肝纤维化
先天性肝内胆管囊状扩张症,脓肿
先天性肝内胆管囊状扩张症,败血症
先天性肝囊肿,腹部肿块
先天性肝囊肿,腹水
色斑,色素斑
先天性肝纤维化,腹痛
先天性肝纤维化,肝纤维化
先天性肝纤维化,肝内胆管结石
先天性肝纤维化,静脉曲张
先天性肝纤维化,便血
伤口肉毒症,腹痛
伤口肉毒症,上睑下垂
大脑萎缩,精神障碍
先天性肛门直肠畸形,便秘
肛肠息肉,腹泻
肛肠息肉,直肠脱垂
肛肠息肉,便血
马尔堡病毒病,腹泻
马尔堡病毒病,昏迷
先天性厚甲症,黏膜白斑
胆管结石,腹痛
血吸虫病与肝胆疾病,腹痛
血吸虫病与肝胆疾病,腹泻
肛门异物感,便秘
肛门异物感,腹泻
肛门异物感,直肠脱垂
剥脱综合征,眼球震颤
先天性肌强直,吞咽困难
先天性肌强直,斜视
面红和面红恐惧症,腹泻
面红和面红恐惧症,类癌综合征
面红和面红恐惧症,绝经
先天性肌缺如,上睑下垂
胆管炎,腹痛
胆管炎,低血压
先天性巨大色素痣,脊柱裂
先天性巨大色素痣,色素斑
高位截瘫,便秘
脓毒症,体温过低
先天性巨输尿管,血尿
麻风性角膜病变,角膜炎
麻风性角膜病变,倒睫
先天性髋关节外展挛缩和骨盆倾斜,脊柱侧弯
低钙血症,骨质疏松
甲状腺功能亢进性肝病,腹泻
先天性食管狭窄,偏头痛
膀胱膨出,尿失禁
系统性红斑狼疮性巩膜炎,角膜炎
系统性红斑狼疮性巩膜炎,蛋白尿
先天性食管重复,咯血
先天性食管重复,吞咽困难
细粒棘球蚴病,咯血
细粒棘球蚴病,咳嗽
低颅压综合征,精神障碍
低颅压综合征,耳鸣
低颅压综合征,眩晕
接触性皮炎,剥脱性皮炎
先天性胃出口梗阻,脱水
结肠阿米巴,便秘
结肠阿米巴,腹泻
结肠阿米巴,痢疾
先天性无虹膜,上睑下垂
先天性无虹膜,眼球震颤
先天性无虹膜,先天性无虹膜
造口旁疝,腹痛
先天性小肠闭锁和肠狭窄,便秘
先天性小肠闭锁和肠狭窄,腹膜炎
先天性小肠闭锁和肠狭窄,腹胀
皮肌炎与多发性肌炎,呼吸衰竭
皮肌炎与多发性肌炎,便秘
皮肌炎与多发性肌炎,腹痛
先天性斜颈,痉挛性斜颈
先天性斜颈,髋关节脱位
先天性斜颈,脊柱侧弯
电解质紊乱,昏迷
电解质紊乱,低血压
毛发上皮瘤,结节性硬化
先天性心包缺如或缺损,动脉导管未闭
先天性心包缺如或缺损,晕厥
先天性性联无γ-球蛋白血症,脑膜炎
先天性性联无γ-球蛋白血症,湿疹
先天性性联无γ-球蛋白血症,药疹
先天性性联无γ-球蛋白血症,败血症
先天性性联无γ-球蛋白血症,细菌感染
宫角妊娠,腹痛
先天性胸腹裂孔疝,腹痛
先天性胸腹裂孔疝,呼吸性酸中毒
遗传性乳腺癌-卵巢癌综合征,乳房肿块
白塞病性巩膜炎,口腔溃疡
先天性胸骨后膈疝,消化不良
蝶窦炎,眩晕
蝶窦炎,失眠
麻风病,鼻中隔穿孔
麻风病,肌肉萎缩
先天性血管萎缩性皮肤异色症,隐睾
先天性血管萎缩性皮肤异色症,甲营养不良
白血病肾损害,慢性肾功能不全
白血病肾损害,蛋白尿
尿潴留,血尿
麻疹,结膜充血
先天性眼球震颤,眼球震颤
先天性眼球震颤,眩晕
空调病,耳鸣
女子颜面黑变病,过敏性皮炎
女子颜面黑变病,色素斑
败血症肾损害,败血症
口炎,口腔黏膜白斑
脓肿,脓肿
先天性支气管肺囊肿,咯血
先天性支气管肺囊肿,脓肿
斑状白化病,耳聋
斑状白化病,共济失调
先天性支气管囊肿,咯血
显微型多血管炎,咯血
显微型多血管炎,腹痛
显微型多血管炎,肾病综合征
显微型多血管炎,口腔溃疡
显微型多血管炎,蛋白尿
动脉栓塞,骨质疏松
线粒体病,耳聋
线粒体病,共济失调
板层状鱼鳞病,睑外翻
线粒体脑肌病,肾功能衰竭
线粒体脑肌病,耳聋
线粒体脑肌病,神经性耳聋
风湿病,风湿性血管炎
半月线疝,腹痛
线状IgA大疱性皮肤病,口腔溃疡
线状IgA大疱性皮肤病,疱疹
腺病毒性肠炎,腹泻
女性假两性畸形,闭经
半椎体畸形,胸廓畸形
半椎体畸形,脊柱侧弯
腺病毒性肺炎,腹泻
腺病毒性肺炎,昏迷
伴纤维囊性骨炎的假性甲状旁腺功能低下症,低钙血症
颅脑损伤,休克
颅脑损伤,昏迷
功能性胃肠病,腹痛
功能性胃肠病,腹泻
功能性胃肠病,腹胀
颅内出血,昏迷
儿童股骨头坏死,髋关节脱位
小肠过敏性紫癜,肠套叠
小肠过敏性紫癜,肾功能衰竭
小肠过敏性紫癜,蛋白尿
小肠过敏性紫癜,急腹症
背部弹力纤维瘤,结节性硬化
小肠结肠炎耶尔森菌肠炎,腹痛
小肠结肠炎耶尔森菌肠炎,腹泻
小肠结肠炎耶尔森菌肠炎,脓肿
小肠结肠炎耶尔森菌肠炎,败血症
卵巢囊肿蒂扭转,腹痛
小肠结肠炎耶尔森菌肺炎,脓肿
小肠结肠炎耶尔森菌肺炎,腹水
小肠结肠炎耶尔森菌肺炎,败血症
鼻疽假单胞菌肺炎,鼻中隔穿孔
鼻疽假单胞菌肺炎,败血症
睑内翻,倒睫
睑内翻,睑内翻
鼻旁窦支气管综合征,咯血
小肠类癌,腹痛
小肠类癌,腹泻
小肠类癌,烟酸缺乏
卵巢性不孕,卵巢囊肿
闭孔疝,便秘
闭孔疝,腹痛
闭孔疝,腹胀
小肠平滑肌瘤,腹痛
小肠平滑肌瘤,腹膜炎
小肠平滑肌瘤,腹泻
小肠平滑肌瘤,急腹症
小肠平滑肌瘤,腹部肿块
小儿支气管炎,呼吸衰竭
闭塞性动脉硬化,动脉粥样硬化
小肠平滑肌肉瘤,腹痛
小肠平滑肌肉瘤,腹泻
小肠平滑肌肉瘤,腹部肿块
全身化脓性感染,谵妄
麻痹性睑外翻,角膜溃疡
闭塞性血栓性脉管炎,肌肉萎缩
小肠腺癌,便血
耳结核,眩晕
闭锁肺综合征,心律失常
小肠腺瘤,腹痛
小肠腺瘤,腹泻
小肠腺瘤,肠痉挛
小肠血管畸形,休克
小肠血管畸形,肠道血管畸形
小肠血管畸形,便血
膝内翻,膝内翻
臂丛神经损伤,肌肉萎缩
骨癌,肢骨纹状肥大
变态反应性结膜炎,结膜充血
小肠血管瘤,肠套叠
小肠血管瘤,腹痛
马蹄形肾,便秘
马蹄形肾,腹泻
马蹄形肾,血尿
小肠异物,便秘
小肠异物,腹痛
小肠异物,腹膜炎
小肠原发性恶性淋巴瘤,腹痛
小肠原发性恶性淋巴瘤,腹泻
小肠原发性恶性淋巴瘤,腹部肿块
变异型心绞痛,心绞痛
变异型心绞痛,心肌梗死
变异型心绞痛,心律失常
变异型心绞痛,晕厥
神经性皮炎,失眠
小肠脂肪瘤,肠套叠
小肠脂肪瘤,腹膜炎
小肠脂肪瘤,腹部肿块
小肠脂肪瘤,便血
放射性口炎,口炎
小袋纤毛虫病,便秘
小袋纤毛虫病,腹痛
小袋纤毛虫病,腹泻
小袋纤毛虫病,痢疾
小袋纤毛虫病,腹胀
小儿Alstrom综合征,神经性耳聋
小儿Alstrom综合征,血脂异常
输卵管性不孕,便秘
输卵管性不孕,痛经
变应性皮肤血管炎,腹痛
变应性皮肤血管炎,蛋白尿
变应性皮肤血管炎,便血
小儿IgA肾病,腹痛
小儿IgA肾病,血尿
小儿IgA肾病,蛋白尿
表皮囊肿,耳鸣
表皮囊肿,耳聋
表皮囊肿,共济失调
小儿X-连锁高免疫球蛋白M血症,腹泻
小儿X-连锁高免疫球蛋白M血症,口腔溃疡
小儿X-连锁高免疫球蛋白M血症,口炎
表皮葡萄球菌肺炎,菌血症
表皮葡萄球菌肺炎,败血症
小儿X-连锁淋巴组织增生性疾病,疱疹
手足癣,鸡眼
手足癣,疱疹
手足癣,手足皲裂
小儿X-连锁无丙种球蛋白血症,吸收不良综合征
小儿X-连锁无丙种球蛋白血症,淀粉样变性
小儿X-连锁无丙种球蛋白血症,脱发
小儿X-连锁无丙种球蛋白血症,瘫痪
表皮痣,口腔黏膜白斑
小儿X-连锁严重联合免疫缺陷病,腹泻
小儿X-连锁严重联合免疫缺陷病,消化不良
小儿X-连锁严重联合免疫缺陷病,败血症
宾斯旺格病,尿失禁
宾斯旺格病,痴呆
宾斯旺格病,共济失调
深脓疱病,疱疹
小儿α1-抗胰蛋白酶缺乏症,败血症
色素性荨麻疹,色素斑
小儿α-地中海贫血,腹水
小儿α-地中海贫血,溶血性黄疸
非特异性外阴炎,性交疼痛
小儿β地中海贫血,肝纤维化
小儿β地中海贫血,心力衰竭
丙酮酸激酶缺乏症,溶血性贫血
小儿阿姆斯特丹型侏儒,斜视
并发截瘫的脊柱结核,便秘
并发截瘫的脊柱结核,截瘫
并发截瘫的脊柱结核,腹胀
小儿阿托品类中毒,呼吸衰竭
小儿阿托品类中毒,昏迷
小儿阿托品类中毒,吞咽困难
小儿阿托品类中毒,共济失调
小儿埃博拉病毒病,腹痛
小儿埃博拉病毒病,腹泻
病毒性出血热,鼻出血
病毒性出血热,低血压
病毒性出血热,蛋白尿
病毒性出血热,便血
输卵管妊娠破裂,休克
输卵管妊娠破裂,腹痛
输卵管妊娠破裂,晕厥
输卵管妊娠破裂,闭经
秃头,斑秃
秃头,脱发
小儿埃可及柯萨奇病毒感染,腹痛
小儿埃可及柯萨奇病毒感染,腹泻
小儿埃可及柯萨奇病毒感染,猝死
小儿埃莱尔-当洛综合征,静脉曲张
病毒性食管炎,吞咽困难
玻璃体及视网膜脱离手术所致青光眼,视网膜脱离
荨麻疹型药疹,休克
荨麻疹型药疹,蛋白尿
小儿爱德华兹综合征,动脉导管未闭
小儿爱德华兹综合征,髋关节脱位
小儿爱德华兹综合征,睑外翻
小儿巴德-吉亚利综合征,腹痛
小儿巴德-吉亚利综合征,腹水
小儿巴德-吉亚利综合征,蜘蛛痣
输卵管肿瘤,腹痛
输卵管肿瘤,腹水
小儿巴特综合征,低钾血症
小儿巴特综合征,代谢性碱中毒
小儿巴特综合征,低血压
小儿巴特综合征,遗尿
播散性嗜酸粒细胞增多性胶原病,便秘
播散性嗜酸粒细胞增多性胶原病,腹痛
播散性嗜酸粒细胞增多性胶原病,腹泻
荨麻疹,多形红斑样皮疹
播散性血管内凝血,咯血
播散性血管内凝血,昏迷
播散性血管内凝血,低血压
播散性血管内凝血,败血症
小儿白塞病,口腔溃疡
小儿白塞病,角膜炎
银屑病,多形红斑样皮疹
冠状动脉供血不足,心绞痛
不安腿综合征,失眠
不安腿综合征,睡眠障碍
表皮样囊肿,耳鸣
表皮样囊肿,共济失调
不动杆菌肺炎,腹泻
不动杆菌肺炎,脓胸
不动杆菌肺炎,败血症
过敏性结肠炎,便秘
过敏性结肠炎,腹痛
过敏性结肠炎,腹泻
过敏性结肠炎,失眠
小儿白血病,鼻出血
药疹,糙皮病样皮疹
小儿半乳糖血症,半乳糖血症
小儿半乳糖血症,腹水
小儿半乳糖血症,败血症
外伤性股骨头坏死,骨质疏松
小儿膀胱-输尿管反流综合征,慢性肾功能不全
小儿膀胱-输尿管反流综合征,蛋白尿
不动杆菌感染,休克
不动杆菌感染,细菌感染
心肌缺血,心动过缓
小儿豹皮综合征,腹泻
小儿豹皮综合征,骨囊肿
小儿豹皮综合征,斜视
小儿豹皮综合征,耳聋
小儿豹皮综合征,神经性耳聋
不动纤毛综合征,咯血
不动纤毛综合征,肺不张
小儿贲门失弛缓症,吞咽困难
不稳定型心绞痛,心绞痛
不稳定型心绞痛,心肌梗死
不稳定型心绞痛,心力衰竭
小儿苯丙酮尿症,湿疹
不稳定血红蛋白病,溶血性贫血
小儿便秘,便秘
小儿便秘,腹痛
小儿便秘,腹泻
原发性皮肤淀粉样变性,扁平苔癣
原发性皮肤淀粉样变性,色素斑
小儿变形性肌张力障碍,痉挛性斜颈
心包炎,腹泻
心包炎,腹水
喉痉挛,新生儿喉喘鸣
布氏菌肺炎,败血症
痒疹,疱疹
小儿变应性亚败血症综合征,腹痛
小儿变应性亚败血症综合征,败血症
药物性耳聋,耳鸣
药物性耳聋,耳聋
小儿丙酸血症,骨质疏松
小儿丙酸血症,痴呆
硬红斑,色素斑
小儿丙型病毒性肝炎,腹胀
药物中毒,心律失常
C5功能不全综合征,腹泻
小儿病毒感染性口炎,疱疹
小儿病毒感染性口炎,口炎
职业黑变病,结膜充血
Castleman病,角膜炎
小儿病毒相关吞噬血细胞综合征,肾功能衰竭
小儿病毒性心肌炎,腹泻
小儿病毒性心肌炎,腹水
小儿病毒性心肌炎,败血症
小儿病毒性心肌炎,猝死
胰头癌,腹泻
胰头癌,消化不良
小儿病态窦房结综合征,猝死
小儿病态窦房结综合征,心力衰竭
中毒性坏死性表皮松解型药疹,休克
中毒性坏死性表皮松解型药疹,昏迷
小儿波-杰综合征,肠套叠
小儿波-杰综合征,腹痛
小儿波-杰综合征,色素斑
小儿播散性血管内凝血,休克
小儿播散性血管内凝血,低血压
CM1神经节苷脂贮积症,共济失调
喉水肿,新生儿喉喘鸣
小儿播散性脂肪肉芽肿综合征,吞咽困难
小儿播散性脂肪肉芽肿综合征,新生儿喉喘鸣
小儿伯-韦综合征,巨舌
苍白球黑质红核色素变性,吞咽困难
苍白球黑质红核色素变性,痴呆
苍白球黑质红核色素变性,共济失调
小儿不对称身材-矮小-性发育异常综合征,性早熟
小儿不对称身材-矮小-性发育异常综合征,脊柱侧弯
小儿部分性肺静脉异位连接,心力衰竭
臀肌挛缩症,肌肉萎缩
产后精神病,精神障碍
产后精神病,失眠
小儿肠病性肢端皮炎,腹泻
小儿肠病性肢端皮炎,口腔溃疡
小儿肠病性肢端皮炎,疱疹
小儿肠病性肢端皮炎,脱发
小儿肠病性肢端皮炎,舌炎
遗传性肾炎,血尿
遗传性肾炎,蛋白尿
产后泌尿道感染,腹痛
小儿肠套叠,休克
小儿肠套叠,腹痛
小儿肠套叠,脱水
小儿肠套叠,腹部肿块
小儿肠套叠,便血
小儿胃肠炎,腹泻
小儿胃肠炎,痢疾
产后虚脱,晕厥
小儿肠吸收不良综合征,低钙血症
小儿肠吸收不良综合征,舌炎
小儿肠吸收不良综合征,腹胀
原发性脑干损伤,昏迷
产后抑郁症,便秘
小儿肠系膜淋巴结结核,便秘
小儿肠系膜淋巴结结核,腹痛
小儿肠系膜淋巴结结核,腹泻
小儿肠系膜淋巴结结核,腹水
小儿肠系膜淋巴结结核,腹胀
喉狭窄,新生儿喉喘鸣
小儿肠旋转不良,腹痛
小儿肠旋转不良,腹膜炎
小儿肠旋转不良,腹泻
小儿肠旋转不良,便血
小儿肠旋转不良,败血症
小儿肠旋转不良,腹胀
产科播散性血管内凝血,咯血
产科播散性血管内凝血,产后出血
躁狂抑郁症,失眠
梅毒,疱疹
产科休克,便血
产科休克,败血症
小儿常染色体隐性小脑性共济失调,肌肉萎缩
小儿常染色体隐性小脑性共济失调,脊柱侧弯
小儿潮红综合征,休克
小儿潮红综合征,腹痛
小儿潮红综合征,腹泻
小儿潮红综合征,结膜充血
长骨骨干结核,脓肿
小儿成骨不全,骨质疏松
小儿成骨不全,扁平足
小儿成骨不全,耳硬化症
小儿成骨不全,耳聋
长骨造釉细胞瘤,肌肉萎缩
长膜壳绦虫病,腹痛
长膜壳绦虫病,痴呆
长膜壳绦虫病,眩晕
长膜壳绦虫病,失眠
长膜壳绦虫病,磨牙
肠白塞病,便血
小儿抽动症,抽动障碍
肠病性肢端皮炎,腹泻
肠病性肢端皮炎,脱发
小儿出血性疾病,上消化道出血
小儿出血性疾病,颅内出血
小儿出血性疾病,新生儿呕血和便血
肠出血性大肠埃希杆菌感染,腹痛
肠出血性大肠埃希杆菌感染,腹泻
肠出血性大肠埃希杆菌感染,昏迷
小儿出血性休克和脑病综合征,休克
小儿出血性休克和脑病综合征,昏迷
肠道病毒71型感染,脑膜炎
肠道病毒71型感染,延髓性麻痹
性病性淋巴肉芽肿,疥疮
小儿触电与雷击,休克
小儿触电与雷击,昏迷
支气管结石症,慢性咳嗽
小儿传染性单核细胞增多症,腹痛
肠道革兰阴性杆菌脑膜炎,休克
肠道革兰阴性杆菌脑膜炎,败血症
肠道革兰阴性杆菌脑膜炎,腹胀
消化道溃疡,失眠
肠毒性大肠埃希杆菌感染,脱水
肠杆菌肺炎,咯血
阿斯伯格综合症,精神障碍
阿斯伯格综合症,孤独症
肠毛滴虫病,便秘
肠毛滴虫病,腹痛
肠毛滴虫病,腹泻
肠毛滴虫病,腹胀
抽动障碍,抽动障碍
小儿错畸形,下颌后缩
肠球菌肺炎,休克
肠球菌肺炎,菌血症
肠球菌肺炎,败血症
多发脑梗塞性精神障碍,精神障碍
多发脑梗塞性精神障碍,动脉粥样硬化
多发脑梗塞性精神障碍,痴呆
无脑儿,脊柱裂
无脑儿,流产
肠伤寒穿孔,便秘
肠伤寒穿孔,耳鸣
癫痫伴发的精神障碍,精神障碍
小儿大动脉转位,新生儿青紫
小儿大动脉转位,心力衰竭
消化不良,便秘
儿童期精神障碍及精神发育迟缓,精神障碍
儿童期精神障碍及精神发育迟缓,痴呆
化脓性中耳炎,腹泻
肠石性肠梗阻,腹膜炎
肠石性肠梗阻,上消化道出血
小儿单侧肺异常透亮综合征,咯血
肠系膜静脉血栓形成,腹痛
肠系膜静脉血栓形成,腹膜炎
肠系膜静脉血栓形成,腹泻
子宫性不孕,子宫内膜异位
精神活性物质所致精神障碍,精神障碍
肠系膜裂孔疝,便秘
肠系膜裂孔疝,腹痛
肠系膜裂孔疝,腹膜炎
肠系膜裂孔疝,腹部肿块
肠系膜裂孔疝,腹胀
急性应激反应,意识障碍
急性应激反应,精神障碍
肠系膜肿瘤,肠套叠
肠系膜肿瘤,腹痛
肠系膜肿瘤,腹膜炎
肠系膜肿瘤,静脉曲张
肠系膜肿瘤,便血
肠系膜肿瘤,肠系膜囊肿
习惯性便秘,便秘
习惯性便秘,小儿便秘
焦虑症,精神障碍
记忆障碍,精神障碍
小脑萎缩,吞咽困难
成人腹股沟斜疝,便秘
小儿单纯肺动脉口狭窄,腹水
小儿单纯肺动脉口狭窄,心力衰竭
细菌性脑膜炎,昏迷
细菌性脑膜炎,低血压
成人骨坏死,骨质疏松
习惯性流产,先兆流产
习惯性流产,完全流产
小儿单纯性血尿,腹痛
小儿单纯性血尿,尿失禁
小儿单纯性血尿,血尿
小儿单纯性血尿,精索静脉曲张
小儿单纯性血尿,蛋白尿
成人型女性乳房肥大症,静脉曲张
成人型女性乳房肥大症,胸廓畸形
成人痒疹,疱疹
成人痒疹,糙皮病样皮疹
小儿单房性骨囊肿,骨囊肿
甲状腺功能减退伴发的精神障碍,精神障碍
成人硬肿症,心律失常
成人硬肿症,吞咽困难
成人硬肿症,硬肿症
迟发性外伤性脑内血肿,意识障碍
小儿弹性假黄瘤,心绞痛
小儿弹性假黄瘤,上消化道出血
小儿弹性假黄瘤,血尿
小儿弹性假黄瘤,鼻出血
小儿弹性假黄瘤,便血
恐缩症,意识障碍
恐缩症,眩晕
肌肉萎缩,重症肌无力
小儿蛋白质-能量营养不良,低血压
宫腔粘连,闭经
宫腔粘连,流产
小儿低氯性氮质血症综合征,昏迷
小儿低钠血症,呼吸衰竭
小儿低钠血症,脱水
小儿低心排出量综合征,代谢性酸中毒
小儿低血糖,昏迷
持续性输卵管妊娠,腹痛
小儿迪格奥尔格综合征,肺动脉闭锁
小儿骶尾部畸胎瘤,便秘
持续性肢皮炎,疱疹
持续性肢皮炎,湿疹
小儿地方性克汀病,耳聋
小儿地方性克汀病,痴呆
老年期抑郁障碍,精神障碍
老年期抑郁障碍,痴呆
老年期抑郁障碍,失眠
小儿癫痫,眼球震颤
小儿癫痫,共济失调
脑外伤所致精神障碍,昏迷
脑外伤所致精神障碍,截瘫
脑外伤所致精神障碍,痴呆
持续性植物状态,昏迷
偏执性精神障碍,精神障碍
气功所致精神障碍,精神障碍
气功所致精神障碍,睡眠障碍
小儿碘缺乏病,便秘
小儿碘缺乏病,斜视
耻骨直肠肌综合征,便秘
情感障碍,精神障碍
情感障碍,谵妄
小儿淀粉样变性病,咯血
小儿淀粉样变性病,腹痛
小儿淀粉样变性病,肾功能衰竭
小儿淀粉样变性病,腹水
小儿淀粉样变性病,耳聋
抽动秽语综合征,肝豆状核变性
抽动秽语综合征,精神障碍
小儿动力性肠梗阻,便秘
小儿动力性肠梗阻,腹痛
小儿动力性肠梗阻,腹胀
小儿动力性肠梗阻,蛔虫性肠梗阻
躯体疾病伴发的精神障碍,精神障碍
躯体疾病伴发的精神障碍,痴呆
小儿动脉导管未闭,心力衰竭
臭汗症,多汗症
人格障碍,表演型人格障碍
人格障碍,冲动型人格障碍
出血败血性巴斯德菌感染,骨膜炎
小儿动脉瘤样骨囊肿,骨囊肿
出血性膀胱炎,血尿
小儿窦性心动过缓,晕厥
小儿窦性心动过缓,心动过缓
出血性输卵管炎,腹痛
出血性输卵管炎,低血压
小儿窦性心动过速,心力衰竭
小儿窦性心律失常,心律失常
子宫内膜厚,闭经
子宫内膜厚,痛经
神经性厌食症,闭经
神经性厌食症,低血压
神经性厌食症,脱发
神经性厌食症,心动过缓
眼底病,视网膜动脉阻塞
小儿多发性肾小管功能障碍综合征,便秘
小儿多发性肾小管功能障碍综合征,低钾血症
小儿多发性肾小管功能障碍综合征,低钠血症
小儿多发性肾小管功能障碍综合征,蛋白尿
小儿多发性硬化,意识障碍
小儿多发性硬化,共济失调
胚胎停育,流产
系统性红斑狼疮所致精神病,胸腔积液
系统性红斑狼疮所致精神病,精神障碍
创伤性休克,昏迷
创伤性休克,代谢性酸中毒
小儿多囊肾,血尿
小儿多囊肾,肾功能衰竭
小儿多囊肾,慢性肾功能不全
输卵管粘连,性交疼痛
创伤性血胸,休克
创伤性血胸,脓胸
性障碍,性交疼痛
性障碍,动脉粥样硬化
小儿多器官功能障碍综合征,休克
小儿多器官功能障碍综合征,昏迷
小儿多器官功能障碍综合征,肺不张
小儿多器官功能障碍综合征,心力衰竭
内分泌失调,色素斑
春季结膜炎,上睑下垂
春季结膜炎,角膜炎
春季结膜炎,结膜充血
小儿多源性房性心动过速,休克
小儿多源性房性心动过速,心律失常
小儿多源性房性心动过速,心力衰竭
性欲减退,精神障碍
性欲减退,性欲减退
催乳素瘤,闭经
催乳素瘤,骨质疏松
髂静脉压迫综合征,肺栓塞
髂静脉压迫综合征,精索静脉曲张
重复膀胱,尿失禁
应激反应及适应障碍,丧偶后适应性障碍
重复尿道,尿失禁
重复尿道,尿道下裂
小儿法洛四联症,动脉导管未闭
DF-2败血症的皮肤表现,脑膜炎
DF-2败血症的皮肤表现,败血症
H7N9型禽流感,急性呼吸窘迫综合征
H7N9型禽流感,咳嗽
小儿范科尼综合征,便秘
小儿范科尼综合征,代谢性酸中毒
小儿范科尼综合征,骨质疏松
抑郁性神经症,疑病症
δ-贮存池病,鼻出血
大肠埃希杆菌性胃肠炎,低钾血症
大肠埃希杆菌性胃肠炎,昏迷
大肠埃希杆菌性胃肠炎,低钙血症
巧克力囊肿,腹膜炎
巧克力囊肿,痛经
巧克力囊肿,性交疼痛
异性装扮癖,异性装扮癖
大肠脂肪瘤,肠套叠
大肠脂肪瘤,腹痛
大肠脂肪瘤,便血
大动脉炎,鼻中隔穿孔
癔球症,吞咽困难
小儿房室传导阻滞,心动过缓
小儿房室传导阻滞,猝死
宫寒,痛经
癔症,耳聋
癔症,痴呆
癔症,梦游症
小儿非霍奇金淋巴瘤,肠套叠
小儿非霍奇金淋巴瘤,急腹症
小儿非内脂性网状内皮增殖综合征,眼球突出
小儿非内脂性网状内皮增殖综合征,脓肿
大颗粒淋巴细胞白血病,类风湿关节炎
盆腔积液,痛经
大脑镰旁脑膜瘤,截瘫
小儿肥厚型心肌病,心绞痛
小儿肥厚型心肌病,猝死
输卵管上举,痛经
谵妄综合征及有关疾病,意识障碍
谵妄综合征及有关疾病,痴呆
谵妄综合征及有关疾病,血管性痴呆
谵妄综合征及有关疾病,谵妄
子宫积液,原发性痛经
大网膜肿瘤,腹痛
大网膜肿瘤,腹部肿块
小儿腓骨肌萎缩症,肌肉萎缩
小儿腓骨肌萎缩症,脊髓性肌萎缩
小儿肺不张,肺不张
带状疱疹性角膜炎,角膜炎
带状疱疹性角膜炎,角膜溃疡
小儿肺出血-肾炎综合征,咯血
小儿肺出血-肾炎综合征,肾病综合征
小儿肺出血-肾炎综合征,血尿
小儿肺动脉高压,心律失常
小儿肺动脉高压,心动过缓
小儿咳嗽,慢性咳嗽
单纯疱疹病毒肺炎,呼吸衰竭
单纯疱疹病毒肺炎,疱疹
小儿肺隔离症,咯血
单纯疱疹性葡萄膜炎,疱疹
单纯疱疹性葡萄膜炎,角膜炎
小儿肺脓肿,腹痛
小儿肺脓肿,脓肿
小儿肺脓肿,脓胸
单纯肾异位,腹痛
单纯肾异位,尿失禁
单纯肾异位,血尿
单纯肾异位,腹部肿块
小儿肺泡性蛋白沉积症,咯血
小儿肺栓塞,休克
小儿肺栓塞,猝死
小儿肺栓塞,心力衰竭
小儿肺水肿,呼吸性酸中毒
单纯性寰枢椎脱位,吞咽困难
小儿肺炎链球菌脑膜炎,昏迷
小儿肺炎链球菌脑膜炎,脑脓肿
小儿肺炎链球菌脑膜炎,脑膜炎
小儿肺炎链球菌脑膜炎,脑积水
小儿肺炎链球菌脑膜炎,细菌感染
小儿肺炎链球菌脑膜炎,细菌性心内膜炎
小儿肺炎链球菌脑膜炎,颅骨骨折
精液不液化,腹痛
精液不液化,耳鸣
小儿分离性焦虑症,腹痛
单纯性肾囊肿,腹痛
单纯性肾囊肿,血尿
小儿腹股沟斜疝,休克
小儿腹股沟斜疝,便秘
小儿腹股沟斜疝,腹痛
单房性骨囊肿,骨囊肿
体寒,睡眠障碍
小儿腹泻病,腹痛
小儿腹泻病,腹泻
子宫内膜不规则脱落,腹痛
单克隆丙种球蛋白病伴周围神经病,共济失调
单神经病与神经丛神经病,肌肉萎缩
早秃,脱发
小儿干燥综合征,鼻出血
小儿干燥综合征,角膜炎
小儿干燥综合征,手足皲裂
小儿干燥综合征,肾性糖尿
单眼双下转肌麻痹,上睑下垂
小儿肝豆状核变性,心律失常
小儿肝豆状核变性,肝豆状核变性
小儿肝豆状核变性,溶血性贫血
小儿肝豆状核变性,共济失调
胆肠内引流术后内疝,腹痛
女性尖锐湿疣,外阴溃疡
小儿肝母细胞瘤,腹痛
小儿肝母细胞瘤,上消化道出血
小儿肝母细胞瘤,性早熟
小儿肝母细胞瘤,腹部肿块
小儿肝母细胞瘤,腹水
胆道运动功能障碍,腹胀
小儿肝衰竭,腹泻
小儿肝衰竭,腹水
错构瘤,血尿
错构瘤,蛋白尿
错构瘤,腹部肿块
苯丙胺中毒,心律失常
苯丙胺中毒,腹泻
苯丙胺中毒,昏迷
苯丙胺中毒,腹胀
小儿肝素-血小板减少-血栓形成综合征,肺栓塞
多肌炎,吞咽困难
苯海拉明中毒,耳鸣
小儿肝性脑病,昏迷
胆固醇脓胸,胸腔积液
多瓣膜病,三尖瓣狭窄
多瓣膜病,心绞痛
多瓣膜病,心肌缺血
胆囊类癌,腹胀
胆囊良性肿瘤,消化不良
小儿肝硬化,腹泻
小儿肝硬化,腹水
小儿肝硬化,蜘蛛痣
胆囊平滑肌肉瘤,胆结石
胆囊平滑肌肉瘤,腹水
胆囊平滑肌肉瘤,腹胀
小儿肝肿瘤,骨质疏松
小儿肝肿瘤,腹水
小儿肝肿瘤,心力衰竭
胆源性慢性胰腺炎,腹水
胆源性慢性胰腺炎,胆总管结石
病毒性睑皮炎,疱疹
病毒性睑皮炎,倒睫
小儿感染性休克,呼吸性碱中毒
小儿感染性休克,低血压
蛋白丢失性胃肠病,腹泻
蛋白丢失性胃肠病,消化不良
多器官功能障碍综合征,肾功能衰竭
稻农皮炎,疱疹
稻农皮炎,细菌感染
登革出血热,咯血
登革出血热,休克
登革出血热,昏迷
登革出血热,肝大
代谢综合征,蛋白尿
代谢综合征,血脂异常
小儿高免疫球蛋白E综合征,骨质疏松
小儿高免疫球蛋白E综合征,疱疹
小儿高免疫球蛋白E综合征,脓胸
低镁血症,昏迷
低镁血症,眩晕
低镁血症,猝死
小儿高黏稠综合征,眼球震颤
小儿高黏稠综合征,心力衰竭
低钠血症,昏迷
低钠血症,低钠血症
低血压,睡眠障碍
小儿戈谢病,骨质疏松
小儿戈谢病,肌肉萎缩
小儿弓形腿综合征,骨质疏松
小儿弓形腿综合征,膝内翻
骶骨骨折,休克
骶骨骨折,粉碎性骨折
Pick病和额颞痴呆,痴呆
地方性克汀病,便秘
小儿功能性消化不良,腹痛
小儿功能性消化不良,消化不良
Rotor综合征,腹痛
颠茄碱类植物药物中毒,昏迷
颠茄碱类植物药物中毒,药物中毒
颠茄碱类植物药物中毒,谵妄
小儿汞中毒,腹泻
小儿汞中毒,心力衰竭
地霉菌病,咯血
地霉菌病,腹泻
地霉菌病,痢疾
白化病,眼球震颤
白化病,先天性少白头
毒蛇咬伤,腹泻
白细胞减少症,脓肿
白细胞减少症,败血症
对乙酰氨基酚中毒,肾功能衰竭
小儿共济失调毛细血管扩张Ⅰ型综合征,斜视
小儿共济失调毛细血管扩张Ⅰ型综合征,湿疹
小儿共济失调毛细血管扩张Ⅰ型综合征,共济失调
小儿共济失调毛细血管扩张综合征,细菌感染
小儿共济失调毛细血管扩张综合征,共济失调
玻璃体液化,近视
小儿孤独症,智能障碍
侧颅底肿瘤,耳鸣
侧颅底肿瘤,传导性耳聋
癫痫发作与癫痫综合征,脑膜炎
癫痫性精神障碍,痴呆
典型预激综合征,猝死
不完全性肠梗阻,腹痛
II型肾小管性酸中毒,便秘
II型肾小管性酸中毒,脱水
肠粘连,腹痛
淀粉样变病和淀粉样关节病,便秘
淀粉样变病和淀粉样关节病,斑秃
肠系膜血管缺血性疾病,腹痛
肠系膜血管缺血性疾病,腹泻
小儿骨硬化病,脑积水
小儿骨硬化病,耳聋
淀粉样变心肌病,淀粉样变性
小儿关节弯曲综合征,髋关节脱位
小儿关节弯曲综合征,肌肉萎缩
淀粉样变性,蛋白尿
淀粉样变性,淀粉样变性
小儿胱氨酸病,代谢性酸中毒
小儿胱氨酸病,氨基酸尿症
淀粉样变性周围神经病,腹泻
淀粉样变性周围神经病,肌肉萎缩
淀粉样变性周围神经病,低血压
淀粉样变性周围神经病,淀粉样变性
淀粉样变性周围神经病,蛋白尿
出血性脑卒中,昏迷
出血性脑卒中,意识障碍
小儿过敏性紫癜肾炎,血尿
小儿过敏性紫癜肾炎,蛋白尿
叠瓦癣,足癣
小儿过敏症,低血压
小儿过敏症,小儿湿疹
高原适应不全症,昏迷
蝶骨嵴脑膜瘤眼部病变,上睑下垂
蝶骨嵴脑膜瘤眼部病变,眼球突出
胆道感染,腹痛
胆道感染,急腹症
传导性耳聋,耳聋
传导性耳聋,传导性耳聋
小儿红白血病,耳鸣
小儿后颅窝型脑积水综合征,脑积水
小儿后颅窝型脑积水综合征,眼球震颤
窦房传导阻滞,昏迷
小儿后尿道瓣膜,尿失禁
小儿后尿道瓣膜,脱水
小儿后尿道瓣膜,腹水
小儿后尿道瓣膜,遗尿
河豚毒素中毒,腹痛
河豚毒素中毒,腹泻
河豚毒素中毒,昏迷
河豚毒素中毒,便血
河豚毒素中毒,共济失调
创伤性耳聋,耳鸣
创伤性耳聋,耳聋
创伤性耳聋,神经性耳聋
创伤性耳聋,眩晕
小儿呼吸道合胞病毒肺炎,心力衰竭
耳廓外伤,耳鸣
耳廓外伤,耳聋
小儿呼吸衰竭,呼吸衰竭
小儿呼吸衰竭,昏迷
小儿呼吸衰竭,蛋白尿
膀胱湿热,血尿
小儿坏死性龈口炎,口炎
椎-基底动脉盗血综合征,晕厥
椎-基底动脉盗血综合征,共济失调
急性硫化氢中毒,角膜溃疡
小儿回盲肠综合征,腹痛
小儿回盲肠综合征,腹泻
小儿回盲肠综合征,腹水
小儿回盲肠综合征,腹胀
胆道结石,腹痛
毒鱼刺伤,心律失常
毒鱼刺伤,腹痛
小儿蛔虫性肠梗阻,便秘
小儿蛔虫性肠梗阻,腹痛
小儿蛔虫性肠梗阻,脱水
小儿蛔虫性肠梗阻,肠痉挛
小儿蛔虫性肠梗阻,腹部肿块
小儿蛔虫性肠梗阻,蛔虫性肠梗阻
短P-R综合征,心律失常
短P-R综合征,晕厥
短肠综合征,胆结石
耳硬化症,耳鸣
耳硬化症,耳聋
耳硬化症,眩晕
小儿获得性免疫缺陷综合征,腹泻
鼻窦粘膜囊肿,偏头痛
小儿获得性免疫缺陷综合征肾病,腹泻
小儿获得性免疫缺陷综合征肾病,肾病综合征
小儿获得性免疫缺陷综合征肾病,蛋白尿
短腰畸形,多发性神经炎
短暂性大脑缺血性发作,耳鸣
短暂性大脑缺血性发作,动脉粥样硬化
小儿肌阵挛性癫痫,意识障碍
小儿肌阵挛性癫痫,遗尿
鼻窦粘液囊肿,眼球突出
小儿基底细胞痣综合征,脑积水
小儿基底细胞痣综合征,颌骨囊肿
小儿基底细胞痣综合征,脊柱侧弯
小儿吉兰-巴雷综合征,呼吸衰竭
小儿吉兰-巴雷综合征,心律失常
小儿吉兰-巴雷综合征,腹泻
小儿吉兰-巴雷综合征,共济失调
小儿急进性肾小球肾炎,咯血
小儿急进性肾小球肾炎,腹痛
小儿急进性肾小球肾炎,鼻出血
小儿急进性肾小球肾炎,蛋白尿
小儿急进性肾小球肾炎,便血
小儿急性播散性脑脊髓炎,昏迷
小儿急性播散性脑脊髓炎,意识障碍
小儿急性播散性脑脊髓炎,截瘫
小儿急性播散性脑脊髓炎,共济失调
小儿急性肠系膜淋巴结炎,便秘
反流性肾病,蛋白尿
多巴反应性肌张力障碍,痉挛性斜颈
多巴反应性肌张力障碍,扭转痉挛
小儿急性出血性坏死性肠炎,腹痛
小儿急性出血性坏死性肠炎,腹泻
小儿急性出血性坏死性肠炎,腹水
小儿急性出血性坏死性肠炎,便血
小儿急性出血性坏死性肠炎,腹胀
肺动脉闭锁,肝大
多发性斑状色素沉着症,色素斑
小儿急性非淋巴细胞性白血病,眼球突出
小儿急性横贯性脊髓炎,腹痛
小儿急性横贯性脊髓炎,腹泻
小儿急性横贯性脊髓炎,截瘫
多发性肌炎-皮肌炎,蛋白尿
反射性晕厥,晕厥
多房棘球蚴病,咯血
多房棘球蚴病,腹痛
多房棘球蚴病,腹部肿块
麻黄碱中毒,呼吸衰竭
麻黄碱中毒,心律失常
麻黄碱中毒,昏迷
麻黄碱中毒,耳鸣
麻黄碱中毒,腹胀
麻黄碱中毒,心力衰竭
肺静脉异位引流,咯血
小儿急性呼吸衰竭,意识障碍
小儿急性呼吸衰竭,代谢性酸中毒
马桑果中毒,呼吸衰竭
马桑果中毒,昏迷
曼陀罗中毒,昏迷
曼陀罗中毒,脑膜炎
曼陀罗中毒,谵妄
多杀巴斯德杆菌病,败血症
多杀巴斯德杆菌病,骨膜炎
小儿急性间歇性卟啉病,便秘
小儿急性间歇性卟啉病,腹痛
小儿急性间歇性卟啉病,脱水
小儿急性间歇性卟啉病,肠痉挛
锰中毒,腹痛
锰中毒,肝豆状核变性
锰中毒,便血
多系统器官功能衰竭,昏迷
多系统器官功能衰竭,代谢性酸中毒
多系统器官功能衰竭,呼吸性碱中毒
灭虫灵中毒,心律失常
灭虫灵中毒,腹痛
灭虫灵中毒,腹泻
灭虫灵中毒,失眠
小儿急性偏瘫,意识障碍
小儿急性偏瘫,眩晕
小儿急性偏瘫,共济失调
木薯中毒,呼吸衰竭
木薯中毒,腹痛
木薯中毒,昏迷
小儿急性气管支气管炎,腹泻
多系统萎缩,低血压
多系统萎缩,共济失调
慢性铅中毒,便秘
慢性铅中毒,昏迷
慢性铅中毒,精神障碍
棉子中毒,便秘
棉子中毒,腹痛
棉子中毒,昏迷
棉子中毒,腹胀
小儿急性上呼吸道感染,腹泻
淋巴管平滑肌瘤,心包积液
淋巴管平滑肌瘤,乳糜尿
淋巴管平滑肌瘤,乳糜胸
拟除虫菊类农药中毒,腹痛
拟除虫菊类农药中毒,昏迷
胆道肿瘤,腹泻
胆道肿瘤,腹部肿块
小儿急性胃炎,腹痛
小儿急性胃炎,脱水
小儿急性小脑性共济失调,眼球震颤
小儿急性小脑性共济失调,共济失调
多中心性网状组织细胞增生症,类风湿关节炎
粉碎性骨折,粉碎性骨折
小儿急性血行播散型肺结核,便秘
胆道癌,腹泻
胆道癌,腹部肿块
EB病毒感染,腹泻
小儿急性血源性骨髓炎,休克
小儿急性血源性骨髓炎,昏迷
小儿急性血源性骨髓炎,脑脓肿
小儿急性血源性骨髓炎,心包炎
小儿急性血源性骨髓炎,谵妄
额外肾,腹痛
额外肾,尿失禁
额外肾,腹部肿块
小儿急性中毒性脑病,昏迷
恶心和呕吐,腹痛
恶心和呕吐,腹部肿块
鼻肿瘤,鼻出血
鼻肿瘤,耳鸣
小儿脊髓前动脉综合征,截瘫
胆管炎性狭窄,腹痛
恶性高血压,耳鸣
恶性高血压,蛋白尿
小儿脊髓性肌萎缩,肌肉萎缩
恶性高血压视网膜病变,昏迷
恶性高血压视网膜病变,低血压
恶性高血压视网膜病变,蛋白尿
腹膜肿瘤,腹部肿块
小儿脊柱裂,髋关节脱位
小儿脊柱裂,肌肉萎缩
小儿鼻炎,耳鸣
小儿继发性腹膜炎,腹痛
小儿继发性腹膜炎,腹胀
小儿继发性免疫缺陷病,腹泻
小儿继发性免疫缺陷病,败血症
恶性萎缩性丘疹病,便秘
恶性萎缩性丘疹病,腹泻
恶性萎缩性丘疹病,消化不良
非器质性性欲减退,性欲减退
高甘油三酯血症,腹痛
高甘油三酯血症,血脂异常
小儿继发性免疫性血小板减少性紫癜,血尿
小儿继发性免疫性血小板减少性紫癜,鼻出血
小儿继发性免疫性血小板减少性紫癜,颅内出血
胆脂瘤型中耳炎,传导性耳聋
小儿继发性血小板增多症,血尿
小儿继发性血小板增多症,鼻出血
过敏性结膜炎,结膜充血
泌尿生殖系损伤,休克
泌尿生殖系损伤,血尿
泌尿生殖系损伤,尿瘘
泌尿生殖系损伤,腹部肿块
高胰岛素血症,低血糖症
小儿家族性非溶血性黄疸综合征,消化不良
小儿家族性非溶血性黄疸综合征,腹胀
胆总管囊肿,腹痛
二度房室传导阻滞,心动过缓
小儿家族性复发性血尿综合征,血尿
小儿家族性复发性血尿综合征,耳聋
过敏性皮炎,小儿湿疹
过敏性皮炎,过敏性皮炎
小儿家族性嗅神经-性发育不全综合征,嗅觉障碍
小儿家族性自主神经失调综合征,腹痛
小儿家族性自主神经失调综合征,吞咽困难
小儿家族性自主神经失调综合征,低血压
小儿家族性自主神经失调综合征,角膜溃疡
小儿家族性自主神经失调综合征,多汗症
小儿家族性自主神经失调综合征,心动过缓
小儿家族性自主神经失调综合征,共济失调
小儿甲基丙二酸血症,昏迷
小儿甲基丙二酸血症,低血糖症
小儿甲基丙二酸血症,代谢性酸中毒
小儿甲基丙二酸血症,痴呆
二尖瓣、主动脉瓣和三尖瓣的合并疾患,冠状动脉供血不足
小儿甲状旁腺功能减退症,腹痛
小儿甲状旁腺功能减退症,斑秃
小儿甲状旁腺功能减退症,低钙血症
小儿甲状旁腺功能减退症,低血压
小儿甲状旁腺功能减退症,共济失调
小儿甲状腺功能亢进症,眼球突出
颈部水囊瘤,吞咽困难
小儿贾第虫病,腹泻
小儿贾第虫病,腹胀
小儿假肥大型肌营养不良,心律失常
小儿假肥大型肌营养不良,便秘
小儿假肥大型肌营养不良,肌肉萎缩
小儿假肥大型肌营养不良,心力衰竭
二氧化硫中毒,呼吸衰竭
小儿假膜性肠炎,休克
小儿假膜性肠炎,腹痛
小儿假膜性肠炎,腹膜炎
小儿假膜性肠炎,腹泻
小儿假膜性肠炎,急腹症
小儿假膜性肠炎,便血
小儿假性甲状旁腺功能减低症,低钙血症
小儿假性粒细胞减少症,败血症
小儿假性粒细胞减少症,咽喉炎
小儿尖端扭转型室性心动过速,心律失常
小儿尖端扭转型室性心动过速,耳聋
小儿尖端扭转型室性心动过速,猝死
颈肩痛,颈肩痛
小儿尖头并指趾综合征,上睑下垂
小儿尖头并指趾综合征,眼球震颤
小儿尖头并指趾综合征,斜视
小儿结节病,肾功能衰竭
反射性交感神经营养不良综合征,骨质疏松
反射性交感神经营养不良综合征,色素斑
小儿结节性多动脉炎,腹痛
小儿结节性多动脉炎,多发性神经炎
小儿结节性多动脉炎,蛋白尿
小儿结节性多动脉炎,急腹症
反射性躯体神经病,肌肉萎缩
蛋白尿,蛋白尿
躯体性神经病,肌肉萎缩
颈内动脉海绵窦瘘,鼻出血
小儿结节性硬化症,咯血
小儿结节性硬化症,心律失常
小儿结节性硬化综合征,脑积水
小儿结节性硬化综合征,痴呆
小儿结节性硬化综合征,婴儿痉挛症
反向斜视,近视
反应性浆细胞增多症,淀粉样变性
小儿结膜吸吮线虫病,结膜充血
体温过低,昏迷
体温过低,体温过低
小儿近端肾小管酸中毒,低钾血症
小儿近端肾小管酸中毒,代谢性酸中毒
小儿近端肾小管酸中毒,低钠血症
小儿近端肾小管酸中毒,肾结石
小儿近端肾小管酸中毒,肾性糖尿
喉刺伤,吞咽困难
小儿进行性骨干发育不良,眼球突出
小儿进行性骨干发育不良,肌肉萎缩
倒睫,角膜溃疡
范科尼综合征,便秘
范科尼综合征,低钾血症
范科尼综合征,代谢性酸中毒
范科尼综合征,低钙血症
范科尼综合征,蛋白尿
功能性聋,精神障碍
功能性聋,耳聋
房间隔缺损,心力衰竭
小儿颈交感神经麻痹综合征,眼球内陷
房室交接区逸搏和逸搏心律,晕厥
房室交接区逸搏和逸搏心律,心动过缓
小儿颈椎融合综合征,脊柱侧弯
房室结折返性心动过速,休克
房室结折返性心动过速,晕厥
小儿巨大膀胱-巨大输尿管综合征,腹痛
小儿巨大膀胱-巨大输尿管综合征,尿失禁
小儿巨大膀胱-巨大输尿管综合征,血尿
房室折返性心动过速,心绞痛
房室折返性心动过速,眩晕
房室折返性心动过速,心力衰竭
小儿巨大血小板综合征,鼻出血
宫颈湿疣,性交疼痛
小儿巨脑畸形综合征,共济失调
低血容量性休克,低血压
骶管囊肿,坐骨神经痛
肌强直性肌病,肌肉萎缩
小儿巨幼细胞性贫血,腹泻
小儿军团病,呼吸衰竭
小儿军团病,胸腔积液
小儿军团病,腹泻
小儿军团病,昏迷
小儿军团病肾病,腹痛
小儿军团病肾病,腹泻
小儿军团病肾病,肾病综合征
小儿军团病肾病,血尿
小儿军团病肾病,昏迷
小儿军团病肾病,蛋白尿
小儿卡肺囊虫肺炎,腹泻
房性逸搏和房性逸搏心律,心律失常
喉火器伤,吞咽困难
小儿卡斯钦-贝克病,肌肉萎缩
放射性甲状腺炎,吞咽困难
小儿抗利尿激素分泌异常综合征,昏迷
小儿抗利尿激素分泌异常综合征,低钠血症
原发性膀胱输尿管返流,腹部肿块
放射性肾炎,肾病综合征
放射性肾炎,肾功能衰竭
放射性肾炎,蛋白尿
放射性肾炎,肾动脉狭窄
小儿抗磷脂综合征,心肌梗死
小儿抗磷脂综合征,流产
小儿抗磷脂综合征,肾功能衰竭
小儿抗磷脂综合征,网状青斑
小儿抗磷脂综合征,截瘫
骨裂,胸骨裂
骨裂,骨裂
放射性视网膜病变,视网膜脱离
小儿克罗恩病,便秘
小儿克罗恩病,腹痛
小儿克罗恩病,腹泻
小儿克罗恩病,口炎
小儿克罗恩病,肾结石
小儿克罗恩病,便血
放射性心包炎,心包积液
放射性心包炎,胸腔积液
小儿克山病,腹痛
小儿克山病,低血压
放射性心脏损害,心包积液
放射性心脏损害,动脉粥样硬化
小儿空鞍综合征,脑脊液鼻漏
放射性周围神经病,舌咽神经损伤
急腹症,腹痛
非闭塞性肠系膜血管缺血,休克
非闭塞性肠系膜血管缺血,心肌梗死
小儿库欣综合征,低钾血症
小儿库欣综合征,骨质疏松
小儿库欣综合征,库欣综合征
小儿库欣综合征,肌肉萎缩
骨软骨病,肌肉萎缩
非哺乳期乳晕部瘘管,脓肿
非哺乳期乳晕部瘘管,乳头内陷
动脉粥样硬化,腹痛
小儿狂犬病,呼吸衰竭
小儿狂犬病,腹痛
非典型麻疹综合征,胸腔积液
非典型麻疹综合征,腹痛
急性肠炎,休克
急性肠炎,腹痛
急性肠炎,腹泻
急性肠炎,脱水
小儿溃疡性结肠炎,便秘
小儿溃疡性结肠炎,腹痛
小儿扩张型心肌病,心律失常
小儿扩张型心肌病,腹痛
小儿扩张型心肌病,肺不张
骨髓增生性疾病,耳鸣
骨髓增生性疾病,眩晕
非结核分枝杆菌病,咯血
非结核分枝杆菌病,肺纤维化
小儿莱施-尼汉综合征,尿道结石
小儿莱施-尼汉综合征,肾功能衰竭
非结核分枝杆菌性角膜炎,脓肿
小儿赖氏综合征,呼吸衰竭
小儿赖氏综合征,腹泻
小儿赖特综合征,角膜炎
小儿赖特综合征,角膜溃疡
小儿赖特综合征,骨膜炎
小儿蓝尿布综合征,便秘
小儿蓝尿布综合征,肾结石
骨损伤,休克
骨损伤,粉碎性骨折
小儿郎格罕细胞性组织细胞增生症,腹泻
小儿狼疮肾炎,腹膜炎
小儿狼疮肾炎,蛋白尿
急性脑血管病,心律失常
急性脑血管病,脑血管痉挛
小儿利斯特菌病,腹泻
小儿利斯特菌病,昏迷
小儿利斯特菌病,脑膜炎
小儿利斯特菌病,败血症
小儿利斯特菌病,共济失调
喉切伤,吞咽困难
中暑痉挛,肠痉挛
中暑痉挛,急腹症
中暑痉挛,热痉挛
中暑痉挛,热衰竭
中暑痉挛,中暑
非甾体类抗炎药物性肾病,慢性肾功能不全
非甾体类抗炎药物性肾病,低血压
非甾体类抗炎药物性肾病,蛋白尿
非甾体类抗炎药物性肾病,动脉粥样硬化
非甾体类抗炎药物性肾病,败血症
小儿两性畸形,性早熟
小儿两性畸形,腹水
非阵发性窦性心动过速,低血压
小儿淋巴样息肉,腹痛
小儿淋巴样息肉,便血
中毒性休克综合征,休克
中毒性休克综合征,血尿
中毒性休克综合征,晕厥
中毒性休克综合征,低血压
小儿磷酸酶过少症,胸廓畸形
非洲锥虫病,腹泻
非洲锥虫病,闭经
非洲锥虫病,腹水
非洲锥虫病,共济失调
小儿流感病毒肺炎,腹泻
小儿流感病毒肺炎,昏迷
肥大细胞白血病,腹痛
病毒性肺炎,头痛
肥大性脊椎炎,坐骨神经痛
小儿流行性喘憋性肺炎,呼吸衰竭
小儿流行性喘憋性肺炎,代谢性酸中毒
肥胖性心肌病,昏迷
肥胖性心肌病,腹水
肥胖性心肌病,猝死
新生儿肺炎,呼吸衰竭
新生儿肺炎,脑膜炎
新生儿肺炎,心力衰竭
肺不发育或发育不全,咯血
肺不发育或发育不全,胸廓畸形
小儿颅面骨畸形综合征,眼球震颤
煤气中毒,昏迷
煤气中毒,耳鸣
肺不张,肺栓塞
小儿颅内出血,昏迷
小儿颅内出血,意识障碍
小儿颅内出血,脑疝
肺动静脉瘤,肺动静脉瘘
小儿颅内肿瘤,意识障碍
小儿颅脑损伤,昏迷
小儿颅脑损伤,意识障碍
小儿颅脑损伤,颅内出血
小儿卵巢肿瘤,腹痛
小儿卵巢肿瘤,急腹症
小儿卵巢肿瘤,腹部肿块
脊椎病,颈肩痛
脊椎病,眩晕
肺部良性肿瘤,肺不张
放射病,消化不良
放射病,脱发
肺部少见的恶性肿瘤,结节性硬化
肺部少见的恶性肿瘤,肺不张
脊髓出血性疾病,截瘫
小儿轮状病毒性肠炎,腹泻
小儿轮状病毒性肠炎,脱水
肺淀粉样变性,呼吸衰竭
非酒精性脂肪肝病,肝纤维化
非酒精性脂肪肝病,肝豆状核变性
非酒精性脂肪肝病,消化不良
小儿脉络丛乳头状瘤,脑积水
小儿脉络丛乳头状瘤,眼球震颤
小儿脉络丛乳头状瘤,共济失调
肺动脉高压,咯血
肺动脉高压,心绞痛
肺动脉高压,心律失常
肺动脉高压,晕厥
壶腹周围癌,腹痛
壶腹周围癌,消化不良
小儿曼氏迭宫绦虫病和曼氏裂头蚴病,腹痛
小儿曼氏迭宫绦虫病和曼氏裂头蚴病,腹膜炎
小儿曼氏迭宫绦虫病和曼氏裂头蚴病,眼球突出
小儿曼氏迭宫绦虫病和曼氏裂头蚴病,角膜炎
肺弓形体病,胸腔积液
肺弓形体病,心力衰竭
黄曲霉素中毒,腹痛
黄曲霉素中毒,昏迷
黄曲霉素中毒,腹水
黄曲霉素中毒,灼痛
小儿慢性充血性脾肿大,消化不良
小儿慢性充血性脾肿大,便血
肺宫崎肺吸虫症,腹痛
脊髓梗死,肌肉萎缩
十二指肠损伤,腹痛
小儿慢性大疱性疾病,疱疹
十二指肠淤积症,便秘
肺棘球蚴病,咯血
肺棘球蚴病,脓肿
特发性胃肠道嗜酸性细胞浸润综合征,腹痛
特发性胃肠道嗜酸性细胞浸润综合征,腹泻
特发性胃肠道嗜酸性细胞浸润综合征,上消化道出血
特发性胃肠道嗜酸性细胞浸润综合征,腹水
酒精性肝炎,腹水
肺荚膜组织胞浆菌病,咯血
肺荚膜组织胞浆菌病,肺纤维化
小儿慢性骨髓炎,肌肉萎缩
萎缩性胃炎,便秘
萎缩性胃炎,上消化道出血
萎缩性胃炎,舌炎
泪腺囊样腺癌,眼球突出
小儿慢性粒细胞白血病,多汗症
小儿慢性粒细胞白血病,腹胀
肺良性淋巴细胞血管炎和肉芽肿病,咯血
小儿慢性良性中性粒细胞减少症,脑膜炎
小儿慢性良性中性粒细胞减少症,乳突炎
小儿慢性良性中性粒细胞减少症,败血症
酒精性肝硬化,蜘蛛痣
肺螨病,腹痛
肺螨病,腹泻
肺毛霉病,腹痛
肺毛霉病,昏迷
肺毛霉病,上睑下垂
肺囊性纤维化,咯血
肺囊性纤维化,肺纤维化
肺囊性纤维化,心力衰竭
脊髓缺血性疾病,脊髓缺血
小儿慢性肉芽肿病,脑脓肿
小儿慢性肉芽肿病,湿疹
小儿慢性肉芽肿病,脓胸
肺诺卡菌病,咯血
肺诺卡菌病,脓肿
肾移植,血尿
肾移植,蛋白尿
泪腺肿瘤,眼球突出
小儿慢性胃炎,腹痛
小儿慢性胃炎,消化不良
酒精中毒性精神障碍,谵妄
肺泡微结石症,咯血
小儿慢性胰腺炎,腹痛
肺球孢子菌病,呼吸衰竭
肺球孢子菌病,菌血症
脊髓损伤,脊髓梗死
小儿慢性支气管炎,细菌感染
肺嗜酸细胞组织细胞增生症,咯血
脊髓小脑性共济失调,共济失调
先天性肾上腺皮质增生症,闭经
先天性肾上腺皮质增生症,女性性早熟
小儿猫叫综合征,脊柱侧弯
小儿毛细支气管炎,脱水
小儿毛细支气管炎,心力衰竭
多发梗塞性痴呆,痴呆
多发梗塞性痴呆,共济失调
淋巴结核,淋巴结结核
小儿梅克尔憩室,肠套叠
小儿梅克尔憩室,腹痛
小儿梅克尔憩室,腹膜炎
小儿梅克尔憩室,腹泻
小儿梅克尔憩室,便血
红斑性肢痛症,冻疮
红斑性肢痛症,肌肉萎缩
肺鼠疫,呼吸衰竭
肺鼠疫,腹泻
小儿霉甘蔗中毒,腹痛
小儿霉甘蔗中毒,腹泻
小儿霉甘蔗中毒,昏迷
肺炭疽,败血症
小儿迷路水肿-耳性眩晕综合征,眼球震颤
小儿迷路水肿-耳性眩晕综合征,耳鸣
小儿迷路水肿-耳性眩晕综合征,耳聋
肺血管炎,腹痛
肺血管炎,血管炎
肺血管炎,肺不张
肺血管炎,痴呆
肺血吸虫病,腹痛
多毛症,库欣综合征
多毛症,脱发
肺芽生菌病,胸腔积液
戈谢病,吞咽困难
戈谢病,急腹症
颅底肿瘤,眼球突出
颅底肿瘤,精神障碍
颅底肿瘤,共济失调
小儿莫拉雷脑膜炎,昏迷
肺炎链球菌败血症,昏迷
肺炎链球菌败血症,败血症
小儿内脏幼虫移行症,呼吸衰竭
小儿内脏幼虫移行症,咯血
小儿内脏幼虫移行症,肺纤维化
肺炎链球菌性肺炎,肺不张
抗生素诱发的肠炎,腹泻
抗生素诱发的肠炎,便血
淋巴瘤,腹痛
淋巴瘤,腹泻
淋巴瘤,吞咽困难
肺炎衣原体感染,昏迷
慢性肾上腺皮质功能减退症,腹痛
慢性肾上腺皮质功能减退症,腹泻
慢性肾上腺皮质功能减退症,昏迷
慢性肾上腺皮质功能减退症,肾上腺危象
小儿囊性纤维性变,腹水
小儿囊性纤维性变,腹胀
小儿囊性纤维性变,慢性咳嗽
口腔颌面部间隙感染,吞咽困难
肺组织细胞增生症,咯血
小儿脑白质海绵状变性综合征,视神经萎缩
糖原累积病,低血糖症
费尔蒂综合征,腹水
性早熟,卵巢囊肿
性早熟,甲状旁腺功能亢进
性早熟,男性性早熟
性早熟,女性性早熟
小儿脑挫裂伤,昏迷
小儿脑挫裂伤,意识障碍
小儿脑挫裂伤,脱水
小儿脑挫裂伤,瘫痪
寄生虫病,粪类圆线虫病
寄生虫病,腹痛
寄生虫病,消化不良
胰岛功能性β细胞瘤,低血糖症
小儿脑干胶质瘤,上睑下垂
小儿脑干胶质瘤,共济失调
黄斑变性,视网膜脱离
奋森咽峡炎,吞咽困难
小儿脑积水,眼球震颤
小儿脑积水,静脉曲张
小儿脑积水,脱水
小儿脑积水,脊柱侧弯
匐行性脉络膜炎,视网膜脱离
气性坏疽病,谵妄
纤维肌痛综合症,失眠
小儿脑膜炎球菌性肾上腺综合征,昏迷
妇产科静脉血栓病,肺栓塞
妇产科静脉血栓病,产褥感染
妇产科静脉血栓病,低血压
妇产科静脉血栓病,原发性痛经
妇产科静脉血栓病,猝死
弓形体脑病,脑膜炎
弓形体脑病,脑积水
口腔颌面部囊肿,鼻前庭囊肿
小儿脑脓肿,脑脓肿
小儿脑脓肿,眩晕
妇女雄激素源性秃发,脱发
念珠菌阴道炎,性交疼痛
眶脑膜瘤,眼球突出
眶脑膜瘤,角膜炎
眶脑膜瘤,结膜充血
复发性多发性软骨炎伴发的葡萄膜炎,鼻出血
复发性多发性软骨炎伴发的葡萄膜炎,耳聋
小儿脑水肿与颅内高压综合征,昏迷
小儿脑水肿与颅内高压综合征,耳鸣
复发性多软骨炎,呼吸衰竭
复发性多软骨炎,共济失调
小儿脑血管畸形,意识障碍
小儿脑血管畸形,眩晕
复发性多软骨炎性巩膜炎,角膜炎
小儿脑震荡,意识障碍
小儿脑震荡,眩晕
口腔颌面部血管瘤,鲜红斑痣
三高症,耳鸣
三高症,动脉粥样硬化
脑栓塞,动脉粥样硬化
脑栓塞,共济失调
复发性腹膜后肿瘤,腹痛
复发性腹膜后肿瘤,腹部肿块
小脑扁桃体下疝,脑积水
小脑扁桃体下疝,眼球震颤
小脑扁桃体下疝,吞咽困难
小脑扁桃体下疝,共济失调
甲状旁腺功能亢进,便秘
甲状旁腺功能亢进,内分泌功能亢进
小儿黏多糖贮积症,截瘫
小儿黏多糖贮积症,耳聋
小儿黏多糖贮积症,智能障碍
复发性坏死性黏膜周围炎,口腔溃疡
小儿尿崩症,便秘
小儿尿崩症,脱水
小儿尿崩症,遗尿
复发性溃疡,腹痛
复发性溃疡,腹泻
复发性溃疡,消化性溃疡
复发性溃疡,消化不良
口腔颌面部肿瘤,口腔溃疡
输精管堵塞,输精管堵塞
复发性卵巢恶性肿瘤,腹痛
复发性卵巢恶性肿瘤,便血
环形胰腺,腹痛
口腔炎,口腔溃疡
口腔炎,口腔黏膜白斑
复发性外阴阴道念珠菌病,湿疹
复发性无菌性脑膜炎,昏迷
口咽良性肿瘤,吞咽困难
小儿尿路梗阻,血尿
髋关节骨关节炎,肌肉萎缩
先天性肛门直肠狭窄,便秘
小儿脓胸,呼吸衰竭
小儿脓胸,胸腔积液
小儿脓胸,败血症
小儿女性性早熟,卵巢囊肿
泪道阻塞,睑外翻
泪道阻塞,湿疹
交感神经型颈椎病,耳鸣
小儿疱疹性角膜结膜炎,疱疹
小儿疱疹性角膜结膜炎,结膜充血
小儿疱疹性角膜结膜炎,淋巴结结核
副伤寒,腹痛
副伤寒,腹泻
副神经节起源的肿瘤,便秘
副神经节起源的肿瘤,腹痛
先天性肠狭窄,腹泻
副神经损伤,肌肉萎缩
副神经损伤,延髓性麻痹
小儿皮肤黏膜淋巴结综合征,腹泻
小儿皮肤黏膜淋巴结综合征,结膜充血
桡神经损伤,肌肉萎缩
桡神经损伤,瘫痪
小儿脾大,脾功能亢进
小儿脾大,败血症
小儿脾大,心力衰竭
副银屑病,疱疹
小儿脾外伤,腹痛
副肿瘤性边缘系统脑炎,痴呆
小儿片吸虫病,腹泻
颅内静脉窦血栓形成,昏迷
颅内静脉窦血栓形成,意识障碍
腕舟状骨骨折,腕枪刺状畸形
小儿偏头痛,腹痛
小儿偏头痛,耳鸣
小儿偏头痛,眩晕
曲霉菌病,咯血
副肿瘤性脊髓病,截瘫
小儿嘌呤核苷酸磷酸化酶缺乏,心包炎
小儿嘌呤核苷酸磷酸化酶缺乏,共济失调
先天性耳前瘘管,涎瘘
小儿屏气发作,遗尿
副肿瘤性小脑变性,眼球震颤
副肿瘤性小脑变性,精神障碍
副肿瘤性小脑变性,痴呆
副肿瘤性小脑变性,眩晕
副肿瘤性小脑变性,共济失调
双主动脉弓,吞咽困难
双主动脉弓,咳嗽
小儿葡萄糖-6-磷酸脱氢酶缺乏症,腹痛
小儿葡萄糖-6-磷酸脱氢酶缺乏症,脱水
小儿葡萄糖-6-磷酸脱氢酶缺乏症,蛋白尿
小儿葡萄糖-6-磷酸脱氢酶缺乏症,谵妄
副肿瘤性斜视性眼肌阵挛-肌阵挛,眩晕
角膜溃疡,结膜充血
角膜溃疡,角膜溃疡
腹壁切口疝,腹痛
外阴肿瘤,外阴溃疡
腹膜后脓肿,腹痛
腹膜后脓肿,腹泻
腹膜后脓肿,腹部肿块
腹膜后脓肿,腹胀
腹壁坏死性筋膜炎,坏死性筋膜炎
先天性冠状动脉瘤,冠状动脉供血不足
腹腔脓肿,胸腔积液
腹腔脓肿,脓肿
腹壁间疝,腹痛
腹壁间疝,腹胀
小儿普通易变型免疫缺陷,吸收不良综合征
小儿普通易变型免疫缺陷,脑膜炎
小儿普通易变型免疫缺陷,疱疹
股疝,便秘
股疝,腹痛
股疝,静脉曲张
股疝,腹水
角膜老年环,角膜溃疡
小儿期前收缩,晕厥
慢性阑尾炎,腹痛
慢性阑尾炎,腹泻
慢性阑尾炎,脓肿
腹壁硬纤维瘤,腹痛
腹壁硬纤维瘤,结肠息肉
小儿槭糖尿病,共济失调
肛门周围癌,肛裂
肛门周围癌,鳞状细胞癌
腹部肿块,肠套叠
腹部肿块,腹痛
腹部肿块,腹膜炎
腹部肿块,腹部肿块
小儿其他沙门菌感染,脱水
小儿其他沙门菌感染,低钠血症
黑色素瘤,雀斑
腹股沟滑动疝,腹部肿块
口腔癌,口腔溃疡
接触性睑皮炎,结膜充血
小儿气胸,急性呼吸窘迫综合征
小儿气胸,休克
腹腔干动脉瘤,休克
腹腔干动脉瘤,腹痛
小儿迁延性肾小球肾炎,血尿
小儿迁延性肾小球肾炎,蛋白尿
腹腔室隔综合征,休克
先天性睑裂狭小综合征,上睑下垂
小儿迁延与慢性腹泻,腹泻
腹水,腹膜炎
腹水,腹水
星形细胞瘤,精神障碍
星形细胞瘤,共济失调
小儿铅中毒,腹痛
脓胸,脊柱侧弯
咽部乳头状瘤,吞咽困难
腹直肌自发性破裂,便秘
先天性小耳畸形,耳聋
小儿丘疹性肢皮炎综合征,腹泻
胎盘部位滋养细胞肿瘤,闭经
腹主动脉动脉瘤破裂,腹痛
腹主动脉动脉瘤破裂,低血压
腹主动脉动脉瘤破裂,便血
滴虫性外阴炎,外阴瘙痒
小儿球形细胞脑白质营养不良,眼球震颤
小儿球形细胞脑白质营养不良,痴呆
腹主动脉瘤,腹痛
腹主动脉瘤,低血压
腹主动脉瘤,腹部肿块
腹主动脉瘤,腹水
卵巢早衰,便秘
卵巢早衰,闭经
卵巢早衰,脱发
腹主动脉腔静脉瘘,静脉曲张
腹主动脉腔静脉瘘,低血压
结核病,咯血
结核病,闭经
小儿全远端型肾小管酸中毒,心律失常
小儿全远端型肾小管酸中毒,低钾血症
小儿全远端型肾小管酸中毒,代谢性酸中毒
腹主动脉缩窄,颅内出血
腹主动脉缩窄,低血压
腹主动脉缩窄,心力衰竭
小儿醛固酮过多症,瘫痪
羊水过少,腹痛
羊水过少,妊高征
羊水过少,胎儿窘迫
甘露糖苷贮积症,耳聋
甘露糖苷贮积症,巨舌
结直肠癌,便秘
结直肠癌,腹痛
结直肠癌,腹泻
结直肠癌,消化不良
结直肠癌,腹水
结直肠癌,便血
巨大儿,腹痛
小儿人类疱疹病毒6，7，8型感染性疾病,疱疹
目劄病,结膜充血
尿布疹,败血症
杆菌性上皮样血管瘤病,菌血症
杆菌性上皮样血管瘤病,败血症
小儿人类细小病毒B19感染,疱疹
小儿人类细小病毒B19感染,蛋白尿
手足口病,腹痛
肝大,胆汁性肝硬化
肝大,淀粉样变性
肝大,肝淀粉样变性
肝大,蜘蛛痣
小儿溶血尿毒综合征,心律失常
小儿溶血尿毒综合征,腹痛
小儿溶血尿毒综合征,腹泻
小儿溶血尿毒综合征,血尿
肝淀粉样变性,静脉曲张
肝淀粉样变性,淀粉样变性
肝淀粉样变性,腹水
肝淀粉样变性,肝淀粉样变性
特异性心肌病,心律失常
特异性心肌病,心力衰竭
肝动脉闭塞,昏迷
小儿溶血性贫血,蛋白尿
小儿乳糜泻,腹痛
小儿乳糜泻,腹泻
小儿乳糜泻,吸收不良综合征
小儿乳糜泻,脱水
小儿急性阑尾炎,便秘
小儿急性阑尾炎,肠套叠
小儿急性阑尾炎,腹痛
小儿急性阑尾炎,腹膜炎
小儿急性阑尾炎,腹泻
小儿急性阑尾炎,痢疾
肝动脉瘤,腹痛
小儿软骨发育不全,胸廓畸形
肝肺综合征,腹水
肝肺综合征,蜘蛛痣
小儿惊厥,呼吸衰竭
小儿惊厥,眼球震颤
肝母细胞瘤,腹泻
肝母细胞瘤,腹水
腺癌,咯血
腺癌,眩晕
腺癌,共济失调
小儿软骨营养障碍-血管瘤综合征,静脉曲张
小儿软骨营养障碍-血管瘤综合征,低血压
肝性卟啉病,腹痛
肝性卟啉病,昏迷
肝性卟啉病,腹水
肝性卟啉病,谵妄
肝血管肉瘤,腹痛
肝血管肉瘤,急腹症
肝血管肉瘤,腹水
小儿散发性甲状腺肿,吞咽困难
肝炎病毒相关风湿病,腹泻
肝炎病毒相关风湿病,口腔溃疡
肝炎病毒相关风湿病,蜘蛛痣
小儿色素沉着息肉综合征,肠套叠
小儿色素沉着息肉综合征,腹痛
小儿色素沉着息肉综合征,腹泻
小儿色素沉着息肉综合征,脱发
小儿色素沉着息肉综合征,便血
小儿色素沉着息肉综合征,色素斑
强直性肌营养不良症,吞咽困难
强直性肌营养不良症,肌肉萎缩
色盲,眼球震颤
桡骨头半脱位,肘关节脱位
小儿色素荨麻疹,腹痛
小儿色素荨麻疹,腹泻
小儿色素荨麻疹,低血压
小儿色素荨麻疹,色素斑
鼻中隔脓肿,鼻中隔穿孔
鼻中隔脓肿,脓肿
肝脏类癌,消化不良
小儿色素失调症,疱疹
小儿色素失调症,脱发
小儿色素失调症,色素斑
耵聍栓塞,耳鸣
耵聍栓塞,眩晕
肝脏外伤,休克
小儿神经白塞综合征,眼球震颤
小儿神经白塞综合征,口腔溃疡
小儿神经白塞综合征,外阴溃疡
小儿神经白塞综合征,共济失调
小儿神经管畸形,脑积水
小儿神经管畸形,髋关节脱位
小儿神经管畸形,肌肉萎缩
小儿神经管畸形,骨裂
小儿神经母细胞瘤,腹痛
小儿神经母细胞瘤,眼球突出
耳聋,耳聋
肝脏血管瘤,消化不良
小儿神经纤维瘤病,眼球突出
小儿神经纤维瘤病,耳鸣
小儿神经纤维瘤病,眩晕
肝脏炎性假瘤,蜘蛛痣
肝肿瘤,骨质疏松
肝肿瘤,腹水
肝肿瘤,心力衰竭
慢性干燥性鼻炎,鼻出血
肝紫癜病,腹痛
肝紫癜病,腹泻
肝紫癜病,紫癜
肝紫癜病,腹胀
感染性疾病所致贫血,蛋白尿
腕尺管综合征,腕枪刺状畸形
突发性耳聋,耳鸣
突发性耳聋,耳聋
突发性耳聋,眩晕
小儿神经源性膀胱,尿失禁
小儿神经源性膀胱,遗尿
感应性妄想性障碍,精神障碍
脑动脉盗血综合征,晕厥
脑动脉盗血综合征,耳鸣
脑动脉盗血综合征,眩晕
脑动脉盗血综合征,共济失调
小儿肾病综合征,慢性肾功能不全
小儿肾病综合征,低钙血症
小儿肾病综合征,蛋白尿
小肠破裂,腹痛
小儿肾淀粉样变性,腹痛
小儿肾淀粉样变性,低钾血症
小儿肾淀粉样变性,肾病综合征
小儿肾淀粉样变性,低血压
小儿肾淀粉样变性,蛋白尿
小儿肾结核,尿失禁
小儿肾结核,蛋白尿
神经皮肤综合征,耳鸣
神经皮肤综合征,共济失调
神经皮肤综合征,色素斑
小儿肾静脉血栓形成,腹痛
小儿肾静脉血栓形成,代谢性酸中毒
小儿肾静脉血栓形成,蛋白尿
先天性耳聋,耳聋
肛管直肠恶性黑色素瘤,便秘
肛管直肠恶性黑色素瘤,腹泻
肛管直肠恶性黑色素瘤,便血
缺血性脑卒中,眼球震颤
缺血性脑卒中,眩晕
小儿肾上腺皮质功能不全,腹痛
小儿肾上腺皮质功能不全,腹泻
小儿肾上腺皮质功能不全,昏迷
小儿肾上腺皮质功能不全,低血压
小儿肾上腺皮质功能不全,色素斑
先天性喉裂,吞咽困难
先天性喉裂,肺不张
前列腺钙化,遗尿
小儿肾上腺皮质与髓质增生并存综合征,腹痛
小儿肾上腺皮质与髓质增生并存综合征,库欣综合征
高催乳素血症,闭经
高催乳素血症,骨质疏松
高催乳素血症,性欲减退
小儿肾小管-间质肾炎,腹痛
小儿肾小管-间质肾炎,腹泻
小儿肾小管-间质肾炎,低钾血症
小儿肾小管-间质肾炎,蛋白尿
网瘾,信息成瘾
网瘾,失眠
咽旁间隙感染,吞咽困难
咽旁间隙感染,败血症
外耳道外生骨疣,耳鸣
高动力性循环,心力衰竭
高度房室传导阻滞,猝死
神经性耳聋,眩晕
小儿肾性贫血,眩晕
高钙血症,便秘
高钙血症,腹痛
高钙血症,昏迷
小儿肾性糖尿,腹泻
小儿肾性糖尿,脱水
小儿肾性糖尿,肾性糖尿
小儿肾血管性高血压,肾功能衰竭
小儿肾血管性高血压,眩晕
小儿渗出性多形性红斑,便秘
小儿渗出性多形性红斑,疱疹
小儿渗出性多形性红斑,细菌感染
颌下间隙感染,脓肿
颌下间隙感染,磨牙
高钙血症肾病,昏迷
高钙血症肾病,吞咽困难
小儿生长激素缺乏症,闭经
小儿生殖细胞瘤,腹痛
高镁血症,呼吸衰竭
高镁血症,心律失常
高镁血症,便秘
高镁血症,心动过缓
高镁血症,腹胀
血管网状细胞瘤,吞咽困难
高钠血症,昏迷
小儿石膏综合征,休克
小儿石膏综合征,急性胃扩张
小儿石膏综合征,脱水
包皮过长,珍珠丘疹
包皮过长,龟头珍珠疹
高渗性非酮症高血糖昏迷,意识障碍
高渗性非酮症高血糖昏迷,脱水
不射精症,遗精
疱疹性角膜炎,角膜溃疡
高渗性非酮症糖尿病昏迷,意识障碍
高渗性非酮症糖尿病昏迷,脱水
小儿食物变态反应,腹痛
小儿食物变态反应,腹泻
小儿食物变态反应,吸收不良综合征
小儿食物变态反应,疱疹
小儿食物变态反应,过敏性皮炎
神经性耳鸣,耳鸣
神经性耳鸣,耳聋
神经性耳鸣,眩晕
小儿食物中毒,腹痛
小儿食物中毒,腹泻
小儿食物中毒,昏迷
小儿食物中毒,眩晕
小儿史-约综合征,腹痛
小儿史-约综合征,腹泻
小儿史-约综合征,吞咽困难
小儿溃疡性口炎,口唇疱疹
男性生殖器外伤,休克
高原红细胞增多症,耳鸣
高原红细胞增多症,失眠
高原红细胞增多症,睡眠障碍
少精子症,耳鸣
高原脑水肿,休克
高原脑水肿,昏迷
高原脑水肿,心力衰竭
小儿视神经胶质瘤,眼球震颤
小儿视神经胶质瘤,斜视
小儿视神经胶质瘤,性早熟
血脂异常,动脉粥样硬化
死精症,前列腺增生
死精症,遗精
小儿视网膜母细胞瘤,眼球突出
高脂蛋白血症,腹痛
高脂蛋白血症,便血
高脂蛋白血症,痴呆
高脂蛋白血症,腹胀
神经炎,枕大神经痛
神经炎,肌肉萎缩
小儿视网膜色素变性-肥胖-多指综合征,骨质疏松
小儿视网膜色素变性-肥胖-多指综合征,上睑下垂
小儿视网膜色素变性-肥胖-多指综合征,眼球震颤
输卵管狭窄,输卵管粘连
阴囊湿疹,湿疹
阴囊湿疹,失眠
高脂蛋白血症Ⅱ型,结节性硬化
高脂蛋白血症Ⅱ型,动脉粥样硬化
肝吸虫病,消化不良
小儿室间隔完整型肺动脉闭锁,动脉导管未闭
小儿室间隔完整型肺动脉闭锁,代谢性酸中毒
小儿室间隔完整型肺动脉闭锁,肺动脉闭锁
高脂蛋白血症Ⅲ型,血脂异常
脑血管病,意识障碍
脑血管病,吞咽困难
小儿室性心动过速,心律失常
小儿嗜铬细胞瘤,腹痛
小儿嗜铬细胞瘤,血尿
小儿嗜铬细胞瘤,心力衰竭
森林脑炎,痴呆
高脂蛋白血症Ⅴ型,腹痛
瘢痕疙瘩,睑外翻
小儿风疹,小儿咳嗽
高致病性禽流感病毒感染,休克
高致病性禽流感病毒感染,腹痛
高致病性禽流感病毒感染,腹泻
高致病性禽流感病毒感染,咳嗽
小儿嗜血流感杆菌肺炎,脑膜炎
小儿嗜血流感杆菌肺炎,心包炎
小儿嗜血流感杆菌肺炎,脓胸
小儿嗜血流感杆菌肺炎,败血症
小儿嗜血流感杆菌肺炎,心力衰竭
胃肿瘤,腹泻
亚健康,便秘
亚健康,口腔溃疡
亚健康,失眠
睾丸损伤,休克
格子状角膜营养不良,淀粉样变性
多汗症,类癌综合征
多汗症,肌肉萎缩
多汗症,多汗症
维生素D缺乏性手足抽搐症,维生素D中毒
维生素D缺乏性手足抽搐症,面肌抽搐
工业中毒所致的精神障碍,腹痛
工业中毒所致的精神障碍,腹泻
工业中毒所致的精神障碍,鼻出血
工业中毒所致的精神障碍,低血压
工业中毒所致的精神障碍,谵妄
红皮病,口腔溃疡
红皮病,低血压
小儿输尿管脱垂,血尿
灰指甲,甲周炎
灰指甲,甲营养不良
灰指甲,脚气
肱二头肌长头腱鞘炎,肌肉萎缩
小儿水杨酸盐类中毒,腹痛
小儿水杨酸盐类中毒,脱水
小儿水杨酸盐类中毒,耳鸣
小儿水杨酸盐类中毒,蛋白尿
脑血管硬化,吞咽困难
脑血管硬化,眩晕
肱骨头骨折,粉碎性骨折
小儿松果体区肿瘤,眼球震颤
小儿松果体区肿瘤,耳鸣
小儿松果体区肿瘤,性早熟
小儿松果体区肿瘤,共济失调
小儿髓母细胞瘤,眼球震颤
小儿髓母细胞瘤,共济失调
宫颈浸润癌,腹痛
宫颈浸润癌,血尿
小儿锁骨颅骨发育不全综合征,胸廓畸形
肾上腺肿瘤,闭经
小儿唐氏综合征,痴呆
宫腔积脓,腹痛
咽部狭窄及闭锁,嗅觉障碍
小儿糖尿病,腹痛
甲营养不良,斑秃
甲营养不良,甲营养不良
钩端螺旋体病神经系统表现,呼吸衰竭
钩端螺旋体病神经系统表现,昏迷
钩端螺旋体病神经系统表现,肾功能衰竭
钩端螺旋体病神经系统表现,败血症
脚气,脚气
小儿糖尿病肾病,蛋白尿
钩端螺旋体肺炎,呼吸衰竭
钩端螺旋体肺炎,昏迷
小儿糖吸收不良,腹泻
小儿糖吸收不良,脱水
小儿糖吸收不良,腹胀
小儿脑肿瘤,意识障碍
小儿脑肿瘤,共济失调
枸橼酸杆菌肺炎,呼吸衰竭
枸橼酸杆菌肺炎,腹痛
枸橼酸杆菌肺炎,腹泻
妊娠合并弓形虫病,脊柱裂
妊娠合并弓形虫病,产后出血
妊娠合并弓形虫病,流产
小儿糖原贮积病Ⅰ型,血脂异常
股动脉损伤,休克
无泪症,泪道阻塞
小儿糖原贮积病Ⅱ型,呼吸衰竭
小儿糖原贮积病Ⅱ型,巨舌
股骨转子下骨折,休克
股骨转子下骨折,粉碎性骨折
小儿糖原贮积病Ⅳ型,静脉曲张
小儿糖原贮积病Ⅳ型,腹水
小儿糖原贮积病Ⅴ型,蛋白尿
色素紫癜性皮炎,紫癜
小儿糖原贮积病Ⅵ型,血脂异常
脑源性晕厥,晕厥
小儿糖原贮积病Ⅶ型,蛋白尿
太田痣,鲜红斑痣
太田痣,色素斑
小儿糖原贮积病Ⅸ型,血脂异常
小儿烫伤,休克
小儿烫伤,肾功能衰竭
脱发,脱发
小儿特发性肺含铁血黄素沉着症,腹痛
小儿特发性肺含铁血黄素沉着症,鼻出血
小儿特发性肺含铁血黄素沉着症,肺不张
咽麻痹,吞咽困难
小儿特发性肺纤维化,呼吸衰竭
药物性皮炎,昏迷
药物性皮炎,蛋白尿
药物性皮炎,败血症
药物性皮炎,剥脱性皮炎
小儿特发性尿钙增多症,血尿
小儿特发性尿钙增多症,甲状旁腺功能亢进
小儿特发性室性心动过速,心律失常
小儿特发性室性心动过速,晕厥
小儿特发性室性心动过速,心力衰竭
异位性皮炎,腹泻
异位性皮炎,疱疹
异位性皮炎,湿疹
眼睑闭合不全,结膜充血
眼睑闭合不全,角膜溃疡
小儿特发性血小板减少性紫癜,血尿
小儿特发性血小板减少性紫癜,鼻出血
疣状表皮发育不良,雀斑
小儿肾积水,血尿
恶性肿瘤,吞咽困难
恶性肿瘤,消化不良
维生素D中毒,便秘
维生素D中毒,腹泻
维生素D中毒,代谢性酸中毒
维生素D中毒,多汗症
骨髓病性贫血,腹痛
骨髓病性贫血,腹泻
骨髓病性贫血,昏迷
小儿同型胱氨酸尿症,骨质疏松
性高潮障碍,精神障碍
骨血管肉瘤,截瘫
小儿铜缺乏症综合征,腹泻
骨血管外皮细胞瘤,截瘫
甲状腺功能亢进伴发的精神障碍,精神障碍
甲状腺功能亢进伴发的精神障碍,性欲减退
甲状腺功能亢进伴发的精神障碍,谵妄
初潮痛经,腹痛
初潮痛经,腹泻
初潮痛经,继发性痛经
初潮痛经,原发性痛经
物理性皮肤病,鸡眼
物理性皮肤病,冻疮
鼓膜穿孔,耳鸣
鼓膜穿孔,耳聋
鼓膜穿孔,神经性耳聋
旅途精神病,意识障碍
小儿透析失衡综合征,昏迷
小儿脱屑性肺炎,呼吸衰竭
小儿脱屑性肺炎,肺纤维化
小儿脱屑性肺炎,心力衰竭
冠状动脉瘤,心绞痛
冠状动脉瘤,心力衰竭
眼眶脑膜瘤,眼球突出
小儿外部性脑积水,脑积水
小儿大肠杆菌肠炎,腹泻
冠状动脉异常起源于肺动脉,休克
冠状动脉异常起源于肺动脉,晕厥
冠状动脉异常起源于肺动脉,心力衰竭
性兴奋障碍,性欲减退
性冷淡,精神障碍
性冷淡,性欲减退
小儿晚发性维生素K缺乏病,腹泻
小儿晚发性维生素K缺乏病,昏迷
小儿晚发性维生素K缺乏病,脑疝
小儿晚发性维生素K缺乏病,颅内出血
小儿晚发性维生素K缺乏病,便血
冠状动脉异常起源主动脉,心绞痛
冠状动脉异常起源主动脉,昏迷
冠状动脉异常起源主动脉,晕厥
冠状动脉异常起源主动脉,猝死
谵妄综合征,意识障碍
谵妄综合征,药物中毒
谵妄综合征,痴呆
谵妄综合征,血管性痴呆
谵妄综合征,谵妄
伪聋,耳聋
小儿韦格纳肉芽肿,血尿
中暑,热痉挛
中暑,热衰竭
佩梅病,眼球震颤
佩梅病,共济失调
小儿维生素A缺乏病,腹泻
小儿维生素A缺乏病,脑积水
小儿维生素A缺乏病,精神障碍
小儿维生素A缺乏病,角膜溃疡
小儿维生素C缺乏病,腹泻
小儿维生素C缺乏病,缺铁性贫血
甲型H1N1流感,咳嗽
头皮撕脱伤,休克
头皮撕脱伤,头皮撕脱伤
大咯血,咯血
小儿维生素D缺乏性手足搐搦症,脱发
小儿维生素D缺乏性手足搐搦症,猝死
小儿维生素E缺乏病,上睑下垂
小儿维生素E缺乏病,硬肿症
小儿维生素E缺乏病,共济失调
感染性腹主动脉瘤,腹痛
感染性腹主动脉瘤,菌血症
广泛性焦虑障碍,腹泻
小儿维斯科特-奥尔德里奇综合征,咯血
小儿维斯科特-奥尔德里奇综合征,血尿
小儿维斯科特-奥尔德里奇综合征,脑膜炎
小儿维斯科特-奥尔德里奇综合征,湿疹
小儿维斯科特-奥尔德里奇综合征,败血症
未分化脊柱关节病,口腔溃疡
小儿胃肠道异物及异物性肠梗阻,腹痛
小儿胃肠道异物及异物性肠梗阻,腹膜炎
小儿胃肠道异物及异物性肠梗阻,消化不良
小儿胃肠道异物及异物性肠梗阻,蛔虫性肠梗阻
广州管圆线虫病,昏迷
弯曲菌肠炎,腹痛
弯曲菌肠炎,腹泻
弯曲菌肠炎,败血症
弯曲菌肠炎,痢疾
弯曲菌肠炎,眩晕
弯曲菌肠炎,谵妄
小儿胃结块症,便秘
小儿胃结块症,腹膜炎
小儿胃结块症,消化不良
小儿胃结块症,便血
小儿无菌性脑膜炎综合征,腹痛
小儿无菌性脑膜炎综合征,脑膜炎
小儿多发性内分泌腺瘤Ⅱ型,腹泻
小儿多发性内分泌腺瘤Ⅱ型,甲状旁腺功能亢进
龟头炎,疱疹
小儿肥胖通气不良综合征,呼吸衰竭
心源性休克,休克
心源性休克,心律失常
心源性休克,昏迷
小儿系统性红斑狼疮,腹痛
小儿系统性红斑狼疮,蛋白尿
氨基酸代谢病,上睑下垂
氨基酸代谢病,腹水
氨基酸代谢病,共济失调
腘动脉破裂,末梢神经炎
B链球菌群感染,脑膜炎
B链球菌群感染,脓肿
B链球菌群感染,败血症
B链球菌群感染,细菌感染
过度通气综合征,意识障碍
巴斯德菌肺炎,咯血
巴斯德菌肺炎,胸腔积液
过敏性肉芽肿性血管炎相关巩膜炎,心力衰竭
席汉氏综合症,性欲减退
过敏性血管炎和肉芽肿病,腹痛
过敏性血管炎和肉芽肿病,腹泻
过敏性血管炎和肉芽肿病,蛋白尿
小儿细菌感染性口炎,口炎
小儿细菌感染性口炎,细菌感染
小儿细菌感染性口炎,口腔黏膜白斑
过敏性支气管肺曲霉病,咯血
系膜毛细血管性肾小球肾炎,血尿
系膜毛细血管性肾小球肾炎,慢性肾功能不全
系膜毛细血管性肾小球肾炎,蛋白尿
HIV相关呼吸道感染,低血压
HIV相关呼吸道感染,败血症
小儿细菌性痢疾,腹痛
小儿细菌性痢疾,腹泻
便血,结肠息肉
便血,上消化道出血
便血,痢疾
小儿下腔静脉阻塞综合征,咯血
小儿下腔静脉阻塞综合征,腹痛
小儿下腔静脉阻塞综合征,静脉曲张
小儿下腔静脉阻塞综合征,蛋白尿
小儿下腔静脉阻塞综合征,腹水
Hughes-Stovin综合征,咯血
Hughes-Stovin综合征,菌血症
肠病原性大肠埃希杆菌感染,腹泻
肠病原性大肠埃希杆菌感染,痢疾
非火器性颅脑开放伤,昏迷
非火器性颅脑开放伤,意识障碍
非火器性颅脑开放伤,颅内出血
非火器性颅脑开放伤,颅骨骨折
小儿下丘脑错构瘤,性早熟
肠气囊肿,便秘
肠气囊肿,腹痛
肠气囊肿,腹膜炎
肠气囊肿,腹泻
肠气囊肿,吸收不良综合征
肠气囊肿,便血
噪声性聋,耳鸣
噪声性聋,耳聋
噪声性聋,失眠
小儿先天性白细胞颗粒异常综合征,昏迷
小儿先天性白细胞颗粒异常综合征,鼻出血
肠侵袭性大肠埃希杆菌感染,腹痛
肠侵袭性大肠埃希杆菌感染,腹泻
系膜增生性肾小球肾炎,血尿
系膜增生性肾小球肾炎,慢性肾功能不全
小儿先天性胆总管囊肿,休克
小儿先天性胆总管囊肿,腹痛
小儿先天性胆总管囊肿,腹膜炎
小儿先天性胆总管囊肿,腹部肿块
肠系膜上动脉综合征,腹痛
海洛因肾脏病,血尿
海洛因肾脏病,昏迷
海洛因肾脏病,肾功能衰竭
海洛因肾脏病,败血症
小儿先天性肺囊肿,咯血
小儿先天性肺囊肿,吞咽困难
肠系膜上动脉血栓形成,腹痛
肠系膜上动脉血栓形成,腹膜炎
肠系膜上动脉血栓形成,腹泻
肠系膜上动脉血栓形成,急腹症
肠系膜上动脉血栓形成,动脉粥样硬化
海绵状血管瘤血小板减少综合征,鼻出血
小儿先天性肝囊肿,腹部肿块
小儿先天性肝囊肿,腹水
小儿先天性高氨血症,昏迷
小儿先天性高氨血症,呼吸性碱中毒
小儿先天性高氨血症,共济失调
大网膜粘连综合征,便秘
大网膜粘连综合征,腹痛
大网膜粘连综合征,腹胀
汉德-许勒尔-克思斯琴病,眼球突出
小儿热带嗜酸性粒细胞增多症,咯血
小儿先天性光敏感性卟啉症,疱疹
汉坦病毒肺综合征,呼吸衰竭
汉坦病毒肺综合征,腹痛
汉坦病毒肺综合征,腹泻
汉坦病毒肺综合征,低血压
常现丝虫病,心包炎
常现丝虫病,心力衰竭
膀胱鳞状细胞癌,血尿
膀胱鳞状细胞癌,鳞状细胞癌
汗孔周围炎及多发性汗腺脓肿,脓肿
汗孔周围炎及多发性汗腺脓肿,败血症
小儿先天性甲状腺功能减低症,心包积液
丛状血管瘤,腹水
小儿先天性面肌双瘫综合征,睑外翻
小儿先天性面肌双瘫综合征,角膜炎
小儿先天性面肌双瘫综合征,耳聋
小儿先天性肾病综合征,蛋白尿
小儿先天性肾病综合征,腹水
合并马蹄肾的腹主动脉瘤,腹痛
多发性硬化伴发的葡萄膜炎,眼球震颤
多发性硬化伴发的葡萄膜炎,吞咽困难
小儿先天性肾上腺皮质增生症,腹泻
小儿先天性肾上腺皮质增生症,代谢性酸中毒
小儿先天性肾上腺皮质增生症,脱水
小儿先天性肾上腺皮质增生症,性早熟
妊娠合并梅毒,流产
合成树脂皮炎,脱发
合成树脂与塑料所致的皮肤病,脱发
大肠埃希杆菌肺炎,腹痛
大肠埃希杆菌肺炎,腹泻
小儿先天性肾盂输尿管连接部梗阻,腹痛
小儿先天性肾盂输尿管连接部梗阻,血尿
单纯性乳腺增生症,乳房肿块
单纯性乳腺增生症,乳头溢液
小儿先天性外胚层发育不良综合征,牙列稀疏
小儿先天性外胚层发育不良综合征,甲周炎
小儿先天性外胚层发育不良综合征,共济失调
低血糖综合征,昏迷
小儿先天性直肠肛门畸形,腹痛
小儿先天性直肠肛门畸形,脱水
慢性淋巴细胞白血病,腹泻
慢性淋巴细胞白血病,蛋白尿
慢性淋巴细胞白血病,腹胀
小儿先天性侏儒痴呆综合征,闭经
小儿先天性侏儒痴呆综合征,痴呆
小儿先天性侏儒痴呆综合征,胸廓畸形
黑色丘疹性皮肤病,妊娠痒疹
中毒性细菌性痢疾,休克
中毒性细菌性痢疾,腹泻
小儿先天性主动脉瓣狭窄,猝死
小儿先天性主动脉瓣狭窄,心力衰竭
白塞病伴发的精神障碍,精神障碍
白塞病伴发的精神障碍,痴呆
亨廷顿病,精神障碍
亨廷顿病,痴呆
亨廷顿病性痴呆,痴呆
亨廷顿病性痴呆,共济失调
小儿纤维性骨营养不良综合征,性早熟
小儿纤维性骨营养不良综合征,色素斑
淀粉样变病的胃肠道表现,便秘
淀粉样变病的胃肠道表现,腹痛
淀粉样变病的胃肠道表现,腹泻
淀粉样变病的胃肠道表现,便血
淀粉样变病的胃肠道表现,巨舌
横位难产,胎膜早破
小儿限制型心肌病,心包积液
小儿限制型心肌病,心力衰竭
高尿酸血症肾病,血尿
高尿酸血症肾病,肾功能衰竭
高尿酸血症肾病,丹毒
高尿酸血症肾病,蛋白尿
红细胞生成性原卟啉病,腹痛
食物过敏性哮喘,休克
食物过敏性哮喘,腹痛
食物过敏性哮喘,腹泻
隐匿型冠状动脉粥样硬化性心脏病,心绞痛
红细胞增多症视网膜病变,耳鸣
红细胞增多症视网膜病变,失眠
薄肾小球基底膜病,蛋白尿
薄肾小球基底膜病,耳聋
红细胞增多症眼底,耳鸣
小儿腺病毒性肺炎,腹泻
创伤性心源性溶血性贫血,缺铁性贫血
创伤性心源性溶血性贫血,溶血性贫血
创伤性心源性溶血性贫血,蛋白尿
创伤性心源性溶血性贫血,细菌性心内膜炎
子宫肉瘤,腹部肿块
短膜壳绦虫病,腹痛
短膜壳绦虫病,腹泻
小儿腺苷脱氨酶缺乏,腹泻
小儿腺苷脱氨酶缺乏,脑膜炎
小儿腺苷脱氨酶缺乏,耳聋
胆石性肠梗阻,蛔虫性肠梗阻
妊娠合并生殖器疱疹,外阴痛
虹膜角膜内皮综合征,脱水
小儿消化道出血,腹痛
穿透性角膜移植术所致青光眼,角膜炎
穿透性角膜移植术所致青光眼,角膜溃疡
小儿心搏呼吸骤停与心肺复苏术,昏迷
真菌性甲沟炎,脓肿
小儿心房颤动,心力衰竭
髌骨不稳定,斜视
鼻红粒病,冻疮
小儿心房扑动,心律失常
小儿心房扑动,猝死
小儿心房扑动,心力衰竭
后部多形性角膜营养不良,疱疹
小儿心肌炎,心律失常
妊娠合并心脏病,妊娠纹
小儿心力衰竭,心律失常
小儿心律失常,心律失常
小儿心律失常,早搏
小儿心律失常,晕厥
小儿心律失常,心动过缓
小角膜,角膜溃疡
后天性大疱性表皮松解,甲营养不良
胡桃夹食管,心绞痛
胡桃夹食管,吞咽困难
成人T细胞白血病,胸腔积液
成人T细胞白血病,腹水
小儿心内膜弹力纤维增生症,心力衰竭
华支睾吸虫病,腹痛
创伤窒息综合征,昏迷
创伤窒息综合征,谵妄
小儿锌缺乏症,腹泻
小儿锌缺乏症,视神经萎缩
小儿锌缺乏症,口腔溃疡
小儿锌缺乏症,角膜炎
小儿锌缺乏症,脱发
小儿新变异型克罗伊茨费尔特-雅各布病,痴呆
小儿新变异型克罗伊茨费尔特-雅各布病,共济失调
化脓性颅骨骨髓炎,昏迷
化脓性门静脉炎,腹泻
化脓性门静脉炎,腹水
心动过缓,心动过缓
对苯二胺皮炎,疱疹
小儿雄激素不敏感综合征,闭经
化脓性脑膜炎,吞咽困难
化脓性脑膜炎,谵妄
点状内层脉络膜病变,视网膜脱离
纵膈肿瘤,吞咽困难
单侧肾缺如,蛋白尿
小儿休克,昏迷
小儿休克,代谢性酸中毒
小儿休克,蛋白尿
先天性泌尿系畸形,腹痛
先天性泌尿系畸形,血尿
化脓性眼内炎,视神经萎缩
化脓性眼内炎,眼球突出
化脓性眼内炎,脓肿
小儿选择性免疫球蛋白A缺乏症,休克
小儿选择性免疫球蛋白A缺乏症,腹泻
化脓性指头炎,脓肿
小儿选择性免疫球蛋白G亚类缺陷病,腹泻
小儿选择性免疫球蛋白G亚类缺陷病,脑膜炎
小儿学校恐怖症,精神障碍
小儿血管-骨肥大综合征,眼球内陷
小儿血管-骨肥大综合征,静脉曲张
心内膜垫缺损,心力衰竭
踝关节结核,骨质疏松
小儿血管角质瘤综合征,腹痛
小儿血管角质瘤综合征,腹泻
小儿血管角质瘤综合征,肾功能衰竭
骶尾部畸胎瘤,便秘
小儿血管瘤,静脉曲张
小儿血管瘤,鲜红斑痣
小儿血管瘤,耳鸣
小儿血管瘤,蜘蛛痣
小儿血管瘤血小板减少综合征,鼻出血
坏死性筋膜炎,意识障碍
坏死性筋膜炎,脱水
坏死性筋膜炎,低血压
先天性毛细血管扩张性大理石样皮肤,动脉导管未闭
先天性毛细血管扩张性大理石样皮肤,网状青斑
先天性毛细血管扩张性大理石样皮肤,蜘蛛痣
先天性毛细血管扩张性大理石样皮肤,妊娠痒疹
先天性高位肩胛,胸廓畸形
主动脉口狭窄,心力衰竭
小儿血管网状细胞瘤,共济失调
小儿血管网状细胞瘤,呃逆
环状外阴炎,外阴溃疡
环状外阴炎,外阴痛
小儿血管性血友病,颅内出血
寰椎骨折,昏迷
小儿血清病,血管神经性水肿
先天性结肠狭窄和闭锁,脱水
小儿血栓性血小板减少性紫癜,昏迷
小儿血栓性血小板减少性紫癜,肾功能衰竭
鼻窦鳞状细胞癌的眼部病变,鼻出血
鼻窦鳞状细胞癌的眼部病变,耳鸣
小儿血小板释放功能缺陷性疾患,腹泻
小儿血小板释放功能缺陷性疾患,鼻出血
小儿血小板释放功能缺陷性疾患,肺纤维化
小儿血小板释放功能缺陷性疾患,颅内出血
小儿血小板释放功能缺陷性疾患,湿疹
黄色肉芽肿性肾盂肾炎,便秘
创伤性气管及主支气管损伤,咯血
创伤性气管及主支气管损伤,肺不张
小儿血小板无力症,血尿
小儿血小板无力症,鼻出血
小儿血小板无力症,颅内出血
羌虫病,结膜充血
小儿血友病,休克
小儿血友病,颅内出血
小儿血友病,肌肉萎缩
创伤性膈疝,休克
创伤性膈疝,腹膜炎
创伤性膈疝,昏迷
冻伤,败血症
重复肾盂输尿管畸形,尿失禁
重复肾盂输尿管畸形,尿潴留
败血症,脑膜炎
败血症,腹水
败血症,败血症
蛔虫性急性胰腺炎,腹痛
蛔虫性急性胰腺炎,低血压
蛔虫性急性胰腺炎,猝死
高免疫球蛋白E综合征,湿疹
小儿亚硝酸盐中毒,腹痛
小儿亚硝酸盐中毒,腹泻
会阴下降综合征,直肠脱垂
汞皮炎,疱疹
汞皮炎,剥脱性皮炎
小儿烟酸缺乏病,腹泻
小儿烟酸缺乏病,舌炎
小儿烟酸缺乏病,谵妄
小儿烟酸缺乏病,失眠
混合型卟啉病,腹痛
小儿烟雾病,颅内出血
小儿淹溺,昏迷
小儿严重急性呼吸综合征,急性呼吸窘迫综合征
小儿严重急性呼吸综合征,腹泻
混合型肾小管性酸中毒,便秘
混合型肾小管性酸中毒,脱水
蛛网膜囊肿,脑积水
小儿言语和语言障碍,增殖体肥大
乳房肉瘤,乳房肿块
混合性结缔组织病,腹痛
混合性结缔组织病,蛋白尿
小儿炎症性肠病,腹痛
小儿炎症性肠病,腹泻
小儿炎症性肠病,脱水
小儿炎症性肠病,便血
火器性颅脑损伤,休克
火器性颅脑损伤,昏迷
火器性颅脑损伤,意识障碍
火器性颅脑损伤,脑疝
玻璃纤维引起的皮肤病,湿疹
小儿眼-耳-脊椎综合征,上睑下垂
小儿眼-脑-肾综合征,骨质疏松
小儿眼-脑-肾综合征,蛋白尿
小儿眼-脑-肾综合征,肾性糖尿
获得性免疫缺陷综合征,吞咽困难
爆裂性眼眶骨折,上睑下垂
爆裂性眼眶骨折,眼球内陷
粘多糖代谢障碍,眼球突出
获得性免疫缺陷综合征的神经系统表现,腹泻
获得性免疫缺陷综合征的神经系统表现,吞咽困难
获得性免疫缺陷综合征的神经系统表现,痴呆
大疱性表皮松解,鳞状细胞癌
大疱性表皮松解,疱疹
大疱性表皮松解,甲营养不良
大疱性表皮松解,败血症
获得性免疫缺陷综合征的消化系统损害,吞咽困难
获得性免疫缺陷综合征的消化系统损害,疱疹
获得性免疫缺陷综合征的消化系统损害,细菌感染
小儿药物变态反应,休克
小儿药物变态反应,剥脱性皮炎
鼻孢子虫病,脓肿
拟除虫菊酯类杀虫药中毒,昏迷
拟除虫菊酯类杀虫药中毒,结膜充血
小儿药物性皮炎,剥脱性皮炎
白喉性心肌炎,腹痛
获得性免疫缺陷综合征的心血管损害,败血症
获得性免疫缺陷综合征的心血管损害,痴呆
获得性免疫缺陷综合征的心血管损害,猝死
获得性免疫缺陷综合征的心血管损害,心力衰竭
获得性免疫缺陷综合征视网膜病变,腹泻
全面性发作,意识障碍
全面性发作,痴呆
灼痛,肌肉萎缩
小儿药物性肾损害,肾病综合征
小儿药物性肾损害,血尿
小儿药物性肾损害,肾功能衰竭
小儿药物性肾损害,蛋白尿
获得性免疫缺陷综合征相关淋巴瘤,腹痛
小儿药物诱发的溶血性贫血,肾功能衰竭
蛋白质-热能营养障碍,肌肉萎缩
小儿叶酸缺乏病,便秘
小儿叶酸缺乏病,缺铁性贫血
小儿叶酸缺乏病,舌炎
双胎妊娠,静脉曲张
小儿一氧化碳中毒,昏迷
小儿一氧化碳中毒,眩晕
舌骨骨折,吞咽困难
小儿衣原体肺炎,腹痛
小儿衣原体肺炎,蛋白尿
获得性维生素K依赖性凝血因子异常,血尿
获得性维生素K依赖性凝血因子异常,鼻出血
不随意运动,肝豆状核变性
不随意运动,痴呆
小儿遗传性大疱性表皮松解症,心律失常
小儿遗传性大疱性表皮松解症,疱疹
小儿遗传性大疱性表皮松解症,肌肉萎缩
小儿遗传性大疱性表皮松解症,甲营养不良
小儿病毒性肺炎,咯血
小儿病毒性肺炎,小儿咳嗽
肌病肾病性代谢综合征,代谢性酸中毒
巴雷特食管,吞咽困难
巴雷特食管,便血
小儿遗传性共济失调,心律失常
小儿遗传性共济失调,共济失调
小儿遗传性果糖不耐受,腹痛
小儿遗传性果糖不耐受,腹泻
小儿遗传性果糖不耐受,低血糖症
小儿遗传性果糖不耐受,脱水
单纯疱疹,便秘
单纯疱疹,败血症
肌阵挛性小脑协调障碍,眼球震颤
肌阵挛性小脑协调障碍,共济失调
小儿遗传性痉挛性截瘫,共济失调
大网膜囊肿,腹痛
大网膜囊肿,腹膜炎
大网膜囊肿,腹水
基底核钙化症,精神障碍
基底核钙化症,痴呆
藏毛性疾病,脓肿
藏毛性疾病,细菌感染
极外侧型腰椎间盘突出症,棘突压痛
小儿遗传性慢性进行性肾炎,肾病综合征
小儿遗传性慢性进行性肾炎,眼球震颤
小儿遗传性慢性进行性肾炎,吞咽困难
小儿遗传性慢性进行性肾炎,蛋白尿
成人先天性髋关节脱位,类风湿关节炎
成人先天性髋关节脱位,髋关节脱位
急进性肾小球肾炎,血尿
急进性肾小球肾炎,蛋白尿
小儿遗传性球形红细胞增多症,溶血性贫血
急性肠系膜上动脉梗死,腹痛
急性肠系膜上动脉梗死,腹膜炎
急性肠系膜上动脉梗死,腹泻
急性肠系膜上动脉梗死,低血压
急性肠系膜上动脉梗死,风湿性血管炎
急性肠系膜上动脉梗死,腹胀
路易体痴呆,昏迷
路易体痴呆,精神障碍
路易体痴呆,痴呆
路易体痴呆,谵妄
急性肠系膜上动脉栓塞或血栓形成,腹痛
急性肠系膜上动脉栓塞或血栓形成,腹膜炎
急性肠系膜上动脉栓塞或血栓形成,腹泻
急性肠系膜上动脉栓塞或血栓形成,急腹症
急性肠系膜上动脉栓塞或血栓形成,动脉粥样硬化
小儿遗传性血管神经性水肿,腹泻
小儿遗传性血管神经性水肿,肠痉挛
额颞痴呆,痴呆
急性肠系膜上静脉血栓形成,便秘
急性肠系膜上静脉血栓形成,腹痛
急性肠系膜上静脉血栓形成,腹膜炎
急性肠系膜上静脉血栓形成,腹泻
小儿遗尿,夜惊
盆底综合征,便秘
盆底综合征,直肠脱垂
急性非特异性睾丸炎,败血症
脱发性毛囊炎,脱发
小儿乙型肝炎病毒相关肾炎,肾病综合征
小儿乙型肝炎病毒相关肾炎,血尿
小儿乙型肝炎病毒相关肾炎,蛋白尿
小儿乙型肝炎病毒相关肾炎,腹水
急性附件炎,便秘
急性附件炎,腹痛
急性附件炎,腹胀
急性梗阻性化脓性胆管炎,休克
急性梗阻性化脓性胆管炎,腹痛
急性梗阻性化脓性胆管炎,脓肿
小儿异染性脑白质营养不良,共济失调
多发脑梗死性痴呆,痴呆
急性化脓性脊髓炎,脓肿
急性化脓性脊髓炎,截瘫
小儿隐睾症,腹痛
急性化脓性甲状腺炎,吞咽困难
急性化脓性甲状腺炎,脓肿
小儿营养不良性消瘦,腹泻
小儿营养不良性消瘦,夜惊
急性间质性肺炎,呼吸衰竭
口臭,口炎
小儿硬化性胆管炎,胆汁性肝硬化
小儿硬化性胆管炎,腹泻
脑型肺吸虫病,腹痛
脑型肺吸虫病,腹泻
脑型肺吸虫病,截瘫
小儿硬脊膜外脓肿,腹痛
小儿硬脑膜外脓肿,疱疹
小儿硬脑膜外脓肿,谵妄
急性弥漫性腹膜炎,肠套叠
急性弥漫性腹膜炎,腹痛
急性弥漫性腹膜炎,腹膜炎
急性弥漫性腹膜炎,代谢性酸中毒
小儿硬脑膜外血肿,昏迷
小儿硬脑膜外血肿,意识障碍
小儿硬脑膜外血肿,颅骨骨折
急性糜烂性胃炎,休克
急性糜烂性胃炎,上消化道出血
微病毒B19感染性风湿病,胸腔积液
微病毒B19感染性风湿病,溶血性贫血
小儿硬脑膜下血肿,昏迷
急性脑内血肿,意识障碍
急性脑内血肿,共济失调
小儿硬皮病,吸收不良综合征
小儿硬皮病,多发性神经炎
小儿硬皮病,蛋白尿
老年病,骨质疏松
老年病,耳聋
老年病,血脂异常
老年病,痴呆
急性盆腔炎,腹膜炎
急性盆腔炎,脓肿
急性盆腔炎,腹胀
小儿幽门螺杆菌感染,腹痛
小儿幽门螺杆菌感染,消化性溃疡
小儿幽门螺杆菌感染,消化不良
小儿尤因肉瘤,胸腔积液
性病,外阴溃疡
性病,疱疹
分裂情感性障碍,精神障碍
分裂情感性障碍,失眠
急性全自主神经失调症,便秘
急性全自主神经失调症,腹泻
急性全自主神经失调症,晕厥
急性全自主神经失调症,低血压
小儿有机磷农药中毒,腹痛
小儿有机磷农药中毒,腹泻
急性乳突炎,乳突炎
急性乳突炎,耳聋
多肌腱末端病,腹泻
多肌腱末端病,口腔溃疡
小儿右肺中叶综合征,咯血
小儿右肺中叶综合征,肺不张
小儿右肺中叶综合征,慢性咳嗽
男性病,血尿
男性病,膀胱结石
男性病,性欲减退
男性病,珍珠丘疹
胸椎病,肋间神经痛
小儿右室双出口,心力衰竭
肠系膜淋巴结炎,便秘
恶性雀斑样痣,雀斑
妇科疾病,外阴瘙痒
妇科疾病,月经不调
妇科疾病,原发性痛经
急性髓细胞白血病,腹痛
急性髓细胞白血病,腹泻
急性髓细胞白血病,蛋白尿
小儿预激综合征,猝死
血液病,溶血性黄疸
急性特发性心包炎,心包积液
急性特发性心包炎,心包炎
急性妄想发作,精神障碍
鄂木斯克出血热,腹泻
鄂木斯克出血热,鼻出血
小儿原发型肺结核,肺不张
急性右侧心力衰竭,休克
急性右侧心力衰竭,低血压
急性右侧心力衰竭,心力衰竭
颚口线虫病,腹痛
颚口线虫病,腹泻
颚口线虫病,匐行疹
颚口线虫病,便血
小儿原发性膀胱输尿管反流,腹痛
肾萎缩,血尿
小儿原发性腹膜炎,腹痛
胆囊息肉样病变,胆囊结石
分水岭区脑梗死,动脉粥样硬化
分水岭区脑梗死,智能障碍
小儿原发性甲状旁腺功能亢进症,便秘
小儿原发性甲状旁腺功能亢进症,血尿
脑炎后遗症,昏迷
二糖酶缺乏症,腹痛
二糖酶缺乏症,腹泻
二糖酶缺乏症,氨基酸尿症
二糖酶缺乏症,腹胀
小儿原发性免疫缺陷病,腹泻
小儿原发性免疫缺陷病,脑膜炎
小儿原发性免疫缺陷病,口炎
小儿原发性免疫缺陷病,脱发
小儿原发性免疫缺陷病,败血症
小儿原发性免疫缺陷病,细菌感染
小儿原发性脑干损伤,昏迷
小儿原发性脑干损伤,意识障碍
急性左侧心力衰竭,心力衰竭
反应性组织细胞增多症,低钠血症
肾病,腹痛
疾病恐怖,疥疮
小儿原发性血小板增多症,腹痛
小儿原发性血小板增多症,鼻出血
急慢性肝炎,腹水
急慢性肝炎,蜘蛛痣
棘阿米巴性巩膜炎,角膜炎
非特异性系统性坏死性小血管炎,呼吸衰竭
非特异性系统性坏死性小血管炎,咯血
非特异性系统性坏死性小血管炎,肾功能衰竭
脑癌,头痛
脑癌,脑积水
脑癌,痴呆
脑癌,共济失调
小儿远端肾小管酸中毒,便秘
小儿远端肾小管酸中毒,腹泻
小儿远端肾小管酸中毒,血尿
小儿远端肾小管酸中毒,代谢性酸中毒
小儿远端肾小管酸中毒,脱水
小儿远端肾小管酸中毒,肾结石
棘阿米巴性角膜炎,角膜炎
棘阿米巴性角膜炎,脓肿
棘阿米巴性角膜炎,角膜溃疡
粉刺样痣,脓肿
肛肠疾病,便秘
肛肠疾病,便血
棘球蚴病,腹痛
棘球蚴病,腹泻
宫颈疾病,痛经
腹部大血管损伤,腹痛
腹部大血管损伤,腹膜炎
腹部大血管损伤,便血
小儿再发性腹痛,腹痛
集聚肠杆菌感染,休克
集聚肠杆菌感染,腹泻
集聚肠杆菌感染,脓肿
集聚肠杆菌感染,败血症
集聚肠杆菌感染,细菌感染
集聚肠杆菌感染,谵妄
小儿再发性呕吐,腹痛
小儿再发性呕吐,低钾血症
小儿再发性呕吐,脱水
小儿早老症,腹痛
小儿早老症,肾结石
小儿早老症,脱发
呼吸疾病,咳嗽
小儿粘连性肠梗阻,休克
小儿粘连性肠梗阻,腹痛
小儿粘连性肠梗阻,脱水
小儿粘连性肠梗阻,腹胀
小儿粘连性肠梗阻,蛔虫性肠梗阻
脊膜膨出与脊膜脊髓膨出,脑积水
脊膜膨出与脊膜脊髓膨出,肌肉萎缩
脊膜膨出与脊膜脊髓膨出,脊柱侧弯
小儿真菌感染性口炎,口炎
小儿真菌感染性口炎,口腔黏膜白斑
腹膜转移癌,腹痛
腹膜转移癌,腹部肿块
腹膜转移癌,腹水
肺病,咯血
肺病,咳嗽
小儿真菌性肺炎,呼吸衰竭
小儿真菌性肺炎,心包积液
小儿真菌性肺炎,胸腔积液
小儿真菌性肺炎,腹泻
小儿真菌性肺炎,肺不张
脊髓内出血,截瘫
小儿阵发性室上性心动过速,心绞痛
腹腔肺吸虫病,腹痛
腹腔肺吸虫病,腹部肿块
腹腔肺吸虫病,腹水
泌尿感染,血尿
小儿阵发性室性心动过速,休克
小儿阵发性室性心动过速,晕厥
小儿阵发性室性心动过速,猝死
小儿阵发性室性心动过速,心力衰竭
脊髓内脓肿,脓肿
乳腺病,乳房疼痛
乳腺病,乳房肿块
乳腺病,乳头溢液
脊髓前动脉综合征,尿失禁
脊髓前动脉综合征,截瘫
革兰阳性球菌和革兰阴性杆菌性巩膜炎,角膜炎
格斯特曼综合征,肌肉萎缩
格斯特曼综合征,耳聋
格斯特曼综合征,痴呆
格斯特曼综合征,智能障碍
格斯特曼综合征,失眠
小儿支气管肺发育不全,呼吸衰竭
脊髓缺血,截瘫
小儿支气管肺炎,呼吸衰竭
小儿支气管肺炎,胸腔积液
小儿支气管肺炎,小儿咳嗽
男科病,血尿
男科病,遗精
男科病,性欲减退
小儿支气管扩张,咯血
小儿支气管扩张,蛋白尿
小儿支气管扩张,胸廓畸形
妇科综合,性交疼痛
小儿脂肪吸收不良,腹泻
小儿脂肪吸收不良,脱水
小儿直肠脱垂,直肠脱垂
骨病,骨囊肿
骨病,吞咽困难
阿米巴痢疾,腹痛
阿米巴痢疾,腹泻
脊髓神经鞘瘤,脊髓半切综合征
小儿指甲-髌骨综合征,蛋白尿
脊髓栓系综合征,便秘
脊髓栓系综合征,尿失禁
脊髓栓系综合征,遗尿
小儿致心律失常性右室心肌病,心律失常
小儿致心律失常性右室心肌病,晕厥
小儿致心律失常性右室心肌病,猝死
股骨髁上骨折,休克
妇科病,月经不调
脊髓性肌萎缩,吞咽困难
脊髓性肌萎缩,脊髓性肌萎缩
小儿中毒型痢疾,呼吸衰竭
小儿中毒型痢疾,腹泻
小儿中毒型痢疾,昏迷
股骨头骨折,髋关节脱位
股骨头骨折,粉碎性骨折
肿瘤,腹痛
肿瘤,闭经
肿瘤,脱水
肿瘤,腹水
脊柱脊髓损伤,腹痛
小儿中暑和暑热症,昏迷
小儿中暑和暑热症,脱水
股骨转子间骨折,粉碎性骨折
继发性单克隆免疫球蛋白病,低血糖症
继发性单克隆免疫球蛋白病,溶血性贫血
血管病,肌肉萎缩
小儿重症肌无力,呼吸衰竭
小儿重症肌无力,腹泻
小儿重症肌无力,睑外翻
小儿重症肌无力,猝死
继发性腹膜炎,肠套叠
继发性腹膜炎,代谢性酸中毒
小儿周期性低血钾性麻痹,心力衰竭
脊柱疾病,眩晕
脑病,昏迷
脑病,眩晕
小儿周期性正常血钾性麻痹,吞咽困难
继发性骨髓纤维化,腹胀
小儿周围淋巴结结核,脓肿
小儿周围淋巴结结核,淋巴结结核
骨骺点状发育不良,斑秃
继发性红细胞增多症,心绞痛
甲状腺疾病,甲状腺结节
甲状腺疾病,吞咽困难
甲状腺疾病,多汗症
继发性化脓性腹膜炎,便秘
继发性化脓性腹膜炎,呃逆
小儿侏儒-视网膜萎缩-耳聋综合征,眼球震颤
小儿侏儒-视网膜萎缩-耳聋综合征,神经性耳聋
小儿侏儒-视网膜萎缩-耳聋综合征,脊柱侧弯
口腔病,口腔溃疡
小儿珠蛋白生成障碍性贫血,溶血性贫血
小儿珠蛋白生成障碍性贫血,腹水
小儿珠蛋白生成障碍性贫血,溶血性黄疸
骨纤维异样增殖症,眼球突出
骨纤维异样增殖症,性早熟
骨血管内皮细胞瘤,骨囊肿
小儿猪带绦虫病和囊虫病,脑积水
小儿猪带绦虫病和囊虫病,耳鸣
小儿猪带绦虫病和囊虫病,眩晕
继发性痛经,腹胀
继发性痛经,子宫内膜异位
继发性痛经,继发性痛经
盆腔疾病,月经不调
继发性系统性淀粉样变,蛋白尿
乳腺疾病,乳房肿块
小儿转移性骨肿瘤,肌肉萎缩
继发性血小板增多症,动脉粥样硬化
支气管病,咯血
支气管病,咳嗽
小儿椎管内肿瘤,脑膜炎
腘血管陷迫综合征,肌肉萎缩
继发性粘连性蛛网膜炎,肌肉萎缩
神经类疾病,意识障碍
神经类疾病,细菌感染
小儿锥体功能不良综合征,眼球震颤
耳病,耳聋
耳病,神经性耳聋
寒冷性红斑,便秘
小儿紫斑湿疹综合征,鼻出血
小儿紫斑湿疹综合征,角膜炎
小儿自律性房性心动过速,心律失常
小儿自律性房性心动过速,心力衰竭
食管病,吞咽困难
食管病,呃逆
寄生虫性关节炎,截瘫
寄生虫性关节炎,肌肉萎缩
寄生虫性关节炎,细菌感染
寄生虫性关节炎,骨膜炎
月经病,腹痛
寄生虫性尿路感染,休克
寄生虫性尿路感染,腹痛
红细胞生成性卟啉病,角膜炎
肛肠病,便秘
肛肠病,腹泻
肛肠病,便血
加利福尼亚脑炎,呼吸衰竭
加利福尼亚脑炎,昏迷
小儿自身免疫性溶血性贫血,腹痛
小儿自身免疫性溶血性贫血,溶血性贫血
小儿自身免疫性溶血性贫血,蛋白尿
鼻病,嗅觉障碍
血压病,低血压
血压病,继发性高血压
小儿纵隔囊肿及肿瘤,吞咽困难
小儿纵隔压迫综合征,吞咽困难
小儿纵隔压迫综合征,腹水
家族性出血性肾炎,肾病综合征
家族性出血性肾炎,血尿
家族性出血性肾炎,蛋白尿
家族性出血性肾炎,耳聋
细菌感染,昏迷
细菌感染,晒伤
后葡萄膜炎,视网膜脱离
后葡萄膜炎,口腔溃疡
后葡萄膜炎,血管炎
家族性地中海热,便秘
家族性地中海热,腹膜炎
家族性地中海热,腹泻
家族性地中海热,肾病综合征
家族性地中海热,丹毒
家族性地中海热,心包炎
家族性地中海热,蛋白尿
家族性地中海热,急腹症
小儿柞蚕蛹性脑病综合征,尿失禁
小儿柞蚕蛹性脑病综合征,意识障碍
小儿柞蚕蛹性脑病综合征,共济失调
家族性高胆固醇血症,心绞痛
家族性高胆固醇血症,动脉粥样硬化
试管婴儿,便秘
试管婴儿,腹痛
试管婴儿,腹胀
厚皮性骨膜病,骨膜炎
分娩,腹痛
家族性混合型高脂血症,心肌梗死
家族性混合型高脂血症,血脂异常
家族性甲状腺非髓样癌,吞咽困难
小汗腺痣,多汗症
滑石粉尘肺,心力衰竭
家族性抗维生素D佝偻病,慢性肾功能不全
化学液体吸入,吞咽困难
淋巴结结核,淋巴结结核
家族性黏液血管纤维瘤,鼻出血
坏疽性脓皮症,疱疹
坏疽性脓皮症,血管炎
硬斑,结节性硬化
硬斑,硬斑
寰枢椎脱位,吞咽困难
家族性异常β脂蛋白血症,动脉粥样硬化
家族性异常β脂蛋白血症,血脂异常
家族性载脂蛋白B100缺陷症,动脉粥样硬化
家族性载脂蛋白B100缺陷症,血脂异常
寰椎沟环畸形,耳鸣
寰椎沟环畸形,眩晕
梦游症,睡眠障碍
荚膜组织胞浆菌病,咯血
小螺菌感染,昏迷
甲亢性心脏病,心律失常
甲亢性心脏病,心力衰竭
腕枪刺状畸形,植物神经功能障碍
惠普尔病,便秘
惠普尔病,腹痛
惠普尔病,腹泻
剥脱性皮炎,口腔溃疡
剥脱性皮炎,低血压
小脑幕脑膜瘤,眼球震颤
单次发作抑郁症,便秘
单次发作抑郁症,痴呆
获得性循环抗凝物质增多症,鼻出血
小脑脑桥角脑膜瘤,耳鸣
小脑脑桥角脑膜瘤,共济失调
甲型病毒性肝炎,昏迷
植物神经功能障碍,消化不良
植物神经功能障碍,失眠
甲状旁腺功能减退性心肌病,心包积液
甲状旁腺功能减退症,便秘
甲状旁腺功能减退症,腹痛
甲状旁腺功能减退症,腹泻
甲状旁腺功能减退症,吞咽困难
甲状旁腺功能减退症,性欲减退
痔核,便秘
痔核,便血
小腿红绀病,冻疮
甲状旁腺功能亢进性心肌病,便秘
甲状旁腺功能亢进性心肌病,腹胀
甲状旁腺功能亢进性心肌病,猝死
小网膜囊疝,休克
小网膜囊疝,腹痛
小网膜囊疝,腹胀
甲状旁腺功能异常伴发的精神障碍,便秘
甲状旁腺功能异常伴发的精神障碍,昏迷
甲状旁腺功能异常伴发的精神障碍,共济失调
基底细胞癌,颌骨囊肿
基底细胞癌,硬斑
心包内恶性畸胎瘤,心包积液
甲状腺功能减退症,便秘
甲状腺功能减退症,性欲减退
甲状腺功能减退症,心动过缓
舌炎,口腔溃疡
心包切开术后综合征,心包积液
心包切开术后综合征,心包炎
急性横贯性脊髓炎,尿失禁
甲状腺功能亢进性骨矿疾病,骨质疏松
足癣,细菌感染
足癣,足癣
心包胸腺瘤,休克
急性化脓性脑膜炎,休克
甲状腺功能亢进性心肌病,腹泻
心动过速性心肌病,休克
心动过速性心肌病,心律失常
心动过速性心肌病,晕厥
心动过速性心肌病,心力衰竭
痢疾,腹痛
痢疾,腹泻
甲状腺功能亢进症的肾损害,心绞痛
甲状腺功能亢进症的肾损害,眼球突出
甲状腺功能亢进症的肾损害,消化不良
心-耳综合征,心律失常
心-耳综合征,耳聋
心-耳综合征,眩晕
急性化脓性胃炎,休克
急性化脓性胃炎,腹痛
急性化脓性胃炎,腹泻
急性化脓性胃炎,急腹症
急性化脓性胃炎,腹胀
信息成瘾,失眠
甲状腺功能异常伴发的精神障碍,便秘
甲状腺功能异常伴发的精神障碍,昏迷
甲状腺功能异常伴发的精神障碍,共济失调
心房颤动,心绞痛
心房颤动,心肌梗死
心房颤动,心律失常
胸廓畸形,肺纤维化
胸廓畸形,肺不张
胸廓畸形,脓胸
甲状腺结核,脓肿
心房内传导阻滞,猝死
遗传性肥胖,闭经
遗传性肥胖,动脉粥样硬化
贾第虫病,腹痛
贾第虫病,腹胀
急性淋巴细胞白血病,鼻出血
急性淋巴细胞白血病,颅内出血
心房扑动,心绞痛
心房扑动,心力衰竭
心肌桥,心绞痛
心肌桥,心肌梗死
心肌桥,心律失常
心肌桥,心肌缺血
心肌桥,动脉粥样硬化
假斑秃,斑秃
假斑秃,脱发
传导性腹痛,腹痛
急性硬脑膜下血肿,昏迷
急性硬脑膜下血肿,意识障碍
心脏乳头样弹性纤维瘤,心绞痛
心脏乳头样弹性纤维瘤,心肌梗死
心脏乳头样弹性纤维瘤,心律失常
心脏乳头样弹性纤维瘤,心力衰竭
脊髓分裂症,脊髓半切综合征
心脏脂肪瘤,心绞痛
心脏脂肪瘤,心律失常
气压伤,昏迷
气压伤,耳鸣
心脏直视手术所致神经疾病,昏迷
心脏直视手术所致神经疾病,共济失调
心脏直视手术所致神经疾病,心力衰竭
内分泌功能亢进,多汗症
假麦格综合征,腹水
心脏骤停与心肺脑复苏,猝死
假性肠梗阻,便秘
假性肠梗阻,腹痛
假性肠梗阻,腹泻
假性肠梗阻,吞咽困难
假性肠梗阻,蛔虫性肠梗阻
糙皮病样皮疹,氨基酸尿症
心脏转移瘤,心绞痛
心脏转移瘤,心肌梗死
心脏转移瘤,心包积液
心脏转移瘤,心律失常
心脏转移瘤,猝死
心脏转移瘤,心力衰竭
肩峰下滑囊炎,肌肉萎缩
心脏转移性恶性黑色素瘤,心肌梗死
心脏转移性恶性黑色素瘤,心包积液
心脏转移性恶性黑色素瘤,心包炎
肩关节不稳定,肌肉萎缩
锌及其化合物引起的皮肤病,腹痛
新生儿B链球菌感染,昏迷
新生儿B链球菌感染,菌血症
新生儿B链球菌感染,脑膜炎
新生儿B链球菌感染,败血症
新生儿Rh血型不合溶血病,心包积液
新生儿Rh血型不合溶血病,颅内出血
新生儿Rh血型不合溶血病,腹水
新生儿Wilson-Mikity综合征,新生儿喉喘鸣
新生儿Wilson-Mikity综合征,心力衰竭
埃可病毒疹,腹泻
埃可病毒疹,脑膜炎
埃可病毒疹,疱疹
高睾酮血症,闭经
新生儿出血症,休克
新生儿出血症,鼻出血
新生儿出血症,颅内出血
新生儿出血症,便血
低氯性碱中毒,低钾血症
低氯性碱中毒,脱水
低氯性碱中毒,谵妄
浆细胞白血病,意识障碍
新生儿单纯疱疹病毒感染,呼吸衰竭
新生儿单纯疱疹病毒感染,休克
新生儿单纯疱疹病毒感染,昏迷
新生儿单纯疱疹病毒感染,疱疹
新生儿低钠血症,休克
新生儿低钠血症,脱水
病理性近视,近视
新生儿低体温,昏迷
新生儿低体温,代谢性酸中毒
新生儿低体温,低钙血症
新生儿低体温,颅内出血
新生儿低体温,败血症
肩袖损伤,肌肉萎缩
新生儿低血糖症,低血糖症
新生儿低血糖症,硬肿症
角膜基质炎,角膜炎
珍珠丘疹,灼痛
新生儿反应低下,呼吸衰竭
新生儿反应低下,肾功能衰竭
新生儿反应低下,吞咽困难
新生儿反应低下,脱水
结缔组织痣,结节性硬化
运动性闭经,月经不调
结节性甲状腺肿,吞咽困难
新生儿高血糖症,脱水
新生儿高血糖症,颅内出血
新生儿高血糖症,眼睑闭合不全
腱鞘囊肿,腕管综合征
进行性核上性麻痹,痴呆
交叉性异位肾,腹痛
交叉性异位肾,血尿
交叉性异位肾,腹部肿块
新生儿佝偻病,低钙血症
新生儿寒冷损伤综合征,休克
新生儿寒冷损伤综合征,败血症
新生儿寒冷损伤综合征,新生儿反应低下
新生儿寒冷损伤综合征,硬肿症
新生儿寒冷损伤综合征,心力衰竭
冲动型人格障碍,冲动型人格障碍
胶质母细胞瘤,意识障碍
胶质母细胞瘤,痴呆
新生儿红细胞增多症-高黏滞度综合征,蛋白尿
新生儿红细胞增多症-高黏滞度综合征,腹胀
颈部火器性异物,休克
颈部火器性异物,昏迷
颈部火器性异物,脓肿
颈部火器性异物,败血症
新生儿喉喘鸣,吞咽困难
新生儿喉喘鸣,新生儿喉喘鸣
完全流产,腹膜炎
完全流产,先兆流产
完全流产,败血症
角化棘皮瘤,睑外翻
颈淋巴结结核,脓肿
新生儿坏死性小肠结肠炎,腹泻
新生儿坏死性小肠结肠炎,腹胀
角膜鳞状细胞癌,鳞状细胞癌
颈椎半椎体畸形,枕大神经痛
新生儿急性肾功能衰竭,代谢性酸中毒
新生儿急性肾功能衰竭,低钙血症
新生儿急性肾功能衰竭,低钠血症
脚癣,足癣
新生儿柯萨奇病毒B感染,呼吸衰竭
新生儿柯萨奇病毒B感染,腹泻
新生儿柯萨奇病毒B感染,蛋白尿
新生儿柯萨奇病毒B感染,腹胀
新生儿泌尿系统感染,腹泻
颈椎椎管狭窄症,便秘
颈椎椎管狭窄症,肌肉萎缩
节段性透明性血管炎,网状青斑
Asperger综合征,精神障碍
新生儿破伤风,便秘
结肠类癌,腹痛
结肠类癌,腹泻
结肠类癌,便血
传导性耳鸣,耳鸣
传导性耳鸣,耳聋
传导性耳鸣,眩晕
静脉曲张综合征,静脉曲张
结肠破裂,休克
结肠破裂,腹痛
结肠破裂,腹胀
局限性胸膜间皮瘤,咯血
局限性胸膜间皮瘤,胸腔积液
局限性胸膜间皮瘤,肺不张
血管痣,鲜红斑痣
血管痣,蜘蛛痣
结肠血管畸形,休克
结肠血管畸形,腹痛
新生儿青紫,呼吸衰竭
巨细胞病毒性肺炎,呼吸衰竭
结肠血管扩张症,休克
结肠血管扩张症,缺铁性贫血
结肠血管扩张症,静脉曲张
结核性巩膜炎,睑外翻
结核性巩膜炎,角膜炎
结核性巩膜炎,角膜溃疡
Kartagener综合征,咯血
Kartagener综合征,脑积水
开放性气胸,休克
结核性角膜病变,角膜炎
结核性角膜病变,角膜溃疡
埃博拉病毒病,腹痛
埃博拉病毒病,腹泻
埃博拉病毒病,耳鸣
埃博拉病毒病,谵妄
新生儿失血性贫血,低血压
新生儿失血性贫血,腹水
新生儿失血性贫血,腹胀
结核性胸膜炎,胸腔积液
下呼吸道感染,咳嗽
结核性阴道炎,腹痛
结核性阴道炎,闭经
新生儿晚期代谢性酸中毒,代谢性酸中毒
口周皮炎,疱疹
新生儿胃穿孔,腹痛
新生儿胃穿孔,腹膜炎
新生儿胃穿孔,便血
结节性多动脉炎性巩膜炎,腹痛
结节性多动脉炎性巩膜炎,耳鸣
结节性多动脉炎性巩膜炎,蛋白尿
库鲁病,肌肉萎缩
库鲁病,痴呆
库鲁病,失眠
新生儿先天性胆道闭锁,腹水
新生儿先天性膈疝,腹膜炎
新生儿先天性膈疝,吞咽困难
新生儿先天性膈疝,便血
结节性血管炎,血管炎
眶内海绵状血管瘤,视神经萎缩
眶内海绵状血管瘤,球后视神经炎
眶内海绵状血管瘤,眼球突出
眶内海绵状血管瘤,角膜炎
胚胎遗留性囊肿,腹痛
新生儿先天性弓形体感染,脑积水
结节性脂肪坏死,腹痛
结节性脂肪坏死,骨质疏松
结节性脂肪坏死,腹胀
新生儿消化道重复症,咯血
新生儿消化道重复症,肠套叠
新生儿消化道重复症,吞咽困难
新生儿消化道重复症,便血
新生儿消化道重复症,腹胀
结直肠血管瘤,肠套叠
结直肠血管瘤,缺铁性贫血
结直肠血管瘤,溶血性贫血
结直肠血管瘤,便血
新生儿心肌炎,心律失常
新生儿心肌炎,心力衰竭
莱姆病性巩膜炎,精神障碍
莱姆病性巩膜炎,疱疹
莱姆病性巩膜炎,角膜炎
莱姆病性巩膜炎,痴呆
阴道良性肿瘤,外阴瘙痒
睫状环阻滞性青光眼,脓肿
新生儿心律失常,休克
新生儿心律失常,心力衰竭
老年期抑郁症,便秘
老年期抑郁症,痴呆
老年期抑郁症,腹胀
老年性昏迷,腹水
新生儿休克,昏迷
新生儿休克,意识障碍
新生儿休克,代谢性酸中毒
生理性卵巢囊肿,腹痛
老人腹股沟斜疝,便秘
老人腹股沟斜疝,腹胀
戒酒综合征,谵妄
戒酒综合征,失眠
戒酒综合征,心力衰竭
新生儿血小板减少性紫癜,鼻出血
金黄色葡萄球菌性边缘性角膜炎,角膜炎
金黄色葡萄球菌性边缘性角膜炎,角膜溃疡
金属性变色,口腔黏膜白斑
新生儿衣原体感染,胎膜早破
新生儿衣原体感染,结膜充血
泪囊炎,泪道阻塞
金属引起的口腔黏膜疾病,口炎
金属引起的口腔黏膜疾病,脓肿
阴虚,耳鸣
泪腺肉样瘤病,上睑下垂
新生儿紫癜,颅内出血
立克次体痘,疱疹
近视,病理性近视
利斯特菌脑膜炎,昏迷
利斯特菌脑膜炎,意识障碍
利斯特菌脑膜炎,吞咽困难
利斯特菌脑膜炎,眩晕
利斯特菌脑膜炎,谵妄
进行性骨干发育不良,肌肉萎缩
进行性骨干发育不良,共济失调
新型隐球菌性脑膜炎,意识障碍
新型隐球菌性脑膜炎,脑膜炎
门静脉高压,静脉曲张
门静脉高压,酒精性肝硬化
门静脉高压,腹水
星形病毒胃肠炎,腹痛
星形病毒胃肠炎,腹泻
镰状细胞贫血,骨质疏松
镰状细胞贫血,胆结石
行军性血红蛋白尿,蛋白尿
性病神经症,性欲减退
接触性荨麻疹,腹痛
接触性荨麻疹,腹泻
性病相关性胃肠道感染,腹痛
性病相关性胃肠道感染,腹泻
性病相关性胃肠道感染,疱疹
良性淋巴上皮病,眼球突出
性厌恶,性欲减退
颅底凹陷症,耳鸣
颅底凹陷症,肌肉萎缩
胸、腰椎椎体单纯性、楔形压缩骨折,棘突压痛
颅骨骨折,休克
颅骨骨折,眼球突出
颅骨骨折,鼻出血
颅骨骨折,脑脊液鼻漏
颅骨骨折,颅骨骨折
颅骨纤维异常增生症,性早熟
颅骨纤维异常增生症,耳聋
胸壁皮下气肿,心力衰竭
肠道传染病,腹痛
肠道传染病,腹泻
颅内低压综合征,意识障碍
颅内低压综合征,耳鸣
颅内低压综合征,眩晕
颅内低压综合征,失眠
胸壁软组织畸形,胸廓畸形
颅内高压综合征,意识障碍
颅内高压综合征,眩晕
甲型副伤寒,腹痛
甲型副伤寒,腹泻
颅中窝脑膜瘤,脑疝
胸壁软组织肿瘤,类风湿关节炎
胸壁软组织肿瘤,脓肿
沙门氏菌性肠炎,消化不良
旅行者腹泻,腹痛
旅行者腹泻,脱水
旅行者腹泻,痢疾
晶状体异位,角膜溃疡
胸部阿米巴病,胸腔积液
麻痹性肠梗阻,粪类圆线虫病
麻痹性肠梗阻,蛔虫性肠梗阻
胸部放线菌病,脓肿
胸部放线菌病,淀粉样变性
麻风,菌血症
麻风,结膜充血
麻风,肌肉萎缩
胸部丝虫病,咯血
沙门氏菌性肺炎,咳嗽
精囊囊肿,血尿
麦收皮炎,疱疹
麦收皮炎,湿疹
胸长神经卡压症,心绞痛
颈部脊髓损伤,昏迷
颈部脊髓损伤,颈椎骨折脱位
颈部脊髓损伤,截瘫
胸导管损伤,脱水
胸导管损伤,败血症
胸导管损伤,乳糜胸
胸腹主动脉动脉瘤,肾功能衰竭
胸腹主动脉动脉瘤,截瘫
胸腹主动脉动脉瘤,低血压
胸腹主动脉动脉瘤,腹胀
胸腹主动脉动脉瘤,肾动脉狭窄
侵袭性大肠埃希氏菌肠炎,腹痛
侵袭性大肠埃希氏菌肠炎,腹泻
颈部勒伤,昏迷
颈部勒伤,代谢性酸中毒
颈部勒伤,吞咽困难
脉络膜转移癌,视网膜脱离
脉络膜转移癌,眼球突出
脉络膜转移癌,色素斑
胸骨骨髓炎,胸骨裂
阿米巴病肠穿孔,腹痛
阿米巴病肠穿孔,腹泻
颈部血管损伤,昏迷
颈部血管损伤,静脉曲张
颈部血管损伤,耳鸣
颈部血管损伤,脓肿
慢性化脓性胸膜炎,脓胸
慢性阿米巴病肠炎,腹痛
慢性阿米巴病肠炎,腹泻
慢性进行性眼外肌麻痹,上睑下垂
胸内异物,休克
嗜水气单胞菌肠炎,腹痛
颈动脉窦综合征,晕厥
新生儿出血性大肠杆菌肠炎,腹痛
新生儿出血性大肠杆菌肠炎,腹泻
新生儿出血性大肠杆菌肠炎,血尿
新生儿出血性大肠杆菌肠炎,昏迷
颈动脉海绵窦瘘,眼球突出
胸腺癌,重症肌无力
新生儿侵袭性大肠杆菌肠炎,腹痛
新生儿侵袭性大肠杆菌肠炎,腹泻
新生儿侵袭性大肠杆菌肠炎,便血
慢性硬脑膜下血肿,昏迷
慢性硬脑膜下血肿,痴呆
慢性硬脑膜下血肿,失眠
颈动脉狭窄,昏迷
颈动脉狭窄,耳鸣
颈动脉狭窄,动脉粥样硬化
颈动脉狭窄,眩晕
颈动脉狭窄,失眠
慢性阿米巴性痢疾,腹痛
慢性自律性房性心动过速,心律失常
慢性自律性房性心动过速,心力衰竭
胸腺类癌,咯血
胸腺类癌,库欣综合征
胸腺类癌,甲状旁腺功能亢进
颈静脉球瘤,耳鸣
颈静脉球瘤,眩晕
胸腺小细胞癌,咯血
胸腺小细胞癌,库欣综合征
胸腺小细胞癌,甲状旁腺功能亢进
颈肋,肌肉萎缩
细菌性结肠炎,腹泻
门静脉海绵样变,上消化道出血
门静脉海绵样变,静脉曲张
门静脉海绵样变,腹水
颈肋畸形,肌肉萎缩
迷走神经损伤,吞咽困难
胸椎间盘突出症,截瘫
面肌瘫痪,睑外翻
面肌瘫痪,耳鸣
面肌瘫痪,耳聋
急性阿米巴痢疾,腹痛
颈腰综合征,腰椎间盘突出
面瘫,睑内翻
须癣,体癣
埃及血吸虫病,腹痛
埃及血吸虫病,腹泻
产气杆菌肠炎,腹痛
产气杆菌肠炎,腹泻
嗅沟脑膜瘤,嗅觉障碍
副霍乱,腹泻
副霍乱,耳鸣
空洞型肺结核,咯血
空洞型肺结核,咳嗽
眩晕,低血压
眩晕,共济失调
鼻结核,鼻出血
鼻结核,耳鸣
内脏动脉慢性闭塞,便秘
内脏动脉慢性闭塞,腹痛
内脏动脉慢性闭塞,腹泻
学习技能发育障碍,精神障碍
学习技能发育障碍,智能障碍
学习技能发育障碍,品行障碍
胫骨应力骨折,骨膜炎
奈瑟卡他球菌肺炎,脑膜炎
浸润型肺结核,咳嗽
肠道厌氧菌感染,腹痛
肠道厌氧菌感染,便血
痉挛性肠梗阻,便秘
痉挛性肠梗阻,腹痛
痉挛性肠梗阻,肠痉挛
血管损伤,休克
血管损伤,腹痛
肺结核瘤,咳嗽
痉挛性脑瘫,脑膜炎
痉挛性脑瘫,精神障碍
痉挛性脑瘫,截瘫
痉挛性脑瘫,共济失调
肺门淋巴结核,咳嗽
静脉血栓形成,静脉曲张
血管性痴呆,眩晕
血管性帕金森综合征,痴呆
肺原发性结核性复征,咳嗽
男子乳腺发育,乳头溢液
坏死性肠炎,便血
酒精中毒性神经疾病,昏迷
酒精中毒性神经疾病,痴呆
酒精中毒性神经疾病,共济失调
脑室内脑膜瘤,脑积水
酒中毒性痴呆,昏迷
酒中毒性痴呆,痴呆
酒中毒性痴呆,共济失调
脑外伤伴发的精神障碍,痴呆
血红蛋白C病,腹痛
血红蛋白C病,耳鸣
酒中毒性小脑变性,谵妄
酒中毒性小脑变性,共济失调
酒中毒性周围神经病,低血压
酒中毒性周围神经病,失眠
局限性硬皮病,腹痛
镍及其化合物引起的皮肤病,疱疹
局灶性节段性肾小球硬化,肾病综合征
局灶性节段性肾小球硬化,蛋白尿
牛带绦虫病,腹痛
牛带绦虫病,腹泻
牛带绦虫病,失眠
脓毒性休克,呼吸衰竭
脓毒性休克,休克
脓毒性休克,心肌梗死
脓毒性休克,血尿
脓毒性休克,代谢性酸中毒
脓毒性休克,呼吸性碱中毒
脓毒性休克,低血压
巨大胎儿,腹痛
血小板促凝活性异常,产后出血
诺瓦克病毒性胃肠炎,腹痛
诺瓦克病毒性胃肠炎,腹泻
巨大血小板病,鼻出血
血小板减少性紫癜,鼻出血
膀胱尿道异物,尿失禁
膀胱尿道异物,血尿
膀胱尿道异物,脓肿
急性肺炎,咳嗽
巨舌,血管神经性水肿
巨舌,心力衰竭
巨舌,巨舌
血小板型假性血管性血友病,鼻出血
继发性肺结核,咯血
继发性肺结核,咳嗽
疱疹样脓疱病,腹泻
疱疹样脓疱病,疱疹
疱疹样脓疱病,谵妄
巨吻棘头虫病,腹泻
巨吻棘头虫病,急腹症
巨吻棘头虫病,夜惊
巨吻棘头虫病,失眠
巨细胞病毒病,昏迷
巨细胞病毒病,流产
甲醛中毒,咳嗽
寻常痤疮,聚合性痤疮
皮炎芽生菌,胸腔积液
皮炎芽生菌,脑脓肿
皮炎芽生菌,脑膜炎
皮炎芽生菌,骨膜炎
巨细胞病毒性葡萄膜炎,流产
巨细胞病毒性葡萄膜炎,耳聋
良性脑瘤,耳鸣
巨细胞动脉炎性巩膜炎,失眠
寻常狼疮,睑外翻
绝经,失眠
鼻腔癌,头痛
鼻腔癌,耳鸣
皮脂腺上皮瘤,鳞状细胞癌
绝经后骨质疏松,骨质疏松
绝经后卵巢恶性肿瘤,腹痛
绝经后卵巢恶性肿瘤,闭经
绝经后卵巢恶性肿瘤,腹水
绝经后卵巢恶性肿瘤,绝经
偏执状态,耳鸣
偏执状态,睡眠障碍
绝经后子宫颈癌,便血
蕈样真菌病,甲营养不良
绝经后子宫内膜癌,腹痛
绝经后子宫内膜癌,绝经
蕈样真菌病和Sezary综合征,甲营养不良
蕈样真菌病和Sezary综合征,脱发
葡萄球菌肺炎,休克
葡萄球菌肺炎,昏迷
葡萄球菌肺炎,脓胸
绝经期尿路感染,尿失禁
绝经期尿路感染,绝经
绝经期尿失禁,尿失禁
绝经期尿失禁,绝经
绝经期尿失禁,遗尿
葡萄球菌性食物中毒,腹泻
葡萄球菌性食物中毒,脱水
耳石症,眼球震颤
耳石症,眩晕
葡萄球菌中毒性休克综合征,休克
葡萄球菌中毒性休克综合征,腹泻
葡萄球菌中毒性休克综合征,晕厥
葡萄球菌中毒性休克综合征,低血压
外阴鳞状上皮细胞增生,外阴瘙痒
绝经期盆腔脏器脱垂,便秘
绝经期盆腔脏器脱垂,尿失禁
绝经期盆腔脏器脱垂,绝经
Q热肺炎,腹痛
Q热肺炎,腹泻
绝经期乳腺癌,绝经
绝经期乳腺癌,乳头溢液
结节性液化性脂膜炎,休克
结节性液化性脂膜炎,腹痛
结节性液化性脂膜炎,失眠
绝经与阿尔茨海默病综合征,精神障碍
绝经与阿尔茨海默病综合征,痴呆
绝经与阿尔茨海默病综合征,绝经
绝经与阿尔茨海默病综合征,谵妄
绝经与心血管疾病,休克
绝经与心血管疾病,心绞痛
绝经与心血管疾病,心肌梗死
绝经与心血管疾病,颅内出血
绝经与心血管疾病,绝经
压力性尿失禁,小儿遗尿
脐膨出-巨舌-巨体综合征,眼球震颤
脐膨出-巨舌-巨体综合征,巨舌
绝经与抑郁症,便秘
绝经与抑郁症,心动过缓
绝经与抑郁症,绝经
绝经与抑郁症,失眠
亚急性联合变性,便秘
亚急性联合变性,痴呆
亚急性联合变性,瘫痪
亚急性联合变性,共济失调
军刀综合征,咯血
军刀综合征,眩晕
军刀综合征,慢性咳嗽
亚急性皮肤红斑狼疮,网状青斑
神经棘红细胞增多症,共济失调
前庭神经元炎,耳鸣
前庭神经元炎,乳突炎
前庭神经元炎,耳聋
前庭神经元炎,眩晕
亚急性硬化性全脑炎,昏迷
亚急性硬化性全脑炎,共济失调
萎缩侧索硬化,吞咽困难
萎缩侧索硬化,截瘫
萎缩侧索硬化,肌肉萎缩
萎缩侧索硬化,痴呆
萎缩侧索硬化,脊髓性肌萎缩
亚急性硬膜外血肿,意识障碍
轻链病与轻链沉积病,肾病综合征
轻链病与轻链沉积病,肾功能衰竭
轻链病与轻链沉积病,慢性肾功能不全
Kimura病,上睑下垂
Kimura病,眼球突出
亚临床甲状腺功能减退症,心肌梗死
嵌杯样病毒胃肠炎,腹痛
嵌杯样病毒胃肠炎,腹泻
下焦湿热,腹痛
骶髂关节扭伤或半脱位,腰椎间盘突出
亚临床甲状腺功能亢进,心律失常
亚临床甲状腺功能亢进,骨质疏松
强直性脊柱炎及其伴发的葡萄膜炎,咳嗽
卡普兰综合征,咯血
卡普兰综合征,类风湿关节炎
亚临床型克汀病,脑膜炎
亚临床型克汀病,耳聋
烟雾病,颅内出血
烟雾病,痴呆
烟雾病,瘫痪
卡氏肺孢子虫肺炎,呼吸衰竭
卡氏肺孢子虫肺炎,腹泻
青霉病,咯血
青霉病,菌血症
青霉病,角膜炎
青霉病,心包炎
延髓性麻痹,吞咽困难
卡氏肺囊虫病,肺不张
胃肠湿热,腹痛
胃肠湿热,腹泻
卡他莫拉菌感染,脓肿
卡他莫拉菌感染,细菌感染
外阴上皮内瘤样病变,外阴瘙痒
严重肝病引起获得性凝血因子异常,鼻出血
胃柿石,口臭
严重急性呼吸综合征,休克
躯体感觉障碍,脊髓半切综合征
岩骨斜坡脑膜瘤,脑积水
岩骨斜坡脑膜瘤,共济失调
躯体形式障碍,便秘
躯体形式障碍,呃逆
醛固酮缺乏症,腹泻
醛固酮缺乏症,代谢性酸中毒
醛固酮缺乏症,肠痉挛
醛固酮缺乏症,低钠血症
黄疸性肝炎,腹痛
抗菌药中毒性肾病,耳鸣
抗菌药中毒性肾病,蛋白尿
抗菌药中毒性肾病,共济失调
纤维化综合征,便秘
纤维化综合征,腹痛
纤维化综合征,腹泻
纤维化综合征,眼球突出
纤维化综合征,吞咽困难
纤维化综合征,腹膜后纤维化
反流性喉炎,口臭
抗利尿激素分泌异常综合征,昏迷
抗利尿激素分泌异常综合征,低钠血症
炎性肠病性关节炎相关巩膜炎,骨质疏松
炎性肠病性关节炎相关巩膜炎,脱水
Rh血型不合,胸腔积液
Rh血型不合,腹水
Rh血型不合,心力衰竭
蛋白质缺乏症,腹泻
蛋白质缺乏症,蛋白尿
炎性乳腺癌,乳房肿块
炎性乳腺癌,乳头内陷
抗磷脂抗体综合征,肺栓塞
抗磷脂抗体综合征,流产
抗磷脂抗体综合征,蛋白尿
抗磷脂抗体综合征,痴呆
肛门息肉,便血
抗体免疫缺陷病,腹泻
抗体免疫缺陷病,溶血性贫血
人乳头瘤病毒感染,鳞状细胞癌
人乳头瘤病毒感染,角膜炎
抗胰蛋白酶缺乏症,上消化道出血
柯莱斯骨折,粉碎性骨折
柯莱斯骨折,腕枪刺状畸形
炎症性肠道疾病及其伴发的葡萄膜炎,便秘
炎症性肠道疾病及其伴发的葡萄膜炎,腹泻
炎症性肠道疾病及其伴发的葡萄膜炎,腹部肿块
柯萨奇病毒感染,耳鸣
柯萨奇病毒感染,低血压
柯萨奇病毒感染,败血症
柯萨奇病毒感染,猝死
乳糜腹,腹痛
乳糜腹,腹膜炎
乳糜腹,腹泻
乳糜腹,腹水
乳糜腹,腹胀
眼部神经纤维瘤病,睑外翻
眼部神经纤维瘤病,上睑下垂
眼部神经纤维瘤病,眼球突出
科干综合征,腹泻
科干综合征,耳鸣
科罗拉多蜱热,意识障碍
眼部猪囊尾蚴病,视网膜脱离
肺癌脑转移,耳鸣
咳嗽性哮喘,湿疹
咳嗽性哮喘,慢性咳嗽
眼弓蛔虫病,视网膜脱离
眼弓蛔虫病,角膜炎
乳腺脂肪肉瘤,静脉曲张
乳腺脂肪肉瘤,乳房肿块
眼弓形体病,视神经萎缩
眼弓形体病,脑水肿
黄体血肿,腹痛
乳溢-闭经综合征,闭经
肺部真菌感染,咳嗽
眼假组织胞质菌病综合征,视网膜脱离
克里米亚-刚果出血热,鼻出血
眼睑基底细胞癌,珍珠丘疹
甲状腺肿瘤,吞咽困难
克罗伊茨费尔特-雅各布病,眩晕
克罗伊茨费尔特-雅各布病,失眠
Ⅳ型肾小管性酸中毒,脱水
空鞍综合征,视神经萎缩
空鞍综合征,意识障碍
空鞍综合征,闭经
鳃裂囊肿和瘘管,吞咽困难
鳃裂囊肿和瘘管,咽喉炎
空肠、回肠憩室,腹泻
空肠、回肠憩室,消化不良
前列腺病,尿失禁
前列腺病,血尿
眼眶淀粉样变性,上睑下垂
眼眶淀粉样变性,眼球突出
空肠弯曲菌肠炎,腹痛
空肠弯曲菌肠炎,腹泻
空肠弯曲菌肠炎,急腹症
色素失调症,视神经萎缩
色素失调症,斜视
色素失调症,色素斑
眼眶非霍奇金恶性淋巴瘤,眼球突出
上颈椎不稳症,瘫痪
空气栓塞,昏迷
眼眶非霍奇金恶性淋巴肿瘤,眼球突出
上肢深静脉血栓形成,静脉曲张
眼眶蜂窝织炎,昏迷
眼眶蜂窝织炎,视神经萎缩
眼眶蜂窝织炎,脑膜炎
眼眶蜂窝织炎,眼球突出
眼眶蜂窝织炎,角膜炎
口腔黏膜白斑,口腔黏膜白斑
眼眶骨化纤维瘤,眼球突出
少枝胶质细胞瘤及间变少枝胶质细胞瘤,精神障碍
眼眶骨瘤,视神经萎缩
眼眶骨瘤,眼球突出
舌下神经损伤,吞咽困难
舌下神经损伤,肌肉萎缩
眼眶骨纤维异常增殖症,上睑下垂
眼眶骨纤维异常增殖症,眼球突出
髋关节后脱位,休克
髋关节后脱位,髋关节脱位
血管性头痛,头痛
眼眶畸胎瘤,眼球突出
舌咽神经损伤,舌咽神经损伤
眶骨髓炎,睑外翻
眶骨髓炎,眼球突出
眶骨髓炎,角膜炎
眶骨髓炎,脓肿
眶骨髓炎,角膜溃疡
眼眶寄生虫囊肿,视神经萎缩
眼眶寄生虫囊肿,眼球突出
社会获得性肺炎,败血症
社会获得性肺炎,呃逆
眶内纤维组织细胞瘤,眼球突出
眼眶淋巴管瘤,视神经萎缩
眼眶淋巴管瘤,上睑下垂
眼眶淋巴管瘤,眼球突出
风湿免疫病,风湿性血管炎
眼眶内海绵状血管瘤,视神经萎缩
眼眶内海绵状血管瘤,眼球突出
眼眶内海绵状血管瘤,角膜炎
溃疡病穿孔,腹痛
溃疡病穿孔,眼球内陷
溃疡病穿孔,呃逆
砷化氢引起的溶血性贫血,腹痛
溃疡坏死性口炎,口腔溃疡
溃疡坏死性口炎,口炎
结肠腺癌,腹痛
结肠腺癌,便血
眼眶内静脉曲张,视神经萎缩
眼眶内静脉曲张,眼球突出
眼眶内静脉曲张,眼球内陷
眼眶内静脉曲张,静脉曲张
溃疡性皮肤结核,脓肿
混合型阴道炎,外阴瘙痒
混合型阴道炎,外阴溃疡
眼眶脑膜-脑膨出,眼球突出
眼眶脑膜-脑膨出,骨裂
神经系统副肿瘤综合征,斜视
神经系统副肿瘤综合征,眩晕
眼眶黏液囊肿,上睑下垂
眼眶黏液囊肿,眼球突出
眼眶黏液囊肿,眼球内陷
神经纤维瘤病,脂肪瘤
眼眶脓肿,眼球突出
眼眶脓肿,角膜炎
眼眶脓肿,脓肿
眼眶脓肿,角膜溃疡
眼眶皮样囊肿,视神经萎缩
眼眶皮样囊肿,眼球突出
纳氏囊肿,痛经
橄榄体脑桥小脑萎缩,尿失禁
橄榄体脑桥小脑萎缩,吞咽困难
橄榄体脑桥小脑萎缩,肌肉萎缩
橄榄体脑桥小脑萎缩,共济失调
神经源性角膜炎,疱疹
神经源性角膜炎,角膜炎
神经源性角膜炎,结膜充血
神经源性角膜炎,角膜溃疡
眼眶平滑肌瘤,眼球突出
浸润性乳腺癌,乳房疼痛
浸润性乳腺癌,乳房肿块
浸润性乳腺癌,乳头溢液
骨淋巴管瘤,肌肉萎缩
眼眶神经纤维瘤,睑外翻
眼眶神经纤维瘤,上睑下垂
眼眶神经纤维瘤,眼球突出
拉福拉病,共济失调
肾盏憩室,胸腔积液
肾盏憩室,血尿
眼眶纤维肉瘤,眼球突出
眼眶血管外皮瘤,结膜充血
石棉肺,咯血
拉沙热,腹痛
拉沙热,腹泻
拉沙热,吞咽困难
拉沙热,耳鸣
拉沙热,低血压
食管源性胸痛,腹痛
食管源性胸痛,吞咽困难
拉休尤-格拉哈姆-利特尔综合征,斑秃
眼眶血肿,结膜充血
乙状结肠癌,便秘
乙状结肠癌,腹痛
乙状结肠癌,消化不良
眼眶炎性假瘤,视神经萎缩
眼眶炎性假瘤,眼球突出
眼眶炎性假瘤,结膜充血
内湿,腹泻
视神经脊髓炎,球后视神经炎
眼眶真菌病,视神经萎缩
眼眶真菌病,鼻出血
室管膜肿瘤,昏迷
室管膜肿瘤,眼球震颤
蜡样芽孢杆菌食物中毒,腹痛
蜡样芽孢杆菌食物中毒,腹泻
眼眶脂肪瘤,眼球突出
嗜酸粒细胞增多症,腹痛
嗜酸粒细胞增多症,疱疹
嗜酸粒细胞增多症,湿疹
嗜酸粒细胞增多症,剥脱性皮炎
眼眶脂肪肉瘤,视神经萎缩
眼眶脂肪肉瘤,眼球突出
莱姆心脏炎,心律失常
莱姆心脏炎,心包炎
莱姆心脏炎,心力衰竭
嗜酸性粒细胞白血病,精神障碍
莱特雷尔-西韦病,腹泻
莱特雷尔-西韦病,脓肿
莱特雷尔-西韦病,眼睑闭合不全
眼眶转移性肿瘤,结膜充血
赖利-戴综合征,腹泻
赖利-戴综合征,口腔溃疡
赖利-戴综合征,低血压
赖利-戴综合征,角膜溃疡
眼颧部褐蓝痣,色素斑
阴茎珍珠疹,龟头珍珠疹
手指屈肌腱鞘炎,指节垫
眼外肌病及弱视,斜视
书写痉挛,书写痉挛
眼外肌发育不全,上睑下垂
眼外肌发育不全,斜视
小叶增生,痛经
小叶增生,乳房疼痛
小叶增生,乳房肿块
赖氏综合征,腹泻
赖氏综合征,意识障碍
眼外肌广泛纤维化综合征,上睑下垂
眼外肌广泛纤维化综合征,眼球内陷
眼外肌广泛纤维化综合征,斜视
外阴赘生物,外阴瘙痒
输血后血小板减少性紫癜,血尿
眼外肌外伤,上睑下垂
眼外肌外伤,眼球内陷
赖特综合征,腹泻
赖特综合征,脓肿
兰伯特-伊顿综合征,便秘
兰伯特-伊顿综合征,吞咽困难
兰伯特-伊顿综合征,斑秃
兰伯特-伊顿综合征,乳糜泻
眼外肌猪囊尾蚴病,眼球突出
眼外肌猪囊尾蚴病,结膜充血
松毛虫性骨关节炎,肌肉萎缩
阑尾腺癌,腹痛
阑尾腺癌,腹水
瘘疮,便秘
瘘疮,便血
瘫痪,截瘫
厌氧菌肺炎,咯血
厌氧菌肺炎,胸腔积液
厌氧菌肺炎,脓胸
阑尾肿瘤,腹痛
阑尾肿瘤,腹泻
阑尾肿瘤,腹水
阑尾肿瘤,便血
鼻咽炎,咳嗽
胸椎骨折,休克
胸椎骨折,腹痛
羊膜腔感染综合征,腹痛
羊膜腔感染综合征,胎膜早破
特发性面神经瘫痪,睑外翻
老年斑,色素斑
疼痛性眼肌麻痹,耳鸣
痒性紫癜,紫癜
老年便秘,腹痛
体癣,细菌感染
老年低温症,低血压
老年低温症,共济失调
头皮糠疹,糙皮病样皮疹
老年跌倒,骨质疏松
老年急性动脉栓塞,腹痛
老年急性动脉栓塞,动脉粥样硬化
土肥对称性肢端色素沉着症,雀斑
腰痛-血尿综合征,血尿
老年静脉血栓症,静脉曲张
吞入异物,腹痛
吞入异物,腹膜炎
吞入异物,便血
老年久病卧床,肌肉萎缩
老年久病卧床,低血压
B疱疹病毒感染,疱疹
腰椎椎管狭窄症,腰椎间盘突出
老年男性性功能障碍,性欲减退
药物反应性甲病,药疹
药物免疫性血小板减少性紫癜,上消化道出血
药物免疫性血小板减少性紫癜,鼻出血
外伤性胆管损伤,休克
外伤性胆管损伤,腹膜炎
梅杰综合症,吞咽困难
药物相关性免疫性溶血性贫血,休克
药物相关性免疫性溶血性贫血,溶血性贫血
药物相关性免疫性溶血性贫血,肾功能衰竭
外伤性腹膜后出血或血肿,休克
外伤性腹膜后出血或血肿,腹痛
外伤性腹膜后出血或血肿,腹部肿块
急性肠梗阻,腹痛
老年女性膀胱颈梗阻,尿失禁
老年女性膀胱颈梗阻,遗尿
老年女性膀胱颈梗阻,女性膀胱颈梗阻
外伤性脑积水,尿失禁
外伤性脑积水,昏迷
外伤性脑积水,脑积水
外伤性脑积水,脱水
外伤性脑积水,痴呆
老年期谵妄,意识障碍
老年期谵妄,谵妄
老年期谵妄,失眠
药物性狼疮,心包积液
药物性狼疮,胸腔积液
药物性狼疮,血尿
药物性狼疮,缩窄性心包炎
药物性狼疮,蛋白尿
老年人白细胞减少症和粒细胞缺乏症,细菌感染
老年人败血症,昏迷
老年人败血症,意识障碍
老年人败血症,疱疹
老年人败血症,脓肿
老年人败血症,腹水
热性荨麻疹,腹痛
热性荨麻疹,腹泻
老年人膀胱癌,前列腺增生
外阴瘙痒症,肛裂
外阴瘙痒症,湿疹
外阴瘙痒症,失眠
伊藤痣,色素斑
外源性变应性肺泡炎,呼吸衰竭
外源性变应性肺泡炎,肺纤维化
外源性变应性肺泡炎,慢性咳嗽
老年人变异型心绞痛,心绞痛
老年人变异型心绞痛,心律失常
衣原体尿路感染,急性宫颈炎
网膜扭转,腹痛
网膜扭转,腹部肿块
网膜扭转,腹水
网膜扭转,腹胀
医用药物中毒所致的精神障碍,共济失调
老年人病态窦房结综合征,心律失常
老年人病态窦房结综合征,心动过缓
纹状体黑质变性,吞咽困难
纹状体黑质变性,痴呆
纹状体黑质变性,共济失调
医源性胆管损伤,胆汁性肝硬化
医源性胆管损伤,腹痛
医源性胆管损伤,腹膜炎
医源性胆管损伤,腹水
医源性胆管损伤,败血症
老年人播散性血管内凝血,昏迷
老年人播散性血管内凝血,低血压
老年人播散性血管内凝血,蛋白尿
老年人播散性血管内凝血,便血
肠道寄生虫病,腹痛
肠道寄生虫病,腹泻
肠道寄生虫病,消化不良
增生性疤痕,灼痛
全身性红斑狼疮,蛋白尿
全身性红斑狼疮,败血症
老年人不稳定型心绞痛,心绞痛
老年人不稳定型心绞痛,猝死
胰高糖素瘤综合征,口炎
胰高糖素瘤综合征,舌炎
细菌性角膜炎,角膜炎
细菌性角膜炎,结膜充血
细菌性角膜炎,角膜溃疡
老年人肠易激综合征,便秘
老年人肠易激综合征,腹痛
老年人肠易激综合征,腹泻
老年人垂体瘤,闭经
胰瘘,腹痛
胰瘘,腹膜炎
胰瘘,代谢性酸中毒
胰瘘,低钙血症
胰瘘,脓肿
中度脂肪肝,腹泻
中度脂肪肝,消化不良
老年人大肠肿瘤,便秘
老年人大肠肿瘤,腹痛
老年人大肠肿瘤,腹部肿块
老年人大肠肿瘤,便血
胰石病,腹痛
重度脂肪肝,腹痛
重度脂肪肝,腹水
先天性白血病,疱疹
先天性白血病,颅内出血
老年人代谢性碱中毒,心律失常
老年人代谢性碱中毒,代谢性碱中毒
老年人代谢性碱中毒,眩晕
老年人代谢性碱中毒,谵妄
胰腺假囊肿,腹痛
胰腺假囊肿,腹泻
胰腺假囊肿,上消化道出血
胰腺假囊肿,腹部肿块
先天性肠旋转不良,休克
先天性肠旋转不良,便秘
先天性肠旋转不良,腹痛
先天性肠旋转不良,腹膜炎
先天性肠旋转不良,脱水
先天性肠旋转不良,便血
老年人代谢性酸中毒,心律失常
老年人代谢性酸中毒,昏迷
老年人代谢性酸中毒,代谢性酸中毒
老年人代谢性酸中毒,谵妄
脑炎,头痛
脑炎,意识障碍
胰腺囊性纤维性变,呼吸衰竭
胰腺囊性纤维性变,咯血
胰腺囊性纤维性变,腹膜炎
胰腺囊性纤维性变,胆结石
胰腺囊性纤维性变,心力衰竭
老年人单纯疱疹病毒性脑炎,昏迷
老年人单纯疱疹病毒性脑炎,口唇疱疹
老年人胆囊癌,腹水
先天性胆管囊状扩张,腹痛
先天性胆管囊状扩张,腹膜炎
先天性胆管囊状扩张,腹部肿块
老年人胆囊炎,腹痛
老年人胆囊炎,消化不良
埃布斯坦综合征,心律失常
埃布斯坦综合征,心力衰竭
胰腺真性囊肿,休克
胰腺真性囊肿,便秘
胰腺真性囊肿,败血症
五更泻,腹泻
五更泻,消化不良
老年人胆石症,消化不良
移行脊椎,坐骨神经痛
先天性冠状动脉瘘,咯血
先天性冠状动脉瘘,动脉导管未闭
先天性冠状动脉瘘,心肌梗死
风寒,头痛
风寒,咳嗽
老年人低钾血症,低钾血症
移植物抗宿主病,腹泻
先天性静脉畸形肢体肥大综合征,脊柱裂
先天性静脉畸形肢体肥大综合征,静脉曲张
先天性静脉畸形肢体肥大综合征,乳糜胸
遗传性蛋白S缺陷症,肺栓塞
老年人低钠血症,血尿
老年人低钠血症,昏迷
老年人低钠血症,低钠血症
高度近视,眼球突出
先天性髋关节脱位,髋关节脱位
老年人低血糖昏迷,昏迷
遗传性对称性色素异常症,雀斑
遗传性对称性色素异常症,色素斑
先天性卵巢发育不全,闭经
先天性卵巢发育不全,流产
老年人低血糖症,昏迷
遗传性多发脑梗死性痴呆,痴呆
先天性肾病综合征,肾病综合征
先天性肾病综合征,肾功能衰竭
先天性肾病综合征,蛋白尿
老年人低血压,肌肉萎缩
眩晕症,耳鸣
眩晕症,眩晕
先天性十二指肠闭锁,腹胀
老年人短暂性大脑缺血性发作,耳鸣
老年人短暂性大脑缺血性发作,共济失调
老年人多发性骨髓瘤,骨质疏松
先天性视网膜劈裂症,视网膜脱离
先天性视网膜劈裂症,眼球震颤
先天性视网膜劈裂症,色素斑
老年人多器官功能衰竭,呼吸衰竭
老年人多器官功能衰竭,休克
老年人多器官功能衰竭,昏迷
先天性胃壁肌层缺损,腹膜炎
先天性胃壁肌层缺损,脱水
先天性胃壁肌层缺损,急腹症
遗传性粪卟啉病,疱疹
老年人恶性心包积液,心包积液
先天性血管瘤,静脉曲张
先天性血管瘤,鲜红斑痣
遗传性感觉神经病,低血压
遗传性感觉神经病,共济失调
老年人非霍奇金恶性淋巴肿瘤,腹痛
老年人非霍奇金恶性淋巴肿瘤,腹泻
老年人非霍奇金恶性淋巴肿瘤,耳鸣
老年人非霍奇金恶性淋巴肿瘤,腹部肿块
遗传性高尿酸血症,智能障碍
老年人肥厚型心肌病,猝死
老年人肥胖症,呼吸衰竭
遗传性抗凝血酶Ⅲ缺乏症,肺栓塞
前庭功能紊乱,耳鸣
遗传性良性上皮内角化不良,结膜充血
老年人肺癌,肺不张
老年人肺癌,慢性咳嗽
筛窦炎,头痛
遗传性凝血酶原缺乏,鼻出血
遗传性凝血酶原缺乏,颅内出血
遗传性凝血酶原缺乏,肌肉萎缩
老年人肺结核,咯血
老年人肺结核,腹膜炎
老年人肺结核,脑膜炎
纤维性骨炎,甲状旁腺功能亢进
上颌窦炎,头痛
遗传性凝血因子Ⅴ缺乏症,血尿
遗传性凝血因子Ⅴ缺乏症,鼻出血
遗传性凝血因子Ⅴ缺乏症,先天性X因子缺乏
老年人肺结核病,败血症
遗传性凝血因子Ⅶ缺乏,肺栓塞
遗传性凝血因子Ⅶ缺乏,血尿
遗传性凝血因子Ⅶ缺乏,鼻出血
遗传性凝血因子Ⅶ缺乏,颅内出血
遗传性凝血因子Ⅶ缺乏,先天性X因子缺乏
老年人肺脓肿,咯血
老年人肺脓肿,气胸
老年人肺脓肿,脓胸
相对性红细胞增多症,脱水
不均匀性脂肪肝,腹痛
遗传性凝血因子ⅩⅢ缺乏,血尿
遗传性凝血因子ⅩⅢ缺乏,鼻出血
遗传性凝血因子ⅩⅢ缺乏,先天性X因子缺乏
遗传性凝血因子Ⅹ缺乏,鼻出血
遗传性凝血因子Ⅹ缺乏,先天性X因子缺乏
小肠纤维瘤,肠套叠
小肠纤维瘤,腹痛
小肠纤维瘤,腹膜炎
小儿急性呼吸窘迫综合征,呼吸衰竭
遗传性凝血因子Ⅺ缺乏,血尿
遗传性凝血因子Ⅺ缺乏,产后出血
遗传性凝血因子Ⅺ缺乏,鼻出血
遗传性凝血因子Ⅺ缺乏,先天性X因子缺乏
老年人肺栓塞,肺栓塞
老年人肺栓塞,心肌梗死
老年人肺栓塞,胸腔积液
遗传性球形红细胞增多症,溶血性贫血
肺燥,咯血
小儿食管化学性烧伤,咯血
小儿食管化学性烧伤,休克
小儿食管化学性烧伤,吞咽困难
小儿食管化学性烧伤,脱水
老年人肺心病,呼吸衰竭
老年人肺心病,昏迷
老年人肺心病,代谢性酸中毒
小脑扁桃体下疝畸形,耳鸣
小脑扁桃体下疝畸形,共济失调
老年人肺性脑病,呼吸衰竭
老年人肺性脑病,昏迷
老年人肺性脑病,代谢性碱中毒
肠胃型感冒,腹痛
肠胃型感冒,腹泻
新生儿低镁血症,低钾血症
新生儿低镁血症,低钙血症
新生儿低镁血症,低镁血症
遗传性椭圆形红细胞增多症,溶血性贫血
新生儿流行性腹泻,腹泻
新生儿流行性腹泻,低钾血症
新生儿流行性腹泻,脱水
新生儿流行性腹泻,低钠血症
新生儿脓疱疮,腹泻
老年人肺炎,休克
老年人肺炎,心律失常
老年人肺炎,谵妄
老年人分水岭脑梗死,痴呆
老年人分水岭脑梗死,智能障碍
遗传性异常纤维蛋白原血症,流产
性心理障碍,精神障碍
性心理障碍,露阴癖
性心理障碍,异性装扮癖
癣菌疹,细菌感染
癣菌疹,足癣
血管畸形引起的吞咽困难,吞咽困难
老年人风湿性心脏病,心律失常
老年人风湿性心脏病,吞咽困难
血管神经性水肿,吞咽困难
老年人腹主动脉瘤,精索静脉曲张
老年人腹主动脉瘤,动脉粥样硬化
酸中毒,休克
酸中毒,腹泻
雅司病,体癣
雅司病,骨膜炎
咽囊炎,耳鸣
咽囊炎,耳聋
言语和语言发育障碍,耳聋
遗传性运动失调性多发性神经炎,眼球震颤
遗传性运动失调性多发性神经炎,肌肉萎缩
老年人钙化性瓣膜病,心绞痛
老年人钙化性瓣膜病,心肌梗死
老年人钙化性瓣膜病,心律失常
老年人钙化性瓣膜病,心力衰竭
乙型肝炎病毒相关性肾炎,血尿
乙型肝炎病毒相关性肾炎,肾功能衰竭
乙型肝炎病毒相关性肾炎,蛋白尿
乙型肝炎病毒相关性肾炎,腹水
老年人肝性脑病,上消化道出血
老年人肝性脑病,昏迷
老年人肝性脑病,意识障碍
老年人肝性脑病,腹水
乙型肝炎病毒性关节炎,类风湿关节炎
眼睑皮脂腺癌,霰粒肿
老年人肝硬化,胸腔积液
老年人肝硬化,腹水
乙状结肠扭转,休克
乙状结肠扭转,肠套叠
乙状结肠扭转,腹胀
梭形细胞肿瘤,吞咽困难
眼球后退综合征,眼球突出
眼球后退综合征,斜视
眼球内炎,角膜炎
眼球内炎,角膜溃疡
老年人感染性休克,休克
老年人感染性休克,昏迷
老年人感染性休克,意识障碍
老年人感染性休克,低血压
异常γ-球蛋白血症,溶血性贫血
异常γ-球蛋白血症,败血症
异常γ-球蛋白血症,共济失调
眼球运动障碍,上睑下垂
眼球运动障碍,斜视
眼球运动障碍,瘫痪
老年人高钙血症,便秘
老年人高钙血症,昏迷
老年人高钾血症,心律失常
腰部峡部崩裂和脊椎滑脱,脱水
腰部峡部崩裂和脊椎滑脱,棘突压痛
腰部峡部崩裂和脊椎滑脱,腰椎间盘突出
便秘性结肠炎,便秘
便秘性结肠炎,腹泻
老年人高钠血症,脱水
老年人高钠血症,低血压
异物性食管穿孔,吞咽困难
药物导致的肺部疾病,肺纤维化
药物导致的肺部疾病,肺不张
老年人高渗性非酮症糖尿病昏迷,低血压
老年人高血压,意识障碍
新生儿消化不良,腹泻
老年人高血压危象,昏迷
老年人高血压危象,意识障碍
老年人高血压危象,颅内出血
老年人高血压危象,猝死
衣原体淋巴肉芽肿,腹痛
衣原体淋巴肉芽肿,腹膜炎
衣原体淋巴肉芽肿,脑膜炎
衣原体淋巴肉芽肿,骨膜炎
老年人高脂血症,心绞痛
老年人高脂血症,心肌梗死
老年人高脂血症,耳鸣
阴道恶性苗勒管混合瘤,子宫内膜异位
陈旧性肺结核,咳嗽
胰岛素抵抗与代谢综合征,蛋白尿
遗传性出血性毛细血管扩张,咯血
遗传性出血性毛细血管扩张,血尿
遗传性出血性毛细血管扩张,鼻出血
老年人梗阻性肾病,血尿
老年人梗阻性肾病,腹水
老年人骨关节炎,类风湿关节炎
老年人骨关节炎,膝内翻
老年人骨关节炎,眩晕
透明隔囊肿,头痛
透明隔囊肿,意识障碍
阴道鳞状上皮癌,血尿
阴道鳞状上皮癌,鳞状细胞癌
乙状结肠间疝,腹痛
老年人骨髓增生异常综合征,溶血性贫血
弗郎西丝菌肺炎,胸腔积液
老年人骨质疏松,骨质疏松
阴道前壁膨出,尿失禁
异源内分泌综合征,昏迷
异源内分泌综合征,闭经
异源内分泌综合征,腹胀
阴道嗜血杆菌性阴道炎,性交疼痛
阴道粒细胞肉瘤,绝经
老年人过敏性紫癜,肠套叠
老年人过敏性紫癜,腹痛
老年人过敏性紫癜,血尿
老年人过敏性紫癜,蛋白尿
阴道美丽筒线虫病,失眠
老年人呼吸衰竭,呼吸衰竭
老年人呼吸衰竭,昏迷
老年人呼吸衰竭,蛋白尿
阴道腺病,性交疼痛
老年人呼吸性酸中毒,心律失常
老年人呼吸性酸中毒,昏迷
老年人呼吸性酸中毒,呼吸性酸中毒
老年人呼吸性酸中毒,谵妄
老年人环咽肌功能障碍,吞咽困难
急性丙肝,头痛
急性丙肝,肝大
阴道斜隔,痛经
阴道斜隔,阴道横隔
老年人霍奇金淋巴瘤,腹部肿块
银屑病关节炎及其伴发的葡萄膜炎,角膜炎
银屑病关节炎及其伴发的葡萄膜炎,倒睫
银屑病关节炎及其伴发的葡萄膜炎,角膜溃疡
阴道血吸虫病,痛经
阴道血吸虫病,性交疼痛
隐斜,斜视
老年人急腹症,腹痛
老年人急腹症,腹膜炎
老年人急腹症,肌肉萎缩
老年人急腹症,低钠血症
阴道异物,尿瘘
阴道异物,性交疼痛
老年人急进性肾炎,咯血
老年人急进性肾炎,腹痛
老年人急进性肾炎,肾病综合征
老年人急进性肾炎,蛋白尿
老年人急性非淋巴细胞白血病,呼吸衰竭
老年人急性非淋巴细胞白血病,肾功能衰竭
老年人急性非淋巴细胞白血病,颅内出血
婴儿期短暂性低丙球蛋白血症,细菌感染
老年人急性感染后肾炎,蛋白尿
阴沟肠杆菌感染,脑膜炎
阴沟肠杆菌感染,腹水
阴沟肠杆菌感染,败血症
老年人急性呼吸窘迫综合征,昏迷
老年人急性呼吸窘迫综合征,咳嗽
婴儿青铜综合征,腹水
老年人急性阑尾炎,腹痛
老年人急性阑尾炎,腹膜炎
老年人急性阑尾炎,腹胀
小肠下垂,腹痛
阴茎离断伤,休克
阴茎扭转,尿道下裂
硬脑膜外脓肿,谵妄
小儿过敏性支气管炎,咳嗽
老年人急性肾功能衰竭,腹泻
老年人急性肾功能衰竭,上消化道出血
老年人急性肾功能衰竭,腹胀
硬肿症,心包积液
硬肿症,胸腔积液
阴茎前阴囊,尿道下裂
老年人急性胰腺炎,腹痛
老年人急性胰腺炎,腹膜炎
老年人急性胰腺炎,肺不张
老年人急性胰腺炎,腹水
阴茎头包皮炎,细菌感染
阴囊癌,湿疹
尤因肉瘤,截瘫
阴囊坏疽,休克
疣状癌,鳞状细胞癌
阴囊损伤,休克
老年人急性左心衰竭,低血压
阴囊炎性癌,湿疹
幼年型类风湿性关节炎,腹膜炎
幼年型类风湿性关节炎,败血症
幼年型类风湿性关节炎,骨膜炎
慢性病,血脂异常
原发性肺动脉高压,咯血
原发性肺动脉高压,心律失常
原发性肺动脉高压,晕厥
原发性肺动脉高压,心动过缓
银屑病关节炎性巩膜炎,淀粉样变性
老年人脊髓亚急性联合变性,痴呆
老年人甲减性心脏病,便秘
老年人甲减性心脏病,动脉粥样硬化
老年人甲减性心脏病,耳聋
老年人甲减性心脏病,痴呆
小细胞低色素性贫血,晕厥
原发性卵巢类癌综合征,腹泻
老年人甲亢性心脏病,腹痛
老年人甲亢性心脏病,骨质疏松
老年人甲状腺癌,吞咽困难
原发性下肢深静脉瓣膜关闭不全,静脉曲张
原发性下肢深静脉瓣膜关闭不全,湿疹
银屑病性关节炎,剥脱性皮炎
远端肾小管性酸中毒,便秘
远端肾小管性酸中毒,脱水
远端肾小管性酸中毒,肾结石
隐匿型乳腺癌,胸腔积液
隐匿型乳腺癌,乳头溢液
老年人甲状腺功能亢进危象,腹痛
老年人甲状腺功能亢进危象,腹泻
老年人甲状腺功能亢进危象,昏迷
隐匿型肾炎,血尿
隐匿型肾炎,蛋白尿
老年人甲状腺功能亢进症,便秘
老年人甲状腺功能亢进症,腹痛
老年人甲状腺功能亢进症,腹泻
老年人假膜性小肠结肠炎,休克
老年人假膜性小肠结肠炎,腹痛
老年人假膜性小肠结肠炎,腹泻
跗骨与周围关节结核,骨质疏松
老年人结肠憩室,便秘
老年人结肠憩室,腹痛
老年人结肠憩室,腹泻
老年人结肠憩室,便血
老年人结肠憩室,腹胀
婴儿肉毒中毒综合征,便秘
婴儿肉毒中毒综合征,吞咽困难
老年人结肠息肉,便秘
老年人结肠息肉,腹痛
老年人结肠息肉,结肠息肉
老年人结肠息肉,便血
老年人结肠息肉,腹胀
心脑血管疾病,意识障碍
心脑血管疾病,吞咽困难
老年人结核性脑膜炎,昏迷
老年人结核性脑膜炎,脑膜炎
老年人结核性脑膜炎,脑积水
婴儿黑矇性痴呆,痴呆
婴儿黑矇性痴呆,共济失调
老年人结节病,咯血
枕骨大孔脑膜瘤,脑积水
枕骨大孔脑膜瘤,肌肉萎缩
老年人颈性眩晕,耳鸣
老年人颈性眩晕,耳聋
老年人酒精性肝病,腹痛
老年人酒精性肝病,腹水
老年人酒精性肝病,蜘蛛痣
老年人酒精性心脏病,末梢神经炎
疱疹性咽颊炎,疱疹
疱疹性咽颊炎,咳嗽
脂蛋白肾小球病,血尿
脂蛋白肾小球病,肾功能衰竭
脂蛋白肾小球病,蛋白尿
老年人巨幼细胞性贫血,便秘
老年人巨幼细胞性贫血,腹泻
老年人巨幼细胞性贫血,腹胀
老年人扩张型心肌病,肺栓塞
老年人扩张型心肌病,猝死
老年人类风湿性关节炎,骨质疏松
婴幼儿胃食管反流,口腔溃疡
直肠膨出,便血
直肠子宫内膜异位症,腹痛
直肠子宫内膜异位症,腹泻
直肠子宫内膜异位症,痛经
直肠子宫内膜异位症,便血
老年人颅内压增高,脑膜炎
老年人颅内压增高,角膜炎
老年人颅内压增高,共济失调
婴幼儿型内斜视,眼球震颤
植物神经系统肿瘤,腹痛
植物神经系统肿瘤,斜视
植物神经系统肿瘤,共济失调
老年人慢性疾病性贫血,休克
老年人慢性疾病性贫血,低血糖症
老年人慢性疾病性贫血,肾功能衰竭
鹦鹉热,鼻出血
致命性中线肉芽肿,鼻出血
鹦鹉热衣原体肺炎,蛋白尿
老年人慢性肾功能衰竭,代谢性酸中毒
老年人慢性肾功能衰竭,鼻出血
老年人慢性肾功能衰竭,便血
老年人慢性肾功能衰竭,痴呆
老年人慢性肾盂肾炎,尿失禁
老年人慢性肾盂肾炎,血尿
老年人慢性肾盂肾炎,慢性肾功能不全
老年人慢性肾盂肾炎,蛋白尿
营养不良,腹泻
老年人慢性胃炎,上消化道出血
老年人慢性胃炎,舌炎
营养代谢疾病伴发的精神障碍,腹泻
营养代谢疾病伴发的精神障碍,昏迷
营养代谢疾病伴发的精神障碍,剥脱性皮炎
营养代谢疾病伴发的精神障碍,舌炎
智能障碍,痴呆
智能障碍,孤独症
老年人慢性支气管炎,慢性咳嗽
中老年男子部分性雄激素缺乏综合征,性欲减退
硬化萎缩苔藓,便秘
老年人梅毒性心脏病,心绞痛
老年人泌尿系结石,膀胱结石
老年人泌尿系结石,腹胀
食管间质瘤,吞咽困难
肿瘤性心包炎,心包积液
肿瘤性心包炎,心包炎
老年人泌尿系统感染,尿失禁
周期性动眼神经麻痹,上睑下垂
老年人免疫性血小板减少性紫癜,鼻出血
老年人免疫性血小板减少性紫癜,颅内出血
硬脊膜外脓肿,脓肿
硬脊膜外脓肿,截瘫
硬脊膜外脓肿,败血症
老年人脑出血,痴呆
老年人脑出血,呃逆
肘关节强直与纤维性僵硬,肘管综合征
硬脊膜下脓肿,脓肿
硬脑膜动静脉畸形,脑积水
硬脑膜动静脉畸形,耳鸣
硬脑膜动静脉畸形,颅内出血
肘外翻畸形,拇外翻
老年人脑栓塞,咯血
老年人脑栓塞,心绞痛
老年人脑栓塞,意识障碍
老年人脑心综合征,心动过缓
老年人脑心综合征,猝死
硬脑膜下脓肿,昏迷
硬脑膜下脓肿,脑膜炎
老年人脑血栓形成,昏迷
老年人脑血栓形成,耳聋
老年人脑血栓形成,共济失调
病理性骨折,休克
硬皮症伴发的精神障碍,意识障碍
硬皮症伴发的精神障碍,肌肉萎缩
硬皮症伴发的精神障碍,延髓性麻痹
滋养细胞肿瘤,先兆流产
腹部肿瘤,腹部肿块
热带性肺嗜酸性粒细胞浸润症,腹泻
油漆皮炎,便秘
油漆皮炎,疱疹
疱疹性口腔炎,头痛
一氧化碳中毒后迟发性脑病,一氧化碳中毒
一氧化碳中毒后迟发性脑病,昏迷
一氧化碳中毒后迟发性脑病,耳鸣
一氧化碳中毒后迟发性脑病,眩晕
克-雅氏病性痴呆,昏迷
克-雅氏病性痴呆,痴呆
克-雅氏病性痴呆,共济失调
老年人尿崩症,视神经萎缩
老年人尿崩症,耳聋
腹茧症,腹痛
腹茧症,腹膜炎
老年人尿毒症性肺炎,咯血
老年人尿毒症性肺炎,肾功能衰竭
腹裂,脱水
腹裂,败血症
腹裂,硬肿症
母乳性腹泻,腹泻
腹胀,便秘
游走脾,休克
游走脾,便秘
游走脾,腹痛
游走脾,腹部肿块
老年人尿失禁,便秘
老年人尿失禁,尿失禁
老年人尿失禁,前列腺增生
老年人尿失禁,咳嗽
老年人尿失禁,痴呆
游走性结节性脂膜炎,失眠
老年人帕金森病,精神障碍
老年人帕金森病,痴呆
老年人期前收缩,心绞痛
肝海绵状血管瘤,吞咽困难
哨兵痔,便血
老年人前列腺癌,尿失禁
老年人前列腺癌,截瘫
老年人前列腺增生症,膀胱结石
病毒性感冒,咳嗽
右心房与下腔静脉平滑肌瘤,胸腔积液
右心房与下腔静脉平滑肌瘤,腹痛
右心房与下腔静脉平滑肌瘤,晕厥
右心房与下腔静脉平滑肌瘤,腹水
右心房与下腔静脉平滑肌瘤,猝死
老年人腔隙性脑梗死,动脉粥样硬化
老年人腔隙性脑梗死,痴呆
肺癌转移,头痛
幼淋巴细胞白血病,胸腔积液
幼淋巴细胞白血病,口腔溃疡
幼淋巴细胞白血病,腹水
老年人缺铁性贫血,缺铁性贫血
老年人缺血性结肠炎,休克
老年人缺血性结肠炎,腹痛
老年人缺血性结肠炎,腹膜炎
老年人缺血性结肠炎,腹泻
老年人缺血性结肠炎,急腹症
老年人缺血性结肠炎,便血
膈上食管憩室,吞咽困难
老年人缺血性心肌病,心律失常
老年人缺血性心肌病,眩晕
新生儿呕血和便血,休克
新生儿呕血和便血,上消化道出血
新生儿呕血和便血,便血
老年人溶血性贫血,溶血性贫血
幼年息肉,结肠息肉
幼年息肉,便血
老年人乳头肌功能不全和断裂,心绞痛
老年人乳头肌功能不全和断裂,心肌梗死
老年人乳腺癌,胸腔积液
老年人乳腺癌,腹痛
老年人乳腺癌,乳房肿块
肠道肿瘤,便秘
肠道肿瘤,便血
幼年型慢性关节炎及其伴发的葡萄膜炎,腹痛
幼年型慢性关节炎及其伴发的葡萄膜炎,骨质疏松
幼年型慢性关节炎及其伴发的葡萄膜炎,心包炎
老年人上腔静脉受压综合征,胸腔积液
多发性内分泌腺瘤Ⅱ型,腹泻
多发性内分泌腺瘤Ⅱ型,甲状旁腺功能亢进
幼年型慢性粒细胞白血病,腹痛
腓总神经损伤,烫伤
老年人上消化道出血,上消化道出血
老年人上消化道出血,便血
前庭大腺脓肿,脓肿
幼年型疱疹样皮炎,腹泻
幼年型疱疹样皮炎,疱疹
结节性硬化症,精神障碍
老年人神经梅毒,痴呆
幼年型皮肌炎,腹痛
幼年性黄色肉芽肿,眼球突出
老年人肾癌,血尿
溃疡性直肠炎,便秘
溃疡性直肠炎,腹痛
溃疡性直肠炎,便血
遗传性痉挛性截瘫,尿失禁
遗传性痉挛性截瘫,耳聋
遗传性痉挛性截瘫,痴呆
遗传性痉挛性截瘫,共济失调
淤滞性皮下硬化症,静脉曲张
老年人肾病综合征,心包积液
老年人肾病综合征,血尿
老年人肾病综合征,类风湿关节炎
老年人肾病综合征,蛋白尿
松果体细胞瘤,耳鸣
松果体细胞瘤,共济失调
淤滞性紫癜,湿疹
结节病性心肌病,晕厥
结节病性心肌病,心力衰竭
老年人食管癌,吞咽困难
原发气管支气管肿瘤,咯血
原发气管支气管肿瘤,肺不张
老年人食管裂孔疝,吞咽困难
老年人食管裂孔疝,冠状动脉供血不足
老年人食管裂孔疝,呃逆
老年人食管裂孔疝,慢性咳嗽
Ⅰ型免疫母细胞性淋巴腺病,溶血性贫血
原发性鼻腔淋巴瘤,鼻出血
老年人室性期前收缩,心绞痛
老年人室性期前收缩,心律失常
老年人室性期前收缩,晕厥
老年人室性期前收缩,低血压
白毛舌,口臭
进行性肥厚性间质性神经炎,眼球震颤
进行性肥厚性间质性神经炎,肌肉萎缩
原发性肠系膜肿瘤,肠套叠
原发性肠系膜肿瘤,腹痛
原发性肠系膜肿瘤,腹部肿块
原发性肠系膜肿瘤,腹水
老年人室性心动过速,心肌梗死
老年人室性心动过速,心律失常
老年人室性心动过速,猝死
焦磷酸钙沉积病,骨质疏松
焦磷酸钙沉积病,类风湿关节炎
焦磷酸钙沉积病,腕管综合征
老年人嗜铬细胞瘤危象,低血压
老年人嗜铬细胞瘤危象,急腹症
老年人嗜铬细胞瘤危象,猝死
肺癌肝转移,肝大
老年人睡眠呼吸暂停综合征,性欲减退
原发性单克隆球蛋白病肾损害,肾病综合征
原发性单克隆球蛋白病肾损害,蛋白尿
颅内脂肪瘤,精神障碍
颅内脂肪瘤,耳鸣
颅内脂肪瘤,痴呆
颅内脂肪瘤,眩晕
颅内脂肪瘤,共济失调
原发性腹膜癌,腹痛
原发性腹膜癌,腹部肿块
原发性腹膜癌,腹水
神经节苷脂沉积病,视神经萎缩
神经节苷脂沉积病,痴呆
老年人糖尿病,糖尿病酮症酸中毒
原发性高血压,神经性头痛
原发性高血压,耳鸣
原发性高血压,眩晕
散发性脑炎伴发的精神障碍,昏迷
散发性脑炎伴发的精神障碍,共济失调
泛细支气管炎,咳嗽
原发性高脂蛋白血症与黄瘤增生病,腹痛
原发性高脂蛋白血症与黄瘤增生病,动脉粥样硬化
原发性高脂蛋白血症与黄瘤增生病,血脂异常
老年人糖尿病乳酸性中毒,休克
老年人糖尿病乳酸性中毒,昏迷
原发性骨髓纤维化,腹痛
原发性骨髓纤维化,昏迷
原发性骨髓纤维化,意识障碍
原发性骨髓纤维化,截瘫
原发性骨髓纤维化,蛋白尿
原发性骨髓纤维化,腹水
老年人糖尿病肾病,便秘
老年人糖尿病肾病,鼻出血
老年人糖尿病肾病,便血
原发性混合型冷球蛋白血症性血管炎,腹痛
原发性混合型冷球蛋白血症性血管炎,腹泻
原发性混合型冷球蛋白血症性血管炎,上消化道出血
原发性混合型冷球蛋白血症性血管炎,蛋白尿
肝肾综合征,腹水
肝肾综合征,肝肾综合征
老年人糖尿病酮症酸中毒,腹痛
老年人糖尿病酮症酸中毒,昏迷
老年人糖尿病酮症酸中毒,急腹症
老年人糖尿病性心脏病,尿失禁
老年人糖尿病性心脏病,昏迷
老年人糖尿病性心脏病,低血压
老年人糖尿病性心脏病,猝死
老年人糖尿病周围神经病,细菌感染
原发性巨球蛋白血症,昏迷
原发性巨球蛋白血症,淀粉样变性
原发性巨球蛋白血症,心力衰竭
原发性巨球蛋白血症肾损害,心律失常
原发性巨球蛋白血症肾损害,肾病综合征
原发性巨球蛋白血症肾损害,血尿
原发性巨球蛋白血症肾损害,肾功能衰竭
原发性巨球蛋白血症肾损害,蛋白尿
原发性巨球蛋白血症肾损害,眩晕
原发性巨球蛋白血症肾损害,心力衰竭
原发性卵巢绒癌,腹痛
原发性卵巢绒癌,腹部肿块
原发性卵巢绒癌,腹水
原发性慢性闭角型青光眼,视神经萎缩
老年人特发性肺纤维化,呼吸衰竭
老年人痛风,蛋白尿
老年人痛风,动脉粥样硬化
发热伴血小板减少综合征,休克
发热伴血小板减少综合征,腹泻
发热伴血小板减少综合征,头痛
原发性脾淋巴瘤,胸腔积液
原发性脾淋巴瘤,腹部肿块
原发性青少年型青光眼,斜视
急性化脓性腹膜炎,腹痛
老年人脱水,昏迷
老年人脱水,脱水
老年人脱水,低钠血症
老年人脱水,低血压
原发性乳腺淋巴瘤,乳房肿块
急性腹泻,休克
急性腹泻,腹痛
急性腹泻,腹泻
乳腺结节,乳房疼痛
老年人胃癌,腹痛
老年人胃癌,腹水
原发性肾上腺皮质功能减退症,休克
原发性肾上腺皮质功能减退症,便秘
原发性肾上腺皮质功能减退症,腹痛
原发性肾上腺皮质功能减退症,低血压
原发性肾上腺皮质功能减退症,眩晕
胫腓下联合前部分离,撕脱骨折
老年人胃食管反流病,上消化道出血
老年人胃食管反流病,吞咽困难
老年人胃食管反流病,咽喉炎
原发性渗出性淋巴瘤,心包积液
原发性渗出性淋巴瘤,胸腔积液
原发性渗出性淋巴瘤,腹水
肾盂旁囊肿,血尿
髋关节前脱位,休克
原发性十二指肠恶性淋巴瘤,腹痛
原发性十二指肠恶性淋巴瘤,腹部肿块
缺水和缺钠,昏迷
缺水和缺钠,腹胀
老年人无症状性心肌缺血,心绞痛
老年人无症状性心肌缺血,心肌梗死
老年人无症状性心肌缺血,心律失常
老年人无症状性心肌缺血,猝死
原发性食管恶性黑色素瘤,吞咽困难
老年人吸入性肺炎,腹泻
老年人吸入性肺炎,低血压
老年人吸入性肺炎,肺不张
老年人吸入性肺炎,腹胀
原发性食管恶性淋巴瘤,吞咽困难
中东呼吸综合征,腹泻
中东呼吸综合征,咳嗽
老年人细菌性脑膜炎,昏迷
老年人细菌性脑膜炎,脑膜炎
老年人细菌性脑膜炎,败血症
原发性痛经,腹痛
原发性痛经,腹泻
原发性痛经,痛经
原发性痛经,继发性痛经
老年人夏伊-德雷格综合征,便秘
老年人夏伊-德雷格综合征,腹痛
老年人夏伊-德雷格综合征,腹泻
老年人夏伊-德雷格综合征,肌肉萎缩
老年人夏伊-德雷格综合征,低血压
老年人夏伊-德雷格综合征,共济失调
泛细支气管炎-测试,咳嗽
原发性系统性淀粉样变,蛋白尿
原发性系统性淀粉样变,甲营养不良
原发性系统性淀粉样变,便血
老年人先天性心血管疾病,咯血
老年人先天性心血管疾病,三尖瓣狭窄
原发性纤维蛋白溶解症,咯血
原发性纤维蛋白溶解症,血尿
原发性纤维蛋白溶解症,鼻出血
原发性纤维蛋白溶解症,颅内出血
原发性纤维蛋白溶解症,便血
乳腺结节-测试,乳房疼痛
锁骨下动脉盗血综合征,意识障碍
锁骨下动脉盗血综合征,吞咽困难
锁骨下动脉盗血综合征,动脉粥样硬化
锁骨下动脉盗血综合征,眩晕
老年人消化性溃疡,腹痛
老年人消化性溃疡,败血症
老年人消化性溃疡,腹胀
原发性限局性皮肤淀粉样变,色素斑
老年人心房扑动,休克
老年人心房扑动,心绞痛
老年人心房扑动,低血压
老年人心房纤颤,咯血
老年人心房纤颤,心动过缓
原发性小肠溃疡,腹痛
原发性小肠溃疡,消化性溃疡
原发性小肠溃疡,腹胀
咽部及颈部食管闭合性损伤,气胸
咽部及颈部食管闭合性损伤,吞咽困难
原发性小肠淋巴管扩张症,腹泻
原发性小肠淋巴管扩张症,吸收不良综合征
老年人心肌梗死,心绞痛
老年人心肌梗死,腹胀
疖与疖病,败血症
原发性心脏淋巴瘤,心肌梗死
原发性心脏淋巴瘤,心律失常
原发性心脏淋巴瘤,心力衰竭
原发性婴幼儿型青光眼,角膜炎
老年人心内膜炎,昏迷
老年人心内膜炎,脑膜炎
老年人心内膜炎,心力衰竭
软化斑,上消化道出血
软化斑,肾功能衰竭
远视,偏头痛
远视,斜视
老年人心脑综合征,心肌梗死
老年人心脑综合征,心律失常
老年人心脑综合征,昏迷
老年人心脑综合征,意识障碍
老年人心脑综合征,晕厥
老年人心脑综合征,谵妄
老年人心脑综合征,心力衰竭
月经性哮喘,月经量少
眼眶神经鞘瘤,眼球突出
月经疹,痛经
月经疹,疱疹
月经疹,月经量少
月经疹,多形红斑样皮疹
月经疹,失眠
胎儿窘迫,妊高征
老年人心脏传导阻滞,低血压
老年人心脏传导阻滞,猝死
老年人心脏猝死,心肌梗死
老年人心脏猝死,心律失常
老年人心脏猝死,猝死
甲流,呼吸衰竭
甲流,急性呼吸窘迫综合征
甲流,休克
甲流,胸腔积液
甲流,腹泻
甲流,败血症
早期乳腺癌,乳房肿块
早期乳腺癌,乳头溢液
老年人心脏淀粉样变性,吞咽困难
老年人心脏淀粉样变性,肌肉萎缩
老年人心脏淀粉样变性,淀粉样变性
老年人胸腔积液与胸膜炎,胸腔积液
老年人胸腔积液与胸膜炎,心力衰竭
造影剂肾病,休克
眶骨膜下脓肿,上睑下垂
眶骨膜下脓肿,眼球突出
眶骨膜下脓肿,脓肿
噪声病,耳鸣
老年人血管性痴呆,痴呆
老年人血管性痴呆,谵妄
绿脓假单胞菌属感染,脓肿
老年人血栓性疾病,心绞痛
老年人血栓性疾病,心肌梗死
老年人血栓性疾病,意识障碍
眼眶静脉性血管瘤,视神经萎缩
眼眶静脉性血管瘤,静脉曲张
老年人炎症性肠病,便秘
老年人炎症性肠病,腹痛
老年人炎症性肠病,腹泻
老年人炎症性肠病,脓肿
老年人炎症性肠病,便血
眼球震颤阻滞综合征,眼球震颤
老年人厌氧菌性肺炎,腹痛
老年人厌氧菌性肺炎,慢性咳嗽
眼科重症肌无力,上睑下垂
惊恐症,晕厥
间接型颈动脉海绵窦瘘,颅内出血
增殖性皮炎,口炎
谵妄,昏迷
蝎螫伤,吞咽困难
老年人胰腺癌,上消化道出血
老年人胰腺癌,消化不良
洋葱假单胞菌肺炎,菌血症
洋葱假单胞菌肺炎,细菌感染
老年人异位抗利尿素分泌综合征,昏迷
老年人异位抗利尿素分泌综合征,低钠血症
柯萨奇病毒疹,胸腔积液
柯萨奇病毒疹,腹泻
柯萨奇病毒疹,疱疹
掌指骨结核,脓肿
口蹄疫,腹泻
口蹄疫,疱疹
口蹄疫,低血压
口蹄疫,眩晕
老年人预激综合征,心绞痛
老年人预激综合征,心律失常
老年人预激综合征,低血压
老年人预激综合征,猝死
老年人预激综合征,心力衰竭
老年人原发性肝癌,消化不良
恙虫病性肺炎,呼吸衰竭
恙虫病性肺炎,心包积液
恙虫病性肺炎,胸腔积液
老年人原发性高血压引起的良性小动脉肾硬化,蛋白尿
老年人原发性高血压引起的良性小动脉肾硬化,心力衰竭
真菌性食管炎,吞咽困难
真菌性食管炎,口炎
甲沟炎和甲下脓肿,脓肿
老年人原发性骨髓纤维化,肾结石
枕骨下硬结性毛囊炎,脓肿
神经白塞病,意识障碍
甲状腺功能减退性心肌病,心动过缓
老年人原发性血小板增多症,鼻出血
老年人原发性血小板增多症,急腹症
老年人院内获得性肺炎,肺不张
正常颅压脑积水,脑积水
正常颅压脑积水,共济失调
老年人运动神经元病,肌肉萎缩
老年人运动神经元病,痴呆
老年人再生障碍性贫血,血尿
老年人再生障碍性贫血,颅内出血
老年人再生障碍性贫血,蛋白尿
老年人再生障碍性贫血,败血症
支气管肺隔离症,咯血
成人类风湿性关节炎性巩膜炎,上睑下垂
成人类风湿性关节炎性巩膜炎,眼球突出
老年人真性红细胞增多症,心绞痛
大脑大静脉瘤,心力衰竭
老年人阵发性室上性心动过速,休克
老年人阵发性室上性心动过速,心绞痛
老年人阵发性室上性心动过速,晕厥
老年人正常压力脑积水,尿失禁
老年人正常压力脑积水,脑积水
老年人正常压力脑积水,精神障碍
老年人正常压力脑积水,痴呆
老年人正常压力脑积水,智能障碍
肢端肥大症,内分泌功能亢进
肢端肥大症性心肌病,头痛
老年人支气管扩张,咯血
白蛉热,结膜充血
肢端纤维角化瘤,疥疮
放射性脊髓病,截瘫
放射性脊髓病,肌肉萎缩
脂肪营养不良,腹痛
脂肪营养不良,蛋白尿
脂肪营养不良,巨舌
老年人脂肪肝,鼻出血
老年人脂肪肝,消化不良
脂性渐进性坏死,硬斑
老年人终末期肺炎,呼吸衰竭
老年人终末期肺炎,肾功能衰竭
老年人终末期肺炎,脱水
肺真菌病,咯血
肺真菌病,脓肿
肺真菌病,咳嗽
蜘蛛痣,肝大
老年人重症肌无力,重症肌无力
老年人重症肌无力,上睑下垂
老年人重症肌无力,吞咽困难
铬及其化合物引起的皮肤病,鼻中隔穿孔
铬及其化合物引起的皮肤病,湿疹
直接型颈动脉海绵窦瘘,眼球突出
直接型颈动脉海绵窦瘘,鼻出血
直接型颈动脉海绵窦瘘,结膜充血
老年人蛛网膜下腔出血,昏迷
老年人蛛网膜下腔出血,意识障碍
老年人蛛网膜下腔出血,眩晕
感染性血小板减少性紫癜,血小板减少性紫癜
老年人主动脉夹层分离,便血
老年人主动脉夹层分离,心力衰竭
过敏性血管炎,咯血
过敏性血管炎,腹痛
老年人主动脉瘤,咯血
老年人主动脉瘤,吞咽困难
老年人主动脉瘤,腹部肿块
过敏性急性小管间质性肾炎,血尿
过敏性急性小管间质性肾炎,蛋白尿
老年人椎基底动脉供血不足,共济失调
共济失调,眩晕
老年人自发性气胸,意识障碍
呼吸道合胞病毒感染,呼吸衰竭
呼吸道合胞病毒感染,胸腔积液
呼吸道合胞病毒感染,肺不张
呼吸道合胞病毒感染,共济失调
跖管综合征,肌肉萎缩
老年褥疮,体温过低
老年褥疮,痴呆
老年收缩期高血压,心律失常
老年收缩期高血压,眩晕
老年收缩期高血压,心力衰竭
Leber遗传性视神经病变,偏头痛
Leber遗传性视神经病变,眼球震颤
Leber遗传性视神经病变,耳聋
老年心肌病,心律失常
老年心肌病,晕厥
老年心肌病,心力衰竭
致肠细胞病变人孤儿病毒感染,疱疹
硫化血红蛋白血症,便秘
硫化血红蛋白血症,腹痛
硫化血红蛋白血症,腹泻
硫化血红蛋白血症,溶血性贫血
致密性骨发育障碍,脊柱侧弯
老年性癫痫,意识障碍
流行性甲型脑炎,昏迷
流行性甲型脑炎,吞咽困难
致心律失常性右室心肌病,心律失常
致心律失常性右室心肌病,晕厥
致心律失常性右室心肌病,猝死
老年性慢性硬膜下血肿,昏迷
老年性慢性硬膜下血肿,意识障碍
老年性慢性硬膜下血肿,低颅压综合征
老年性慢性硬膜下血肿,痴呆
痔,便秘
痔,静脉曲张
痔,便血
老年性皮肤萎缩,雀斑
青春发育延迟及性幼稚,低血压
青春发育延迟及性幼稚,性早熟
青春发育延迟及性幼稚,新生儿低体温
老年性外阴萎缩,肛裂
中毒性高铁血红蛋白血症,意识障碍
气管闭合性损伤,咯血
乳头的乳头状瘤,吞咽困难
中青年脑梗死,吞咽困难
中青年脑梗死,共济失调
中枢神经系统白血病,颅内出血
小儿颅后窝室管膜瘤,眼球震颤
小儿颅后窝室管膜瘤,共济失调
中枢神经系统肉芽肿性血管炎,昏迷
中枢神经系统肉芽肿性血管炎,意识障碍
中枢神经系统肉芽肿性血管炎,截瘫
中枢神经细胞瘤,脑积水
硒及其化合物引起的皮肤病,脱发
中性粒细胞增多症,心肌梗死
中性粒细胞增多症,心肌缺血
中央晕轮状脉络膜萎缩,视神经萎缩
老年性心瓣膜病,心肌梗死
老年性心瓣膜病,脓肿
中叶综合征,咯血
老年休克,休克
老年休克,昏迷
老年休克,意识障碍
种痘并发症,疱疹
新生儿化脓性脑膜炎,休克
新生儿化脓性脑膜炎,斜视
重链病,胸腔积液
重链病,肾功能衰竭
新生儿水肿,便秘
乙脑伴发的精神障碍,呼吸衰竭
乙脑伴发的精神障碍,腹痛
乙脑伴发的精神障碍,腹泻
乙脑伴发的精神障碍,昏迷
重症联合免疫缺陷,疱疹
延迟性应激反应,失眠
煤炭工尘肺,咯血
煤炭工尘肺,肺纤维化
泪囊肿瘤,泪道阻塞
穿凿脓肿性头部毛囊炎及毛囊周围炎,脓肿
泪腺多形性腺癌,眼球突出
肘内翻畸形,拇外翻
窦性心动过缓,晕厥
窦性心动过缓,心动过缓
泪腺多形性腺瘤,上睑下垂
泪腺多形性腺瘤,眼球突出
珠蛋白生成障碍性贫血视网膜病变,视网膜动脉阻塞
单眼双上转肌麻痹,上睑下垂
泪腺炎,上睑下垂
泪腺炎,眼球突出
泪腺炎,脓肿
猪带绦虫病,腹痛
猪带绦虫病,腹泻
猪带绦虫病,消化不良
伏格特-小柳-原田综合征,视网膜脱离
伏格特-小柳-原田综合征,色素斑
主动脉弓综合征视网膜病变,晕厥
主动脉弓综合征视网膜病变,眩晕
类丹毒,丹毒
类丹毒,败血症
类肺炎性胸腔积液,胸腔积液
类肺炎性胸腔积液,脓肿
类固醇肌病,重症肌无力
类固醇肌病,蛋白尿
类圆线虫病,便秘
类圆线虫病,腹痛
类圆线虫病,腹泻
类圆线虫病,匐行疹
类圆线虫病,败血症
类圆线虫病,腹胀
肺动脉发育不全,咯血
肺动脉发育不全,吞咽困难
类脂性肺炎,呼吸性碱中毒
类脂性肺炎,肺纤维化
冠状动脉粥样硬化性心脏病,猝死
转移性小肠肿瘤,腹胀
类脂质蛋白沉积症,吞咽困难
类脂质蛋白沉积症,脱发
间歇依赖型尖端扭转型室性心动过速,晕厥
椎动脉型颈椎病,眩晕
冷抗体型自身免疫性溶血性贫血,蛋白尿
急性高原病,耳鸣
急性高原病,腹胀
冷球蛋白血症,腹痛
椎管内转移性肿瘤,棘突压痛
冷球蛋白血症肾损害,肾病综合征
冷球蛋白血症肾损害,血尿
冷球蛋白血症肾损害,肾功能衰竭
晚期产后出血,胎膜早破
椎间盘钙化症,棘突压痛
完全性房室传导阻滞,心动过缓
完全性房室传导阻滞,猝死
理发师皮炎,细菌感染
理发师皮炎,多形红斑样皮疹
新生儿暂时性脓疱性黑变病,疱疹
锂肾病,昏迷
锂肾病,意识障碍
锂肾病,蛋白尿
锂肾病,共济失调
椎体爆裂骨折,瘫痪
血管免疫母细胞性淋巴结病,贫血
血栓形成,静脉曲张
血栓形成,咳嗽
血栓形成,动脉粥样硬化
着色性干皮病,雀斑
着色性干皮病,色素斑
心室肌致密化不全,心力衰竭
着色芽生菌病,脑膜炎
子宫恶性中胚叶混合瘤,腹痛
利德尔综合征,代谢性碱中毒
利德尔综合征,瘫痪
先天性短结肠,便秘
先天性短结肠,腹胀
镰刀菌病,腹泻
镰刀菌病,角膜溃疡
血管脂肪瘤,脂肪瘤
子宫颈肉瘤,腹痛
子宫内翻,休克
子宫内翻,腹痛
亚急性坏死性脊髓炎,坐骨神经痛
镰状细胞性肾病,肾病综合征
镰状细胞性肾病,溶血性贫血
镰状细胞性肾病,蛋白尿
坐骨疝,坐骨神经痛
良性淋巴细胞血管炎和肉芽肿病,咯血
左心房心律,晕厥
左心房心律,低血压
子宫内膜结核,腹痛
注意缺陷障碍,品行障碍
裂沟舌,烟酸缺乏
子宫内膜异位,痛经
子宫内膜异位,性交疼痛
裂谷热,视网膜脱离
暴发性肝衰竭,呃逆
裂头绦虫病,便秘
裂头绦虫病,腹泻
闭合性脊髓损伤,尿失禁
闭合性脊髓损伤,肌肉萎缩
子宫平滑肌肉瘤,腹部肿块
避孕后闭经综合征,闭经
淋巴瘤样肉芽肿,昏迷
淋巴瘤样肉芽肿,共济失调
猝死型冠心病,心律失常
淋巴瘤引起的肾损害,血尿
淋巴细胞性脉络丛脑膜炎,腹泻
淋巴细胞性脉络丛脑膜炎,脑膜炎
淋巴细胞性脉络丛脑膜炎,谵妄
自发性脑室内出血,共济失调
肠系膜动脉瘤,腹痛
肠系膜动脉瘤,腹泻
肠系膜动脉瘤,急腹症
肠系膜动脉瘤,便血
淋球菌性腹膜炎,腹痛
淋球菌性腹膜炎,腹膜炎
肠子宫内膜异位,便秘
肠子宫内膜异位,腹痛
肠子宫内膜异位,腹泻
肠子宫内膜异位,痛经
肠子宫内膜异位,便血
淋球菌性结膜炎,结膜充血
自然流产,腹痛
自然流产,先兆流产
自然流产,完全流产
磷脂酰胆碱-胆固醇酰基转移酶缺乏,动脉粥样硬化
自身红细胞过敏性紫癜,腹痛
自身红细胞过敏性紫癜,紫癜
流感嗜血杆菌肺炎,胸腔积液
肠道息肉病,肠易激综合征
肠道息肉病,腹痛
肠道息肉病,结肠息肉
肠道息肉病,便血
自身免疫性甲状腺疾病相关肾病,蛋白尿
流感嗜血杆菌感染,菌血症
流感嗜血杆菌感染,脑膜炎
流感嗜血杆菌感染,乳突炎
流感嗜血杆菌感染,脓肿
流感嗜血杆菌感染,会厌炎
流感嗜血杆菌感染,脓胸
肠系膜脂肪炎,便秘
肠系膜脂肪炎,腹痛
肠系膜脂肪炎,腹膜炎
自身免疫性胰腺炎,腹痛
胆总管结石,腹痛
胆总管结石,肝内胆管结石
胆总管结石,胆总管结石
流感嗜血杆菌脑膜炎,昏迷
流感嗜血杆菌脑膜炎,脑脓肿
流感嗜血杆菌脑膜炎,脑膜炎
流感嗜血杆菌脑膜炎,脑积水
流感嗜血杆菌脑膜炎,耳聋
流感嗜血杆菌脑膜炎,共济失调
大肠腺瘤,肠套叠
大肠腺瘤,腹痛
大肠腺瘤,腹泻
大肠腺瘤,便血
自身免疫性孕酮性皮炎,疱疹
自身免疫性孕酮性皮炎,多形红斑样皮疹
自体敏感性湿疹,疱疹
胆汁性腹膜炎,腹痛
胆汁性腹膜炎,腹膜炎
龙线虫病,脓肿
龙线虫病,截瘫
毒瘾,便秘
毒瘾,昏迷
毒瘾,低血压
毒瘾,信息成瘾
纵隔非霍奇金淋巴瘤,胸腔积液
骶骼筋膜脂肪疝,坐骨神经痛
颅骨骨膜窦,颅骨骨折
纵隔副神经节起源的肿瘤,低血压
α-贮存池病,鼻出血
纵隔畸胎瘤,胸腔积液
颅骨裂和有关畸形,骨裂
颅后窝室管膜瘤,眼球震颤
颅后窝室管膜瘤,共济失调
纵隔间叶源性肿瘤及其他肿瘤,胸腔积液
纵隔间叶源性肿瘤及其他肿瘤,吞咽困难
颅后窝血肿,昏迷
颅后窝血肿,意识障碍
颅后窝血肿,脑疝
颅后窝血肿,头皮血肿
颅后窝血肿,共济失调
纵隔囊肿,吞咽困难
肝错构瘤,便秘
肝错构瘤,静脉曲张
肝错构瘤,腹部肿块
颅内黑色素瘤,意识障碍
颅内黑色素瘤,脑膜炎
颅内黑色素瘤,脑积水
纵隔疝,纵隔囊肿
肛管癌,大便失禁
颅内畸胎瘤,脑积水
颅内畸胎瘤,耳聋
颅内畸胎瘤,共济失调
化脓性甲沟炎,甲周炎
纵隔神经鞘源性肿瘤,吞咽困难
颅内脊索瘤,视神经萎缩
颅内脊索瘤,闭经
纵隔肿瘤,吞咽困难
蛔虫性肠梗阻,蛔虫性肠梗阻
足穿通性损害,多汗症
霍奇金病,腹痛
霍奇金病,疱疹
颅内静脉血栓形成,低钠血症
颅内静脉血栓形成,败血症
颅内生殖细胞瘤,脑积水
颅内生殖细胞瘤,耳鸣
急性胆源性胰腺炎,休克
急性胆源性胰腺炎,腹痛
颅内肿瘤,意识障碍
颅内肿瘤,脑积水
左后分支传导阻滞,晕厥
克拉伯病,视神经萎缩
克拉伯病,多汗症
克拉伯病,痴呆
颅内肿瘤伴发的精神障碍,昏迷
颅内肿瘤伴发的精神障碍,意识障碍
颅内肿瘤伴发的精神障碍,痴呆
溃疡病出血,休克
溃疡病出血,低血压
溃疡病出血,眩晕
颅内肿瘤性出血,颅内出血
巴德-吉亚利综合征,腹痛
巴德-吉亚利综合征,蛋白尿
巴德-吉亚利综合征,腹水
铝骨病,痴呆
绿猴病,腹泻
绿猴病,昏迷
绿猴病,肾功能衰竭
氯气中毒,休克
氯气中毒,昏迷
卵巢成熟畸胎瘤,腹痛
卵巢成熟畸胎瘤,流产
卵巢成熟畸胎瘤,腹胀
卵巢成熟畸胎瘤,子宫内膜异位
左束支传导阻滞,心绞痛
卵巢恶性腹膜间皮瘤,腹痛
卵巢恶性腹膜间皮瘤,低血糖症
卵巢恶性腹膜间皮瘤,腹水
老年甲状腺功能减退症,痴呆
卵巢恶性中胚叶混合瘤,腹痛
卵巢恶性中胚叶混合瘤,腹水
卵巢功能缺如综合征,绝经
左心室恶性施万瘤,休克
左心室恶性施万瘤,心律失常
左心室恶性施万瘤,晕厥
左心室恶性施万瘤,心力衰竭
卵巢功能异常综合征,便秘
狼疮肾炎,偏头痛
狼疮肾炎,肌肉萎缩
卵巢宫内膜样肿瘤,腹痛
卵巢宫内膜样肿瘤,腹水
卵巢宫内膜样肿瘤,绝经
卵巢冠囊肿,腹痛
卵巢冠囊肿,卵巢囊肿
Mirizzi综合征,腹痛
卵巢过度刺激综合征,腹痛
卵巢过度刺激综合征,腹水
盲襻综合征,腹泻
卵巢环管状性索肿瘤,闭经
卵巢环管状性索肿瘤,性早熟
卵巢环管状性索肿瘤,绝经
卵巢环管状性索肿瘤,色素斑
尼兹诺夫综合征,败血症
卵巢黄体囊肿破裂,腹痛
卵巢混合性生殖细胞-性索间质肿瘤,腹痛
卵巢混合性生殖细胞-性索间质肿瘤,性早熟
卵巢肌肉来源肿瘤,胸腔积液
卵巢肌肉来源肿瘤,腹痛
卵巢肌肉来源肿瘤,腹部肿块
卵巢肌肉来源肿瘤,绝经
卵巢浆液性肿瘤,腹痛
卵巢浆液性肿瘤,消化不良
卵巢浆液性肿瘤,肠粘连
卵巢浆液性肿瘤,腹水
卵巢浆液性肿瘤,腹胀
卵巢颗粒细胞瘤,胸腔积液
卵巢颗粒细胞瘤,闭经
卵巢颗粒细胞瘤,性早熟
卵巢颗粒细胞瘤,腹水
卵巢颗粒细胞瘤,绝经
卵巢两性母细胞瘤,闭经
卵巢两性母细胞瘤,绝经
POEMS综合征,闭经
卵巢卵黄囊瘤,胸腔积液
卵巢卵黄囊瘤,腹痛
卵巢卵黄囊瘤,闭经
卵巢卵黄囊瘤,腹水
卵巢卵黄囊瘤,腹胀
器械性食管损伤,休克
器械性食管损伤,腹痛
情感性心境障碍,异性装扮癖
卵巢泡膜细胞瘤,腹痛
卵巢泡膜细胞瘤,闭经
卵巢泡膜细胞瘤,腹水
水母皮炎,疱疹
白睛溢血,结膜充血
白痢,腹痛
卵巢妊娠,腹痛
卵巢透明细胞肿瘤,腹部肿块
卵巢透明细胞肿瘤,绝经
卵巢透明细胞肿瘤,子宫内膜异位
白秃疮,斑秃
十二指肠炎,腹痛
十二指肠炎,上消化道出血
卵巢未成熟畸胎瘤,腹痛
卵巢未成熟畸胎瘤,腹水
十二指肠重复畸形,腹部肿块
卵巢无性细胞瘤,腹痛
卵巢无性细胞瘤,闭经
卵巢无性细胞瘤,腹胀
卵巢纤维瘤,胸腔积液
卵巢纤维瘤,腹痛
卵巢纤维瘤,腹水
食管受压性吞咽困难,吞咽困难
卵巢纤维瘤病,腹痛
卵巢纤维瘤病,闭经
食管肉瘤,吞咽困难
卵巢纤维组织来源肿瘤,腹痛
卵巢纤维组织来源肿瘤,腹水
胞痹,遗尿
卵巢小细胞癌,腹痛
卵巢小细胞癌,腹水
食管贲门黏膜撕裂综合征,休克
暴痢,腹痛
暴痢,腹泻
暴痢,昏迷
暴痢,痢疾
卵巢肿瘤,腹痛
卵巢肿瘤,腹部肿块
卵巢肿瘤,腹水
食管壁内憩室,吞咽困难
暴泻,休克
暴泻,腹痛
暴泻,腹泻
暴泻,上消化道出血
暴泻,脱水
食管外压和牵拉,胸腔积液
食管外压和牵拉,吞咽困难
食管外压和牵拉,脓肿
卵巢肿瘤破裂,休克
卵巢肿瘤破裂,腹痛
卵巢肿瘤破裂,腹膜炎
沙雷菌肺炎,休克
卵巢重度水肿,腹痛
卵巢重度水肿,闭经
卵巢重度水肿,运动性闭经
奔豚气,腹痛
卵黄状黄斑营养不良,脱水
听力障碍,耳鸣
听力障碍,耳聋
卵泡囊肿,性早熟
卵泡囊肿,卵泡囊肿
糖原贮积病,肝纤维化
糖原贮积病,昏迷
糖原贮积病,肾功能衰竭
糖原贮积病,肌肉萎缩
卵泡腺细胞增殖综合征,闭经
特发性肺含铁血黄素沉着症,咯血
螺菌病,腹泻
螺菌病,昏迷
螺菌病,便血
闭经性头痛,闭经
瘰疬分枝杆菌感染,丹毒
胃窦血管扩张症,缺铁性贫血
网状红斑萎缩性毛囊炎,脱发
蚕豆病,腹痛
蚕豆病,腹泻
蚕豆病,蛋白尿
疟疾肾病,蛋白尿
疟疾肾病,腹水
诺卡菌性巩膜炎,脓肿
小儿洋地黄中毒,心律失常
小儿洋地黄中毒,昏迷
巯甲丙脯酸肾损害,肾病综合征
巯甲丙脯酸肾损害,肾功能衰竭
巯甲丙脯酸肾损害,肾动脉狭窄
巯甲丙脯酸肾损害,肾性糖尿
小儿帕套综合征,耳聋
乳房单纯囊肿,乳房肿块
小肠扭转,休克
小肠扭转,便秘
小肠扭转,肠套叠
乳头溢液,乳头内陷
小儿小颌畸形综合征,动脉导管未闭
小儿小颌畸形综合征,肺不张
小儿小颌畸形综合征,耳聋
产后目病,耳鸣
乳腺导管扩张症,脓肿
乳腺导管扩张症,乳头溢液
乳腺导管扩张症,乳头内陷
产后三急,腹泻
小儿先天性卵巢发育不全,闭经
乳腺囊性增生病,乳头溢液
产后伤食,消化不良
乙型病毒性肝炎,上消化道出血
乙型病毒性肝炎,鼻出血
乙型病毒性肝炎,腹水
乳腺腺病,乳房肿块
中枢神经系统淋巴瘤,精神障碍
中枢神经系统淋巴瘤,共济失调
右室心肌梗死,低血压
右室心肌梗死,心动过缓
产后血虚热,耳鸣
Machado-Joseph病,共济失调
Machado-Joseph病,睡眠障碍
幽门螺杆菌感染,腹痛
幽门螺杆菌感染,消化性溃疡
幽门螺杆菌感染,腹胀
产后血瘀,产后出血
产褥中暑,昏迷
麻痹性痴呆,上睑下垂
麻痹性痴呆,共济失调
麻风性葡萄膜炎,睑外翻
麻风性葡萄膜炎,角膜炎
麻风性葡萄膜炎,肌肉萎缩
真菌性心包炎,胸腔积液
肠风,便血
肠结,休克
肠结,腹痛
马尔尼菲青霉病,脓肿
马尔尼菲青霉病,心包炎
肠郁,便秘
肠郁,腹痛
肠郁,腹泻
肠郁,消化不良
马方综合征,心绞痛
马方综合征,心律失常
常染色体隐性遗传性脑动脉病伴白质脑病,脱发
常染色体隐性遗传性脑动脉病伴白质脑病,痴呆
常染色体隐性遗传性脑动脉病伴白质脑病,眩晕
马拉色菌病,呼吸衰竭
巴西紫热,休克
巴西紫热,腹痛
巴西紫热,腹泻
脉络丛乳头状瘤,昏迷
脉络丛乳头状瘤,脑积水
脉络丛乳头状瘤,眼球震颤
成人肥大性幽门狭窄,消化不良
赤白游风,腹痛
赤白游风,腹泻
脉络膜骨瘤,色素斑
赤痢,腹痛
赤痢,便血
低钾血症肾病,心律失常
低钾血症肾病,代谢性酸中毒
低钾血症肾病,蛋白尿
非ST段抬高心肌梗死,心绞痛
非ST段抬高心肌梗死,心律失常
肝脏疾病所致贫血,胆汁性肝硬化
肝脏疾病所致贫血,溶血性贫血
高颅压性脑积水,共济失调
螨皮炎,腹泻
螨皮炎,疱疹
急性蜂窝织炎,谵妄
虫臌,腹水
虫积,便秘
虫积,磨牙
急性视网膜坏死综合征,角膜炎
虫证,腹痛
免疫缺陷性肺炎,腹泻
免疫缺陷性肺炎,溶血性贫血
免疫缺陷性肺炎,眼球震颤
免疫缺陷性肺炎,湿疹
免疫缺陷性肺炎,肺不张
大肠湿热,腹痛
大肠湿热,腹泻
慢性酒中毒,智能障碍
慢性酒中毒,谵妄
小儿尿路感染,尿失禁
小儿尿路感染,败血症
小儿肾性氨基酸尿症,血尿
慢性卡他性结膜炎,角膜炎
慢性卡他性结膜炎,结膜充血
慢性卡他性结膜炎,倒睫
原发性阿米巴脑膜脑炎,昏迷
原发性阿米巴脑膜脑炎,脑水肿
原发性阿米巴脑膜脑炎,瘫痪
原发性阿米巴脑膜脑炎,谵妄
慢性溃疡性非肉芽肿性空肠回肠炎,腹痛
慢性溃疡性非肉芽肿性空肠回肠炎,腹膜炎
慢性溃疡性非肉芽肿性空肠回肠炎,腹泻
Austin型幼儿脑硫脂病,共济失调
胆热,眩晕
慢性盆腔炎,慢性盆腔疼痛
慢性盆腔炎,输卵管粘连
阿司匹林诱发哮喘,休克
阿司匹林诱发哮喘,腹泻
阿司匹林诱发哮喘,结膜充血
慢性肾性贫血,肾功能衰竭
海绵状淋巴管瘤,巨舌
胆石,消化不良
慢性自身免疫性甲状腺炎,吞咽困难
慢性纵隔炎,咯血
慢性纵隔炎,吞咽困难
癫病,痴呆
慢性阻塞性肺疾病,肺纤维化
慢性阻塞性肺疾病,慢性咳嗽
老年大便失禁,便秘
老年大便失禁,直肠脱垂
老年大便失禁,大便失禁
老年大便失禁,湿疹
盲肠扭转,便秘
盲肠扭转,肠套叠
盲肠扭转,腹胀
盲肠旁疝,腹痛
盲肠旁疝,腹胀
电脑病,腕管综合征
电脑病,肌肉萎缩
疔疮,眩晕
淋巴细胞性垂体炎,闭经
毒热侵肤,便秘
猫抓病,多发性神经炎
猫抓病,截瘫
脑干胶质瘤,上睑下垂
毛孢子菌病,腹膜炎
毛孢子菌病,血尿
毛孢子菌病,脑膜炎
恶寒发热,便秘
Stargardt病,色素斑
儿童顿咳,眼球突出
毛霉病,咯血
毛霉病,腹膜炎
毛霉病,腹泻
毛霉病,昏迷
毛霉病,脑膜炎
毛囊角化病,骨囊肿
毛囊角化病,肺纤维化
三叉神经营养性损害,角膜炎
三叉神经营养性损害,角膜溃疡
糖代谢异常伴发的精神障碍,共济失调
新生儿巨细胞病毒感染,视神经萎缩
新生儿巨细胞病毒感染,脑积水
新生儿巨细胞病毒感染,耳聋
小儿脑性瘫痪,扭转痉挛
耳痈,耳鸣
症状性癫痫综合征,意识障碍
症状性癫痫综合征,神经性耳聋
镇痛剂肾病,血尿
毛囊性黏蛋白病,脱发
反射性神经障碍症,肌肉萎缩
反射性神经障碍症,植物神经功能障碍
毛囊性鱼鳞病,耳聋
高眼压症,眼球震颤
高眼压症,病理性近视
克雷白杆菌属感染,咯血
嘧啶5′-核苷酸缺乏症,溶血性贫血
毛囊周围纤维瘤,结肠息肉
维生素D缺乏病,腹泻
维生素D缺乏病,多汗症
维生素D缺乏病,维生素D中毒
维生素D缺乏病,夜惊
维生素E缺乏神经病,心律失常
维生素E缺乏神经病,眼球震颤
肺风粉刺,脓肿
新生儿发热,呼吸衰竭
新生儿发热,败血症
肺咳,咳嗽
血卟啉病性周围神经病,便秘
血卟啉病性周围神经病,腹痛
血卟啉病性周围神经病,腹泻
血卟啉病性周围神经病,精神障碍
血卟啉病性周围神经病,肠痉挛
血卟啉病性周围神经病,肌肉萎缩
血卟啉病性周围神经病,腹胀
肺络张,咯血
肺络张,慢性咳嗽
下丘脑综合征,昏迷
显微镜下多血管炎,咯血
显微镜下多血管炎,腹痛
显微镜下多血管炎,咳嗽
显微镜下多血管炎,蛋白尿
毛细血管扩张性共济失调综合征,眼球震颤
毛细血管扩张性共济失调综合征,肌肉萎缩
百草枯中毒,呼吸衰竭
百草枯中毒,腹痛
百草枯中毒,血尿
百草枯中毒,蛋白尿
复孔绦虫病,腹痛
复孔绦虫病,腹泻
复孔绦虫病,消化不良
毛圆线虫病,腹痛
毛圆线虫病,腹泻
毛圆线虫病,骨质疏松
毛圆线虫病,失眠
鞍结节脑膜瘤,闭经
鞍结节脑膜瘤,性欲减退
过敏性紫癜肾炎,蛋白尿
肺胀,昏迷
肺胀,腹胀
梅毒性巩膜炎,视网膜脱离
梅毒性巩膜炎,上睑下垂
梅毒性巩膜炎,角膜炎
获得性血友病,血尿
获得性血友病,吞咽困难
获得性血友病,颅内出血
梅毒性骨软骨炎,肌肉萎缩
梅毒性关节炎,疱疹
梅毒性关节炎,角膜炎
梅毒性关节炎,疥疮
梅毒性关节炎,心力衰竭
梅毒性角膜病变,耳聋
梅毒性葡萄膜炎,共济失调
失盐性肾炎,昏迷
失盐性肾炎,晕厥
失盐性肾炎,低血压
风寒头痛,头痛
风寒头痛,神经性头痛
维斯科特-奥尔德里奇综合征,腹泻
维斯科特-奥尔德里奇综合征,疱疹
维斯科特-奥尔德里奇综合征,湿疹
维斯科特-奥尔德里奇综合征,便血
维斯科特-奥尔德里奇综合征,败血症
维斯科特-奥尔德里奇综合征,血小板减少性紫癜
风轮湿热,腹胀
梅尼埃病,眼球震颤
梅尼埃病,吞咽困难
梅尼埃病,耳鸣
梅尼埃病,药物中毒
梅尼埃病,耳聋
梅尼埃病,眩晕
梅尼埃病,共济失调
小儿过敏性紫癜,便秘
小儿过敏性紫癜,肠套叠
小儿过敏性紫癜,腹痛
小儿过敏性紫癜,腹泻
小儿过敏性紫癜,鼻出血
小儿过敏性紫癜,蛋白尿
风秘,便秘
风秘,眩晕
湄公血吸虫病,静脉曲张
湄公血吸虫病,腹水
血管内大B细胞淋巴瘤,网状青斑
血管内大B细胞淋巴瘤,痴呆
门静脉高压性胃病,休克
门静脉高压性胃病,上消化道出血
门静脉高压性胃病,肝肾综合征
新生儿持续性肺动脉高压,休克
门静脉血栓形成,腹痛
门静脉血栓形成,腹膜炎
门静脉血栓形成,腹泻
门静脉血栓形成,上消化道出血
门静脉血栓形成,鼻出血
门静脉血栓形成,静脉曲张
门静脉血栓形成,脓肿
门静脉血栓形成,腹水
门脉高压性肠病,肝纤维化
门脉高压性肠病,静脉曲张
新生儿肾静脉血栓,腹痛
新生儿肾静脉血栓,蛋白尿
新生儿肾静脉血栓,腹胀
弥漫性空回肠溃疡,腹痛
弥漫性空回肠溃疡,腹泻
弥漫性空回肠溃疡,小肠损伤
风热头痛,便秘
风热头痛,头痛
异尖线虫病,腹痛
异尖线虫病,腹泻
异尖线虫病,腹胀
弥漫性食管壁内憩室,吞咽困难
左房恶性黏液瘤,咯血
左房恶性黏液瘤,晕厥
弥漫性掌跖角化病,手足皲裂
米氏链球菌肺炎,脓肿
米氏链球菌肺炎,脓胸
多发性肌炎和皮肌炎伴发的精神障碍,吞咽困难
多发性肌炎和皮肌炎伴发的精神障碍,智能障碍
多发性肌炎和皮肌炎伴发的精神障碍,谵妄
泌尿道肿瘤,子宫内膜异位
泌尿道肿瘤皮肤转移,子宫内膜异位
泌尿生殖系阿米巴病,脓肿
巨细胞动脉炎和风湿性多肌痛,上睑下垂
伏梁,腹痛
伏梁,腹泻
泌尿生殖系滴虫病,血尿
结节性多动脉炎伴发的葡萄膜炎,腹痛
结节性多动脉炎伴发的葡萄膜炎,结膜充血
结节性多动脉炎伴发的葡萄膜炎,蛋白尿
皮肤颌口虫病,腹痛
皮肤颌口虫病,腹泻
皮肤颌口虫病,脓肿
妇女咳嗽性遗尿,尿失禁
妇女咳嗽性遗尿,遗尿
泌尿生殖系棘球蚴病,腹膜炎
泌尿生殖系棘球蚴病,血尿
艾滋病神经系统损害,腹泻
泌尿生殖系血吸虫病,尿失禁
泌尿生殖系血吸虫病,脓肿
泌尿生殖系血吸虫病,性欲减退
泌尿生殖系血吸虫病,细菌感染
瑞尔黑变病,色素斑
泌尿生殖系真菌病,腹痛
泌尿生殖系真菌病,细菌感染
痛风性心肌病,心绞痛
泌尿生殖系支原体感染,腹痛
复发性多软骨炎性,传导性耳聋
复发性多软骨炎性,蛋白尿
血清病和血清病样反应,腹痛
干血痨,闭经
面部播散性粟粒状狼疮,便秘
重金属中毒性肾病,腹痛
面部脓皮病,脓肿
肝风内动证,耳鸣
肝风内动证,眩晕
肝火犯肺,咯血
肝火上炎证,便秘
肝火上炎证,耳鸣
肝火上炎证,眩晕
肺并殖吸虫病,胸腔积液
肺并殖吸虫病,腹痛
肺并殖吸虫病,腹泻
肝厥,昏迷
肝厥,谵妄
面肌抽搐,耳鸣
面肌抽搐,面肌抽搐
肝热病,腹胀
肝胃不和,呃逆
食管梅毒,吞咽困难
食管梅毒,脱水
肝瘟,腹胀
肝瘟,谵妄
外伤性硬膜下积液,昏迷
外伤性硬膜下积液,脑疝
外伤性硬膜下积液,精神障碍
摩擦黑变病,色素斑
胸内甲状腺肿,吞咽困难
肝血虚证,闭经
肝血虚证,耳鸣
心脏横纹肌瘤,心包积液
心脏横纹肌瘤,心律失常
心脏横纹肌瘤,猝死
肝炎,腹胀
摩根菌肺炎,呼吸衰竭
摩根菌肺炎,胸腔积液
摩根菌肺炎,脓肿
摩根菌肺炎,败血症
肝阳上亢,耳鸣
肝阳上亢,眩晕
木村网状肢端色素沉着,雀斑
木村网状肢端色素沉着,色素斑
肝著,腹胀
原卟啉病,湿疹
赖特综合征性巩膜炎,角膜炎
赖特综合征性巩膜炎,心包炎
赖特综合征性巩膜炎,角膜溃疡
原藻病,腹泻
原藻病,细菌感染
内分泌性肌病,重症肌无力
内分泌性肌病,腕管综合征
内分泌性肌病,低血压
骨蒸,咯血
椎动脉创伤性栓塞,昏迷
椎动脉创伤性栓塞,脊髓缺血
椎动脉创伤性栓塞,共济失调
鼓胀,便血
内脏利什曼病,腹痛
内脏利什曼病,腹泻
内脏利什曼病,鼻出血
内脏血吸虫炎,腹泻
内脏血吸虫炎,疱疹
假性动脉瘤,吞咽困难
东方马型脑炎,腹痛
东方马型脑炎,昏迷
男假两性畸形,闭经
男假两性畸形,隐睾
腘动脉损伤,末梢神经炎
男性青春期乳房发育,腹部肿块
男性青春期乳房发育,蜘蛛痣
男性性早熟,色素斑
男性性早熟,男性性早熟
腘动脉陷迫综合征,肌肉萎缩
男子雄激素源性秃发,脱发
脊柱裂和有关畸形,尿失禁
脊柱裂和有关畸形,肌肉萎缩
脊柱裂和有关畸形,遗尿
脊疳,磨牙
脊髓型颈椎病,便秘
脊髓型颈椎病,多发性神经炎
脊髓型颈椎病,肌肉萎缩
难治性心力衰竭,心包积液
难治性心力衰竭,心力衰竭
寒湿困脾,腹泻
寒湿困脾,腹胀
颅狭症,眼球突出
脑干损伤,休克
脑干损伤,上消化道出血
脑干损伤,意识障碍
脑干损伤,呃逆
脑干损伤,心力衰竭
脑猪囊尾蚴病,痴呆
脑膜炎球菌性脑膜炎,腹泻
脑膜炎球菌血症,菌血症
脑膜炎球菌血症,脑膜炎
脑膜炎球菌血症,疱疹
脑膜炎球菌血症,败血症
外伤后颈内动脉闭塞,意识障碍
外伤后颈内动脉闭塞,脑疝
脑膨出和脑脊膜膨出,瘫痪
新生儿弥散性血管内凝血,休克
脑桥中央髓鞘溶解症,肾功能衰竭
脑桥中央髓鞘溶解症,脱水
脑桥中央髓鞘溶解症,低钠血症
脑桥中央髓鞘溶解症,细菌感染
脑缺血性疾病,耳鸣
脑缺血性疾病,共济失调
尿道结核,血尿
膀胱脱垂,尿失禁
脑外伤后综合征,共济失调
脑外伤后综合征,失眠
肾上腺髓质增生,眩晕
肾周围炎,肾脓肿
肾周围炎,脓肿
脑型疟疾,便秘
脑型疟疾,腹泻
脑型疟疾,低血压
脑型疟疾,共济失调
喉喑,吞咽困难
喉喑,口臭
脑型血吸虫病,意识障碍
脑型血吸虫病,瘫痪
烟酸缺乏,便秘
烟酸缺乏,腹痛
烟酸缺乏,腹泻
烟酸缺乏,昏迷
烟酸缺乏,痴呆
泥螺-日光性皮炎,腹痛
泥螺-日光性皮炎,腹泻
喉痈,吞咽困难
狐惑,便秘
狐惑,口腔溃疡
狐惑,外阴溃疡
狐惑,口臭
花柳病,外阴溃疡
黏多糖贮积症Ⅱ型,腹泻
黏多糖贮积症Ⅱ型,耳聋
花翳自陷,角膜溃疡
黏多糖贮积症Ⅲ型,耳聋
黏多糖贮积症Ⅳ型,扁平足
黏多糖贮积症Ⅳ型,膝内翻
A链球菌群感染,腹膜炎
A链球菌群感染,丹毒
A链球菌群感染,低血压
A链球菌群感染,败血症
化脓性角膜炎,角膜炎
黏多糖贮积症Ⅴ型,腕管综合征
黏多糖贮积症Ⅴ型,耳聋
环跳疽,脓肿
肛周肿瘤,便血
黏多糖贮积症Ⅵ型,脑积水
黏多糖贮积症Ⅵ型,腕管综合征
黏多糖贮积症Ⅵ型,截瘫
黏多糖贮积症Ⅵ型,心力衰竭
股动脉瘤,静脉曲张
黏多糖贮积症Ⅶ型,脑积水
纳尔逊综合征,骨质疏松
蛲虫性阴道炎,腹痛
蛲虫性阴道炎,腹泻
蛲虫性阴道炎,夜惊
蛲虫性阴道炎,失眠
回乳,乳房肿块
柞蚕蛹脑病,昏迷
变性近视的脉络膜萎缩,色素斑
哕,呃逆
黏膜白斑,湿疹
黏膜白斑,口腔黏膜白斑
混合痔,便秘
混合痔,湿疹
混合痔,便血
黏膜白色海绵状痣,口腔黏膜白斑
火眼,结膜充血
黏膜相关样组织淋巴瘤,腹痛
黏膜相关样组织淋巴瘤,消化不良
积聚,腹痛
骨神经鞘瘤,骨质疏松
骨神经鞘瘤,坐骨神经痛
积滞,消化不良
急喉风,吞咽困难
腹腔妊娠,腹痛
棘间韧带损伤,棘突压痛
棘突骨折,棘突压痛
黏脂贮积症Ⅰ型,共济失调
脊髓蛛网膜炎,尿失禁
脊髓蛛网膜炎,肌肉萎缩
黏脂贮积症Ⅱ型,髋关节脱位
黏脂贮积症Ⅱ型,胸廓畸形
黏脂贮积症Ⅲ型,腕管综合征
黏脂贮积症Ⅲ型,脊柱侧弯
棘突压痛,棘突压痛
脊髓灰质炎后遗症,脊髓半切综合征
念珠菌病,脑膜炎
念珠菌病,疱疹
念珠菌病,脓肿
念珠菌病,心包炎
热带痉挛性轻截瘫,截瘫
热带痉挛性轻截瘫,共济失调
念珠状发,精神障碍
同种免疫性新生儿血小板减少性紫癜,颅内出血
脊椎外伤,截瘫
脊椎外伤,撕脱骨折
胸椎椎管狭窄症,尿失禁
胸椎椎管狭窄症,截瘫
眼眶肌炎,上睑下垂
眼眶肌炎,结膜充血
煎厥,耳鸣
煎厥,耳聋
睑板腺囊肿,上睑下垂
鼻疽,腹泻
鼻疽,鼻中隔穿孔
鼻疽,败血症
尿毒症性心包炎,心包积液
尿毒症性心包炎,心包炎
尿毒症性心包炎,低血压
尿毒症性心包炎,心力衰竭
尿毒症性心肌病,心绞痛
尿毒症性心肌病,心律失常
尿毒症性心肌病,心包炎
尿毒症性心肌病,心力衰竭
电击伤所致脊髓病,肌肉萎缩
喉部钝挫伤,咯血
喉部钝挫伤,气胸
喉部钝挫伤,吞咽困难
镍皮炎,湿疹
急性失血性贫血,休克
急性失血性贫血,低血压
牛痘样水疱病,疱疹
牛痘样水疱病,脱发
口腔结核性溃疡,口腔溃疡
电灼伤,休克
结胸证,腹痛
结胸证,腹泻
热性嗜中性白细胞皮肤病,湿疹
农药中毒性肾病,腹痛
农药中毒性肾病,血尿
农药中毒性肾病,蛋白尿
小儿砷中毒,腹痛
小儿砷中毒,多发性神经炎
小儿砷中毒,脱水
小儿砷中毒,脱发
小儿砷中毒,眩晕
脓毒症和菌血症,腹泻
脓毒症和菌血症,昏迷
脓毒症和菌血症,菌血症
脓毒症和菌血症,低血压
脓毒症和菌血症,腹胀
眼酸碱化学伤,结膜充血
眼酸碱化学伤,角膜溃疡
眼酸碱化学伤,眼睑闭合不全
女性的青春期延迟,半乳糖血症
女性的青春期延迟,闭经
女性的青春期延迟,脑积水
女性生殖道多部位原发癌,腹痛
筋瘤,静脉曲张
夏季皮炎,疱疹
夏季皮炎,晒伤
女性性早熟,腹痛
女性性早熟,腹部肿块
女性性早熟,色素斑
长Q-T间期综合征,心律失常
长Q-T间期综合征,晕厥
长Q-T间期综合征,猝死
Poncet综合征,疱疹
Poncet综合征,肌肉萎缩
Poncet综合征,淋巴结结核
进行性脊肌萎缩症,肌肉萎缩
进行性脊肌萎缩症,延髓性麻痹
PUVA雀斑样痣,雀斑
PUVA雀斑样痣,色素斑
浸淫疮,疱疹
腹膜假黏液瘤,腹痛
腹膜假黏液瘤,腹水
噤口痢,痢疾
膀胱结核,尿失禁
膀胱结核,血尿
经行发热,腹痛
经行发热,月经不调
经行发热,子宫内膜异位
膀胱平滑肌瘤,血尿
膀胱平滑肌肉瘤,血尿
卡波西水痘样疹,疱疹
膀胱葡萄状肉瘤,血尿
淋巴丝虫病,腹痛
淋巴丝虫病,腹膜炎
淋巴丝虫病,腹泻
淋巴丝虫病,角膜炎
淋巴丝虫病,急腹症
淋巴丝虫病,腹水
淋巴丝虫病,乳糜尿
淋巴丝虫病,乳糜胸
膀胱憩室,便秘
膀胱憩室,血尿
膀胱憩室,肾功能衰竭
膀胱上内疝,腹胀
弥漫性筋膜炎,蛋白尿
弥漫性筋膜炎,骨膜炎
Pancoast综合征,眼球内陷
膀胱嗜铬细胞瘤,血尿
膀胱嗜铬细胞瘤,晕厥
惊风,脑膜炎
外阴白化病,眼球震颤
膀胱输尿管反流,慢性肾功能不全
膀胱输尿管反流,继发性高血压
精瘀证,输精管堵塞
膀胱与尿道结石,膀胱结石
α1-抗胰蛋白酶缺乏性脂膜炎,脓肿
膀胱肿瘤,腹部肿块
触电,休克
触电,心律失常
触电,昏迷
贲门黏膜撕裂综合征,休克
贲门黏膜撕裂综合征,腹痛
贲门黏膜撕裂综合征,上消化道出血
贲门黏膜撕裂综合征,静脉曲张
贲门黏膜撕裂综合征,呃逆
久疟,腹泻
久疟,便血
脯肽酶缺乏症,骨质疏松
单纯性外阴阴道念珠菌病,外阴瘙痒
久泄,休克
久泄,腹痛
久泄,腹泻
疱疹样皮炎,疱疹
疱疹样皮炎,湿疹
酒胀,便血
盆底腹膜疝,便秘
盆底腹膜疝,腹痛
聚星障,角膜炎
宫颈腺癌,绝经
盆腔脓肿,腹痛
盆腔脓肿,慢性盆腔疼痛
盆腔脓肿,腹胀
庚型病毒性肝炎,昏迷
厥阴头痛,耳鸣
厥阴头痛,耳聋
厥阴头痛,眩晕
急性纵隔炎,休克
急性纵隔炎,吞咽困难
厥证,昏迷
皮肤阿米巴病,脓肿
急性共同性斜视,眼球震颤
皮肤白细胞破碎性血管炎,网状青斑
皮肤白细胞破碎性血管炎,系统性血管炎
考后综合症,精神障碍
老年性紫癜,紫癜
皮肤卟啉病,腹痛
皮肤卟啉病,胆结石
皮肤卟啉病,胆囊结石
客忤,腹痛
盆腔炎性肿块,腹痛
口糜,口腔黏膜白斑
盆腔结缔组织炎,腹痛
前置血管,低血压
妊娠瘙痒性荨麻疹性丘疹及斑块病,疱疹
妊娠合并特发性血小板减少性紫癜,颅内出血
苦夏,便秘
苦夏,腹泻
苦夏,失眠
狂病,精神障碍
狂病,谵妄
皮肤淋巴肉芽肿病,昏迷
皮肤淋巴肉芽肿病,剥脱性皮炎
老年人原发性恶性高血压引起的恶性小动脉肾,腹痛
老年人原发性恶性高血压引起的恶性小动脉肾,血尿
老年人原发性恶性高血压引起的恶性小动脉肾,蛋白尿
雷头风,耳鸣
外阴-阴道-牙龈综合征,性交疼痛
外阴-阴道-牙龈综合征,外阴痛
肋间神经痛,肋间神经痛
离位皮炎,疱疹
皮肤黏膜淋巴结综合征,腹痛
皮肤黏膜淋巴结综合征,腹泻
皮肤黏膜淋巴结综合征,共济失调
皮肤黏膜淋巴结综合征,猝死
阴道横纹肌肉瘤,血尿
多胎妊娠,妊高征
多胎妊娠,子痫
弓形体病,多发性神经炎
弓形体病,昏迷
弓形体病,蛋白尿
皮下裂头蚴病,结膜充血
皮肤瘙痒症,妊娠痒疹
流痰,脓肿
流痰,肌肉萎缩
流痰,失眠
流注,谵妄
皮肤丝虫病,腹泻
皮肤丝虫病,腹水
六瘤,静脉曲张
皮肤松垂,睑外翻
皮肤松垂,上睑下垂
皮肤松垂,湿疹
流感病毒肺炎,咯血
皮肤炭疽,脑膜炎
皮肤炭疽,败血症
偻附,脊柱侧弯
肠瘘,腹痛
肠瘘,腹泻
肠瘘,肠粘连
肠瘘,腹胀
急性肠系膜淋巴结炎,腹痛
瘰疬,淋巴结结核
朗格汉斯组织细胞增多症,腹泻
皮肤行为症,甲周炎
水蛭咬伤,休克
水蛭咬伤,鼻出血
皮肤癣菌病,脓肿
皮肤癣菌病,脱发
皮肤癣菌病,足癣
维生素B1缺乏症,便秘
维生素B1缺乏症,腹泻
维生素B1缺乏症,昏迷
维生素B1缺乏症,上睑下垂
皮肤蝇蛆病,失眠
维生素A缺乏神经病,腹泻
维生素A缺乏神经病,角膜溃疡
小儿马方综合征,动脉导管未闭
蚂蚁叮咬,休克
蚂蚁叮咬,昏迷
皮肤子宫内膜异位症,腹痛
皮肤子宫内膜异位症,子宫内膜异位
瘢痕性脱发,斑秃
瘢痕性脱发,脱发
皮克病,痴呆
脉痿,肌肉萎缩
皮克病性痴呆,痴呆
脉溢,休克
脉溢,腹痛
脉溢,腹泻
脉溢,低血压
慢惊风,腹泻
蚕食性角膜溃疡,角膜溃疡
慢脾风,腹泻
单纯疱疹性脑炎,昏迷
汞及其化合物引起的皮肤病,口腔溃疡
汞及其化合物引起的皮肤病,精神障碍
汞及其化合物引起的皮肤病,口腔黏膜白斑
化脓性食管炎,吞咽困难
化脓性食管炎,败血症
睑皮松垂症,上睑下垂
面游风,脱发
明癣,体癣
脾动脉瘤,腹水
淋球菌感染,腹痛
脾囊肿,便秘
脾囊肿,消化不良
脾囊肿,腹部肿块
脾脓肿,胸腔积液
流行性角膜结膜炎,角膜炎
流行性角膜结膜炎,结膜充血
脾脏转移性肿瘤,腹痛
脾脏转移性肿瘤,腹水
阿米巴结肠炎,腹痛
阿米巴结肠炎,腹泻
片吸虫病,便秘
片吸虫病,胆汁性肝硬化
片吸虫病,腹痛
片吸虫病,腹泻
片吸虫病,腹水
片吸虫病,细菌感染
男科外伤,休克
沙眼衣原体肺炎,咯血
沙眼衣原体肺炎,胸腔积液
囊痈,脓肿
脑胶质瘤,脑积水
脑胶质瘤,精神障碍
脑胶质瘤,痴呆
脑胶质瘤,共济失调
视网膜毛细血管血管瘤,视网膜脱离
脑痨,神经性呕吐
视网膜下纤维化和葡萄膜炎综合征,视网膜脱离
胼胝体进行性变性,昏迷
胼胝体进行性变性,痴呆
特发性青春期延迟,唇腭裂
品他病,湿疹
隐性脊柱裂,截瘫
隐性脊柱裂,瘫痪
脑鸣,耳鸣
脑鸣,眩晕
平底足,足外翻
眼眶骨肉瘤,眼球突出
眼眶骨肉瘤,结膜充血
脑萎,痴呆
原发性输卵管癌,腹痛
原发性输卵管癌,绝经
原发性输卵管癌,腹胀
尿毒症昏迷,腹泻
尿毒症昏迷,昏迷
眼部毛细血管瘤,上睑下垂
眼部毛细血管瘤,眼球突出
眼部毛细血管瘤,斜视
尿精,遗精
先天性膀胱颈挛缩,尿失禁
真菌性尿路感染,血尿
槭糖尿病,低钾血症
槭糖尿病,昏迷
槭糖尿病,代谢性酸中毒
槭糖尿病,共济失调
耳廓软骨膜炎,骨膜炎
胬肉攀睛,结膜充血
慢性反流性肾病,腹痛
慢性反流性肾病,血尿
慢性反流性肾病,妊高征
慢性反流性肾病,蛋白尿
慢性反流性肾病,遗尿
猴痘,疱疹
其他病毒肺炎,腹泻
其他病毒肺炎,腹胀
喉上神经损伤,吞咽困难
其他弧菌感染,腹痛
其他弧菌感染,腹膜炎
其他弧菌感染,腹泻
其他弧菌感染,败血症
Pasini-Pierni进行性皮肤萎缩,硬斑
膀胱咳,尿失禁
膀胱咳,咳嗽
其他类精神活性物质依赖,腹痛
甲状舌管囊肿,咽异感症
其他沙门菌感染,腹痛
其他沙门菌感染,腹泻
奇孔古尼亚病毒性疾病,腹痛
奇孔古尼亚病毒性疾病,腹泻
急性坏死出血性脑脊髓炎,昏迷
链球菌中毒性休克综合征,腹泻
链球菌中毒性休克综合征,昏迷
链球菌中毒性休克综合征,低血压
脐尿管囊肿,腹痛
脐尿管囊肿,脓肿
膀胱气痛,腹痛
弥漫性胸膜间皮瘤,胸腔积液
脐疝,消化不良
盆腔炎症性不孕症,腹痛
盆腔炎症性不孕症,腹膜炎
盆腔炎症性不孕症,闭经
盆腔炎症性不孕症,腹部肿块
脐炎,腹膜炎
脐炎,败血症
慢性腰背痛,骨质疏松
起搏器综合征,低血压
气单胞菌肺炎,腹痛
气单胞菌肺炎,腹泻
气单胞菌肺炎,败血症
卫氏并殖吸虫病,腹痛
卫氏并殖吸虫病,腹泻
卫氏并殖吸虫病,腹部肿块
卫氏并殖吸虫病,便血
气管梗阻,昏迷
脾劳,消化不良
气管前间隙感染,脓肿
气管前间隙感染,咽异感症
脾水,腹水
先天性长结肠,便秘
先天性长结肠,腹痛
先天性长结肠,腹胀
烟酸缺乏神经病,便秘
烟酸缺乏神经病,腹痛
烟酸缺乏神经病,腹泻
烟酸缺乏神经病,昏迷
烟酸缺乏神经病,痴呆
烟酸缺乏神经病,谵妄
脾虚泄泻,腹泻
脾虚泄泻,消化不良
脾约,便秘
咽后间隙感染,吞咽困难
咽食管憩室,脓肿
变应性皮肤结节性血管炎,静脉曲张
变应性皮肤结节性血管炎,网状青斑
睥翻粘睑,睑外翻
单发脑梗死性痴呆,痴呆
匐行穿孔性弹性组织变性,痴呆
环咽肌失弛缓症,吞咽困难
环咽肌失弛缓症,咽异感症
褐黄病,肾结石
前列腺囊肿,血尿
干呕,腹胀
功能失调性子宫出血病,闭经
漆疮,便秘
漆疮,湿疹
口腔毛滴虫病,胸腔积液
气腹痛,腹痛
前列腺脓肿,血尿
前列腺脓肿,脓肿
前列腺脓肿,前列腺钙化
气臌,腹胀
前列腺肉瘤,血尿
气痢,腹胀
颏下皮样囊肿,颌骨囊肿
气瘤,色素斑
前庭大腺癌,脓肿
前庭大腺癌,绝经
前庭大腺囊肿,脓肿
气秘,便秘
膜性肾病,肾病综合征
膜性肾病,血尿
膜性肾病,类风湿关节炎
膜性肾病,蛋白尿
气虚眩晕,眩晕
气瘿,静脉曲张
气胀,便秘
气胀,腹膜炎
气胀,腹泻
憩室病,腹痛
憩室病,腹泻
浅部急性淋巴结炎和淋巴管炎,脓肿
包涵体肌炎与遗传性包涵体肌病,吞咽困难
嵌顿性腹股沟斜疝,休克
嵌顿性腹股沟斜疝,便血
腔隙性脑梗死,动脉粥样硬化
腔隙性脑梗死,痴呆
腔隙性脑梗死,眩晕
强直性脊柱炎性巩膜炎,心包炎
胞内分枝杆菌感染,腹痛
胞内分枝杆菌感染,腹泻
传染性淋巴细胞增多症,腹痛
传染性淋巴细胞增多症,腹泻
单纯性雀斑样痣,雀斑
青春期功能失调性子宫出血,鼻出血
青春期功能失调性子宫出血,先兆流产
带状疱疹病毒性巩膜炎,疱疹
青春期功能失调性子宫出血病,闭经
热咳,头痛
热咳,咳嗽
等孢球虫病,腹泻
热秘,便秘
热秘,腹胀
热入血室,便秘
单纯疱疹病毒性巩膜炎,疱疹
非01霍乱弧菌肠炎,腹痛
非01霍乱弧菌肠炎,腹泻
非01霍乱弧菌肠炎,脱水
热伤风,腹泻
热射病,呼吸衰竭
热射病,昏迷
钩端螺旋体病的肾损害,结膜充血
钩端螺旋体病的肾损害,蛋白尿
青年心肌梗死,心肌梗死
青年心肌梗死,猝死
回归热型结节性非化脓性脂膜炎,腹痛
回归热型结节性非化脓性脂膜炎,腹泻
青少年及小儿卵巢肿瘤,腹痛
青少年及小儿卵巢肿瘤,性早熟
青少年及小儿卵巢肿瘤,腹水
妊娠恶阻,眩晕
间插血吸虫病,脓肿
青少年及小儿阴道肉瘤,脱水
青少年及小儿阴道肉瘤,腹水
阿尔茨海默病性痴呆,精神障碍
阿尔茨海默病性痴呆,肌肉萎缩
青少年及小儿阴道透明细胞癌,急腹症
青少年及小儿阴道透明细胞癌,遗尿
肉痹,肌肉萎缩
类鼻疽杆菌肺炎,脓肿
类鼻疽杆菌肺炎,脓胸
青少年及小儿子宫颈癌,血尿
囊性肾病,低钠血症
囊性肾病,蛋白尿
乳发,便秘
乳发,脓肿
性功能异常伴发的精神障碍,意识障碍
性功能异常伴发的精神障碍,精神障碍
乳痨,脓肿
乳痨,乳房肿块
乳痨,乳头内陷
乳疬,尿道下裂
乳疬,隐睾
乳疬,乳房肿块
乳泣,便秘
曲霉病,咯血
曲霉病,眼球突出
散发性甲状腺肿,甲状腺结节
散发性甲状腺肿,吞咽困难
乳痈,脓肿
乳痈,乳房肿块
曲霉球,咯血
曲霉球,脓肿
水痘-带状疱疹性葡萄膜炎,视神经萎缩
水痘-带状疱疹性葡萄膜炎,疱疹
水痘-带状疱疹性葡萄膜炎,色素斑
躯体感染伴发的精神障碍,脑膜炎
躯体感染伴发的精神障碍,精神障碍
鼠疫耶尔森菌肺炎,咯血
三焦咳,腹胀
缺血性多形性室性心动过速,心绞痛
缺血性多形性室性心动过速,心肌梗死
缺血性多形性室性心动过速,晕厥
缺血性多形性室性心动过速,猝死
色厥色脱,昏迷
色素斑,雀斑
色素斑,色素斑
Rh血型不合溶血病,胸腔积液
Rh血型不合溶血病,腹水
Rh血型不合溶血病,心力衰竭
色欲伤,昏迷
色欲伤,肾阳虚
染色体异常,共济失调
旋前圆肌综合征,肌肉萎缩
痧子,结膜充血
痧子,谵妄
染色体异常伴发的精神障碍,精神障碍
伤风,细菌感染
伤食泄泻,腹痛
伤食泄泻,腹泻
伤食泄泻,腹胀
桡骨头骨折,肘关节脱位
桡管综合征,肌肉萎缩
少腹如扇,腹痛
少腹如扇,痛经
少腹如扇,腹部肿块
神昏,昏迷
神昏,痴呆
芽生菌病样脓皮病,脓肿
热带性口炎性腹泻,腹泻
热带性口炎性腹泻,口炎
热带性口炎性腹泻,舌炎
肾精亏虚,闭经
肾精亏虚,耳鸣
肾精亏虚,耳聋
肾精亏虚,痴呆
肾精亏虚,眩晕
人类T淋巴细胞病毒感染,腹水
人类T淋巴细胞病毒感染,瘫痪
羊膜带综合征,胎儿窘迫
肾咳,咳嗽
人类免疫缺陷病毒所致葡萄膜炎,腹泻
人类免疫缺陷病毒所致葡萄膜炎,代谢性酸中毒
人类免疫缺陷病毒所致葡萄膜炎,角膜炎
人类免疫缺陷病毒所致葡萄膜炎,低血压
人类免疫缺陷病毒所致葡萄膜炎,痴呆
斑疹伤寒立克次体肺炎,腹痛
肾气不固,耳鸣
人免疫缺陷病毒感染性肾损害,腹泻
人免疫缺陷病毒感染性肾损害,蛋白尿
肾虚耳鸣,闭经
肾虚耳鸣,耳鸣
肾虚耳鸣,失眠
人疱疹病毒-6型感染,疱疹
肾虚眩晕,耳鸣
肾虚眩晕,眩晕
肾虚腰痛,骨质疏松
自主性高功能性甲状腺腺瘤,腹泻
制药业引起的皮肤病,疱疹
升主动脉瘤,胸廓畸形
升主动脉瘤,心力衰竭
妊娠高血压综合征,腹痛
妊娠高血压综合征,心力衰竭
失荣,吞咽困难
接合菌病,咯血
接合菌病,腹痛
接合菌病,腹胀
麻疹病毒肺炎,腹痛
湿热病,晕厥
湿热病,耳聋
女性膀胱颈梗阻,尿失禁
妊娠合并动脉导管未闭,咯血
妊娠合并动脉导管未闭,心力衰竭
湿热痢,腹痛
妊娠合并多囊肾,血尿
妊娠合并多囊肾,妊高征
妊娠合并多囊肾,蛋白尿
扭转痉挛,痉挛性斜颈
扭转痉挛,书写痉挛
妊娠合并肺炎,昏迷
妊娠合并肺炎,疱疹
全身黏液性水肿,昏迷
石油、煤焦油及其分馏产物所致的皮肤病,腹泻
妊娠合并风湿性心脏病,心律失常
脂质沉积性肌病,蛋白尿
妊娠合并肝硬化,鼻出血
妊娠合并肝硬化,腹水
妊娠合并肝硬化,腹胀
食管痹,腹痛
食管痹,吞咽困难
妊娠合并红细胞增多症,鼻出血
妊娠合并红细胞增多症,结膜充血
妊娠合并红细胞增多症,耳鸣
色素性青光眼,眼球震颤
妊娠合并急性膀胱炎,血尿
食积胃病,便秘
食积胃病,消化不良
霜样树枝状视网膜血管炎,疱疹
叶酸缺乏神经病,眼球震颤
叶酸缺乏神经病,痴呆
妊娠合并急性胆囊炎,休克
妊娠合并急性胆囊炎,腹膜炎
食滞胃脘主证,呃逆
视网膜脱落,视网膜脱离
视网膜脱落,脱水
视网膜脱落,色素斑
妊娠合并急性阑尾炎,腹痛
妊娠合并急性阑尾炎,腹膜炎
妊娠合并急性阑尾炎,腹泻
梅毒肾病,肾病综合征
梅毒肾病,血尿
梅毒肾病,蛋白尿
视瞻昏渺,球后视神经炎
妊娠合并急性肾小球肾炎,血尿
癫痫持续状态,低血糖症
癫痫持续状态,代谢性酸中毒
癫痫持续状态,蛋白尿
妊娠合并急性肾盂肾炎,腹痛
妊娠合并急性肾盂肾炎,腹泻
妊娠合并急性肾盂肾炎,脓肿
妊娠合并急性肾盂肾炎,腹胀
苯丙酮尿症,湿疹
妊娠合并急性胰腺炎,腹痛
妊娠合并急性胰腺炎,腹膜炎
妊娠合并急性胰腺炎,腹水
妊娠合并急性胰腺炎,便血
妊娠合并急性胰腺炎,腹胀
输卵管积水,腹痛
输卵管积水,输卵管粘连
高原性心脏病,心动过缓
妊娠合并甲状旁腺功能亢进,便秘
妊娠合并甲状旁腺功能亢进,昏迷
妊娠合并甲状旁腺功能亢进,肾结石
输卵管结扎术后并发症,盆腔积液
输卵管结扎术后并发症,盆腔脓肿
急性卵巢、输卵管自身扭转,腹痛
妊娠合并甲状腺功能减退,脱发
妊娠合并甲状腺功能亢进,腹泻
麦格综合征,胸腔积液
麦格综合征,腹痛
麦格综合征,尿失禁
暑瘵,咯血
鼠咬伤,休克
鼠咬伤,肾功能衰竭
鼠咬伤,结膜充血
鼠咬伤,低血压
水臌,蜘蛛痣
孟氏骨折,肘关节脱位
水疥,疥疮
膜迷路积水,耳鸣
膜迷路积水,耳聋
妊娠合并卵巢肿瘤,卵巢囊肿
妊娠合并卵巢肿瘤,流产
妊娠合并卵巢肿瘤,腹部肿块
水肿,腹水
Nezelot综合征,消化不良
妊娠合并慢性肾上腺皮质功能减退,便秘
妊娠合并慢性肾上腺皮质功能减退,腹痛
妊娠合并慢性肾上腺皮质功能减退,腹泻
妊娠合并慢性肾上腺皮质功能减退,昏迷
妊娠合并慢性肾上腺皮质功能减退,闭经
妊娠合并慢性肾上腺皮质功能减退,低血压
水渍疮,细菌感染
妊娠合并慢性肾小球肾炎,肾病综合征
妊娠合并慢性肾小球肾炎,血尿
妊娠合并慢性肾小球肾炎,蛋白尿
妊娠合并尿石症,血尿
小儿急性淋巴细胞性白血病,鼻出血
小儿急性淋巴细胞性白血病,便血
四肢不用,肌肉萎缩
妊娠合并皮质醇增多症,闭经
妊娠合并皮质醇增多症,骨质疏松
妊娠合并缺铁性贫血,腹泻
妊娠合并缺铁性贫血,缺铁性贫血
妊娠合并缺铁性贫血,耳鸣
妊娠合并缺铁性贫血,腹水
妊娠合并缺铁性贫血,脱发
妊娠合并肾病综合征,休克
妊娠合并肾病综合征,低血压
妊娠合并系统性红斑狼疮,胸腔积液
妊娠合并系统性红斑狼疮,肾病综合征
妊娠合并系统性红斑狼疮,肾功能衰竭
妊娠合并系统性红斑狼疮,肌肉萎缩
胎毒,疥疮
妊娠合并消化性溃疡,腹痛
妊娠合并消化性溃疡,消化性溃疡
胎漏,腹痛
胎漏,完全流产
小儿精神发育迟缓,磨牙
胎盘部分残留,腹痛
妊娠合并心房间隔缺损,心律失常
颞动脉炎,耳聋
颞动脉炎,多汗症
妊娠合并心室间隔缺损,心力衰竭
小儿急性中毒,腹痛
小儿急性中毒,腹泻
小儿急性中毒,低血压
胎死不下,腹痛
妊娠合并血栓性血小板减少性紫癜,心律失常
妊娠合并血栓性血小板减少性紫癜,腹痛
妊娠合并血栓性血小板减少性紫癜,昏迷
妊娠合并血栓性血小板减少性紫癜,鼻出血
妊娠合并血栓性血小板减少性紫癜,谵妄
先天性风疹综合征,动脉导管未闭
先天性风疹综合征,溶血性贫血
先天性风疹综合征,耳聋
妊娠合并硬皮病,吞咽困难
妊娠合并硬皮病,蛋白尿
胸主动脉瘤,吞咽困难
胸主动脉瘤,心力衰竭
妊娠合并原发性高血压,眩晕
先天性非溶血性黄疸,溶血性贫血
先天性非溶血性黄疸,消化不良
心房心肌梗死,肺栓塞
心房心肌梗死,心肌梗死
心脏黏液瘤,心律失常
心室静止,心绞痛
心室静止,晕厥
心室静止,猝死
自发性蛛网膜下腔出血,昏迷
自发性蛛网膜下腔出血,猝死
主动脉肠道瘘,休克
主动脉肠道瘘,腹痛
肠系膜囊肿,便秘
肠系膜囊肿,腹痛
肠系膜囊肿,腹泻
肠系膜囊肿,腹部肿块
肠系膜囊肿,便血
胆固醇肺炎,胸腔积液
横结肠扭转,休克
横结肠扭转,便秘
妊娠合并重症肌无力,上睑下垂
妊娠合并重症肌无力,肌肉萎缩
妊娠合并子宫肌瘤,腹痛
妊娠合并子宫肌瘤,痛经
妊娠合并子宫肌瘤,流产
妊娠合并子宫肌瘤,腹部肿块
家族性进行性色素沉着,色素斑
妊娠合并自身免疫性溶血性贫血,休克
妊娠合并自身免疫性溶血性贫血,腹泻
妊娠合并自身免疫性溶血性贫血,昏迷
痰火扰心,便秘
克罗恩病关节炎,腹痛
克罗恩病关节炎,腹泻
克罗恩病关节炎,肛裂
克罗恩病关节炎,角膜溃疡
妊娠呕吐,代谢性酸中毒
痰积,眩晕
弥漫性特发性骨肥厚,血脂异常
妊娠疱疹,疱疹
癌性疼痛,肠粘连
急性间歇性卟啉病,便秘
急性间歇性卟啉病,腹痛
急性间歇性卟啉病,昏迷
急性间歇性卟啉病,末梢神经炎
急性间歇性卟啉病,吞咽困难
妊娠期肝血肿及破裂,腹痛
妊娠期肝血肿及破裂,腹胀
脚气病性心脏病,腹泻
脚气病性心脏病,昏迷
脚气病性心脏病,意识障碍
脚气病性心脏病,共济失调
妊娠期急性肾功能衰竭,昏迷
妊娠期急性肾功能衰竭,代谢性酸中毒
妊娠期急性脂肪肝,腹痛
妊娠期急性脂肪肝,肾功能衰竭
妊娠期急性脂肪肝,妊娠期急性脂肪肝
急性侵袭型肺曲霉病,咯血
妊娠期甲状腺功能亢进,腹泻
妊娠期糖尿病,昏迷
妊娠期糖尿病,妊娠纹
妊娠舞蹈病,流产
妊娠性急性阑尾炎,腹痛
脊髓梅毒,腹痛
妊娠性哮喘,鼻出血
畸形性吞咽困难,吞咽困难
畸形性吞咽困难,新生儿喉喘鸣
进行性面偏侧萎缩症,眼球突出
进行性面偏侧萎缩症,眼球内陷
妊娠性心肌梗死,心绞痛
妊娠性心肌梗死,心肌梗死
软骨外胚层发育不全,唇腭裂
妊娠痒疹,疱疹
日本血吸虫病,便秘
日本血吸虫病,腹痛
日本血吸虫病,腹泻
日本血吸虫病,腹水
日本血吸虫病,腹胀
腰疝,消化不良
体质性低血压,失眠
日光皮炎,休克
日光皮炎,谵妄
眼眶横纹肌肉瘤,眼球突出
眼眶横纹肌肉瘤,结膜充血
眼眶横纹肌肉瘤,眼睑闭合不全
日光性雀斑样痣,雀斑
日光性雀斑样痣,色素斑
椎管内神经鞘瘤,脊髓半切综合征
肉孢子虫病,腹痛
肉孢子虫病,腹泻
肉孢子虫病,腹胀
心脏神经症,心绞痛
肉瘤皮肤转移,子宫内膜异位
聤耳,耳鸣
聤耳,眩晕
头风病,痛经
头风病,耳聋
小儿抽动秽语综合征,肝豆状核变性
小儿抽动秽语综合征,睡眠障碍
肉芽肿性前列腺炎,血尿
吐失,便秘
吐失,腹痛
肉芽肿性松弛皮肤,脓肿
心室扑动和心室颤动,心律失常
心室扑动和心室颤动,昏迷
退行性黄韧带肥厚,失眠
脱囊,便秘
乳房导管内乳头状瘤,乳房肿块
乳房导管内乳头状瘤,乳头溢液
乳房棘球蚴病,乳房肿块
啘,便秘
乳房结核,脓肿
乳房结核,乳房肿块
乳房结核,乳头内陷
十二指肠先天性狭窄,便秘
上斜肌腱鞘综合征,斜视
维生素Ａ缺乏症所致的角膜溃疡病,腹泻
维生素Ａ缺乏症所致的角膜溃疡病,角膜溃疡
十二指肠外瘘,腹痛
十二指肠外瘘,脱水
乳房湿疹,疱疹
乳房湿疹,乳头皲裂
痿病,肌肉萎缩
β受体亢进症,失眠
十二指肠结核,腹痛
十二指肠结核,上消化道出血
痿证,肌肉萎缩
乳房丝虫病,乳房肿块
胃肠积液,便秘
胃肠积液,腹痛
胃型哮喘,脓肿
胃型哮喘,咳嗽
胃寒呕吐,腹痛
胃神经纤维瘤,消化不良
乳糜泻,腹痛
乳糜泻,腹泻
乳糜泻,低血压
乳糜泻,腹胀
乳糜胸,脱水
胃憩室,吞咽困难
温虐,便血
胃平滑肌瘤,休克
胃平滑肌瘤,腹痛
胃平滑肌瘤,上消化道出血
胃平滑肌瘤,腹部肿块
多形红斑样皮疹,腹痛
多形红斑样皮疹,腹泻
多形红斑样皮疹,昏迷
多形红斑样皮疹,代谢性酸中毒
多形红斑样皮疹,肾功能衰竭
多形红斑样皮疹,低血压
温热,便血
胃溃疡,腹痛
胃溃疡,胃痉挛
无排卵性不孕症,闭经
胃结核,腹痛
胃结核,腹胀
胃内隔膜,腹痛
胃内隔膜,腹胀
乳头侵蚀性腺瘤病,湿疹
五更泄,腹泻
乳头炎和乳晕炎,脓肿
胃肠道间质瘤,吞咽困难
五积,腹痛
胃切除后吸收不良综合征,腹泻
胃切除后吸收不良综合征,倾倒综合征
胃切除后吸收不良综合征,吸收不良综合征
胃切除后吸收不良综合征,骨质疏松
胃切除后吸收不良综合征,缺铁性贫血
乳腺癌皮肤转移,疱疹
乳腺癌皮肤转移,斑秃
乳腺癌皮肤转移,脱发
乳腺癌皮肤转移,子宫内膜异位
温抗体型自身免疫性溶血性贫血,休克
温抗体型自身免疫性溶血性贫血,腹泻
温抗体型自身免疫性溶血性贫血,昏迷
乳腺癌肉瘤,乳头内陷
乳腺错构瘤,乳房肿块
五硬,鼻出血
五硬,败血症
乳腺纤维肉瘤,乳房肿块
乳腺纤维腺瘤,乳头溢液
吸烟中毒症,腹痛
吸烟中毒症,动脉粥样硬化
胃梅毒,腹痛
胃梅毒,消化性溃疡
胃梅毒,腹胀
息贲,呃逆
乳溢症,闭经
乳溢症,库欣综合征
小儿急性胆囊炎与胆管炎,腹痛
小儿急性胆囊炎与胆管炎,腹膜炎
小儿急性胆囊炎与胆管炎,腹胀
软组织肉瘤,肠套叠
软组织肉瘤,腹痛
瑞列绦虫病,腹痛
瑞列绦虫病,腹泻
瑞列绦虫病,磨牙
下腰椎不稳症,坐骨神经痛
下腰椎不稳症,咳嗽
下腰椎不稳症,腰椎间盘突出
SARS的胃肠道感染,腹痛
SARS的胃肠道感染,腹泻
新生儿肛门和直肠畸形,脱水
先天性白细胞颗粒异常综合征,雀斑
先天性白细胞颗粒异常综合征,眼球震颤
先天性白细胞颗粒异常综合征,斜视
先天性白细胞颗粒异常综合征,细菌感染
塞泽里综合征,湿疹
塞泽里综合征,甲营养不良
腮腺恶性肿瘤,鳞状细胞癌
先天性心脏病,晕厥
心血管疾病伴发的精神障碍,心绞痛
心血管疾病伴发的精神障碍,谵妄
项痹,耳鸣
项痹,肌肉萎缩
项痹,颈肩痛
项痹,眩晕
散光,斜视
桑毛虫皮炎,疱疹
桑毛虫皮炎,角膜炎
色素性化妆品皮炎,色素斑
药物性心肌病,休克
药物性心肌病,低血压
药物性心肌病,猝死
小肠虚寒,腹泻
色素性口周红斑,色素斑
营养不良性皮肤钙化病,甲营养不良
营养不良性皮肤钙化病,硬斑
药物性呼吸衰竭,昏迷
原发性腹膜炎,腹痛
原发性腹膜炎,腹泻
原发性腹膜炎,腹水
小儿疳痢,腹痛
直肠脱垂直肠壁内疝,腹痛
直肠脱垂直肠壁内疝,便血
小儿疳眼,角膜溃疡
低血糖,昏迷
低血糖,眩晕
高温引起的溶血性贫血,脱水
上干型胸廓出口综合征,耳鸣
上干型胸廓出口综合征,肌肉萎缩
小儿发烧,急腹症
上巩膜静脉压升高所致青光眼,眼球突出
上巩膜静脉压升高所致青光眼,眩晕
近端肾小管性酸中毒,便秘
近端肾小管性酸中毒,脱水
上气道梗阻,吞咽困难
上气道梗阻,会厌炎
小儿格林巴利综合症,截瘫
小儿格林巴利综合症,共济失调
痛风和高尿酸血症,昏迷
小儿副流感病毒肺炎,细菌感染
上腔静脉综合征,咳嗽
小儿盘肠气痛,腹痛
砷及其化合物引起的皮肤病,鼻出血
砷及其化合物引起的皮肤病,疱疹
癌症伴发的精神障碍,精神障碍
癌症伴发的精神障碍,痴呆
小儿热疮,疱疹
胸骨裂,骨裂
小儿乳积,腹痛
小儿乳积,消化不良
脑蛛网膜炎,脑积水
小儿肾母细胞瘤,咯血
小儿肾母细胞瘤,急腹症
小儿肾母细胞瘤,腹部肿块
脑静脉畸形,昏迷
脑静脉畸形,颅内出血
神经内分泌肿瘤皮肤转移,子宫内膜异位
小儿暑温,昏迷
小儿暑温,意识障碍
小儿暑温,吞咽困难
小儿头疖,便秘
小儿头疖,脓肿
小儿维生素B1缺乏病,便秘
小儿维生素B1缺乏病,腹痛
小儿维生素B1缺乏病,腹泻
小儿维生素B1缺乏病,多发性神经炎
小儿维生素B1缺乏病,肌肉萎缩
小儿维生素B1缺乏病,腹胀
神经系统结节病,意识障碍
神经系统结节病,截瘫
神经系统结节病,痴呆
小儿维生素B2缺乏病,角膜炎
小儿维生素B2缺乏病,舌炎
神经系统先天性疾病,吞咽困难
神经系统先天性疾病,智能障碍
小儿维生素B6缺乏病,腹泻
小儿维生素B6缺乏病,末梢神经炎
小儿维生素B6缺乏病,口炎
小儿维生素B6缺乏病,耳聋
小儿维生素B6缺乏病,舌炎
胆道蛔虫病与肝蛔虫病,腹痛
胆道蛔虫病与肝蛔虫病,腹膜炎
神经系统遗传病,肝豆状核变性
神经系统遗传病,截瘫
胆道华支睾吸虫病,腹痛
胆道华支睾吸虫病,腹泻
胆道华支睾吸虫病,腹水
神经元蜡样脂褐质沉积症,痴呆
神经元蜡样脂褐质沉积症,共济失调
胰腺囊腺瘤和囊腺癌,腹痛
胰腺囊腺瘤和囊腺癌,腹部肿块
胰腺囊腺瘤和囊腺癌,腹胀
原发性直立性低血压,低血压
肾淀粉样变性,腹水
肾淀粉样变性,猝死
小儿泄泻,腹痛
小儿泄泻,腹泻
小儿泄泻,脱水
肾动静脉瘘,血尿
肾动静脉瘘,蛋白尿
胰多肽瘤,腹痛
胰多肽瘤,腹泻
胰多肽瘤,腹部肿块
小儿眼外肌麻痹-视网膜色素变性-心脏传导,心律失常
小儿眼外肌麻痹-视网膜色素变性-心脏传导,视神经萎缩
小儿眼外肌麻痹-视网膜色素变性-心脏传导,耳聋
肾动脉栓塞,血尿
睾丸女性化,闭经
肾动脉狭窄,动脉粥样硬化
尿路软斑症,血尿
肾动脉血栓形成和栓塞,腹痛
肾动脉血栓形成和栓塞,蛋白尿
肾错构瘤,休克
肾错构瘤,血尿
肾错构瘤,蛋白尿
心瘅,心包积液
心瘅,心律失常
心瘅,腹泻
肾母细胞瘤,腹部肿块
心火上炎,便秘
心厥,昏迷
心厥,精神障碍
心厥,眩晕
肾上腺皮质功能减退性心脏病,腹痛
肾上腺皮质功能减退性心脏病,腹泻
肾上腺皮质功能减退性心脏病,低血压
肾上腺皮质功能减退性心脏病,腹胀
心脾两虚,眩晕
肾上腺皮质功能异常伴发的精神障碍,晕厥
肾上腺皮质功能异常伴发的精神障碍,精神障碍
肾上腺皮质功能异常伴发的精神障碍,眩晕
肾上腺素能依赖性尖端扭转性室性心动过速,尿失禁
肾上腺素能依赖性尖端扭转性室性心动过速,晕厥
肾上腺素能依赖性尖端扭转性室性心动过速,眩晕
肾上腺素能依赖性尖端扭转性室性心动过速,猝死
心气虚,耳鸣
肾嗜酸细胞瘤,血尿
肾脏疾病伴发的精神障碍,意识障碍
肾脏疾病伴发的精神障碍,精神障碍
心肾不交,遗精
心肾不交,眩晕
心肾不交,失眠
肛窦炎及肛乳头炎,便血
肾髓质囊性病,慢性肾功能不全
肾髓质囊性病,甲状旁腺功能亢进
难治性癫痫,腹痛
猝死,心律失常
猝死,猝死
肾性尿崩症,脱水
小肠重复畸形,肠套叠
小肠重复畸形,腹痛
小肠重复畸形,腹膜炎
小肠重复畸形,便血
肾性失镁,低钙血症
肾性失镁,低血压
肾性失镁,眩晕
肾性糖尿,腹泻
肾性糖尿,脱水
肾旋转异常,血尿
肾血管畸形与压迫,血尿
肾血管畸形与压迫,精索静脉曲张
肾血管畸形与压迫,脓肿
子宫内膜间质肉瘤,腹痛
子宫内膜间质肉瘤,鳞状细胞癌
心血虚,失眠
中心性渗出性脉络膜视网膜病变,视网膜脱离
阵发性冷性血红蛋白尿,蛋白尿
生长激素缺乏症,闭经
生长激素缺乏症,隐睾
心血瘀阻,血瘀体质
输尿管瓣膜,腹痛
输尿管瓣膜,血尿
心阳虚,昏迷
子宫切除术后会阴疝,便秘
生殖道肿瘤,疱疹
心阴虚,失眠
子宫内膜增生,闭经
生殖道肿瘤皮肤转移,疱疹
子宫腺肌病,运动性闭经
子宫腺肌病,子宫内膜异位
性交晕厥,耳鸣
产后甲状腺炎,闭经
产后甲状腺炎,流产
产后甲状腺炎,精神障碍
胸痹,心绞痛
胸痹心痛,心绞痛
巨大肥厚性胃炎,腹痛
休息痢,腹痛
休息痢,腹泻
休息痢,痢疾
小儿营养不良性水肿,腹泻
小儿营养不良性水肿,腹水
虚寒咳嗽,咳嗽
新生儿获得性免疫缺陷综合征,腹泻
新生儿获得性免疫缺陷综合征,疱疹
虚寒呕吐,腹痛
虚寒泄泻,腹痛
婴幼儿脐疝,咳嗽
虚疟,腹泻
痃癖,腹部肿块
虱病,脓肿
虱病,湿疹
干眼,结膜充血
干眼,角膜溃疡
十二指肠静脉曲张,休克
十二指肠静脉曲张,静脉曲张
十二指肠静脉曲张,便血
吉兰-巴雷综合征,腹泻
吉兰-巴雷综合征,昏迷
十二指肠溃疡,腹痛
十二指肠类癌,腹泻
十二指肠类癌,脱水
十二指肠良性肿瘤,腹痛
十二指肠良性肿瘤,腹部肿块
萎缩性毛周角化病,耳聋
十二指肠内瘘,腹泻
十二指肠内瘘,消化不良
十二指肠内瘘,腹部肿块
血厥,耳鸣
血厥,低血压
阿根廷出血热,腹痛
阿根廷出血热,腹泻
阿根廷出血热,败血症
血劳,腹胀
十二指肠旁疝,腹痛
血瘤,细菌感染
十二指肠平滑肌肉瘤,腹部肿块
血气胸,休克
中毒性紫癜,紫癜
十二指肠腺癌,腹痛
血热崩漏,失眠
石棉业所致的皮肤病,硬斑
血虚头痛,头痛
血虚头痛,眩晕
血虚眩晕,月经量少
血虚眩晕,失眠
石棉状糠疹,脱发
血证,鼻出血
食管白斑,吞咽困难
食管穿孔,腹痛
食管穿孔,吞咽困难
食管穿透性损伤,胸腔积液
食管穿透性损伤,腹痛
食管穿透性损伤,静脉曲张
食管穿透性损伤,吞咽困难
牙宣,口臭
食管腐蚀性灼伤,腹痛
食管腐蚀性灼伤,昏迷
食管腐蚀性灼伤,吞咽困难
食管过短,吞咽困难
眼睑丹毒,疱疹
眼睑丹毒,丹毒
食管化学性烧伤,吞咽困难
眼睑疖肿和脓肿,脓肿
食管结核,吞咽困难
食管结核,淋巴结结核
眼睑热性疱疹,疱疹
食管克罗恩病,吞咽困难
食管内异物,吞咽困难
食管内异物,脓肿
食管囊肿,吞咽困难
食管囊肿,咳嗽
食管黏膜损伤,脓肿
眼睑炭疽,便秘
眼睑炭疽,脑膜炎
眼睑炭疽,败血症
食管念珠菌感染,吞咽困难
食管其他恶性肿瘤,静脉曲张
食管乳头状瘤,吞咽困难
食管乳头状瘤,便血
阳强,性欲亢进
食管胃底静脉曲张及其破裂出血,腹泻
食管胃底静脉曲张及其破裂出血,腹水
阳虚,痛经
食管息肉,吞咽困难
食管血管瘤,吞咽困难
食管压迫型颈椎病,吞咽困难
食管压迫型颈椎病,颈肩痛
食管异位组织,吞咽困难
噎膈,上消化道出血
食管中段憩室,吞咽困难
食管重复畸形,咯血
食管重复畸形,吞咽困难
噫气,消化不良
噫气,腹胀
噫气,呃逆
史-约综合征,睑内翻
史-约综合征,角膜溃疡
遗传过敏性皮炎,湿疹
矢状窦旁脑膜瘤,精神障碍
矢状窦旁脑膜瘤,瘫痪
疫斑热,休克
疫斑热,腹痛
疫斑热,低血压
视神经胶质瘤,视神经萎缩
视神经胶质瘤,眼球突出
视神经胶质瘤,眼球震颤
视神经胶质瘤,斜视
视神经胶质瘤,色素斑
疫毒痢,腹痛
疫黄,谵妄
视网膜血管炎,疱疹
阴痹,腹胀
阴疮,外阴溃疡
室性并行心律及室性并行心律性心动过速,心律失常
阴道壁脱垂,尿失禁
室性期前收缩,心绞痛
室性期前收缩,晕厥
阴汗,肾阳虚
室性逸搏及室性逸搏心律,休克
阴结,便秘
适应障碍,丧偶后适应性障碍
阴冷,肾阳虚
嗜碱性粒细胞增多症,休克
嗜麦芽黄单胞菌肺炎,气胸
嗜麦芽黄单胞菌肺炎,脓肿
阴挺,耳鸣
阴虚火旺,口腔溃疡
嗜水气单胞菌感染,脑膜炎
嗜水气单胞菌感染,脓肿
嗜水气单胞菌感染,痢疾
婴儿闷热综合症,呼吸衰竭
婴儿闷热综合症,昏迷
婴儿闷热综合症,脱水
嗜酸性粒细胞性膀胱炎,血尿
嗜酸性粒细胞增多-肌痛综合征,呼吸衰竭
婴儿型黑矇性痴呆,视神经萎缩
婴儿型黑矇性痴呆,痴呆
婴儿型黑矇性痴呆,瘫痪
婴儿型黑矇性痴呆,共济失调
嗜酸性脓疱性毛囊炎,湿疹
营养缺乏性神经病变,肌肉萎缩
营养缺乏性神经病变,营养代谢缺乏
营养缺乏性神经病变,营养不良
有头疽,便秘
手湿疹,疱疹
手术后反流性胃炎,腹痛
郁冒,昏迷
郁冒,眩晕
手术后膈疝,休克
月经失调性不孕症,腹痛
月经失调性不孕症,闭经
月经失调性不孕症,痛经
月经失调性不孕症,月经量少
枢椎齿突骨折,粉碎性骨折
舒张性心力衰竭,腹胀
输卵管癌三联症,腹痛
输卵管癌三联症,腹水
输卵管结核,腹痛
输卵管结核,腹水
脏寒,腹痛
脏寒,腹泻
输尿管结核,血尿
输尿管炎,血尿
输尿管异位开口,尿失禁
输尿管异位开口,湿疹
瘴疟,昏迷
输尿管肿瘤,腹痛
输尿管肿瘤,血尿
输尿管肿瘤,腹部肿块
蔬菜皮炎,疱疹
鼠咬热,胸腔积液
鼠咬热,脑膜炎
肢萎,肌肉萎缩
束支折返性室性心动过速,晕厥
束支折返性室性心动过速,猝死
双侧束支传导阻滞,晕厥
双分支阻滞,晕厥
双分支阻滞,猝死
指疔,指节垫
双胃,腹痛
双向性室性心动过速,晕厥
双向性室性心动过速,猝死
中风后遗症,肌肉萎缩
双眼上斜肌麻痹,斜视
中满,消化不良
双重输尿管,尿失禁
中气不足,消化不良
中气不足,腹胀
水、电解质紊乱伴发的精神障碍,昏迷
水、电解质紊乱伴发的精神障碍,谵妄
水痘肺炎,呼吸衰竭
水痘肺炎,咳嗽
水痘性角膜炎,角膜炎
周围神经炎,肌肉萎缩
周围神经炎,植物神经功能障碍
睡眠呼吸暂停综合征,失眠
疰夏,中暑
疰夏,眩晕
睡眠障碍,梦游症
睡眠障碍,病理性REM睡眠
睡眠障碍,磨牙
斯特奇-韦伯综合征,视网膜脱离
斯特奇-韦伯综合征,精神障碍
四川并殖吸虫病,胸腔积液
四川并殖吸虫病,缩窄性心包炎
四川并殖吸虫病,脓肿
松节油皮炎,腹泻
子嗽,咳嗽
子痰,脓肿
子痫,腹痛
子痫,昏迷
子痫,妊高征
子悬,腹胀
酸碱灼伤,湿疹
走黄,腹泻
走黄,昏迷
唇风,疱疹
髓母细胞瘤,眼球震颤
髓母细胞瘤,共济失调
唇疱疹,疱疹
髓内肿瘤,瘫痪
髓内肿瘤,棘突压痛
Terrien角膜边缘性变性,结膜充血
Terrien角膜边缘性变性,角膜溃疡
Terson综合征,视网膜脱离
Theodore上方角膜缘角结膜炎,上睑下垂
Theodore上方角膜缘角结膜炎,结膜充血
Thygeson浅层点状角膜病变,角膜炎
抗-HCVAg阳性,血尿
抗-HCVAg阳性,蛋白尿
弹性假黄瘤,上消化道出血
胎儿生长受限,妊高征
胎儿乙醇综合征,睡眠障碍
脑萎缩,痴呆
脑萎缩,共济失调
胎粪吸入综合征,低钙血症
胎粪吸入综合征,肺不张
胎粪性便秘,小儿便秘
胎粪性便秘,腹胀
鼻炎,鼻出血
胎记,鲜红斑痣
慢性结肠炎,腹泻
溃疡性肠炎,腹痛
溃疡性肠炎,腹泻
缺血性肠炎,腹痛
缺血性肠炎,便血
细菌性肠炎,腹痛
细菌性肠炎,腹泻
直肠炎,便秘
直肠炎,腹痛
直肠炎,腹泻
直肠炎,老年大便失禁
炭疽,胸腔积液
炭疽,疱疹
炭疽,败血症
慢性肠炎,腹痛
慢性肠炎,腹泻
糖尿病,气阴两虚
糖尿病伴发的葡萄膜炎,败血症
糖尿病合并低血糖,昏迷
糖尿病合并低血糖,低血糖症
肠胃炎,腹痛
肠胃炎,腹泻
肾小球肾炎,血尿
糖尿病心脏病,心肌梗死
糖尿病心脏病,昏迷
糖尿病心脏病,猝死
脊柱侧弯,脊柱侧弯
糖尿病性胃轻瘫,腹痛
糖尿病性胃轻瘫,腹胀
糖尿病性周围神经病,肾功能衰竭
糖原贮积病Ⅰ型,血脂异常
糖原贮积病Ⅱ型,心律失常
糖原贮积病Ⅱ型,肌肉萎缩
糖原贮积病Ⅱ型,心力衰竭
糖原贮积病Ⅴ型,肌肉萎缩
糖原贮积病Ⅴ型,蛋白尿
特发性大网膜节段性梗死,腹泻
特发性大网膜节段性梗死,急腹症
特发性低促性腺激素性性腺功能减退症,共济失调
肺心病,心律失常
胆囊炎,腹痛
输卵管炎,痛经
输卵管炎,盆腔脓肿
病毒性肠炎,腹痛
病毒性肠炎,腹泻
