label,name
Category,疾病百科
Category,内科
Category,呼吸内科
Category,儿科
Category,小儿内科
Category,急诊科
Category,其他科室
Category,其他综合
Category,肿瘤科
Category,肿瘤内科
Category,外科
Category,心胸外科
Category,感染科
Category,传染科
Category,儿科综合
Category,妇产科
Category,产科
Category,普外科
Category,心内科
Category,肿瘤外科
Category,神经内科
Category,风湿免疫科
Category,五官科
Category,眼科
Category,内分泌科
Category,小儿外科
Category,耳鼻喉科
Category,妇科
Category,康复科
Category,消化内科
Category,肛肠科
Category,肝病
Category,皮肤性病科
Category,皮肤科
Category,肝胆外科
Category,血液科
Category,遗传病科
Category,肾内科
Category,泌尿外科
Category,泌尿内科
Category,中医科
Category,中医综合
Category,烧伤科
Category,男科
Category,骨外科
Category,神经外科
Category,精神科
Category,口腔科
Category,营养科
Category,性病科
Category,心理科
Category,生殖健康
Category,不孕不育
Category,整形美容科
Category,减肥
Check,胸部CT检查
Check,肺活检
Check,支气管镜检查
Check,耳、鼻、咽拭子细菌培养
Check,周围血白细胞计数及分类检验
Check,血常规
Check,酶联免疫吸附试验
Check,白细胞分类计数
Check,骨髓象分析
Check,先令氏指数
Check,肺部检查
Check,肺和胸膜听诊
Check,抗链球菌型M蛋白抗体
Check,抗链球菌壁多糖抗体
Check,呼吸肌功能测定
Check,血浆蛋白C抗原
Check,肺泡气-动脉血氧分压差
Check,肺毛细血管楔压
Check,胸部透视
Check,胸部平片
Check,痰液中细胞分类
Check,痰液中寄生虫和虫卵
Check,Optochin敏感试验
Check,小白鼠毒力试验
Check,痰培养
Check,肺活量体重指数
Check,免疫电泳
Check,痰液细菌涂片检查
Check,钼靶X线检查
Check,CT检查
Check,尿常规
Check,肾功能检查
Check,神经系统检查
Check,眼底荧光血管造影
Check,肌电图
Check,脑电图检查
Check,心肺功能运动试验（CPET）
Check,痰液病原体检查
Check,痰液常规检查
Check,尿液镜检法
Check,抗肾小球基底膜抗体测定（AGBM）
Check,隐血试验与含铁血黄素检查
Check,纤维支气管镜检查
Check,肺功能检查
Check,通气与血流灌注比值（V/Q）
Check,每分钟最大通气量（MVV）
Check,肺量计检测
Check,支气管造影
Check,残气量／肺总量比值（RV/TLC）
Check,肺容量测定
Check,肺活量（VC）
Check,最大呼气流量-容积曲线（MEFV）
Check,深吸气量（IC）
Check,一秒用力呼出量／用力肺活量比值
Check,心电图
Check,无效腔气量／潮气量比值
Check,痰液细菌培养
Check,呼吸道粘液-纤毛清除功能测定
Check,剖胸术
Check,痰液显微镜检查
Check,生理无效腔（Vd/Vt）
Check,肺灌注显像
Check,因子VIII/因子IX促凝活性
Check,血清纤维蛋白降解产物测定
Check,补呼气量
Check,潮气容量
Check,凝血因子活性测定
Check,凝血因子活性测定(因子Ⅷ∶C、Ⅸ∶C)
Check,胸部MRI
Check,嗜中性杆状粒细胞数
Check,肺上皮细胞通透性（LEP）测定
Check,肺弥散功能测定（DL）
Check,肺炎支原体寒冷凝集试验
Check,补体结合试验
Check,痰液细胞学检查
Check,造影检查
Check,CT造影扫描
Check,痰液的一般性状检查
Check,隐球菌病胶乳凝集试验
Check,糖链抗原242
Check,细胞角蛋白19片段抗原（CYFRA21-1）
Check,巴氏或H-E染色检查
Check,血卟啉雾化吸入试验
Check,肿瘤断层显象
Check,纵隔镜检查
Check,尿镉
Check,大生化检查
Check,血清镉（Cd）
Check,白细胞计数（WBC）
Check,内科检查
Check,游离肝素时间
Check,血液生化六项检查
Check,双链酶皮内试验
Check,肝素-抗凝血酶Ⅳ复合物
Check,链霉素皮内试验
Check,中心静脉压测定（CVP）
Check,血氧饱和度
Check,激发试验
Check,痰液中分泌型IgE
Check,氧分压
Check,尿汞
Check,血清汞（Hg）
Check,尿汞（Hg）
Check,全血汞
Check,肺容积
Check,通气贮量比
Check,每分钟静息通气量（VE）
Check,气体分布
Check,抗军团菌抗体试验
Check,胶乳凝集抑制试验(LAI)
Check,"二氧化碳分压（PCO2,PCO2）"
Check,多普勒超声心动图
Check,核磁共振成像(MRI)
Check,二氧化碳结合力
Check,标准碳酸氢盐(SB)
Check,脱落细胞检查
Check,体位引流
Check,肺顺应性(C)
Check,军团菌血清学试验
Check,痰液中晶体
Check,金伯克现象
Check,胸腔镜检查
Check,β-内酰胺酶
Check,便常规
Check,血液硫化血红蛋白
Check,一氧化碳
Check,血氧含量
Check,红细胞碱粒凝集试验
Check,体温测量
Check,脉搏
Check,副流感病毒抗体
Check,全血镍
Check,全血镍（Ni）
Check,尿镍（Ni）
Check,FBC玫瑰花试验
Check,尿铍
Check,白细胞移动抑制试验
Check,尿钙
Check,脑神经检查
Check,颅脑CT检查
Check,颅脑超声检查
Check,脑多普勒超声（TCD）
Check,脑脊液游离型髓鞘碱性蛋白抗体
Check,脑脊液游离型髓鞘碱性蛋白
Check,肺和胸膜触诊
Check,硬币叩击试验
Check,硬币叩击征
Check,动脉血氧分压(PaO2)
Check,血清免疫球蛋白测定
Check,浆细胞
Check,真菌组织病理学
Check,病毒感染免疫检测
Check,流感病毒抗体
Check,阴离子隙
Check,胃液乳酸定性试验
Check,胃液乳酸测定
Check,红细胞乳酸生成率
Check,血乳酸
Check,乳酸与丙酮酸比值
Check,腹部CT
Check,血液丙酮酸
Check,胰岛素
Check,血清免疫球蛋白E（IgE）
Check,睡眠试验
Check,血液检查
Check,呼气流速
Check,肺显像
Check,血清铁蛋白
Check,间接胆红素
Check,尿含铁血黄素定性试验
Check,血清铁
Check,血清铁（Fe）
Check,涂片
Check,胸部B超
Check,羊水卵磷脂/鞘磷脂比值
Check,羊水卵磷脂/鞘磷脂比值（L/S）
Check,肺泡-动脉氧分压差（PA-aDO2）
Check,羊水泡沫试验
Check,痰液量
Check,血凝抑制试验
Check,间接鼻咽镜
Check,肺总量（TLC）
Check,血清胰高血糖素（PG）
Check,食管造影
Check,动脉血气分析
Check,血液电解质检查
Check,羊膜镜检查
Check,儿童支气管镜检查
Check,血清学反应
Check,冷凝集试验
Check,异型中性粒细胞
Check,白细胞数
Check,体液免疫检测法
Check,过敏原筛选
Check,流速容量测定
Check,支气管舒张试验
Check,皮内试验
Check,血清免疫球蛋白G亚类
Check,气道过敏试验
Check,血清-氧化氮
Check,肺通气量
Check,儿童肺功能检查
Check,触觉
Check,淋巴细胞数
Check,波顿格征
Check,胎儿畸形筛查
Check,实际碳酸氢盐（AB）
Check,胸腔积液微生物学检查
Check,全血铬
Check,结核杆菌检查
Check,结核菌素皮内试验
Check,结核杆菌的抗原、抗体检查
Check,"结核菌素试验（OT,PPD）"
Check,胃液显微镜检查
Check,尿液分析
Check,沙眼衣原体抗原
Check,血清免疫蛋白电泳
Check,基础代谢
Check,羊水与尿液鉴别试验
Check,血浆游离血红蛋白
Check,血液碳氧血红蛋白
Check,叠氮高铁血红蛋白
Check,肺通气功能
Check,残气量（RV）
Check,肺炎支原体补体结合试验
Check,立克次体凝集试验
Check,经胸壁针刺肺活检
Check,痰液中分泌型IgA
Check,类风湿因子
Check,迟发性皮肤变态反应
Check,免疫病理检查
Check,皮损
Check,抗内皮细胞抗体
Check,肌钙蛋白
Check,超氧化物歧化酶（SOD）
Check,超氧化物岐化酶
Check,心肌灌注显像
Check,血管造影
Check,血清精氨酸酶（ARG）
Check,动态心电图（Holter监测）
Check,阿托品抑制GH试验
Check,C-反应蛋白检验（CRP）
Check,二维超声心动图
Check,尿沉渣
Check,心血管造影
Check,血管杂音
Check,深静脉通畅试验
Check,血管镜
Check,血管视诊
Check,交通静脉瓣膜功能试验
Check,大隐静脉瓣膜功能试验
Check,脉搏波速度
Check,于夏征
Check,甘油三酯
Check,闭目直立试验
Check,动脉通畅性试验
Check,血流变学检查
Check,脑血管造影
Check,动脉听诊
Check,上肢动脉功能试验
Check,平衡法放射性核素心血管造影(ERNA)
Check,心血管MRI检查
Check,周围血管征
Check,冠状动脉造影
Check,选择性心血管造影
Check,收缩压
Check,抗核苷酶试验
Check,抗链球菌激酶试验
Check,宿主中介试验
Check,抗透明质酸酶
Check,狼疮细胞
Check,血清补体C3
Check,马尿酸钠水解试验
Check,杆菌肽抑菌试验
Check,舒张压
Check,99Tcm-DTPA肺上皮细胞通透性测定
Check,动静脉瘘定位试验
Check,血压
Check,腹膜后充气造影
Check,尿儿茶酚胺
Check,眼底检查
Check,动态血压监测(ABPM)
Check,白细胞介素4（iL-4）
Check,速尿激发试验
Check,血清白细胞介素3
Check,红细胞聚集性
Check,紧张度与动脉壁状态
Check,血管紧张素Ⅱ
Check,断层显像
Check,菊糖发酵试验
Check,血清冷凝集素试验
Check,运动显像
Check,组织纤溶酶原激活物
Check,静息显像
Check,酶学检查
Check,室壁运动电影显示
Check,载脂蛋白A-Ⅰ(ApoA-Ⅰ)
Check,脏器断层显像
Check,脉率
Check,窦道及瘘管造影
Check,眼底微血管检查
Check,Hertel氏眼球突出计
Check,血清乳酸脱氢酶
Check,环磷酸鸟苷
Check,血清肌钙蛋白I(TnI)和肌钙蛋白T(TnT)
Check,乳酸脱氢酶同工酶
Check,血小板第Ⅳ因子
Check,血管性假血友病因子
Check,维生素B1
Check,颈静脉回流试验
Check,三碘甲状腺原氨酸（T3）
Check,甲状腺素(T4)
Check,甲状腺激素抑制显像
Check,游离甲状腺指数
Check,甲状腺血流显像
Check,三碘甲状腺原氨酸摄取率
Check,促甲状腺激素释放激素
Check,游离三碘甲状腺原氨酸指数（FT3I）
Check,游离三碘甲状腺原氨酸
Check,深反射检查
Check,抗心肌抗体
Check,抗心肌细胞膜抗体
Check,抗热休克蛋白-60抗体
Check,抗心肌抗体（AMA）
Check,尿硒
Check,血清硒(Se)
Check,皮肤颜色
Check,库姆斯氏试验
Check,血清补体C6含量
Check,抗RNP抗体
Check,抗着丝点抗体
Check,肺阻抗血流图
Check,肺和胸膜叩诊
Check,负荷试验脑血流灌注显像
Check,心脏血管超声检查
Check,腹颈静脉回流试验
Check,肝-颈静脉返流征
Check,弗里德瑞希征
Check,颈静脉检查
Check,腹部搏动检查
Check,超声内镜检查
Check,血浆鱼精蛋白副凝试验（3p试验）
Check,凝血时间
Check,凝血酶时间
Check,白陶土部分凝血活酶时间
Check,纤维蛋白降解产物
Check,脾显象
Check,电子皮镜
Check,抗风疹病毒抗体(RuV)
Check,皮疹
Check,风疹病毒抗体IgG
Check,TORCH检查
Check,风疹病毒抗体
Check,肢体血流图
Check,伯尔格试验
Check,脉波
Check,血栓调节蛋白抗原
Check,纤维蛋白肽Bβ15～42
Check,经食管超声心动图(TEE)
Check,血浆组织纤溶酶原活化物抗原检测
Check,血小板凝集功能试验
Check,肌红蛋白
Check,磷酸肌酸激酶
Check,血浆组织纤溶酶原活化物活性检测
Check,饱餐试验
Check,Rerth试验
Check,血清乳酸脱氢酶（LDH）
Check,红细胞电泳时间测定
Check,红细胞电泳时间
Check,α-羟丁酸脱氢酶
Check,瑞斯托霉素诱导血小板聚集测定
Check,手背浅静脉充盈度
Check,儿童体检
Check,肾血浆流量
Check,放射性核素肾图
Check,肾素活性
Check,心包积液检查
Check,血清天冬氨酶氨基转移酶同工酶
Check,磁共振波谱分析
Check,前鼻镜检查
Check,体位
Check,肿瘤相关抗原
Check,电子支气管镜检查
Check,膈现象
Check,干扰素
Check,腮腺炎病毒抗体
Check,腺病毒抗体
Check,淋巴细胞转化率
Check,血清r-谷氨酰基转移酶
Check,体层摄影
Check,羊水量
Check,腹部平片
Check,胎心音
Check,抗溶血性链球菌“O”试验
Check,血氧饱和度(SaO2)
Check,格哈德征
Check,蓝多耳菲征
Check,毛细血管搏动征
Check,肠镜
Check,粪细菌培养
Check,阿米巴原虫抗原和抗体
Check,血清胆碱酯酶（CHE）
Check,自然杀伤细胞活性
Check,腹部MRI检查
Check,食管钡餐透视
Check,纤维胃镜检查
Check,胃钡餐造影
Check,上消化道X线钡餐
Check,α-D-半乳糖-1-磷酸转尿苷酰酶
Check,直接胆红素
Check,尿半乳糖
Check,尿戊糖
Check,尿乳糖
Check,阿-曼氏试验
Check,血浆蛋白S测定
Check,腹部透视
Check,肝促凝血活酶试验
Check,尿氨（NH3）
Check,血浆蛋白C活性测定
Check,血浆凝血酶检测
Check,色氨酸
Check,纤维结肠镜检查
Check,凝血酶原时间（PT）
Check,腹部血管超声检查
Check,血清谷草转氨酶与血清谷-丙转氨酶比值
Check,"总胆红素（TBIL,STB）"
Check,直肠指检
Check,无痛胃镜
Check,胃肠道显像
Check,内镜检查
Check,胃肠道疾病的超声检查
Check,血凝试验
Check,细菌性食物中毒检测
Check,丙型肝炎RNA
Check,丙型肝炎病毒抗体免疫球蛋白G
Check,肝、胆、胰、脾的MRI检查
Check,抗丙型肝炎病毒IgA抗体
Check,直接胆红素/间接胆红素比值
Check,腹部外形检查
Check,丙型肝炎病毒抗体免疫球蛋白M
Check,丙型肝炎抗体检测（抗-HCV-Ig）
Check,腹部叩诊音
Check,皮肤涂片显微镜检查
Check,皮肤病的物理检查
Check,粪便人体酿母菌
Check,粪便菌群失调
Check,粪便酵母菌
Check,肠鸣音
Check,腹部听诊
Check,胃肠道CT检查
Check,腹部叩诊
Check,纤维肠镜
Check,胆道造影
Check,胃镜
Check,纤维胃镜
Check,胃液胃癌相关抗原
Check,胃粘膜活检
Check,胃液气味
Check,胃肠道功能动力学检查
Check,脑膜刺激征
Check,皮肤试验
Check,腹腔穿刺
Check,红细胞比容
Check,血糖
Check,粪特里布累
Check,特里布累氏试验
Check,乙状结肠镜检查
Check,X线钡影跳跃征
Check,腹腔镜
Check,口服胆囊造影
Check,经皮经肝胆道造影术
Check,胆道运动功能检测
Check,缩胆囊素
Check,胆囊超声波检查
Check,腹部外形触诊
Check,δ-胆红素
Check,粪便脂肪定量
Check,胆囊胆道B超检查
Check,血清脂蛋X
Check,5＇-核苷酸酶
Check,尿液颜色
Check,经皮经肝胆道引流术
Check,胆道镜检查
Check,异柠檬酸脱氢酶
Check,维生素K
Check,苷-胆酸
Check,粪胆原
Check,胆道支架引流（ERBD）
Check,血清铁/铜比值
Check,胰腺外分泌功能试验
Check,动物实验
Check,无痛内视镜检查
Check,无痛肠镜
Check,直肠镜检查
Check,十二指肠胃反流测定和显像
Check,抗平滑肌抗体
Check,抗线粒体抗体
Check,血清碱性磷酸酶
Check,抗线粒体抗体（AMA）
Check,抗乙酸胆碱受体抗体（anti-AchR）
Check,免疫印迹技术
Check,肝脏超声检查
Check,前S抗体
Check,丁型肝炎抗体
Check,肝脏及胆囊叩诊
Check,肝脏触诊
Check,血清胆汁酸测定（TBA）
Check,十二指肠钡餐造影
Check,胰胚抗原
Check,尿胆原
Check,剖腹探查
Check,糖链抗原50
Check,癌症普查
Check,血液酸碱度（pH）
Check,端粒酶活性
Check,匿血试验
Check,蛋白质类肿瘤标志物检测
Check,氧化酶试验
Check,吲哚试验
Check,胃肠型和蠕动波
Check,粪便结缔组织与弹力纤维
Check,粪便肌肉纤维
Check,粪便植物细胞与植物纤维
Check,球形红细胞
Check,腹水检查
Check,浆膜腔积液
Check,类风湿相关核抗原(RANA)抗体
Check,肛门指检
Check,膀胱镜
Check,胸腹水检查
Check,腹壁反射
Check,压痛及反跳痛
Check,浆膜腔积液病原体
Check,粪便性状
Check,小肠镜检查
Check,食管24hpH监测
Check,胃食管反流测定和显像
Check,粪便脂肪
Check,寄生虫排泄物和分泌物检查
Check,腹部包块
Check,血清甘油三脂
Check,血脂检查
Check,肛门视诊
Check,肌张力检查
Check,闭目难立征
Check,甲状腺、甲状旁腺的超声检查
Check,肝脏疾病超声诊断
Check,血清总甲状腺素（TT4）
Check,肝纤维化指标检查
Check,反映肝脏间质变化的试验
Check,透明质酸
Check,纤维连接蛋白
Check,肝纤四项
Check,层粘连蛋白
Check,血清Ⅳ型胶原蛋白
Check,血清Ⅲ型胶原蛋白
Check,叶酸
Check,血氨
Check,肝、胆、脾CT检查
Check,抗肝细胞膜特异性脂蛋白抗体（ALSP）
Check,尿胆红素（BIL）
Check,尿胆原（URO）
Check,抗平滑肌抗体（ASMA）
Check,抗肝肾微粒体抗体测定（LKM）
Check,血清白蛋白与球蛋白比值（A/G）
Check,"血清总蛋白（TP,TP0）"
Check,乙型肝炎病毒表面抗原（HBsAg）
Check,弓形虫抗体
Check,血清γ-谷氨酰转肽酶（γ-GTP）
Check,血清γ-谷氨酰转肽酶
Check,"结合胆红素(SDB,DBIL)"
Check,胸部疾病体征检查
Check,脑脊液谷氨酰胺
Check,谷氨酰胺
Check,胰高血糖素负荷试验
Check,复方碘试验
Check,利多卡因代谢试验
Check,反映肝脏贮备功能的试验
Check,对氨马尿酸合成试验
Check,血清游离胆固醇
Check,胰多肽
Check,絮状沉淀试验
Check,肝表面状态和边缘
Check,肝大小
Check,肝区及胆囊叩击痛
Check,肝压痛
Check,肝质地
Check,粪便淀粉颗粒
Check,胃充盈及排空功能检查
Check,胃排空测定和显像
Check,粪形状和硬度
Check,胃液尿素测定
Check,钩蚴培养法
Check,抗原皮内试验
Check,肝上、下界叩诊
Check,肝腹水的检查
Check,肝功能检查
Check,血清山梨醇脱氢酶
Check,血清甘-鹅去氧胆酸
Check,色氨酸耐量试验
Check,肝胆动态显像
Check,肝脏震颤试验
Check,包虫病补体结合试验
Check,药敏试验
Check,肝实质显像
Check,甲胎蛋白变异体（AFPV）
Check,肝动态血池显像
Check,胃超声检查
Check,粪便寄生虫
Check,胃基础胃酸分泌量测定（BAO）
Check,肝胶体显像
Check,细菌学检验
Check,皮肤真菌镜检
Check,动态显像
Check,蛋白电泳
Check,1分钟胆红素
Check,电子肠镜
Check,肠道真菌病检测
Check,虫卵计数法
Check,寄生虫检查的浓聚法
Check,改良加藤法
Check,霍乱弧菌检测
Check,双气囊小肠镜
Check,视力
Check,视野检查
Check,呼吸运动检查
Check,腹壁紧张度
Check,PPD试验
Check,胃总酸度测定
Check,胃游离盐酸测定
Check,胃部检查
Check,胃液蛋白酶
Check,十二指肠引流显微镜检查
Check,经皮肝穿胆道引流（PTD）
Check,肝胆显像
Check,粪结核杆菌检查
Check,粪便氮
Check,粪中细胞
Check,粪便显微镜检查
Check,异位胃粘膜显像
Check,凝集实验
Check,甲型肝炎抗体
Check,甲型肝炎病毒抗原（HAVAg）
Check,甲型肝炎抗体检测（抗-HAV）
Check,抗甲型肝炎病毒IgA抗体
Check,甲型肝炎抗原
Check,枸橼酸盐利用试验
Check,明胶液化试验
Check,淀粉水解试验
Check,碳源利用试验
Check,血清阴离子测定
Check,人类轮状病毒抗体
Check,结肠造影
Check,胃液潜血试验
Check,结肠驱气试验
Check,Bryan试验
Check,闭孔内肌试验
Check,风湿病化验检查项目
Check,血清胆固醇与磷脂比值
Check,血清脂蛋白-α
Check,静脉胆道造影
Check,尿淀粉酶（UAMY）
Check,胆囊触诊
Check,胰蛋白酶
Check,淀粉酶
Check,淀粉酶同工酶
Check,鼻胆管引流（ENBD）
Check,胰癌胚抗原（POA）
Check,胰蛋白酶(Try)
Check,小肠造影
Check,血清α1-抗胰蛋白酶蛋白
Check,粪隐血试验
Check,胆碱酯酶
Check,粪中结晶
Check,肿瘤VIP受体显像
Check,癌抗原50（CA50）
Check,胃液胃组织癌胚抗原
Check,积液癌胚抗原
Check,色觉
Check,寄生虫检查的定量透明法
Check,粪便气味
Check,固相酶免疫测定技术
Check,粪便脓液
Check,粪糜蛋白酶
Check,粪脂肪定量
Check,粪食物残渣
Check,胰凝乳蛋白酶
Check,血清钙
Check,抗网蛋白抗体
Check,抗麸质抗体
Check,呼气试验
Check,抗肌内膜自身抗体
Check,脂肪吸收试验
Check,食管压力测定
Check,胃蛋白酶
Check,维生素B12
Check,上消化道功能测定和显像
Check,胃蛋白酶测定
Check,抗幽门杆菌IgG抗体
Check,腹腔灌洗试验
Check,脾显像
Check,平均血小板体积(MPV)
Check,胃液酸碱度(pH)
Check,肝区腹膜摩擦感
Check,丙氨酸氨基转移酶(ALT）
Check,5-羟色胺
Check,红细胞δ-氨基-γ-酮戊酸脱水酶
Check,粪便中的卟啉
Check,尿铅
Check,尿铅（Pb）
Check,脑脊液铅
Check,螯合剂驱铅试验
Check,尿δ-氨基-γ-酮基戊酸
Check,红细胞流动系数TK值
Check,葡萄糖耐量试验
Check,小肠充盈及排空功能检查
Check,粪中脂肪
Check,全血砷
Check,全血砷（As）
Check,血清砷（As）
Check,尿砷
Check,动脉血氧含量（CaO2）
Check,上消化道摄影检查
Check,胸部外部检查
Check,吞噬鸡红细胞功能试验
Check,食管拉网检查
Check,血清醛缩酶同工酶
Check,粪便颜色
Check,上消化道内窥镜检查
Check,上消化道造影
Check,脂蛋白X（LP-X）
Check,食道X线钡餐检查
Check,微量元素中毒检测
Check,必需微量元素检测
Check,血清唾液酸测定
Check,色素内镜检查
Check,胃液颜色
Check,聚合酶链反应技术
Check,胃电图
Check,血清淀粉酶（AMS）
Check,高峰胃酸分泌量
Check,胃液总量
Check,SST受体显像
Check,最大胃酸分泌量测定（MAO）
Check,放射免疫分析
Check,胶囊内视镜
Check,肠道通过时间测定和压力测定
Check,尿胆素
Check,尿二胆检查
Check,类风湿因子（RF）
Check,四肢的骨和关节平片
Check,抗戊型肝炎病毒IgG抗体
Check,抗戊型肝炎病毒IgM抗体
Check,戊型肝炎抗体（抗-HEIgM）
Check,抗戊型肝炎病毒抗体
Check,移动性浊音
Check,浊度
Check,血清锌（Zn）
Check,血清锌
Check,尿锌（Zn）
Check,尿锌
Check,电子胃镜
Check,溶血试验
Check,总胆汁酸
Check,维生素D
Check,T管造影
Check,脑脊液胆红素
Check,红细胞血清总胆红素
Check,粪便红细胞
Check,碳13尿素呼气试验
Check,血清脂肪酶（LPS）
Check,血清脂肪酶
Check,"维生素K(VitK,VK)"
Check,血吸虫胶乳凝集试验
Check,血吸虫尾蚴膜反应
Check,沉淀反应
Check,毛蚴孵化法
Check,环卵沉淀试验
Check,血清磷脂
Check,粪颜色
Check,唾液尿素氮
Check,蝰蛇毒磷脂凝固时间
Check,梅毒USR试验
Check,梅毒定性试验
Check,羊水生化检查
Check,尿铁（Fe）
Check,血清总铁结合力
Check,去铁胺试验
Check,胺试验
Check,粪便酸碱度（粪便pH）
Check,粪便吞噬细胞
Check,粪气味
Check,粪酸碱度
Check,痢疾杆菌检测
Check,血清阳离子测定
Check,基础胃液分泌量
Check,伦德试验
Check,十二指肠引流胰蛋白酶
Check,胰腺特异性抗原（PaA）
Check,胰腺疾病超声诊断
Check,胰腺的CT检查
Check,石胆酸
Check,优生五项
Check,乙肝两对半
Check,乙型肝炎表面抗原
Check,乙型肝炎e抗原
Check,抗丁型肝炎病毒IgM抗体
Check,乙型肝炎核心抗体免疫球蛋白M
Check,乙型肝炎抗原抗体检测
Check,乙型肝炎病毒抗-前S2抗体
Check,乙型肝炎表面抗体
Check,磁共振水成像
Check,血清γ-谷氨酰转肽酶同工酶
Check,血清碱性磷酸酶同工酶
Check,胎甲球（a-FA/AFP)
Check,5＇-核苷酸磷酸二酯酶同工酶
Check,甘氨酰脯氨酸二肽氨基肽酶
Check,铜蓝蛋白
Check,血红素结合蛋白
Check,血清5'-核苷酸酶（5'-NT）
Check,血清α-L-岩藻糖苷酶
Check,核酸的分子杂交
Check,血清蛋白电泳
Check,血清过氧化脂质
Check,妊娠检查
Check,尿妊娠试验（HCG）
Check,尿早早孕试验
Check,绒毛膜促性腺激素β （HCG-β）
Check,尿人绒毛膜促性腺激素（HCG）
Check,胃泌素
Check,钙激发试验
Check,真菌培养检查
Check,尿钾
Check,产后盆底肌肉检查及评估
Check,三合诊
Check,妇科超声检查
Check,双合诊
Check,肾脏叩诊
Check,肾脏触诊
Check,肾上腺CT检查
Check,血浆渗量检查
Check,尿TH糖蛋白
Check,唾液醛固酮
Check,尿TH蛋白
Check,血浆渗透压（POP）
Check,阴离子间隙（AG）
Check,泌尿系统CT检查
Check,肾病类尿常规
Check,肾血浆流量测定
Check,沙眼衣原体
Check,肾脏超音波
Check,解脲脲原体
Check,泌尿感染类尿常规
Check,血清氯化物
Check,血清氯化物（Cl）
Check,血清钠
Check,"血清钠（Na+,Na）"
Check,静脉尿路造影
Check,靛胭脂试验
Check,尿浓缩与稀释功能试验
Check,尿β2微球蛋白清除率
Check,肾脏CT检查
Check,血清钾
Check,尿丙氨酸氨基肽酶
Check,尿沉渣管型检查
Check,尿沉渣红细胞
Check,尿亮氨酸氨基肽酶
Check,尿丙氨酸氨基肽酶（UAAP）
Check,内生肌酐清除率
Check,硝酸盐还原试验
Check,尿液亮氨酸氨基转肽酶（ULAP）
Check,逆行肾盂造影
Check,肾脏超声检查
Check,尿β半乳糖苷酶
Check,尿谷氨酰转肽酶(UGGT)
Check,尿碱性磷酸酶（UALP）
Check,β-半乳糖苷酶
Check,有核红细胞
Check,滤过钠排泄分数ＦＥＮa
Check,无离子水（自由水）清除率
Check,血尿素
Check,肾图检查
Check,肾小管氨马尿酸最大排泄量试验
Check,血清α1微球蛋白（α1-MG）
Check,血清总补体
Check,血清磷（Pi）
Check,B因子溶血活性
Check,尿液颜色（UCO）
Check,血清磷酸已糖异构酶
Check,血清尿素氮
Check,单相琼脂扩散试验
Check,尿N-乙酰β-D氨基葡萄糖苷酶
Check,束臂试验
Check,颗粒膜蛋白-140
Check,淋巴细胞比值(LY%)
Check,血清白细胞介素8
Check,溶解酶
Check,流行性出血热病毒抗体
Check,狼疮带试验
Check,尿液N-乙酰-β-D-氨基葡萄糖苷酶（UNAG）
Check,肾脏切片
Check,细胞免疫检查
Check,白细胞介素1（IL-1）
Check,脑血流图
Check,指脉氧
Check,血尿素氮(BUN)
Check,血清补体C7含量
Check,放射性核素肾扫描
Check,肾血流量
Check,天门冬酰酸
Check,尿稀释试验
Check,天门冬氨酸
Check,尿白蛋白清除率
Check,一小时尿沉渣计数
Check,昼夜尿比重试验
Check,尿溶菌酶
Check,尿酚红排泄试验(PSP)
Check,尿素
Check,尿免疫球蛋白
Check,尿溶菌酶测定（ULYSO）
Check,尿素清除率(UCL)
Check,真菌感染的实验室检查
Check,真菌检查
Check,膀胱颈抬高试验
Check,中段尿细菌培养计数
Check,尿液细菌学检查
Check,尿液细菌培养
Check,尿三杯试验
Check,垂体后叶素
Check,尿量
Check,抗利尿激素
Check,输尿管镜检查
Check,尿路平片
Check,输尿管超声检查
Check,内分泌功能试验
Check,β-半乳糖苷酶试验
Check,尿液病原体检查
Check,尿沉渣12小时计数
Check,β-N-乙酰氨基葡萄糖苷酶
Check,尿亚硝酸盐
Check,尿亚硝酸盐（NIT）
Check,苯丙氨酸脱氨酶试验
Check,尿隐血
Check,阴道瘘膀胱镜检查
Check,腹腔脏器的叩诊
Check,膀胱造影
Check,肿瘤标志物检测
Check,生殖系统肿瘤检查项目
Check,组织多肽抗原（TPA）
Check,肿瘤基因P53抗体（P53-AB）
Check,尿肌酐（Ucr）
Check,肾盂内压测定
Check,肾脏MRI检查
Check,美蓝试验
Check,亚健康人群体检
Check,尿素氮
Check,静脉注射肾盂摄影检查
Check,尿蛋白质
Check,氨基酸的检查
Check,血清总脂
Check,尿醛固酮
Check,血清前白蛋白
Check,血清已糖
Check,α1-抗胰蛋白酶
Check,尿蛋白定量
Check,左肾静脉“胡桃夹”综合征检查
Check,膀胱注水试验
Check,血浆激肽释放酶原测定
Check,磁共振血管造影
Check,高钠试验
Check,可的松水试验
Check,促皮质素释放激素（CRH）兴奋试验
Check,尿游离皮质醇(UFC)
Check,尿游离皮质醇
Check,雄烯二酮
Check,雄烯二酮（A）
Check,尿17-酮类固醇
Check,急性肾功能衰竭诊断试验
Check,血清补体C9含量
Check,β2-微球蛋白清除试验
Check,常规体检
Check,尿碱性磷酸酶
Check,X线碘油造影
Check,尿钠
Check,膀胱叩诊
Check,"血清氯(Cl-,Cl)"
Check,肾动态显像
Check,尿液运铁蛋白
Check,尿微量转铁蛋白
Check,血清N-乙酰-β-氨基葡萄糖酶（NAG）
Check,肾小球滤过率（GFR）
Check,"血清白蛋白（ALB,A）"
Check,尿蛋白试验（PRO）
Check,妇科炎症检查
Check,阴茎检查
Check,阴茎海绵体造影
Check,阴茎超声检查
Check,免疫学检测
Check,静脉肾盂造影（IVP）
Check,尿红细胞位相
Check,血清补体溶解免疫复合物活性
Check,抑癌基因Rb
Check,脑脊液天门冬氨酸氨基转移酶
Check,神经系统免疫学检验
Check,神经系统细胞学检查
Check,脑脊液蛋白电泳
Check,图形觉
Check,旋前圆肌和旋前方肌肌力试验
Check,肩关节外展试验
Check,肩胛骨检查
Check,肩外展摆动试验
Check,神经系统核医学检查
Check,实体觉
Check,脑功能成像
Check,全血细胞计数
Check,颅脑MRI检查
Check,脑脊液髓鞘碱性蛋白
Check,脑脊液IgG/白蛋白比值
Check,抗双链DNA抗体
Check,脑脊液结合型髓鞘碱性蛋白抗体
Check,眼科检查
Check,共济失调的检查
Check,脑脊液肌酸激酶
Check,正电子发射计算机断层扫描(PET)
Check,排粪造影检查
Check,盆底肌电图
Check,球囊逼出试验
Check,语调与语态
Check,耳的一般检查法
Check,耳镜检查法
Check,耳鼻咽喉CT检查
Check,C反应蛋白（CRP）
Check,血液葡萄糖
Check,尿铜
Check,尿铜（Cu）
Check,血清铜
Check,脑脊液铜
Check,CT平扫
Check,颈部MRI检查
Check,颈椎CT检查
Check,颈项强直
Check,臂丛牵拉试验
Check,椎间孔挤压试验
Check,压顶试验
Check,后仰位椎间孔挤压试验
Check,桡骨膜反射
Check,压颈试验
Check,脑脊液细胞计数
Check,脑脊液颜色
Check,Kveim试验
Check,脑脊液的化学检查
Check,脑脊液检查-化学检查-蛋白质检查
Check,脑脊液髓鞘碱性蛋白片段
Check,拉塞格征
Check,竖毛反射
Check,血清乙酰乙酸
Check,脑脊液酸碱度值
Check,中性杆状核粒细胞
Check,面神经检查
Check,尿维生素B1
Check,"尿维生素B1（VitB1,VB1）"
Check,反应时
Check,血清载脂蛋白E测定
Check,抗Scl-70抗体
Check,屈拇握拳试验
Check,电测听
Check,颈动脉彩超
Check,位听神经检查
Check,前庭功能检查
Check,耳蜗电图
Check,听力检查
Check,音叉检查
Check,淋巴细胞脉络丛脑膜炎补体结合试验
Check,异形淋巴细胞
Check,超级影像
Check,毕克征
Check,旋后肌肌力试验
Check,面神经的味觉检查
Check,面神经的运动检查
Check,脑脊液的显微镜检查
Check,肺吸虫皮内试验
Check,脑脊液一般性状检查
Check,脑脊液透明度
Check,脑电图弥漫性慢波
Check,脑脊液蛋白定量
Check,脑脊液细菌培养
Check,脑脊液钙调素
Check,腰椎穿刺
Check,血清肌红蛋白
Check,抗多发性肌炎-l抗体
Check,脑葡萄糖代谢显像
Check,浅反射检查
Check,脑脊液β-内啡肽
Check,脑脊液亮氨酸-脑啡肽
Check,闭目行走试验
Check,过指试验
Check,合掌分掌试验
Check,肱三头肌反射
Check,脑诱发电位
Check,Frenzel氏眼镜检查法
Check,3-甲氧基肾上腺素
Check,脑脊液(Kahn)氏沉淀试验
Check,梅毒确诊试验
Check,脑脊液葡萄糖(CSF-Glu)
Check,脑脊液特异性梅毒螺旋体抗体
Check,听力测试法
Check,眼震电图描记法
Check,脑脊液结核性脑膜炎抗体
Check,维生素B6
Check,羊水细胞培养染色体检查
Check,肌酸激酶
Check,鼻咽部MRI检查
Check,交叉步行试验
Check,足拍打试验
Check,鼻咽部活组织检查
Check,舌咽神经检查
Check,颞动脉活检
Check,视神经检查
Check,眼球运动检查
Check,拇指小指尖相对试验
Check,四肢CT检查
Check,位置觉
Check,红细胞磷酸甘油酸激酶
Check,新斯的明试验
Check,疲劳试验
Check,握力体重指数
Check,抗乙酰胆碱受体抗体（AchR-Ab）
Check,抗骨骼肌抗体（ASA）
Check,巴彬斯基征
Check,轻瘫试验
Check,尿孕酮(P)
Check,孕激素
Check,促甲状腺受体抗体
Check,雌酮(E1)
Check,促卵泡激素（FSH）
Check,脑垂体CT检查
Check,催乳素(PRL)
Check,生长激素
Check,脑脊液生长素
Check,促肾上腺皮质激素（ACTH）
Check,促甲状腺激素（TSH）
Check,精氨酸兴奋GH试验
Check,精液检查
Check,腹部体毛检查
Check,生长激素激发试验
Check,血清蛋白结合碘
Check,甲状腺球蛋白
Check,三碘甲状腺原氨酸抑制试验
Check,尿碘
Check,ECT检查
Check,甲状腺B型超声检查
Check,气管软化试验
Check,孕酮撤血试验
Check,促黄体生成素LH
Check,双氢睾酮
Check,血浆二氢睾酮（DHT）
Check,尿睾酮
Check,雌二醇
Check,蛋白质浓度测定
Check,抗甲状腺抗体
Check,抗胰岛素抗体
Check,维生素
Check,葡萄糖氧化酶生化分析仪法
Check,C-肽
Check,实际碳酸氢根
Check,缓冲碱(BB)
Check,碱剩余
Check,尿酸碱度（pH）
Check,HCO3-重吸收试验
Check,血浆酮体
Check,高密度脂蛋白胆固醇(HDL-C)
Check,克托莱指数
Check,身体质量指数
Check,"血肌酐(Cr,Crea)"
Check,血清载脂蛋白CII测定
Check,血清载脂蛋白测定
Check,红细胞流变特性检测
Check,α2-纤溶酶抑制抗原
Check,血清游离甘油
Check,外科检查
Check,总甲状腺素
Check,抗甲状腺微粒体抗体
Check,血浆皮质醇
Check,抗甲状腺球蛋白抗体
Check,尿免疫球蛋白（Ig）
Check,尿酸度
Check,二氧化碳总量(TCO2)
Check,脑脊液氧分压(PO2)和二氧化碳分压(PCO2)
Check,甲状腺131碘吸收率
Check,促甲状腺激素兴奋显像
Check,尿环磷酸鸟苷
Check,尿环磷酸腺苷
Check,游离三碘甲状腺原氨酸（FT3）
Check,丁醇提取碘（BEI）
Check,甲状腺吸碘试验
Check,TRH兴奋TSH、PRL试验
Check,甲状腺放射性核素显影检查
Check,甲状腺显像
Check,尿17-羟皮质类固醇
Check,口腔内窥镜
Check,乳房检查
Check,乳房手术活检
Check,单克隆丙种球蛋白（MMG）
Check,甲状旁腺激素
Check,甲状旁腺激素（PTH)
Check,"维生素B1（VitB1,VB1）"
Check,血清无机磷
Check,X线头影测量
Check,"血清钙（Ca2+,Ca）"
Check,涎腺超声检查
Check,促肾上腺皮质激素
Check,地塞米松抑制试验
Check,血浆18-羟-脱氧皮质酮
Check,尿孕酮
Check,丙氨酸
Check,唾液氯化物
Check,血浆游离皮质醇
Check,抗着丝粒抗体
Check,抗甲状腺过氧化物酶自身抗体
Check,过氯酸钾释放试验
Check,促甲状腺激素释放激素兴奋试验
Check,泌乳素（PRL）兴奋试验
Check,乳腺检查
Check,乳腺导管造影
Check,乳腺超声检查
Check,乳腺肿瘤标记（CA 15-3）
Check,输精管造影
Check,精子子宫黏液贯通试验
Check,抗精子抗体
Check,睾酮（T）
Check,体外异种授精实验
Check,甲苯胺蓝纠正试验
Check,染色体
Check,睾丸检查
Check,泌乳素（PRL）分泌抑制试验
Check,雌二醇（E2)
Check,眼及眶区CT检查
Check,抗促甲状腺素受体抗体（TRAb）
Check,乳房超声检查
Check,近红外线乳腺扫描检查
Check,乳腺导管内窥镜
Check,乳管镜检查
Check,肿瘤前哨淋巴结显像
Check,胎儿碱性蛋白（BFP）
Check,癌抗原15-3（CA15-3）
Check,乳腺远红外检查
Check,蛋白结合碘（PBI）
Check,肾上腺皮质显像
Check,肾上腺MRI检查
Check,头颅平片
Check,神经元特异性烯醇化酶
Check,胰高糖素激发试验
Check,4-羟基-3-甲氧基扁桃酸
Check,尿儿茶酚胺（CA）
Check,尿香草扁桃酸（VMA）
Check,尿液去甲肾上腺素
Check,去甲基肾上腺素（NM）
Check,神经元特异性烯醇化酶（NSE）
Check,尿氨氮
Check,尿乙酰乙酸
Check,尿β-羟丁酸
Check,β-羟丁酸
Check,血栓调节蛋白活性
Check,血清β―羟基丁酸测定
Check,尿酮体试验
Check,浅感觉检查
Check,温度觉
Check,步态分析
Check,尿维生素C
Check,尿维生素C（VitC）
Check,维生素C
Check,"维生素C（VitC,Vc）"
Check,脂溶性维生素
Check,"尿钙(Ca2+,Ca)"
Check,骨显像
Check,"维生素E（VitE,VE）"
Check,皮肤癌检测
Check,抗骨骼肌柠檬酸提取物抗体
Check,烟碱型乙酰胆碱受体抗体
Check,尿卟啉
Check,粪卟啉
Check,尿液细胞学检查
Check,多药耐药（MDR）基因检测
Check,眼球和眼眶的超声检查
Check,盐水输注试验
Check,脑脊液心钠素
Check,血浆18-羟-皮质酮
Check,低钠试验
Check,粪钾
Check,卧立位试验
Check,卡托普利肾图试验
Check,胰岛素-c肽测定及其释放试验
Check,胰脏触诊
Check,胰岛素原
Check,尿C肽
Check,葡萄糖胰岛素释放试验
Check,酸性磷酸酶
Check,氯丙嗪试验
Check,卵巢功能检查
Check,抗中性粒细胞抗体（ANGA）
Check,肾上腺素试验
Check,抗核抗体（ANA）
Check,血小板计数（PLT）
Check,热盐水试验
Check,蔗糖水溶血试验
Check,蔗糖溶血试验
Check,异常红细胞形态检查
Check,血小板体积分布宽度（PDW）
Check,血小板体积分布宽度(PDW)
Check,血小板粘附功能测定
Check,纤维蛋白肽Bβ1～42
Check,凝血酶原消耗试验
Check,Trousseau征
Check,红细胞染色质小体
Check,Hb-F碱变性试验
Check,血清谷胱甘肽过氧化物酶
Check,红细胞机械性脆性试验
Check,多染性红细胞
Check,胎儿血红蛋白(HbF)酸洗脱试验
Check,血清精氨酸酶
Check,酸性磷酸酶染色
Check,骨髓增生程度
Check,血清白细胞介素6
Check,缗钱状红细胞
Check,酚红排泄试验
Check,α-茶酚醋酸酯酶染色
Check,骨髓浆细胞系统
Check,血清β2微球蛋白（β2-MG）
Check,血清溶菌酶（LYSO）
Check,免疫球蛋白轻链
Check,苏丹黑B染色
Check,碱性磷酸酶染色
Check,血沉方程K值
Check,血清亮氨酸氨基转肽酶（LAP）
Check,尿酮体（KET）
Check,血小板黏附试验
Check,单核细胞比例(MONO%)
Check,粒细胞与红细胞比值
Check,粒细胞集落刺激因子
Check,糖原染色
Check,红细胞丙酮酸激酶活性
Check,毛细血管脆性试验
Check,尿lgG
Check,出血时间
Check,毛细血管抵抗力试验
Check,血小板ATP释放试验
Check,阿司匹林耐量试验
Check,"血管性血友病因子抗原（vWF:,Ag）"
Check,尿6-酮-前列素F1a
Check,复钙时间
Check,部分凝血活酶时间
Check,骨与关节MRI检查
Check,血液及骨髓细菌培养
Check,中性粒细胞杀菌试验
Check,血清冷球蛋白
Check,骨髓有核细胞计数
Check,细胞组织化学染色
Check,骨髓各系细胞形态学检查
Check,脱氧核糖核酸染色
Check,血清钴（Co）
Check,特异性脂酶染色
Check,比格凝血活酶生成时间
Check,血浆维生素B12
Check,组氨酸
Check,红细胞比积(PCV)
Check,血清结合珠蛋白
Check,血清叶酸
Check,过氧化酶染色
Check,血清甘氨酰脯氨酰-二肽氨基肽酶（GPDA）
Check,血清酸性磷酸酶同工酶
Check,棒状小体
Check,淋巴细胞计数（LY）
Check,周围血中异型细胞检验
Check,中性粒细胞比例(NEUT%)
Check,"血清镁(Mg2+,Mg)"
Check,血清镁
Check,乙醇凝胶试验
Check,D-二聚体
Check,"纤维蛋白原（Fg,FIB）"
Check,β-血小板球蛋白
Check,芬斯特弗征
Check,骨三相显象
Check,红细胞滤过指数（IF）
Check,EAC玫瑰花结形成试验
Check,植物血凝素皮内试验
Check,植物血凝素试验
Check,血小板寿命
Check,泪滴状红细胞
Check,循环血浆量
Check,红细胞检查
Check,血浆正铁血红蛋白
Check,乙醚放散试验
Check,血液学特殊功能检查
Check,血清不饱和铁结合力
Check,血浆黏度（PV）
Check,血块收缩试验
Check,脾脏超声检查
Check,脾脏触诊
Check,脾脏叩诊
Check,"非结合胆红素(SIB,IBIL）"
Check,葡萄糖-6-磷酸脱氢酶
Check,红细胞葡萄糖-6-磷酸脱氢酶活性
Check,不稳定血红蛋白
Check,高铁血红蛋白还原试验
Check,可溶性转铁蛋白受体测定
Check,血清转铁蛋白
Check,平均红细胞血红蛋白含量(MCH)
Check,转铁蛋白饱和度
Check,血清铁饱和度
Check,血清运铁蛋白（Tf）
Check,血清运铁蛋白
Check,全血铁
Check,红细胞压积(HCT)
Check,骨髓红细胞系统
Check,红细胞5＇-嘧啶核苷酸酶
Check,网织红细胞计数（RC）
Check,织网红细胞计数
Check,自身溶血试验
Check,自身溶血试验及纠正试验
Check,大型血小板比例(P-LCR)
Check,血清比黏度
Check,抗血小板膜糖蛋白自身抗体测定
Check,血红蛋白
Check,铁染色
Check,维生素K反应试验
Check,蛋白C
Check,碎裂红细胞
Check,抗血小板抗体
Check,血小板压积(PCT)
Check,血涂片
Check,X染色质
Check,血栓与止血检测
Check,抗凝血酶-Ⅲ
Check,血栓弹力图
Check,细菌的CAMP试验
Check,热放散试验
Check,不规则抗体筛选
Check,新生儿溶血症筛查
Check,释放抗体试验
Check,ABO血型鉴定
Check,血管壁的检测
Check,瑞斯托霉素辅因子活性检测
Check,红细胞大小异常
Check,血小板体积分布宽度
Check,蝰蛇毒时间
Check,靶形红细胞
Check,骨髓粒细胞系统
Check,异型淋巴细胞
Check,红细胞生成素
Check,血小板检查项目
Check,嗜酸性粒细胞数
Check,循环红细胞量
Check,嗜酸性粒细胞计数（E）
Check,T4/T8比值
Check,抗红细胞抗体
Check,尿含铁血红黄素
Check,"尿含铁血黄素(HS,Hd)"
Check,抗人球蛋白试验
Check,新生儿红细胞计数
Check,全血还原黏度
Check,红细胞乙酰胆碱脂酶
Check,冷热溶血试验
Check,血浆结合球蛋白半定量测定
Check,血清粘蛋白（SM）
Check,针刺试验
Check,血清免疫球蛋白A（IgA）
Check,鼻部功能检查
Check,尿肌红蛋白（UMb）
Check,血清醛缩酶
Check,血清醛缩酶(ALD)
Check,血浆肝素含量测定
Check,血尿酸
Check,尿酸
Check,羊水尿酸
Check,血清尿酸
Check,抗浸出性核抗原(ENA)抗体
Check,裂隙灯
Check,抗Sm抗体
Check,唾液白蛋白
Check,抗SS-B(La)抗体
Check,坐位体前屈测试
Check,髋关节弹响试验
Check,抗Ku抗体
Check,抗U1RNP抗体
Check,抗中性粒细胞胞浆
Check,抗组蛋白抗体
Check,血清补体C3裂解产物
Check,血清补体C3裂解物测定（C3SP）
Check,补体C3测定
Check,雅加森试验
Check,血清血管紧张素I转化酶活性
Check,血清补体C1q
Check,抗心磷脂抗体（ACA）
Check,血清α1-酸性糖蛋白（α1-AG）
Check,血清α1-酸性糖蛋白
Check,抗Jo-1抗体
Check,抗PM-1抗体
Check,吞噬白色念珠菌功能试验
Check,中性炎症细胞吞噬试验
Check,骨关节及软组织CT检查
Check,狼疮细胞试验
Check,组织胺激发试验
Check,脊柱MRI检查
Check,人白细胞抗原B27（HLA―B27）
Check,脊柱活动度
Check,直伸运动试验
Check,关节腔液检查
Check,普通透视检查(透视)
Check,尿道分泌物检查
Check,乳房穿刺针活检
Check,全身软组织MRI检查
Check,尿肌酸
Check,血清补体旁路途径活性
Check,速发型变态反应皮肤测试
Check,谷氨酸
Check,丝氨酸
Check,中性分叶核粒细胞
Check,血浆亮氨酸
Check,血清C1q
Check,红斑量测定
Check,滑膜液肉眼检查
Check,血清免疫球蛋白D（IgD）
Check,血清免疫球蛋白G（IgG）
Check,B因子
Check,血清总补体活性（CH50）
Check,血清补体C4含量测定
Check,细胞膜表面免疫球蛋白测定
Check,血清免疫球蛋白（Ig）
Check,血清腺苷脱氨酶
Check,血清腺苷脱氨酶（ADA）
Check,抗硬皮病-70抗体
Check,寄生虫感染免疫检测
Check,胸围、吸气胸围
Check,压胸试验　　
Check,胸廓挤压征
Check,积液溶菌酶
Check,菊粉清除率
Check,快速血浆反应素环状卡片试验
Check,非梅毒螺旋体抗原血清试验
Check,胸腔积液检查
Check,挺胸试验
Check,脊椎平片
Check,脊柱检查
Check,McNealy-McCallister试验
Check,胸水检查
Check,组织多肽抗原
Check,胸部滴水声
Check,免疫抑制酸性蛋白
Check,眼球突出度
Check,眼底镜检查法
Check,脊柱触诊
Check,脊柱弯曲度
Check,中耳
Check,酶类肿瘤标志物检测
Check,糖脂类肿瘤标志物检测
Check,颈部活动度检查
Check,头颅正侧位片
Check,颅底片
Check,嗅神经检查
Check,两点辨别感觉
Check,复合感觉检查
Check,抗双链DNA抗体（ani-DNA）
Check,抗ENA抗体
Check,结核杆菌血清学检查（anti-TB）
Check,单纯疱疹病毒抗体
Check,脑脊液病原体检查
Check,脑脊液常规检验（CSF）
Check,甲种胎儿球蛋白试验
Check,羊水甲胎蛋白测定（AFP）
Check,鸭步检测
Check,反跳试验
Check,持水杯试验
Check,胫叩打试验
Check,脑脊液细胞学检查
Check,脑脊液猪囊虫抗体
Check,囊虫病补体结合试验
Check,脑脊液囊虫病间接血球凝集试验
Check,猪囊虫抗体
Check,囊虫胶乳凝集试验
Check,脑脊液载脂蛋白A1，B100，CⅡ，CⅢ，E
Check,脑脊液环磷腺苷
Check,抬腿试验
Check,脑池显象
Check,弓形体抗体测定
Check,弓形体筛选
Check,尿谷氨酰胺
Check,Fisher手指试验
Check,脑脊液钠
Check,脑脊液钾
Check,孕尿雌三醇测定（E3）
Check,脑脊液精氨酸加压素
Check,黄体生成素（LH）
Check,肿瘤受体显像
Check,肿瘤神经多肽受体显像
Check,皮肤弹性检查
Check,脑干反射检查
Check,迷走神经检查
Check,脑脊液结合型髓鞘碱性蛋白
Check,脑脊液非蛋白氮
Check,贝美格诱发试验
Check,闭眼单脚站立
Check,Ⅱ级产前超声检查
Check,血栓素B2
Check,NK细胞活性测定（ＮＫ）
Check,随意运动检查
Check,脑脊液乳酸
Check,脑脊液内皮素
Check,F-波
Check,姿势与步态
Check,胆道系统特殊检查和护理
Check,术后经T形管胆道造影
Check,癌抗原242（CA242）
Check,碱性胚胎蛋白
Check,尿胆汁酸
Check,血清鸟氨酸氨基甲酰转移酶
Check,内视镜超音波术
Check,粪胆素
Check,内窥镜逆行胰胆管造影（ERCP）
Check,皮肤与组织寄生虫的病原检查
Check,内镜下乳头括约肌切开术（EST）
Check,十二指肠液和胆汁寄生虫检查
Check,尿卟胆原
Check,尿淀粉酶
Check,脂肪酶
Check,血清化学检查
Check,五肽胃泌素胃液分析
Check,亮氨酸氨基肽酶
Check,逆行胰胆管造影（ERCP）
Check,内镜下胆道减压
Check,血清磷脂酶A2
Check,动脉注射颜料对比试验
Check,尿谷草转氨酶（GOT）
Check,尿5-羟吲哚乙酸
Check,D860激发试验
Check,男科检查
Check,阴囊超声检查
Check,前列腺、精囊腺的超声检查
Check,精液肉毒碱
Check,男科计算器体层扫描 (CT)
Check,精液细菌
Check,前列腺液病原体
Check,前列腺B超检查
Check,尿流率测定
Check,精子活动力
Check,精子活动力检查
Check,精子数
Check,提睾反射
Check,膀胱逼尿肌功能检查
Check,血液尿素氮与肌酐比值
Check,尿瘘检测
Check,尿道冲洗试验
Check,导尿术
Check,膀胱触诊
Check,尿隐血（BLD）
Check,角尺度试验
Check,A型超声检查
Check,内生殖器检查
Check,男性生殖系X线检查
Check,膀胱残余尿量测定
Check,血PSA检查
Check,精液酸性磷酸酶
Check,前列腺检查
Check,血清酸性磷酸酶（ACP）
Check,前列腺液卵磷脂小体
Check,精液柠檬酸
Check,精液气味
Check,精液液化时间
Check,前列腺液培养
Check,前列腺酸性磷酸酶（PAP）
Check,精液细胞
Check,前列腺液细胞
Check,前列腺特异性酸性磷酸酶
Check,性交后试验
Check,精液酸度
Check,子宫输卵管造影
Check,血清酪氨酸
Check,组胺试验
Check,肾盂镜
Check,肾癌检查
Check,精液量
Check,精液颜色
Check,阴茎动脉血压/臂动脉血压
Check,新生儿体格检查
Check,阴道分泌物检查
Check,尿co2测定
Check,透光试验
Check,腹股沟外环冲击试验
Check,粪瘘检测
Check,盆底肌电图检查
Check,直肠-肛门运动功能测定
Check,肛腹诊
Check,粪便血液
Check,肛门拭子检查法
Check,外阴部妇科常规检查
Check,阴道镜检查
Check,阴道妇科常规检查
Check,妇科检查
Check,药物迷走神经阻滞试验
Check,阿米巴原虫抗原
Check,寄生虫检查的直接涂片法
Check,下消化道内镜检查
Check,糖链抗原19-9
Check,血清癌胚抗原
Check,阴道窥器检查
Check,足畸形检查
Check,足轴线偏移
Check,拇指指甲滑动试验
Check,刮髌试验
Check,浮髌试验
Check,鼻部检查
Check,盆腔CT检查
Check,四肢与关节运动功能
Check,尿羟脯氨酸
Check,拾物试验
Check,直腿抬高试验
Check,戈德伟特试验
Check,提腿试验
Check,坐位旋转试验
Check,床边试验
Check,骨盆分离试验
Check,陆温试验
Check,足－嘴试验
Check,旋转试验
Check,"血清铜（Cu2+,Cu)"
Check,抗血小板膜糖蛋白自身抗体
Check,脊柱椎体平扫
Check,计算机三维重建技术
Check,关节检查
Check,骨骼动诊
Check,骨骼触诊
Check,骨骼视诊
Check,肩关节脱位的恐惧试验
Check,关节镜检查
Check,肘后三角检查
Check,尿氯
Check,脑脊液无机磷
Check,骨碱性磷酸酶
Check,克利曼征
Check,脓汁和创伤感染标本细菌学检查
Check,骨盆挤压试验
Check,全身骨骼疾病排查
Check,网球肘试验
Check,前臂屈肌紧张试验
Check,挤压小腿三头肌试验
Check,梅毒螺旋体抗原血清试验
Check,嗜异性凝集吸收试验
Check,淋巴显像
Check,华氏反应
Check,艾利斯征
Check,梳头试验
Check,三角试验
Check,4字试验
Check,前臂伸肌紧张试验
Check,咬合关系检查
Check,颌面五官CT检查
Check,滑膜液常规检查
Check,闭孔内肌征
Check,抽屉试验
Check,举一手试验
Check,手畸形检查
Check,副神经检查
Check,仰卧挺腹试验
Check,杜加斯征
Check,方肩检查
Check,反击征
Check,斯比德试验
Check,脊髓灰质炎病毒抗体
Check,螺旋CT检查
Check,血管彩超
Check,Tinel征
Check,眼球及眼眶检查法
Check,布莱恩特三角检查
Check,特伦德伦伯格试验
Check,托马斯试验
Check,拳叩试验
Check,望远镜试验
Check,内拉通线检查
Check,尼拉通线测量
Check,髂胫束紧张试验
Check,单腿站立试验
Check,踝反射
Check,骨髓显像
Check,骨盆内测量
Check,产科B超
Check,骨盆测量
Check,胎势
Check,颞下颌关节造影
Check,颞下颌关节检查
Check,CT血管成像
Check,餐叉畸形
Check,腕三角软骨挤压试验
Check,洛日埃征
Check,尿蛋氨酸（Met）
Check,胱氨酸
Check,滑液检查
Check,听力检查法
Check,维生素D（VitD）
Check,中指试验
Check,跟轴线测量
Check,足长轴与两踝连线的测量
Check,麦克马瑞试验
Check,扫描电子显微镜
Check,积液腺苷脱氢酶
Check,半蹲试验
Check,半月板损伤的体征
Check,蹲下试验
Check,夫欧契试验
Check,凯洛格-斯皮德试验
Check,膝关节过伸试验
Check,研磨试验
Check,一般摄片检查
Check,磁共振平扫
Check,骨密度测定
Check,屈腕试验
Check,伸腕试验
Check,屈指试验
Check,腰背部检查
Check,腰背痛体格检查
Check,儿童五官科检查
Check,动眼神经检查
Check,眼功能检查
Check,端坐伸膝试验
Check,红外热象图检查
Check,脑脊液动力学试验
Check,肘直线检查
Check,伸肘试验
Check,屈肘试验
Check,小指短屈肌肌力试验
Check,腰部活动度
Check,鼻窦检查
Check,感染免疫检测
Check,鼻粘膜及鼻腔分泌物
Check,外鼻检查
Check,鼻前庭
Check,细菌感染免疫检测
Check,口腔X光片检查
Check,鼓膜
Check,小指外展试验
Check,小指屈指试验
Check,花托试验
Check,拇指对掌试验
Check,鼻腔内镜检查
Check,鼻中隔
Check,抗肌球蛋白抗体
Check,耳部检查
Check,外耳道
Check,乳突
Check,呼吸动度
Check,血细胞分析仪
Check,骶髂关节检查法
Check,腰腿痛的感觉检查
Check,散瞳验光
Check,意识状态
Check,运动功能检查
Check,趾长伸肌肌力试验
Check,瞳孔反射
Check,厌氧菌检测
Check,头皮检查
Check,红细胞计数(RBC)
Check,屈氏试验
Check,尿血红蛋白定性
Check,尿血红蛋白（uHB）
Check,全身状态检查
Check,吞咽试验
Check,眼睑检查
Check,凝固酶试验
Check,皱缩红细胞
Check,酸碱度(pH)值测定
Check,血液黏度
Check,伸踝试验
Check,乳房触诊
Check,乳房活检
Check,乳房视诊
Check,局部显像
Check,纤维鼻咽镜
Check,全身显像
Check,人绒毛膜促性腺激素
Check,巩膜透照
Check,搔弹音
Check,胎盘泌乳素（PL）
Check,胰高血糖素
Check,碘黄试验
Check,子宫颈锥形切除术
Check,鳞状上皮细胞癌抗原（SCC）
Check,鳞状上皮细胞癌抗原
Check,C-myc基因（C-myc）
Check,99Tmc-MIBI甲状腺显像
Check,平面显像
Check,α2-妊娠相关蛋白
Check,卵巢肿瘤标记
Check,糖链抗原15-3
Check,糖链抗原125
Check,糖链抗原72-4
Check,癌抗原72-4（CA72-4）
Check,钼
Check,癌胚抗原（CEA）
Check,简易凝血酶生成试验
Check,优球蛋白的溶解时间
Check,优球蛋白溶解时间
Check,血浆D-二聚体测定
Check,血浆凝血酶原片段1+2检测
Check,血浆纤溶酶―抗纤溶酶复合物测定
Check,人绒毛膜促性腺激素（HCG）
Check,羊水白细胞
Check,自身免疫抗体检测
Check,肿瘤放射免疫显像（RII）
Check,脑脊液促甲状腺素
Check,阴茎动脉血压
Check,阴道细胞学检查
Check,盆腔和阴道B超
Check,子宫颈涂片测试
Check,盆腔MRI检查
Check,子宫内膜活检
Check,HCG半定量
Check,子宫颈黏液检查
Check,阴道分泌物涂片检查
Check,精子形态
Check,不孕的血型检查
Check,不孕不育检查
Check,不孕的生殖系统检查
Check,宫颈粘液相合试验
Check,输卵管镜
Check,阴道滴虫检查
Check,线索细胞
Check,妊娠试验
Check,尿妊娠胶乳凝集抑制试验
Check,腹部皮肤检查
Check,孕酮
Check,妇科常规检查
Check,宫颈分泌物培养
Check,阴道出血量检查
Check,乳房摄片
Check,阴道分泌物清洁度
Check,尺压试验
Check,子宫与附件肿块
Check,子宫及附件检查
Check,生育镜
Check,白带检查
Check,宫腔细菌培养
Check,生殖道分泌物培养
Check,75克葡萄糖耐量检查
Check,50克葡萄糖耐量检查
Check,NST试验
Check,糖化血清蛋白
Check,糖化血清蛋白（GSP）
Check,胎盘生乳素
Check,胎心监护
Check,尿比重（SG）
Check,活化部分凝血活酶时间（APTT）
Check,后穹窿穿刺术
Check,孕酮(P)
Check,宫腔镜
Check,促甲状腺激素
Check,雌激素
Check,刮宫检查
Check,宫颈刮片（TCT）
Check,阴道清洁度检查
Check,电子阴道镜
Check,子宫大小
Check,抗子宫内膜抗体（EMAb）
Check,宫颈检查
Check,胸膝卧位检查
Check,胎盘分级
Check,雌三醇
Check,胎盘成熟度
Check,弓形虫点免疫金渗滤法
Check,产科检查
Check,总三碘甲状腺原氨酸(TT3)
Check,甲状腺素结合球蛋白
Check,游离甲状腺素
Check,总三碘甲状腺原氨酸
Check,膝反射
Check,纤维蛋白原
Check,胎心胎动
Check,乳头刺激试验
Check,妊娠周数的判断
Check,羊水结晶检查
Check,IgG抗B-效价测定
Check,IgG抗A-效价测定
Check,预产期推算
Check,血小板聚集试验（PAgT）
Check,细菌的鉴定
Check,轮替动作
Check,痛觉
Check,中和试验
Check,血清淀粉酶同工酶（AMY-I）
Check,羊水胆红素
Check,羊水颜色
Check,羊水检查
Check,黄疸检查
Check,羊水渗透量(压)
Check,胎儿发育检查
Check,胎儿生物物理相评分
Check,唾液分泌型免疫球蛋白
Check,儿童生长发育检测
Check,人体内的微量元素检测
Check,血清谷丙转氨酶
Check,染色体核型分析
Check,脐检查
Check,粪便钾（Potassium.K）
Check,白氨酸
Check,粪氯
Check,颌面部检查
Check,牙髓电活力测定
Check,尿瓜氨酸
Check,视网膜检影法
Check,检眼镜检查法
Check,角膜染色法
Check,角膜照影法
Check,Cochet和Bonnet氏角膜知觉测量计
Check,角膜病灶刮片
Check,角膜显微镜
Check,角膜内皮细胞计数仪
Check,角膜检查
Check,巩膜硬度
Check,三面镜
Check,泪液电解质
Check,直接检眼镜检查法
Check,无管胃酸分析
Check,近视力检查法
Check,远视力检查法
Check,泪液pH
Check,泪液溶菌酶
Check,泪液乳铁蛋白
Check,泪膜破裂时间
Check,角膜地形图检查
Check,屈光检查
Check,遮盖法
Check,主觉检查
Check,角膜映光法
Check,立体视觉
Check,睫状血管检查法
Check,泪道探术
Check,挤压泪囊试验
Check,鼻泪管内镜
Check,角膜荧光素染色
Check,角膜反射检查
Check,副鼻窦造影
Check,结膜的检查
Check,晶状体检查
Check,舍莫尔试验
Check,泪液表皮生长因子
Check,眼压
Check,泪腺检查法
Check,淋球菌免疫学检测
Check,淋球菌抗体检测
Check,虹膜检查法
Check,双视标检查法
Check,眼位检查法
Check,眼球表膜检查
Check,瞳孔计
Check,对比敏感度(CSF)检查
Check,前房的一般检查
Check,Schiφtz氏压陷眼压计测量法
Check,眼压计测量法
Check,青光眼激发试验
Check,视野计检查
Check,带状光检影法
Check,散光表验光法
Check,马氏杆
Check,全血黏度
Check,泪液乳酸脱氢酶
Check,前房深度测量
Check,泪道冲洗
Check,眼睑肌力测量计
Check,静态视野检查
Check,动态视野检查
Check,暗适应曲线
Check,瞳孔检查
Check,后鼻镜检查
Check,咽鼓管检查法
Check,鼻甲和鼻道
Check,细菌形态学检查方法
Check,锡克试验
Check,外耳检查
Check,脑脊液细胞分类计数
Check,乳突CT检查
Check,导管吹张法
Check,表试验
Check,鼻内激发试验
Check,耳廓检查
Check,吞咽试验法
Check,间接免疫荧光试验
Check,鼻腔检查
Check,特异性IgE抗体
Check,蠕形螨检查
Check,指指试验
Check,冷热试验
Check,声阻抗检查
Check,瘘管试验
Check,鼻嗅觉功能检查
Check,内听道片
Check,捏鼻闭口呼气法
Check,咽鼓管荧光素试验
Check,红斑狼疮细胞(LEC)
Check,狼疮性抗凝因子
Check,牙髓温度试验（冷热诊）
Check,皮肤斑贴实验
Check,胎儿镜
Check,胎儿镜检查
Check,痰及下呼吸道分泌物标本的细菌学检验
Check,尿氟
Check,尿氟（F）
Check,血浆氟化物
Check,唾液溶菌酶
Check,"维生素B2（VitB2,VB2）"
Check,唾液pH值
Check,唾液富组蛋白
Check,儿童龋齿预防保健
Check,产前的口腔检查
Check,LHRH试验
Check,淋病细菌学检测
Check,不孕不育的免疫学检查
Check,不育男性体格检查
Check,精液果糖
Check,精囊检查
Check,精子顶体完整率检查
Check,精子凝集试验
Check,精子爬高试验
Check,精子顶体酶
Check,直接涂片检查
Check,男性生殖内分泌检查
Check,阴茎海绵体血管活性物质注射
Check,盆腔窃血试验
Check,溴隐亭（BCT）抑制PRL试验
Check,阴茎夜间勃起试验检查
Check,卵磷脂小体
Check,外生殖器检查
Check,男性性功能测试全面测试
Check,人类免疫缺陷病毒抗体
Check,脑脊液β2微球蛋白（β2-MG）
Check,脑脊液β2-微球蛋白
Check,隐球菌病补体结合试验
Check,T淋巴细胞亚群
Check,巨淀粉酶
Check,谷氨酸脱氢酶
Check,丁型肝炎抗原
Check,血清单胺氧化酶（MAO）
Check,β葡萄糖醛酸苷酶
Check,酶联合吸附测定
Check,α-巯基乙醇试验
Check,虎红平板凝集试验
Check,被动血凝测定
Check,四步触诊法
Check,汗液电解质检查
Check,温度与出汗
Check,孢子丝菌凝集试验
Check,空腹血葡萄糖
Check,胰岛素抗体
Check,自我血糖监测
Check,淘虫检查法
Check,肺通气显像
Check,单纯疱疹病毒（HSV）
Check,血清免疫球蛋白M（IgM）
Check,骨髓细菌培养
Check,疟疾间接免疫荧光试验
Check,衣原体检查法
Check,肿瘤筛查
Check,T细胞转化试验
Check,痰液免疫学检查
Check,支气管肺泡灌洗术（BAL）
Check,外-斐二氏反应
Check,血清肌酸激酶
Check,抗登革病毒IgG抗体
Check,皮肤点刺试验
Check,跖反射
Check,心内电生理检查
Check,脑电图尖波
Check,兔感染试验
Check,聚合酶链式反应
Check,基因诊断技术检测梅毒螺旋体
Check,不加热血清反应素实验
Check,快速血浆反应素环状卡片实验
Check,抗环瓜氨酸多肽抗体（抗CCP）
Check,左旋多巴兴奋GH试验
Check,颅骨透照试验
Check,四肢透视
Check,前置镜
Check,遗传筛查
Check,脊髓灰质炎病毒抗体（Polio―Ab）
Check,"乳酸脱氢酶(LDH,LD)"
Check,胸腔积液一般性状检查
Check,液气胸征
Check,胸腔积液临床化学检查
Check,毛发矿物质检查
Check,并殖吸虫后尾蚴膜反应
Check,尿镁（Mg）
Check,普拉特试验
Check,道班征
Check,痰液中柯什曼螺旋体
Check,支气管哮喘运动激发试验
Check,气道阻力(R)
Check,用力肺活量（FVC)
Check,等流量容积
Check,经支气管镜肺活检
Check,病理反射检查
Check,智商
Check,钩端螺旋体病凝集溶解试验
Check,钩端螺旋体乳胶凝集试验
Check,钩端螺旋体补体结合试验
Check,寒冷凝集试验
Check,钩端螺旋体抗体
Check,眼标本的细菌学检查
Check,消化道激素
Check,血清肌酐
Check,尿总氮
Check,血清尿素
Check,回归热螺旋体（BR）
Check,睾丸活检
Check,儿茶酚胺
Check,心音图检查
Check,肾血流量（RPF）
Check,尿透明度
Check,降钙素
Check,胍基化合物
Check,尿液透明度（UCI）
Check,抗链球菌溶血素“O”试验
Check,梅毒血清反应的假阳性
Check,红细胞磷丙糖异构酶
Check,棘层细胞松解征检查
Check,脑脊液氯化物
Check,痰培养+药敏试验
Check,血锑
Check,前列腺液显微镜检查
Check,皮肤划痕试验
Check,M型超声心动图（ME）
Check,抗甲状腺球蛋白抗体（ATGA）
Check,游离甲状腺素（FT4）
Check,甲状旁腺显像
Check,尿碘(I)
Check,血清三碘甲状腺原氨酸
Check,血清丁醇提取碘
Check,促甲状腺激素受体抗体
Check,血浆促甲状腺激素释放激素(TRH)
Check,人体各关节功能活动范围
Check,饮水通气法
Check,深感觉检查
Check,特殊细菌涂片检查
Check,阴道触诊
Check,尿浓缩试验
Check,尿渗透压
Check,唾液肌酐
Check,phi(φ)小体染色
Check,早产视网膜病变筛查
Check,醋酸白试验
Check,氨基酸清除率测定
Check,长碳链脂肪酸
Check,气钡双对比造影
Check,真菌的分离与鉴定
Check,细菌鉴定的酶类试验
Check,抗胃壁细胞抗体
Check,幽门螺杆菌检测
Check,口服法胆道造影
Check,颅内压监测
Check,脑脊液瘘孔定位
Check,埃可病毒抗体
Check,中性粒细胞趋化试验
Check,普鲁卡因过敏试验
Check,青霉素皮内试验
Check,破伤风抗毒素皮内试验（TAT)
Check,血液分析仪检查
Check,维生素B3
Check,普鲁卡因皮内试验
Check,宫颈粘液检查
Check,阴道寄生虫检验
Check,阴道真菌检验
Check,糖发酵试验
Check,淋菌培养
Check,精子运动速度
Check,精子运动轨迹分析
Check,浆膜腔积液葡萄糖
Check,血清金
Check,鼻疽菌素皮内试验
Check,输卵管亚甲蓝通畅试验
Check,输卵管酚磺酞通畅试验
Check,输卵管通畅检查
Check,输卵管通液检查
Check,输卵管通气试验
Check,脑脊液脑膜炎球菌抗原
Check,p53基因检测
Check,磁共振增强扫描
Check,溶血性乙型脑炎补体结合试验
Check,乙型脑炎病毒抗体
Check,抗流行性乙型脑炎病毒IgM抗体
Check,抗乙型脑炎病毒抗体（EPBV-AB)
Check,不孕的基础体温测定
Check,性激素六项检查
Check,裸眼检查法
Check,阴道分泌物细胞学检查
Check,描图试验
Check,指鼻试验
Check,巴氏(Pap) 阴道细胞涂片检查
Check,胰岛细胞抗体
Check,基础胃液分泌量/高峰胃液分泌量
Check,子宫颈活检
Check,5-羟吲哚乙酸
Check,透明质酸酶
Check,前列腺特异性抗原
Check,妇科的保健体检
Check,宫颈妇科常规检查
Check,非必需微量元素
Check,撞击试验
Check,干(硒)板静电摄影
Check,结核杆菌基因检测（PCR）
Check,粪便白细胞
Check,粪便氯化物
Check,肾小球滤过分数(GFF)
Check,肾小球滤过分数
Check,血清α1-微球蛋白
Check,尿液浓缩稀释试验
Check,血清β2-微球蛋白
Check,尿比重3h试验
Check,尿无机磷（Pi）
Check,木糖测定
Check,尿液肉眼检查
Check,脑脊液梅毒血清补体结合反应
Check,幽门螺旋杆菌的直接检查
Check,高峰胃酸分泌量测定（PAO）
Check,脐带血穿刺
Check,血型鉴定
Check,血小板电泳时间测定
Check,脑脊液环磷鸟苷
Check,尿管型
Check,C3肾炎因子(C3Nef)
Check,碱性点彩红细胞计数
Check,尿黑酸定性试验
Check,精液黏稠度
Check,尿道口检查
Check,尿沉渣细胞学
Check,前列腺指检
Check,阴道活检
Check,前列腺肿瘤标记（PSA）
Check,肾血管造影
Check,梅毒血清试验
Check,立克次体补体结合试验
Check,乳房淋巴结实验
Check,生殖器疱疹检测
Check,中年男性体检
Check,甘油复红试验
Check,嗜中性分叶核粒细胞数
Check,中性粒细胞计数（NEUT）
Check,摸空征
Check,伤寒胶乳凝集试验
Check,肥达氏反应
Check,梅毒螺旋体血凝试验
Check,灭活血清反应素试验
Check,快速血浆反应素试验
Check,泪液β2-微球蛋白
Check,小儿角膜检查法
Check,脂肪尿和乳糜尿检查(Chyluria)
Check,尿脂肪
Check,乳糜尿
Check,微丝蚴（Mf）
Check,尿中寄生虫检查
Check,粪便粘液
Check,粪便上皮细胞
Check,脑血流显像
Check,单视标检查法
Check,双眼平衡检查
Check,尿微量清蛋白
Check,尿微量清蛋白（mA1B）
Check,餐后血清锌浓度反应试验(PICR)
Check,尿维生素B2
Check,"尿维生素B2（VitB2,VB2）"
Check,血吸虫斑点酶联免疫吸附试验
Check,血吸虫抗体
Check,腾喜龙试验
Check,灭吐灵（MCP）兴奋PRL试验
Check,双向琼脂扩散试验
Check,动脉血酮体比测定
Check,达阿马托征
Check,昂德腊耳征
Check,尿胱氨酸
Check,血清乳糖
Check,血清超敏促甲状腺激素测定
Check,Alder试验
Check,腰大肌刺激试验
Check,身高测试
Check,循环免疫复合物（CIC)
Check,抗甲状腺过氧化物酶抗体
Check,血红蛋白浓度（HGB）
Check,人巨细胞病毒抗体
Check,抗巨细胞病毒IgM抗体
Check,B淋巴细胞表面标志
Check,脑脊液单克隆抗体检测癌细胞
Check,泪液分泌型免疫球蛋白A
Check,血清结合球蛋白
Check,鼻部放射线检查
Check,糖化血红蛋白
Check,胸腔积液肿瘤细胞学检查
Check,血吸虫酶联免疫吸附试验
Check,血吸虫皮内试验
Check,血吸虫间接血凝试验
Check,转白试验
Check,七叶苷水解试验
Check,足长身高预测法
Check,脑电图棘波
Check,胆汁溶菌试验
Check,眼外部检查
Check,刚果红皮内实验
Check,脑脊液神经降压肽
Check,维生素B2
Check,肛门反射
Check,厌氧菌的分离与鉴定
Check,细菌内毒素检查法
Check,膀胱超声检查
Check,磁共振波谱成像
Check,粪寄生虫卵
Check,芽生菌补体结合试验
Check,血浆内皮素测定
Check,载脂蛋白CⅠ
Check,载脂蛋白A1\载脂蛋白B比值
Check,冠状动脉CT检查
Check,虱检查
Check,卵巢检查
Check,梅毒螺旋体明胶凝集试验
Check,乳房自检
Check,半胱氨酸尿症筛查
Check,幽门螺旋杆菌的免疫学检测
Check,基础胃液分泌量/最大胃酸排量
Check,纯音听力计检查法
Check,功能残气量（FRC）
Check,比塞征
Check,脉冲震荡肺功能（IOS）
Check,粪便隐血试验(OBT)
Check,脏器触诊
Check,红细胞花环试验
Check,卵泡检测
Check,弓弦试验
Check,经阴道超声
Check,脑脊液丙二醛
Check,人体重心平衡仪
Check,酸返流试验
Check,脑脊液P物质
Check,放射性核素脑血管显像
Check,舌下神经检查
Check,抗淋巴细胞抗体
Check,抗淋巴细胞抗体（ALA）
Check,尿谷草转移酶
Check,甲基红试验
Check,并指(趾)畸形检查
Check,羊膜穿刺术
Check,雌激素试验
Check,孕激素试验
Check,甲状旁腺激素（PTH）试验
Check,全血镉
Check,毛果芸香碱出汗试验
Check,血清锂
Check,男性生殖器发育自我检测
Check,血清肌酸激酶同工酶（CKI）
Check,血清肌酸激酶同工酶
Check,脑血流灌注断层显像
Check,纤维蛋白原测定
Check,心血管疾病的超声诊断
Check,葡萄糖抑制生长激素试验
Check,甲状腺激素抑制试验
Check,前列腺液中淀粉样体
Check,淀粉样体
Check,抗中性粒细胞胞质抗体
Check,流行性脑脊髓膜炎免疫学试验
Check,瓦色曼化反应
Check,视觉诱发电位
Check,双链酶试验
Check,血浆醛固酮
Check,侧方应力试验
Check,莱切曼试验
Check,血红蛋白A2
Check,膝关节分离试验
Check,循环免疫复合物
Check,低密度脂蛋白胆固醇(LDL-C)
Check,癌抗原125（CA125）
Check,前臂直尺试验
Check,握拳尺偏试验
Check,石蕊牛乳试验
Check,膀胱输尿管返流显象
Check,半饱和氧分压
Check,精子制动试验
Check,全身体检
Check,精液乳酸脱氢酶-X
Check,静脉听诊
Check,疟原虫抗体和抗原
Check,阿米巴原虫抗体
Check,李文生试验
Check,脑脊液C-反应蛋白
Check,脑脊液钙
Check,脑脊液胶体金试验
Check,脑脊液镁
Check,脑脊液色氨酸试验
Check,唾液黏蛋白
Check,蛋白S抗原
Check,尿肾上腺素
Check,支原体检查法
Check,脑脊液纤维连接蛋白
Check,重复呼吸试验
Check,嗜异性凝集试验
Check,游离三碘甲状腺原氨酸指数
Check,甲状腺摄131碘试验
Check,血清谷草转氨酶
Check,"碱性磷酸酶(ALP,AKP)"
Check,"伤寒、副伤寒血清凝集试验（肥达氏试验,肥达反应,Widal）"
Check,皮肤定位觉
Check,运动觉
Check,睾酮
Check,精子计数
Check,尿黄体生成素
Check,黄体生成素
Check,经皮肤穿刺胆道造影
Check,毛发
Check,乳酸（LA）
Check,面部色诊
Check,髋膝屈曲试验
Check,髋外旋外展试验
Check,骨盆倾斜试验
Check,俯卧伸髋试验
Check,梅毒螺旋体抗体
Check,康氏反应
Check,血磷脂（PL）
Check,"白蛋白(A,Alb)"
Check,6-酮前列腺素F1α
Check,疲劳自测测试
Check,疥螨检查
Check,下消化道摄影检查
Check,排卵预测试纸
Check,抗卵子透明带抗体（AZP）
Check,唾液富酪蛋白
Check,γ-干扰素
Check,华(Wassermann)氏补体结合试验
Check,二硝基氯苯（DNCB）
Check,二硝基氯苯试验
Check,麻风病的间接荧光抗体吸收试验（FLA-ABS试验）
Check,血清淀粉样蛋白A
Check,麻风病的皮内试验
Check,麻疹病毒抗体
Check,EA花环激活试验
Check,抗麻疹病毒抗体
Check,冷溶血试验
Check,血清锰（Mn）
Check,红细胞寿命
Check,电阻抗体积描记检查
Check,颅内多普勒血流图(TCD)
Check,积液β2-微球蛋白
Check,中性粒细胞核鼓槌小体
Check,性别观察
Check,血清铝
Check,睾丸自我检查
Check,血小板相关免疫球蛋白（PAIgG、PAIgA、PAIgM）
Check,骨髓单核细胞系统
Check,骨髓粒细胞与有核红细胞比值（M/E）
Check,血浆因子Ⅷ抑制物定性测定
Check,婴幼儿肌肉骨骼系统检查
Check,CT造影增强扫描
Check,鼠红细胞花环形成试验
Check,血清α1抗胰蛋白酶测定（α1-AT ）
Check,异丙醇试验
Check,骨骼叩诊
Check,嗜碱性点彩红细胞
Check,红细胞腺苷酸激酶
Check,床旁摄片
Check,抗流行性出血热IgM抗体
Check,抗流行性出血热病毒抗体（EHF-AB）
Check,白细胞介素2（iL-2）
Check,柯萨奇病毒抗体
Check,抗柯萨奇B病毒IgG抗体
Check,前房轴深检查法
Check,压平眼压计测量法
Check,国际标准智力测试
Check,羊水细胞培养
Check,光敏感试验
Check,眼球异物定位摄影
Check,可提取性核抗原（ENA）
Check,抗双链脱氧核糖核酸抗体（dsDNA）
Check,嗜碱性粒细胞计数（B）
Check,嗜碱性粒细胞数
Check,献血者健康检查
Check,乙肝病毒学指标
Check,纤溶酶
Check,"复钙交叉试验（CRT,PRT）"
Check,载脂蛋白B（ApoB）
Check,半乳糖耐量试验
Check,血液半乳糖
Check,半乳糖血症筛查
Check,抗庚型肝炎病毒IgG抗体
Check,交叉配血试验
Check,苯丙酮尿症(PKU）筛查
Check,血红蛋白电泳
Check,血红蛋白热不稳定试验
Check,半胱胺酸试验
Check,琼脂扩散试验
Check,威廉征
Check,"肺内分流量（Qsp,Qs/Qt）"
Check,试管凝集试验
Check,布氏杆菌凝集试验
Check,尿苯丙酸试验
Check,血清补体C5含量
Check,SPECT显像
Check,纤维蛋白肽A
Check,红细胞烯醇化酶
Check,父母身高预测法
Check,现时身高预测法
Check,身高预测
Check,婴幼儿测量身长
Check,股四头肌肌力试验
Check,腰臀围比例
Check,弹跳征
Check,两下肢长度
Check,粪量
Check,五官MRI检查
Check,痰液性状
Check,小气脑CT扫描
Check,血清锂（Li）
Check,螺旋体蛋白补体结合试验
Check,脑脊液葡萄糖和血清葡萄糖比值
Check,胎产式
Check,宫缩应激试验
Check,Ⅰ级产前超声检查
Check,EB病毒抗体（EBV－Ab）
Check,吡啶斯的明兴奋GH试验
Check,阴道毛滴虫检查
Check,羊水甲胎球蛋白
Check,系统胎儿超声检查
Check,头面部触诊
Check,联合屈曲征
Check,自主神经功能检查
Check,人工周期试验
Check,雌激素撤血试验
Check,介入性宫内取材检查
Check,粪便结石
Check,血小板凝集试验（PAgT）
Check,血小板纤维蛋白原受体检测
Check,原地踏步试验
Check,脑脊液培养+药敏试验
Check,游离甲状腺素指数（FT4I）
Check,尿肌酐
Check,脑氧代谢显像
Check,搔刮试验
Check,胸腹水常规检查
Check,积液纤维结合蛋白
Check,腹水甘油三酯
Check,液波震颤(fluid thrill)
Check,呼吸肌张力的测定
Check,氨基酸测定
Check,谷酰氨检测
Check,胫化酶谷氨酸
Check,必需氨基酸
Check,4-胫脯氨酸
Check,白带pH值
Check,胎方位
Check,婴儿智力测试
Check,性病研究实验室试验
Check,唾液钠
Check,刚果红试验
Check,丁型肝炎病毒(HDV)
Check,粪便量
Check,交锁征
Check,脊柱运动试验
Check,体重指数
Check,眼底接触镜
Check,优生四项检查
Check,全血乳酸测定
Check,胸膜腔内气体成分压力的测定
Check,阴茎血流指数
Check,髋臼指数
Check,HLA定型
Check,肿瘤声学造影
Check,子宫位置
Check,包皮包茎检查
Check,子宫疾病自检
Check,斯叩达鼓音
Check,补体结合试验（CFT）
Check,抗肾小球基底膜抗体
Check,最大中期呼气流速与最大中期流速时间（MMFR)
Check,多普勒小儿血压检测
Check,阴囊检查
Check,电子束CT
Check,荚膜肿胀试验
Check,轮状病毒抗体（RV Ab）
Check,肿瘤坏死因子α
Check,黄体酮试验
Check,单克隆丙种球蛋白
Check,HPV检查
Check,性传播疾病免疫检测
Check,血清甲胎蛋白(AFP)
Check,血清前白蛋白（PA）
Check,血小板活化因子
Check,胸腔积液显微镜检查
Check,内镜逆行胆胰管造影术
Check,放射免疫显象
Check,高密度脂蛋白胆固醇
Check,纤溶酶原
Check,血清黏度
Check,血清黏度（SV）
Check,骨髓其他细胞
Check,抱膝试验
Check,膝侧向运动试验
Check,甲状腺吸碘率试验
Check,瞳孔外观
Check,尿液标本的细菌学检验
Check,脑脊液氨基酸
Check,持板试验
Check,夹纸试验
Check,两手互握试验
Check,精氨酸
Check,赖氨酸
Check,维生素E
Check,被动转移试验
Check,巨噬细胞移动抑制试验
Check,尿黑素
Check,尿三氯化铁试验
Check,韦伯试验
Check,听力图
Check,重振试验
Check,斑疹伤寒血清学检测
Check,午夜一片法地塞米松抑制试验
Check,内镜下胰胆造影术（ERCP）
Check,抗核抗体(ANA)或抗核因子(ANF)
Check,抗艾滋病(AIDS)抗体
Check,常量元素
Check,血浆缬氨酸
Check,高考体检
Check,脑脊液5-羟吲哚乙酸
Check,"餐后2小时血葡萄糖（2HPG,PBG）"
Check,分侧肾静脉肾素活性测定
Check,肾小球功能试验
Check,尿多巴胺
Check,尿锰
Check,全血锰
Check,尿卜琳及其前体
Check,血清铅（Pb）
Check,脑脊液丙氨酸氨基转移酶
Check,血浆抗利尿激素（ADH）
Check,尿17-生酮类固醇
Check,磷酸肌酸激同工酶
Check,抗肝细胞膜抗原抗体(ALMA)
Check,组织纤维溶酶原激活物(t-PA)
Check,脯氨酸肽酶
Check,精氨酰琥珀酸裂解酶
Check,积液乳酸脱氢酶
Check,胸腹水纤维蛋白降解产物
Check,血清纤维结合蛋白
Check,载脂蛋白E基因分型
Check,过敏原检测仪
Check,细菌对抗生素敏感试验
Check,羊水一般检查
Check,胫骨后肌肌力试验
Check,前房角镜检查法
Check,集光检查法
Check,脑代谢显像
Check,光学相干断层扫描（OCT）
Check,新生儿甲状腺功能检查
Check,胸膜摩擦感
Check,结节病抗原（Kveim）试验
Check,芬科斯试验
Check,TCT检查
Check,平均红细胞血红蛋白浓度(MCHC)
Check,抗骨骼肌抗体
Check,甲状腺静态显像
Check,兴奋剂尿检
Check,抗磷脂抗体
Check,静态骨显像
Check,中剂量地塞米松抑制试验
Check,儿童骨科检查
Check,血栓烷B2
Check,脂蛋白电泳
Check,高密度脂蛋白2-胆固醇
Check,血清铬（Cr）
Check,64排螺旋CT检查
Check,抗单链DNA(ssDNA)抗体
Check,呼吸道合胞病毒抗体
Check,毒素皮肤试验
Check,每分钟肺泡通气量（VA）
Check,颅整体观
Check,盆腔充气造影
Check,流式细胞DNA分析
Check,血小板平均体积（MPV）
Check,尿氨基酸氮
Check,轮状病毒抗原的检测
Check,侧卧位肺灌注显像
Check,肝血流灌注显像
Check,血清脯氨酸羟化酶
Check,胰岛素刺激胃分泌试验
Check,胃液IgG IgA
Check,抗内因子抗体(AIFA)
Check,最大胃液分泌量
Check,尿肌红蛋白
Check,靛氰绿潴留试验
Check,血清γ-谷氨酰转肽酶同工酶（iso-r-GTP）
Check,对氨马尿酸清除率
Check,尿沉渣结晶检查
Check,尿结晶
Check,硝基四唑氮蓝试验
Check,细菌对于碳水化合物的代谢试验
Check,白细胞抗原（HLA）
Check,淋巴细胞毒试验
Check,尿胃蛋白酶
Check,尿去氢异雄酮
Check,血浆17-羟孕酮（17-OHP）
Check,唾液皮质醇
Check,血浆11-脱氧皮质酮
Check,炭疽的凝集反应
Check,姐妹染色单体互换
Check,三叉神经的面部感觉检查
Check,三叉神经检查
Check,性激素结合蛋白
Check,脑脊液免疫球蛋白
Check,"糖化血红蛋白组分（GHb,HbA1c）"
Check,惟一氮源试验
Check,踝关节背伸试验
Check,骨髓异常细胞和寄生虫
Check,果糖耐量试验
Check,唾液睾酮
Check,血浆17-羟孕酮
Check,土拉伦斯杆菌凝集试验
Check,带绦虫孕节检查法
Check,棘球蚴皮内试验
Check,烟碱
Check,阴道病原体检查
Check,坠落试验
Check,脑脊液尿酸
Check,体位变换试验
Check,低密度脂蛋白-胆固醇
Check,尿液粘多糖检测
Check,尿磷
Check,尿钙定性试验
Check,尿比重
Check,禁水试验
Check,禁水加压素试验
Check,曲面体层摄影
Check,精浆α-葡萄糖苷酶
Check,生理盐水皮肤试验
Check,GnRH兴奋试验
Check,泪道检查
Check,引颈试验
Check,葡萄糖6-磷酸脱氢酶荧光斑点试验
Check,周期性阴道涂片
Check,阴道肿块
Check,腹部静脉检查
Check,枫糖尿症筛查
Check,全血铅
Check,腹部血管杂音
Check,血清类固醇结合β-球蛋白
Check,抗肾上腺皮质抗体
Check,链激酶-链道酶试验
Check,浆膜腔积液细胞计数
Check,螺内酯试验
Check,红细胞葡萄糖磷酸异构酶
Check,"抗神经元核抗体(Hu,Ri)"
Check,糖基抗原CA199
Check,羊水钠
Check,催产素
Check,催产素激惹试验
Check,脑磷脂胆固醇絮状试验
Check,硫酸锌浊度试验
Check,葡萄糖-6-磷酸脱氢酶缺乏症筛查
Check,胰泌素
Check,血支原体抗体测定
Check,抗甲状腺过氧化物酶抗体（ATPO）
Check,Nagel色觉镜检查法
Check,FM-100色彩试验
Check,同色表检查法
Check,羊水细胞性染色质检查
Check,Farnsworth15色标试验
Check,飞行员体格检查
Check,肝搏动
Check,施瓦巴赫试验
Check,镫骨活动试验
Check,林纳试验
Check,脏器声学造影
Check,肾血流图
Check,尿17-酮皮质类固醇（17-KS）
Check,蝶鞍侧位片
Check,血葡萄糖
Check,放射过敏原吸附试验(RAST)
Check,Y染色质
Check,小气道功能
Check,胆固醇酯与总胆固醇比值
Check,精子活动率
Check,精浆的生化检查
Check,极低密度脂蛋白-胆固醇
Check,"脂蛋白电泳(SLE,LPE,LE)"
Check,乳糜微粒
Check,脂蛋白脂肪酶
Check,β-脂蛋白定量
Check,引线试验
Check,脑脊液胆固醇酯
Check,抗巨细胞病毒抗体（CMV－AB）
Check,尿去甲肾上腺素（NNM）
Check,间碘苄胍γ-闪烁照相
Check,羟脯氨酸
Check,血清胆固醇
Check,载脂蛋白CⅢ
Check,血红蛋白溶解度
Check,伸肌紧张试验
Check,脱氢表雄酮
Check,地塞米松抑制醛固酮试验
Check,"脱氢异雄酮(DHEA,DHA)"
Check,"血清醛固酮(ALD,ALS)"
Check,C肽（C-PR）
Check,谷氨酸脱羧酶抗体（GADA）
Check,骨骼肌自身抗体（ASA）
Check,糖尿病类尿常规
Check,脑脊液生长抑素
Check,脱畸全套检查
Check,泪管显象
Check,泪液分泌试验
Check,二硝基氯苯斑贴试验
Check,巨噬细胞或白细胞移动抑制试验(MMIT)
Check,淋巴细胞转换试验（LTT）
Check,婴幼儿视力检查
Check,α2-纤溶酶抑制物活性
Check,间α胰蛋酶抑制物
Check,p16基因检测（MTS）
Check,粪便磷酸盐
Check,粪钙
Check,下颌运动检查
Check,SW阴茎超声血流检测
Check,可提取核抗原（ENA）自身抗体谱带分析
Check,维生素A结合蛋白（RBP）
Check,骨髓淋巴细胞系统
Check,追踪减影透视
Check,脑脊液细胞计数（CST）
Check,抗SS-A(Ro)抗体
Check,脯氨酸
Check,站立位研磨试验
Check,妇科疾病的病毒检查
Check,经皮肾镜检查
Check,甘氨酸
Check,汉坦病毒抗体（VH-Ab）
Check,血小板钙流测定
Check,甲状腺结合球蛋白（TBG）
Check,癣菌素试验
Check,促肾上腺皮质激素（ACTH）兴奋试验
Check,脐血流检查
Check,钼靶摄影检查
Check,抗表皮基底膜抗体
Check,间接抗人球蛋白试验
Check,尿卟啉原试验（UP）
Check,颈动脉搏动检查
Check,血清α-羟丁酸脱氢酶（α-HBDH）
Check,引流管
Check,脑脊液溶菌酶
Check,布鲁津斯基征
Check,光觉检查
Check,踝肱指数
Check,盖斯兰试验
Check,红细胞破坏部位测定
Check,婴幼儿股动脉搏动检查
Check,血小板黏附功能试验
Check,血小板第3因子功能检测
Check,血小板第3因子有效性测定
Check,寄生虫血液检查
Check,中间细胞(MID)
Check,组织因子途径抑制物
Check,异形嗜中性粒细胞
Check,脑蛋白质代谢显像
Check,133Xe脑血流测定及显像
Check,语言检查法
Check,血清补体C4
Check,烟酸
Check,尿N＇-甲基烟酰胺
Check,屏息试验
Check,氯化铵负荷试验
Check,血清载脂蛋白a测定
Check,台阶试验
Check,药物刺激试验
Check,肾静态显像
Check,PHA淋巴细胞转化试验
Check,床旁透视与术中透视
Check,身体器官功能与营养
Check,维生素B6（VitB6）
Check,β1-妊娠特异蛋白
Check,碳氧血红蛋白定性试验(HBCO)
Check,沙眼衣原体IgM和IgG
Check,血液果糖
Check,尿果糖
Check,T细胞花环形成试验
Check,布拉加尔征
Check,鞠躬试验
Check,健肢抬高试验
Check,椎板间隙显微内窥镜
Check,髋关节超伸试验
Check,Chvostek征
Check,红细胞膜磷脂
Check,热溶血试验
Check,红细胞变形性
Check,椭圆形红细胞
Check,霍夫曼征
Check,震动觉
Check,男性不育HCG刺激试验
Check,醋酸AS-D茶酚脂酶染色
Check,趾长屈肌肌力试验
Check,抗核仁抗体
Check,幽门螺旋杆菌血清学测试
Check,心理年龄测试
Check,静脉胆囊、胆道造影
Check,阿利新蓝染色
Check,胶体铁染色
Check,眼心反射
Check,粪便钙
Check,GC球蛋白
Check,血管紧张素转化酶
Check,乙型肝炎病毒e抗原（HBeAg）
Check,苷-鹅脱氧胆酸
Check,乙型肝炎病毒核心抗体（HBcAb）
Check,抗丁型肝炎病毒IgG抗体
Check,血清支链氨基酸/芳香族氨基酸比值
Check,巩膜检查法
Check,Schfrmer氏试验
Check,唾液中的细胞
Check,"尿中白细胞（WBC,LEU）"
Check,核糖核酸染色
Check,蛇毒因子溶血试验
Check,酸溶血试验
Check,跟骨叩击试验
Check,体脂肪率
Check,卡普兰交点检查
Check,肱二头肌反射
Check,抗乙酰胆碱受体抗体
Check,麦卡兹尼试验
Check,骨盆外测量
Check,镰形红细胞
Check,血液及骨髓标本的细菌学检验
Check,局部淋巴显象
Check,红细胞二磷酸甘油转移酶
Check,血红蛋白F包涵体生成试验
Check,红细胞渗透脆性试验（ROFT）
Check,红细胞渗透脆性试验
Check,钼靶照相
Check,血清酸性磷酸酶
Check,骨髓巨核细胞数和分类
Check,冈达征
Check,查多克征
Check,戈登征
Check,奥本汉姆征
Check,不随意运动检查
Check,二硝基氟苯皮肤试验
Check,E-玫瑰花环形成试验
Check,直接抗人球蛋白试验
Check,蛋白质、氨基酸分解产物试验
Check,多导睡眠图检查
Check,多导睡眠监测（PSG）
Check,尿铬
Check,尿铬（Cr）
Check,缓冲液
Check,一秒用力呼气量
Check,骨骼听诊
Check,卧立试验
Check,钙调素
Check,脑血流测定
Check,T3T4抗体
Check,胸廓检查
Check,沙门氏菌的鉴定
Check,反弓抗阻试验
Check,科德曼征
Check,Rh血型鉴定
Check,冈上肌肌腱断裂试验
Check,落臂试验
Check,反映肝脏排泄功能的试验
Check,血浆组织纤溶酶原活化物抑制物活性检测
Check,直接胆红素与总胆红素比值
Check,尿酮体检查（KET）
Check,封闭抗体检查
Check,拉斯特征
Check,支气管激发试验（BPT）
Check,组胺吸入试验
Check,静态显像
Check,铅笔滚动试验
Check,头颅运动
Check,ASO试验
Check,血清乳酸脱氢酶同工酶（LDHI）
Check,抗心肌磷脂抗体
Check,沙眼衣原体抗体
Check,泪器检查
Check,对数视力表
Check,双色法试验
Check,发育与体型
Check,头颅大小
Check,头颅形状
Check,黑曼征
Check,乳糜尿定性试验
Check,Lhermitte征
Check,胸腔积液免疫化学检查
Check,EB病毒壳抗原IgA抗体
Check,颈静脉压检查
Check,脊柱压痛与叩击痛
Check,下颌反射检查
Check,三叉神经的运动功能检查
Check,拇短伸肌肌力试验
Check,拇短展肌肌力试验
Check,弥散容量测定
Check,前列腺液中细菌和原虫
Check,β血小板球蛋白和血小板第4因子
Check,连续血浆鱼精蛋白稀释试验
Check,血浆组织纤溶酶原活化物抑制物抗原检测
Check,年龄检查
Check,阴道尿道瘘显象
Check,平均红细胞体积（MCV）
Check,羊水渗透压
Check,胎儿体重预测
Check,宫底高度检查
Check,头盆不称的估计法
Check,异常凝血酶原（APT）
Check,血清骨钙素（BGP）
Check,尿失禁诱发试验
Check,"c-erbB-2基因检测（c-erbB-2,neu,HER-2）"
Check,棉签试验
Check,尿道抬举试验
Check,胆囊和胆道收缩功能检查
Check,棘形红细胞
Check,水溶性维生素
Check,检影镜
Check,肝显像
Check,血清α-L-岩藻糖苷酶（α-FU）
Check,液晶热图
Check,抗心磷脂抗体
Check,白细胞介素5（iL-5）
Check,寒冷性升压试验
Check,乳头溢液检查
Check,血清甲状腺素
Check,口形红细胞
Check,癌抗原19-9（CA19-9）
Check,早早孕胶体金试条
Check,早孕检查
Check,拇收肌肌力试验
Check,羊水细菌检查
Check,胸腹部垫枕试验
Check,跟臀试验
Check,粘稠度
Check,呼气高峰流量（PEFR）
Check,乙型肝炎核心抗体
Check,肋锁挤压试验
Check,醋酸AS-茶酚酯酶染色
Check,红细胞体积指数
Check,还原型血红蛋白溶解度测定
Check,抗凝血活性试验
Check,全血容量
Check,尿促卵泡成熟素
Check,血清皮质醇结合球蛋白
Check,选择蛋白指数（SPI）
Check,脑脊液强啡肽
Check,血清蛋白电泳（SPE）
Check,尿α1-微球蛋白
Check,抗凝血酶Ⅲ活性和抗凝血酶Ⅲ抗原
Check,血浆蝰蛇毒磷脂时间测定
Check,蝰蛇毒复钙时间
Check,部分凝血活酶活性时间
Check,凝血因子ⅩⅢ定性测定
Check,血清冷纤维蛋白原
Check,血清游离脂肪酸
Check,乙型肝炎核心抗原
Check,HBsAg免疫复合物
Check,单胺氧化酶
Check,等渗盐水低压灌肠试验
Check,乙醇胶试验
Check,老年人体检
Check,含甲状腺球蛋白免疫复合物（TG-IC）
Check,抗胰岛细胞抗体（ICA）
Check,尿羟脯氨酸（HYP）
Check,维生素U
Check,节育器的X线检查
Check,溶菌酶
Check,血清冷球蛋白（CG）
Check,阴囊显象
Check,酚妥拉明阻滞试验
Check,抗甲状腺微粒体抗体(ATMA)
Check,"反三碘甲状腺原氨酸(γT3,反T3)"
Check,抗胰岛素抗体(AIAb)
Check,血管紧张素Ⅰ
Check,血池显像
Check,抗盐水可提取性核抗原（ENA）抗体
Check,免疫浊度技术
Check,抗角蛋白抗体(AKA)
Check,阴道前后壁膨出度
Check,前足挤压试验
Check,α2-HS-糖蛋白
Check,α2-热稳定性糖蛋白
Check,"胆固醇酯(chE,CE)"
Check,抗内因子抗体
Check,尿素酶试验
Check,荧光法密螺旋体抗体吸附试验
Check,转头试验
Check,视力筛查仪
Check,椎管内注射标记物法
Check,屈肌紧张试验
Check,肱桡肌肌力试验
Check,"血清球蛋白(G,GL0)"
Check,眼压指测法
Check,脑脊液血管活性肠肽
Check,"cd55,cd59检测"
Check,尿纤维蛋白降解产物
Check,脑脊液神经肽
Check,偏振光显微镜检查
Check,尿本周蛋白（BJP）
Check,血糖仪
Check,c肽释放试验
Check,血心钠肽（ANP）
Check,内皮素
Check,选择性蛋白尿指数
Check,单核细胞计数(MONO)
Check,β-促黑素细胞激素
Check,浆膜腔积液细胞学检查
Check,纤维蛋白-琼脂平板溶解试验
Check,纤维蛋白溶解时间
Check,血块或血浆凝块溶解时间测定
Check,心钠素
Check,心排血量(CO)
Check,雾视验光
Check,缩宫素激惹试验
Check,尿三胆检查
Check,子母胰管镜检查
Check,水负荷ADH抑制试验
Check,微量补体溶血敏感试验
Check,抗碱血红蛋白
Check,脑脊液降钙素基因相关肽
Check,职业病检查项目
Check,中枢神经递质和受体显像
Check,全血硒
Check,闭合容积（CV）
Check,血清触珠蛋白（Hp）
Check,钒
Check,脂蛋白a（Lp-a）
Check,抗球蛋白试验（Coombs试验）
Check,活化蛋白C抵抗试验
Check,血清补体C8含量
Check,血清胆固醇酯
Check,眼压描记检查法
Check,血清卵磷脂-胆固醇酰基转移酶
Check,抗胰腺腺泡抗体(PAB)
Check,胰腺肿瘤标记（CA 19-9）
Check,血清碱性磷酸酶同工酶测定（iso-ALP）
Check,血清甲状腺素结合前白蛋白
Check,血清精氨酰琥珀酸裂解酶（ASAL)
Check,吞线试验
Check,"皮质醇结合球蛋白(CBC,CBG)"
Check,尿γ-谷氨酰转移酶
Check,14C呼气试验
Check,语音试验
Check,玻片压诊法
Check,变性球蛋白(Heinz)小体染色试验
Check,变性球蛋白(Heinz)小体生成试验
Check,唾液钾
Check,口服法小肠造影
Check,产后检查
Check,乙型肝炎病毒前S2抗原
Check,乙型肝炎核心抗体免疫球蛋白G
Check,血清丙氨酸氨基转移同工酶
Check,角质蛋白19片段(CYFRA21-1)
Check,安体舒通试验
Check,十二指肠引流一般性状检查
Check,粪胆红素
Check,半饱和氧分压（P50）
Check,脊柱超伸试验
Check,听力计
Check,非接触眼压计
Check,血浆因子XIII缺乏筛选试验
Check,胰岛素低血糖兴奋GH、ACTH试验
Check,血浆凝血因子XI活性测定
Check,抗类风湿性关节炎33抗体
Check,定量肝功能试验
Check,超广谱β -内酰胺酶
Check,血清铯
Check,面容表情
Check,抗肝细胞膜抗原抗体
Check,抗可溶性肝抗原抗体（SLA）
Check,肾上腺髓质显像
Check,气管移位检查
Check,烟酸(Niacin)
Check,已糖胺全酶
Check,抗组织相容性抗原-DR抗体（抗-HLA-DR）
Check,角膜知觉检查法
Check,胃运动功能测定
Check,脑脊液蛋白定性（CSF.Pro）
Check,脑脊液蛋白定性
Check,女性性发育自我检查
Check,D二聚体（DD）
Check,抗庚型肝炎病毒E2抗体
Check,滤过紫外线检查
Check,腰骶部丛毛征
Check,抗血小板抗体（APA）
Check,尿前列腺素
Check,尿丙氨酸
Check,蝇蛆检查
Check,血浆凝血因子Ⅱ活性测定
Check,DNA多聚酶
Check,谷胱甘肽S转移酶
Check,变性珠蛋白小体检测
Check,尿对羟苯丙酮酸
Check,羟赖氨酸
Check,痰液颜色
Check,前列腺液颜色
Check,肺和胸膜视诊
Check,绒毛膜取样术
Check,嗜中性粒细胞核鼓槌小体
Check,“胎儿颈部透明带”的筛检
Check,荧光密螺旋体抗体
Check,妊高征预测方法
Check,β-胡萝卜素
Check,β-胡萝卜素（β-Car）
Check,胃泡鼓音区
Check,间接检眼镜检查法
Check,血清苯丙氨酸（Phe）
Check,血清苯丙氨酸
Check,尿苯丙酮酸（PA）
Check,抗角蛋白抗体
Check,抗Sa抗体
Check,抗组织相容性抗原-DR抗体
Check,抗桥粒自身抗体
Check,酸化甘油溶血试验
Check,腰背部麻醉试验
Check,新生儿疾病筛查
Check,游离蛋白S测定
Check,黑加征
Check,痰液中弹力纤维
Check,痰液气味
Check,糖筛
Check,抗胃壁细胞抗体（APCA）
Check,俯卧伸腰试验
Check,尿道功能检查
Check,血吸虫环卵沉淀试验
Check,抗SS-A和SS-B抗体
Check,强弱
Check,尿糖（GLU）
Check,葡萄糖氧化酶电极膜法
Check,血糖仪试纸带法
Check,气管吸引术
Check,尿维生素B6
Check,尿维生素B6（VitB6）
Check,卡托普利试验
Check,补液试验
Check,口服葡萄糖耐量试验
Check,可乐定试验
Check,维生素H
Check,过氯酸盐释放试验
Check,拇外翻检测
Check,平均红细胞血红蛋白含量（MCH）
Check,胰岛素胃酸分泌量
Check,胸壁检查
Check,红细胞碱粒凝聚试验
Check,视神经孔片
Check,翻转上睑方法
Check,指总伸肌肌力试验
Check,拇指对掌肌肌力试验
Check,小指对掌肌肌力试验
Check,指深屈肌肌力试验
Check,彻照法检查
Check,前锯肌肌力试验
Check,妊娠相关血浆蛋白A
Check,角膜厚度测量
Check,胎儿脐动脉收缩压与舒张压的比值
Check,极低密度脂蛋白胆固醇（VLDL-c，VLDL-ch ）
Check,抗胰岛素受体抗体
Check,糖尿病视网膜病变检查
Check,尿苦杏仁酸
Check,浆膜腔积液蛋白
Cureway,支气管肺泡灌洗
Cureway,药物治疗
Cureway,支持性治疗
Cureway,对症治疗
Cureway,青霉素等抗生素药物治疗
Cureway,对症支持性治疗
Cureway,并发症治疗
Cureway,康复治疗
Cureway,手术治疗
Cureway,支持治疗
Cureway,大剂量青霉素治疗、手术治疗
Cureway,支持性治疗，对症治疗
Cureway,抗曲霉菌药物治疗
Cureway,对症支持治疗
Cureway,部分慢性感染如曲霉球需要手术切除治疗
Cureway,药物对症治疗为主，早期可能需要激素治疗
Cureway,抗真菌治疗，对症治疗，
Cureway,外科治疗
Cureway,放射治疗
Cureway,化疗
Cureway,靶向药物治疗
Cureway,消融
Cureway,粒子植入
Cureway,中医治疗
Cureway,及时补液，积极抗感染，营养
Cureway,一旦发生就地抢救
Cureway,抗生素药物治疗
Cureway,对症
Cureway,必要时手术治疗
Cureway,大环内酯类或氟喹诺酮类药物治疗
Cureway,磺胺类药物治疗为主
Cureway,原发病治疗
Cureway,抗真菌治疗
Cureway,，手术治疗
Cureway,，支持性治疗
Cureway,糖皮质激素等药物治疗
Cureway,抗感染治疗
Cureway,驱丝虫及治疗寄生虫药物治疗
Cureway,抗生素治疗
Cureway,祛痰药物治疗
Cureway,加强翻身拍背促排痰护理
Cureway,无特效治疗方法，对症治疗
Cureway,抗结核治疗
Cureway,抗感染及止咳平喘等对症及支持治疗
Cureway,对症支持综合治疗
Cureway,纤支镜气管冲洗术
Cureway,对症及支持治疗
Cureway,抗菌治疗、抗休克治疗、纠正酸中毒，糖皮质激素应用以及防治并发症的发生
Cureway,高浓度吸氧
Cureway,排出或吸出异物
Cureway,抗感染
Cureway,基础疾病治疗及支持性治疗
Cureway,糖皮质激素治疗
Cureway,及时有效的心肺复苏，药物治疗
Cureway,氧疗
Cureway,支持性治疗，早期诊断和治疗，多数预后良好
Cureway,药物治疗（中医药治疗，西药治疗）
Cureway,介入治疗
Cureway,外科手术
Cureway,病因治疗
Cureway,手术治疗为主，若失去手术时机，可药物支持性治疗
Cureway,化学消融术
Cureway,药物治疗，改变不良生活方式
Cureway,药物治疗，介入治疗，冠脉搭桥治疗
Cureway,中西医结合药物治疗局部物理治疗
Cureway,中药泡洗
Cureway,及时补充血容量，积极治疗原发病，药物治疗
Cureway,支持治疗包括优化通气和氧合、维持正常的血压心排出量、纠正酸中毒、维持血糖、控制惊厥等；神经保护治疗主
Cureway,口服药物、外用药物、药物瘤体注射、激光、手术切除、放射或冷冻
Cureway,药物治疗，手术治疗
Cureway,手术治疗或者保守治疗
Cureway,药物治疗，介入治疗，手术治疗
Cureway,物理治疗
Cureway,主要是主要针对病因进行治疗，必要时应用起搏器
Cureway,中医药治疗
Cureway,西医药治疗
Cureway,物理性治疗
Cureway,，支持性治疗，外科治疗
Cureway,电视胸腔镜微创治疗
Cureway,胸腔闭式引流术
Cureway,药物治疗改善心功能
Cureway,及时补充血容量及对症支持治疗
Cureway,介入治疗、肝移植治疗、药物治疗
Cureway,内镜下手术治疗
Cureway,饮食治疗
Cureway,支持疗法
Cureway,药物治疗如泻药、促动力药，中医理疗
Cureway,及时洗胃
Cureway,，对症治疗，支持治疗，手术治疗
Cureway,内镜治疗
Cureway,药物治疗如消炎利胆措施，感染者给予抗生素治疗，胆管梗阻给予内镜或手术减压，大部分结石须手术治疗
Cureway,切除后药物防治
Cureway,药物治疗如胆汁吸附剂、促动力药物
Cureway,药物治疗如利他林、胃复安
Cureway,心理治疗
Cureway,手术治疗，介入治疗，药物治疗
Cureway,一般治疗
Cureway,抗菌素治疗，对症治疗
Cureway,康复治疗功能性治疗
Cureway,对症治疗，抗病毒治疗
Cureway,对症治疗，心理治疗
Cureway,康复治疗生物反馈治疗扩肛治疗
Cureway,乙醇的抗毒治疗，药物治疗
Cureway,支持治疗康复治疗
Cureway,药物保守治疗
Cureway,内镜下治疗
Cureway,去除病因
Cureway,及早停用相关抗生素、抗生素治疗、粪便菌群移植治疗、手术治疗
Cureway,戒酒治疗，药物治疗，
Cureway,药物治疗如保护胃肠黏膜、抑酸剂、抗生素、补液等
Cureway,药物治疗如抑酸剂、黏膜保护剂，对症治疗
Cureway,低脂饮食
Cureway,药物综合治疗如补液、抑酶、抑酸、抗感染、营养支持等，发生严重并发症需手术治疗
Cureway,粪菌移植疗法
Cureway,粒细胞吸附疗法
Cureway,营养支持治疗
Cureway,小儿推拿治疗
Cureway,大多患者无特殊治疗方法，主要为对症疗法
Cureway,中药治疗
Cureway,药物治疗如黏膜保护剂、抑酸剂、胃肠动力药、中医治疗，幽门螺杆菌阳性者行根除治疗
Cureway,血液透析等
Cureway,一般采用支持疗法
Cureway,多学科联合治疗
Cureway,康复治疗生物反馈治疗
Cureway,中医中药手术治疗
Cureway,大部分可通过内镜取出，少数较大异物或者合并有严重并发症者需手术治疗
Cureway,药物治疗如黏膜保护剂、抑酸剂，出血严重时可行内镜下钛铗止血
Cureway,内科综合治疗
Cureway,药物治疗如抑酸剂、黏膜保护剂
Cureway,支持性治疗，饮食治疗
Cureway,肝移植治疗
Cureway,手术治疗，化疗，靶向药物治疗药物治疗
Cureway,抗感染治疗、对症及支持治疗。
Cureway,无特殊药物治疗
Cureway,对症支持性治疗为主
Cureway,药物抗菌治疗，连续的影像学检查，外科手段的综合治疗
Cureway,康复训练治疗物理因子治疗
Cureway,针灸推拿
Cureway,封闭治疗
Cureway,多为对症处理，对于Ⅳ型可替代治疗，其他类型可行骨髓移植治疗
Cureway,药物治疗，
Cureway,支持治疗，血液透析或血浆置换
Cureway,放疗
Cureway,中医辨证施治
Cureway,及时输血，手术治疗，药物支持治疗
Cureway,替代治疗
Cureway,哟啊无治疗
Cureway,支持性
Cureway,熏冼、坐浴、直肠给药、注射治疗、中医治疗
Cureway,支持性治疗，手术治疗
Cureway,无特殊治疗
Cureway,直线加速器治疗
Cureway,按摩，石膏，手术
Cureway,A型肉毒素
Cureway,手术
Cureway,按摩、石膏矫正，手术治疗
Cureway,恢复咽鼓管通气引流功能，咽鼓管吹张或鼓膜穿刺平衡鼓室内外气压
Cureway,治疗原发病
Cureway,轻症的多数不需要处理，局部可以涂抹药膏；严重的需要手术治疗，并积极抗感染治疗
Cureway,无需特殊治疗
Cureway,全身化疗
Cureway,放射治疗，药物治疗
Cureway,放射性治疗
Cureway,无有效的治疗方法，多为对症处理
Cureway,饮食疗法，支持性治疗
Cureway,口腔修复治疗
Cureway,支持性治疗，必要时角膜移植手术
Cureway,RGP
Cureway,角膜交联术
Cureway,角膜移植手术
Cureway,局部用药
Cureway,全身应用抗病毒药物
Cureway,解除病因、控制感染，药物治疗、支持治疗
Cureway,药物治疗，微血管减压手术
Cureway,多数不需要治疗，当出现严重呼吸困难时可手术治疗
Cureway,早期可应用药物治疗，晚期验配助听器或进行听力康复
Cureway,正畸治疗，正颌手术治疗
Cureway,正畸治疗、正颌手术治疗
Cureway,西医治疗
Cureway,内科治疗
Cureway,介入性放射学
Cureway,持续不缓解可使用呼吸机辅助呼吸，药物治疗
Cureway,抗菌素治疗，对症治疗，
Cureway,药物栓塞治疗
Cureway,抗菌素治疗，
Cureway,矫正复位
Cureway,中医治疗法
Cureway,药物治疗如抑酸剂、黏膜保护剂、胃肠动力药、中成药，有Hp感染者进行根除治疗
Cureway,手术切除，送病理检查
Cureway,中西医结合治疗
Cureway,靶向治疗
Cureway,保守治疗
Cureway,抗病毒治疗
Cureway,中医中药
Cureway,手术治疗，冷冻治疗和放射治疗，α-干扰素治疗
Cureway,手术切除送病理检查
Cureway,透析治疗
Cureway,肾移植
Cureway,手术、激光
Cureway,休息、饮食和营养、药物治疗、支持治疗
Cureway,急症手术治疗
Cureway,药物治疗如黏膜保护剂、抑酸剂，有幽门螺杆菌感染者进行根除治疗
Cureway,化学治疗
Cureway,急性糜烂性胃炎给予药物治疗如黏膜保护剂、抑酸剂，止血、补液治疗，
Cureway,慢性糜烂性胃炎给予药物口服治疗
Cureway,中西医排石治疗
Cureway,药物治疗，介入
Cureway,支架治疗，手术治疗
Cureway,糖皮质激素、免疫抑制剂、羟氯喹、生物制剂、神经营养药物
Cureway,药物治疗、内镜治疗、手术治疗
Cureway,非手术治疗
Cureway,、康复功能锻炼及支持性治疗
Cureway,药物治疗包括口服碳酸氢钠、抑酸剂及支持性治疗，药物治疗无效者可在胃镜下碎石或取出
Cureway,手术治疗为主，辅以药物治疗
Cureway,立体定向放射治疗
Cureway,立即抢救，氧疗，药物治疗
Cureway,根管治疗
Cureway,经皮冠脉介入治疗，冠脉搭桥治疗
Cureway,，以局部用药为主
Cureway,手术治疗和药物治疗
Cureway,辅助生育
Cureway,、介入治疗、中医中药治疗、
Cureway,中西医药物治疗
Cureway,交通支静脉结扎
Cureway,微创腔镜下交通支静脉结扎
Cureway,激光电凝
Cureway,为主，出现并发症需要手术治疗
Cureway,，对症治疗
Cureway,观察
Cureway,药物治疗，支持性治疗
Cureway,肝内胆管结石、胆囊结石需要手术治疗，胆总管结石可内镜取出，另可以辅以药物治疗如熊去氧胆酸、胆宁片等
Cureway,对症治疗，
Cureway,支持治疗，抗菌素治疗
Cureway,持续稳定得控制血压，保护心功能
Cureway,就地抢救，转移至平原地区，药物治疗
Cureway,病原体治疗对症治疗
Cureway,手术治疗中医中药治疗
Cureway,有效刷牙，洁治
Cureway,因大部分不影响日常生活，所以不需要治疗。少部分可以手术治疗。
Cureway,骨髓移植
Cureway,对症治疗为主
Cureway,支持性治疗，如果长期治疗无效疼痛严重和肿瘤鉴别困难可以考虑切除肋软骨
Cureway,对症治疗，支持治疗
Cureway,药物治疗，出现严重并发症死骨形成可手术清除病灶
Cureway,手术治疗。
Cureway,灌肠治疗
Cureway,饮食结构调整
Cureway,对症治疗和病原治疗
Cureway,药物治疗，佩戴助听器
Cureway,积极治疗原发病，
Cureway,化疗为主，加用放疗
Cureway,，粒子植入，消融
Cureway,根据不同病情，采用口服药物，输液等，对于有脱水，电解质紊乱的要及时纠正，及对症支持等综合治疗
Cureway,，综合治疗
Cureway,抗菌素治疗
Cureway,急性化脓性中耳炎药物治疗为主，慢性化脓性中耳炎可手术治疗
Cureway,造血干细胞移植
Cureway,手术切除囊肿
Cureway,药物治疗.三腔起搏器治疗.心脏移植
Cureway,支持治疗、必要时手术治疗
Cureway,现场止血包扎，手术控制出血，积极抗休克治疗
Cureway,其他治疗
Cureway,开胸手术治疗、介入封堵、外科微创封堵治疗
Cureway,持性治疗
Cureway,补液，纠正脱水及电解质和酸碱平衡紊乱，支持性治疗
Cureway,针灸推拿治疗
Cureway,饮食疗法
Cureway,体育疗法
Cureway,目前无有效治疗方法
Cureway,心理认知行为治疗
Cureway,药物治疗，心理治疗
Cureway,造血干细胞移植治疗
Cureway,对症治疗为主，无法根治性治愈
Cureway,及时氧疗，药物治疗
Cureway,，转移至平原地区，支持治疗
Cureway,无水乙醇介入治疗
Cureway,营养支持
Cureway,肠康复治疗
Cureway,小肠移植
Cureway,镫骨手术治疗为主。
Cureway,依据囊肿部位、大小、临床症状严重程度、身体状况择期手术
Cureway,激光或手术治疗
Cureway,对症支持治疗、联合化疗、免疫治疗、造血干细胞移植、细胞因子治疗、去甲基化治疗、诱导分化及促凋亡治疗
Cureway,及时洗胃，药物治疗
Cureway,无特异性治疗方法
Cureway,调整饮食、补充优质蛋白质为主；同时积极去除病因，积极防治并发症
Cureway,药物治疗，低脂饮食，运动。
Cureway,早期治疗原发病，预防并发症，后期以康复治疗和支持性治疗为主
Cureway,抗结核治疗，胸腔抽液，支持治疗，必要时手术治疗
Cureway,心理治疗、暗示治疗
Cureway,手术切除为主
Cureway,支持性治疗，
Cureway,康复治疗，手术治疗
Cureway,对症处理
Cureway,中西医结合药物治疗
Cureway,抗结核药物药物治疗、手术治疗、支持性治疗
Cureway,手术治疗，激素替代治疗
Cureway,休息
Cureway,解热镇痛、抗组胺、镇咳等对症药物
Cureway,抗病毒药物治疗
Cureway,以预防为主，一旦发生立即心肺复苏，药物治疗
Cureway,口腔护理
Cureway,抗病毒及对症支持治疗
Cureway,手术切除
Cureway,根据病情，给予口服药物，补液纠正脱水剂酸中毒及对症支持等综合治疗
Cureway,冷冻治疗
Cureway,激光治疗
Cureway,硬化治疗
Cureway,支气管镜取出，严重的需要手术治疗。没有手术条件的可以先行气管切开术，以挽救生命
Cureway,戒酒，
Cureway,支持治疗，
Cureway,保守治疗为主，配合康复治疗
Cureway,药物治疗、手术治疗和
Cureway,心理、康复治疗等
Cureway,"药物治疗,"
Cureway,"外科手术(微血管减压),射频,伽玛刀"
Cureway,依据病变累及部位和范围治疗有不同，以激素或化疗为主要治疗
Cureway,对症支持性治疗为辅
Cureway,支持治疗，饮食治疗
Cureway,药物治疗，玻璃体腔注射抗新生血管药物治疗
Cureway,手术治疗为主，玻璃体切除联合内界膜剥除术
Cureway,、运动、饮食、心情调理
Cureway,皮质激素等药物治疗
Cureway,放射疗法
Cureway,器官移植
Cureway,小儿纤维支气管镜
Cureway,牙齿充填术
Cureway,对症等治疗
Cureway,对症治
Cureway,无特别有效的治愈方式，愈后差
Cureway,药物
Cureway,低脂饮食，戒酒，运动
Cureway,对因治疗
Cureway,物理疗法
Cureway,配镜治疗，遮盖健眼，康复治疗
Cureway,射频治疗
Cureway,康复治疗（EH为良性自限性疾病，绝大多数患儿不需任何内外科治疗，可待其自行消失）
Cureway,手术治疗搭桥治疗
Cureway,支架植入
Cureway,药物治疗包括抑酸剂、生长抑素等，胃镜下止血治疗，介入手术及外科手术治疗
Cureway,拔牙治疗
Cureway,局部治疗
Cureway,气管插管，机械通气，心脏心外按压，心脏电除颤等支持性治疗；
Cureway,药物治疗；
Cureway,对症治疗；
Cureway,药物治疗支持性治疗
Cureway,β受体阻滞剂、激光、手术、注射
Cureway,激光治疗对症支持治疗
Cureway,基因治疗
Cureway,外科手术治疗
Cureway,及时心肺复苏，药物治疗
Cureway,纠正酸中毒、纠正低钾血症、氢氯噻嗪口服，必要时透析治疗
Cureway,康复治疗，语言训练等
Cureway,心理治疗等
Cureway,穴位注射
Cureway,骨盆整复中药外敷
Cureway,手法治疗
Cureway,早期吸氧，药物治疗
Cureway,行为
Cureway,行为治疗、觉醒训练、药物治疗、针灸和生物反馈治疗
Cureway,手术及内镜治疗
Cureway,糖皮质激素
Cureway,机械通气
Cureway,免疫抑制剂
Cureway,，介入治疗，手术治疗
Cureway,心理治疗为主
Cureway,药物为辅
Cureway,免疫学治疗
Cureway,"放射治疗,热能治疗"
Cureway,纠正酸中毒，纠正低血钾，口服维生素D和钙剂，口服氢氯噻嗪。以及对症治疗。
Cureway,改变生活方式和饮食习惯
Cureway,电转律
Cureway,支持性治疗及饮食治疗
Cureway,物理治疗、补液治疗等
Cureway,中医辨证施治治疗
Cureway,内分泌治疗
Cureway,磁石治疗
Cureway,自然分娩
Cureway,剖腹产
Cureway,药物治疗，饮食控制，运动。
Cureway,精神疏导
Cureway,复位治疗
Cureway,认知功能康复治疗
Cureway,对症治疗，药物治疗
Cureway,手术治疗，药物治疗
Cureway,免疫治疗
Cureway,手术疗法
Cureway,无特殊处理
Cureway,手术切除治疗药物治疗
Cureway,抗病毒治疗，保肝治疗，手术治疗。
Cureway,手术治疗，介入治疗
Cureway,手术治疗，保守治疗
Cureway,康复治疗中医中药
Cureway,药物治疗抗感染治疗
Cureway,支持性治疗中医中药
Cureway,抗菌药物治疗
Cureway,急救治疗
Cureway,颈动脉狭窄可以通过药物控制或外科手术治疗。如内膜剥脱术或介入支架植入术，也可以采用中医药保守治疗
Cureway,介入放射治疗
Cureway,抗结核治疗，
Cureway,激光及冷冻治疗
Cureway,抗结核药物治疗
Cureway,药物治疗、
Cureway,康复治疗、神经调控治疗
Cureway,595脉冲染料激光首选，必要时1064激光，皮肤扩张手术治疗
Cureway,主要为药物治疗，对因处理，对症治疗
Cureway,复位为主的治疗，少数患者需要手术
Cureway,手术复位治疗
Cureway,手术治疗药物治疗康复治疗
Cureway,抗病毒治疗，对症治疗，
Cureway,无需治疗
Cureway,西药治疗，中药治疗。
Cureway,无有效治疗
Cureway,手术减压治疗
Cureway,药物治疗，饮食治疗
Cureway,。中医可以分气虚、血虚、肝阳上亢、淤血证型治疗
Cureway,干细胞移植治疗
Cureway,液体刀治疗
Cureway,无特效药物治疗
Cureway,手术切除治疗，挂线疗法
Cureway,中医药物治疗
Cureway,药物溶栓
Cureway,手术取栓
Cureway,介入导管取栓
Cureway,下腔静脉滤器植入、导管溶栓
Cureway,静脉溶栓
Cureway,慢性期患者或者陈旧血栓患者采用保守治疗
Cureway,预防并发症
Cureway,支持性治疗，必要时抗青光眼手术治疗
Cureway,主要针对原发病因治疗，必要时安装起搏器
Cureway,，支持性治疗，
Cureway,手术及内镜下治疗
Cureway,脱敏治疗
Cureway,支持治疗，饮食调理，适当增加体力活动
Cureway,激光，冷冻，手术切除
Cureway,以化疗为主的疾病
Cureway,加放疗
Cureway,.对症治疗
Cureway,药物治疗手术治疗
Cureway,运动治疗
Cureway,急性炎症药物治疗为主，慢性炎症可手术治疗
Cureway,对症治疗，支持性治疗
Cureway,综合治疗
Cureway,大肠水疗
Cureway,停药
Cureway,运动
Cureway,保肝抗炎治疗
Cureway,坐浴，直肠给药，手术治疗
Cureway,，冷冻治疗
Cureway,小的声带息肉可以药物治疗消退，多数需要手术治疗，有多种手术方式
Cureway,一般不需特殊治疗、若合并神经循环异常，可给予对症处理
Cureway,超声洁治或者刮治
Cureway,药物治疗如促胃肠动力剂与止酸剂，注意饮食调节、半卧位，药物治疗无效者考虑手术治疗如胃底折叠术
Cureway,冷冻疗法，刮除和烧灼疗法，光动力疗法
Cureway,高压氧治疗
Cureway,中医康复治疗
Cureway,亲情疗法
Cureway,抗生素药物
Cureway,止咳祛痰平喘药物治疗、基础疾病治疗、氧疗、支持性治疗
Cureway,抗菌药物治疗、原发病治疗、营养支持治疗、导致VAP的危险因素治疗
Cureway,手术治疗化疗放射性治疗
Cureway,支架
Cureway,大环类脂类、皮质激素、针对常见感染病原菌的抗生素治疗、氧疗、机械通气以及对症支持治疗
Cureway,抗过敏药物治疗为主，辅以中药治疗
Cureway,药物治疗如抑酸剂、促动力药，黏膜保护剂，内科治疗无效行手术治疗
Cureway,如果没有引起肾积水或腰部不适，不需要治疗，定期复查即可。如出现症状，建议腹腔镜下手术开窗
Cureway,现场心肺复苏
Cureway,改善认知功能
Cureway,抗菌药物
Cureway,基础疾病治疗
Cureway,大多数无症状者无需治疗，有症状者根据病情不同可能采用手术治疗
Cureway,对症性治疗等
Cureway,主要是药物治疗和支持性治疗、如果条件许可，可以进行手术治疗
Cureway,抗生素药物治疗、去除诱发因素、支持性治疗、提高机体免疫力治疗
Cureway,手术治疗等
Cureway,介入动脉化疗栓塞
Cureway,微波消融
Cureway,根据原发部位不同
Cureway,治疗有化疗
Cureway,针灸推拿康复治疗
Cureway,起搏器应用支持性治疗
Cureway,微创治疗
Cureway,内窥镜手术
Cureway,以手术治疗为主
Cureway,药物治疗如抑酸剂、黏膜保护剂，抗幽门螺杆菌治疗，急性出血予补液、输血治疗
Cureway,康复治疗，激素替代治疗等
Cureway,遗传咨询
Cureway,对症药物治疗
Cureway,手术治疗(脑起搏器植入)
Cureway,中西医药物结合治疗
Cureway,导管溶栓
Cureway,取栓术
Cureway,药物溶栓治疗
Cureway,无特效解毒药，一般对症治疗
Cureway,尚无满意疗法，药物治疗
Cureway,戒烟加药物治疗
Cureway,呼吸机辅助治疗
Cureway,药物治疗或介入手术降低门脉压力
Cureway,早期可输注广谱抗生素。脓肿形成后需要手术切口引流治疗
Cureway,，药物治疗，中医中药，免疫治疗
Cureway,中医辨证施治，给以中医药治疗，效果较好
Cureway,小儿推拿
Cureway,局部封闭
Cureway,对症支持治疗以及根据病原治疗
Cureway,中医治疗、急症对症治疗、支持性治疗
Cureway,，手术治疗，
Cureway,化疗支持性治疗
Cureway,也可不做特殊治疗
Cureway,以外科手术为主的综合性治疗
Cureway,控制血压
Cureway,只有血象改变而无症状的患儿，不需治疗，注意休息、营养即可，血象可自行恢复；有症状者即行对症处理
Cureway,综合性治疗和护理
Cureway,目前医学无特效治疗方法，主要是对症治疗
Cureway,激素等药物治疗
Cureway,药物治疗，生命体征和心肺功能的支持
Cureway,胸腔和腹腔穿刺引流出过多的液体，同时进行单侧卵巢输卵管切除术或楔形切除术
Cureway,康复训练治疗
Cureway,教育
Cureway,支持性治疗，中医结合治疗
Cureway,无有效治疗方法
Cureway,饮食调理
Cureway,体育锻炼
Cureway,心理疏导治疗
Cureway,康针灸推拿及康复治疗
Cureway,内镜下切除治疗，较大者手术治疗
Cureway,急性严重的可以激素冲击治疗，轻症者可以口服药物，少数需要长期应用胰岛素治疗
Cureway,自我调整
Cureway,一般无需治疗
Cureway,手术治疗，化疗、免疫治疗
Cureway,，介入性治疗，冠脉搭桥治疗
Cureway,抗疟药物治疗，脾切除术，
Cureway,β受体阻滞剂、595脉冲染料激光、手术、注射
Cureway,手术治疗为主，其他如化疗、对症处理
Cureway,多数可通过食管镜取出，少部分合并严重并发症者需要手术治疗。
Cureway,牵引治疗
Cureway,针对病因治疗，积极治疗原发病
Cureway,现场救治，药物治疗
Cureway,减肥、改变生活习惯、氧疗、手术、药物、人工机械通气
Cureway,放射治疗，支持性治疗
Cureway,药物治疗如胰酶、抑酸、补液、抗感染等综合治疗，病因治疗如处理胆结石、高脂血症等
Cureway,药物治疗，营养支持治疗，手术治疗
Cureway,药物治疗、介入治疗、手术治疗
Cureway,药物治疗，继发性可能需要手术治疗
Cureway,主要是休息，给予低蛋白、低盐、适量脂肪饮食，利尿、降血压等对症治疗
Department,内科
Department,呼吸内科
Department,儿科
Department,小儿内科
Department,急诊科
Department,其他科室
Department,其他综合
Department,肿瘤科
Department,肿瘤内科
Department,外科
Department,心胸外科
Department,感染科
Department,传染科
Department,儿科综合
Department,妇产科
Department,产科
Department,普外科
Department,心内科
Department,肿瘤外科
Department,神经内科
Department,风湿免疫科
Department,五官科
Department,眼科
Department,内分泌科
Department,小儿外科
Department,耳鼻喉科
Department,妇科
Department,康复科
Department,消化内科
Department,肛肠科
Department,肝病
Department,皮肤性病科
Department,皮肤科
Department,肝胆外科
Department,血液科
Department,遗传病科
Department,肾内科
Department,泌尿外科
Department,泌尿内科
Department,中医科
Department,中医综合
Department,烧伤科
Department,男科
Department,骨外科
Department,神经外科
Department,精神科
Department,口腔科
Department,营养科
Department,性病科
Department,心理科
Department,生殖健康
Department,不孕不育
Department,整形美容科
Department,减肥
Disease,肺泡蛋白质沉积症
Disease,百日咳
Disease,苯中毒
Disease,喘息样支气管炎
Disease,成人呼吸窘迫综合征
Disease,大量羊水吸入
Disease,单纯性肺嗜酸粒细胞浸润症
Disease,大叶性肺炎
Disease,大楼病综合征
Disease,二硫化碳中毒
Disease,肺-胸膜阿米巴病
Disease,肺出血－肾炎综合征
Disease,肺放线菌病
Disease,肺泡蛋白沉着症
Disease,肺曲菌病
Disease,放射性肺炎
Disease,肺念珠菌病
Disease,肺大疱
Disease,肺炎球菌肺炎
Disease,肺气肿
Disease,肺炎杆菌肺炎
Disease,肺脓肿
Disease,肺栓塞
Disease,肺炎
Disease,肺大泡
Disease,肺水肿
Disease,非典
Disease,肺转移瘤
Disease,肺炎性假瘤
Disease,肺隐球菌病
Disease,肺癌
Disease,镉中毒
Disease,感冒
Disease,感染性休克
Disease,过敏性休克
Disease,Goodpasture综合征
Disease,过敏性肺炎
Disease,汞中毒
Disease,呼吸道异物
Disease,呼吸性细支气管相关的间质性肺疾病
Disease,呼吸衰竭
Disease,呼吸道合胞病毒肺炎
Disease,减压病
Disease,急性呼吸衰竭
Disease,急性肺脓肿
Disease,军团病
Disease,急性呼吸窘迫综合征
Disease,军团菌病
Disease,结核性脓胸
Disease,金黄色葡萄球菌肺炎
Disease,咖啡因与氨茶碱中毒
Disease,卡氏肺囊虫肺炎
Disease,咯血
Disease,硫化氢中毒
Disease,老年肺炎
Disease,流行性感冒
Disease,免疫缺陷者肺炎
Disease,镍中毒
Disease,铍中毒
Disease,缺血缺氧性脑病
Disease,气胸
Disease,球孢子菌病
Disease,禽流感
Disease,迁延性肺嗜酸粒细胞浸润症
Disease,气管肿瘤
Disease,气管先天性疾病
Disease,气管、支气管狭窄
Disease,乳酸性酸中毒
Disease,热带性肺嗜酸粒细胞浸润症
Disease,手术后和创伤后肺炎
Disease,鼾症
Disease,特发性肺纤维化
Disease,脱屑性间质性肺炎
Disease,特发性阻塞性细支气管炎伴机化性肺炎
Disease,特发性含铁血黄素沉着症
Disease,外源性过敏性肺泡炎
Disease,小儿结核病
Disease,新生儿呼吸窘迫综合征
Disease,吸入性损伤
Disease,小儿金黄色葡萄球菌肺炎
Disease,小儿急性支气管炎
Disease,小儿流行性感冒
Disease,小儿急性喉炎
Disease,矽肺
Disease,新生儿窒息
Disease,小儿支原体肺炎
Disease,新生儿肺不张
Disease,小儿感冒
Disease,哮喘
Disease,小儿哮喘
Disease,小儿肺炎
Disease,新生儿呼吸暂停
Disease,先天性肺囊肿
Disease,休克型肺炎
Disease,吸入性肺炎
Disease,腺病毒肺炎
Disease,哮喘性肺嗜酸粒细胞浸润症
Disease,细菌性肺炎
Disease,新生儿湿肺
Disease,胸壁结核
Disease,乙醚中毒
Disease,淹溺
Disease,衣原体肺炎
Disease,羊水与胎粪吸入综合征
Disease,一氧化碳中毒
Disease,阻塞性肺气肿
Disease,支原体肺炎
Disease,支气管扩张
Disease,支气管肺炎
Disease,变应性血管炎
Disease,病毒性心肌炎
Disease,病态窦房结综合征
Disease,川崎病
Disease,穿透性心脏外伤
Disease,窦性停搏
Disease,单心室
Disease,单心房
Disease,单纯性下肢静脉曲张
Disease,动脉硬化
Disease,动脉导管未闭
Disease,窦性心动过速
Disease,动脉瘤
Disease,二尖瓣关闭不全
Disease,二尖瓣狭窄
Disease,二尖瓣脱垂综合征
Disease,二尖瓣环钙化
Disease,肺性脑病
Disease,风湿性二尖瓣狭窄
Disease,风湿性二尖瓣关闭不全
Disease,肥厚型梗阻性心肌病
Disease,房室管畸形
Disease,法洛四联症
Disease,风湿热
Disease,肺动脉口狭窄
Disease,肥厚型心肌病
Disease,房室传导阻滞
Disease,肺动静脉瘘
Disease,高血压危象
Disease,高血压
Disease,冠状动脉终止异常
Disease,冠状动脉异位起源
Disease,感染性心内膜炎
Disease,冠心病
Disease,后天性三尖瓣关闭不全
Disease,后天性动静脉瘘
Disease,间歇性眼球突出症
Disease,急性心肌梗死
Disease,酒精性心肌病
Disease,急性心功能不全
Disease,急性感染性心内膜炎
Disease,急性心包炎
Disease,急性心力衰竭
Disease,甲亢
Disease,扩张型心肌病
Disease,克山病
Disease,雷诺病
Disease,慢性肺源性心脏病
Disease,缺血性心肌病
Disease,四肢血栓性浅静脉炎
Disease,三尖瓣下移畸形
Disease,三尖瓣狭窄
Disease,三尖瓣关闭不全
Disease,三尖瓣闭锁
Disease,三房心
Disease,颈动脉体瘤
Disease,完全性肺静脉异位回流
Disease,完全性大动脉错位
Disease,休克
Disease,新生儿缺氧缺血性脑病
Disease,新生儿硬肿症
Disease,血管瘤
Disease,先天性风疹
Disease,血栓闭塞性脉管炎
Disease,胸降主动脉动脉瘤
Disease,胸主动脉夹层动脉瘤
Disease,心脏神经官能症
Disease,心内膜弹性纤维增生症
Disease,心绞痛
Disease,心肌梗塞并发心室间隔穿破
Disease,心肌梗塞并发二尖瓣关闭不全
Disease,心肌梗死
Disease,心功能障碍
Disease,心包囊肿
Disease,小儿高血压
Disease,小儿充血性心力衰竭
Disease,心肌梗塞并发左心室室壁瘤
Disease,先天性主动脉缩窄
Disease,先天性主动脉弓畸形
Disease,先天性主动脉瓣下狭窄
Disease,先天性主动脉瓣上狭窄
Disease,先天性动脉导管未闭
Disease,先天性动静脉瘘
Disease,先天性二尖瓣畸形
Disease,心包积液
Disease,心肌病
Disease,心律失常
Disease,限制型心肌病
Disease,心房扑动与心房颤动
Disease,心室内传导阻滞
Disease,先天性主动脉瓣窦动脉瘤破裂
Disease,心包肿瘤
Disease,血管运动性鼻炎
Disease,胸腔积液
Disease,心肌炎
Disease,心脏内粘液瘤
Disease,心室间隔缺损
Disease,羊水过多
Disease,原发性下肢静脉瓣膜关闭不全
Disease,亚急性感染性心内膜炎
Disease,乙状窦血栓性静脉炎
Disease,左心室双出口
Disease,左心发育不良
Disease,自发性血胸
Disease,主-肺动脉隔缺损
Disease,主动脉夹层
Disease,主动脉瓣狭窄合并关闭不全
Disease,主动脉瓣膜部狭窄
Disease,阵发性室上性心动过速
Disease,早搏
Disease,主动脉瘤
Disease,主动脉瓣狭窄
Disease,主动脉瓣关闭不全
Disease,阵发性室性心动过速
Disease,中暑衰竭
Disease,阿米巴肝脓肿
Disease,氨基甲酸酯类农药中毒
Disease,阿米巴肠病
Disease,阿片类药物中毒
Disease,柏-查综合征
Disease,Brenneman综合征
Disease,巴瑞特综合征
Disease,半乳糖血症
Disease,暴发性肝功能衰竭
Disease,鞭虫病
Disease,布卡综合症
Disease,暴发性肝炎样综合征
Disease,便秘
Disease,吡唑酮类中毒
Disease,Barrett食管
Disease,贲门失弛缓症
Disease,钡中毒
Disease,变形杆菌食物中毒
Disease,蓖麻子中毒
Disease,铋中毒
Disease,丙型病毒性肝炎
Disease,肠病性肢皮炎综合征
Disease,肠道菌群失调症
Disease,肠扭转综合征
Disease,肠气肿综合征
Disease,肠系膜淋巴结结核
Disease,肠系膜上动脉压迫综合征
Disease,粗制棉子油中毒
Disease,肠扭转
Disease,肠套叠
Disease,肠间脓肿
Disease,残胃癌
Disease,残窦综合征
Disease,肠易激综合征
Disease,肠梗阻
Disease,苍耳中毒
Disease,肠道病毒所致各系统感染
Disease,肠系膜上动脉栓塞
Disease,肠道气囊肿症
Disease,餐后血糖过低症
Disease,肠结核
Disease,肠系膜上静脉血栓形成
Disease,大网膜扭转
Disease,胆道运动功能障碍综合征
Disease,胆道张力低下综合征
Disease,胆囊管综合征
Disease,胆石性肠绞塞综合征
Disease,胆汁淤积性黄疸
Disease,第五日综合征
Disease,蛋白丧失胃肠综合征
Disease,胆囊-结肠肝曲粘连综合征
Disease,胆石症
Disease,胆囊切除术后综合征
Disease,大肠息肉
Disease,多发性消化道息肉综合征
Disease,大肠梗阻
Disease,胆汁性肝硬化
Disease,丁型病毒性肝炎
Disease,胆汁返流性胃炎
Disease,胆管癌
Disease,大肠类癌
Disease,毒蕈中毒
Disease,敌鼠中毒
Disease,大肠癌
Disease,大肠恶性淋巴瘤
Disease,Ehler-Danlos综合征
Disease,儿童胰腺功能不全并中性粒细胞减少症综合征
Disease,儿童腹痛
Disease,呃逆症
Disease,非溃疡消化不良
Disease,分流性高胆红素血症综合征
Disease,粪类圆线虫病
Disease,腹肌缺如综合征
Disease,腹绞痛综合征
Disease,腹膜后感染与脓肿
Disease,腹膜后间隙出血
Disease,腹膜后淋巴结炎
Disease,腹膜后腔液体渗病
Disease,腹膜后疝
Disease,腹膜间皮瘤
Disease,腹腔动脉压迫综合征
Disease,腹型癫痫综合征
Disease,腹型偏头痛综合征
Disease,腹主动脉血栓形成综合征
Disease,腹卒中综合征
Disease,Felty综合征
Disease,腹痛
Disease,腹膜炎
Disease,腹泻
Disease,反流性食管炎
Disease,沙门氏菌属食物中毒
Disease,放射性肠炎
Disease,福尔马林中毒
Disease,发芽马铃薯中毒
Disease,副溶血性弧菌食物中毒
Disease,非寄生虫性肝囊肿
Disease,非酒精性脂肪性肝病
Disease,非霍乱弧菌感染
Disease,肛门闭锁
Disease,高锰酸钾中毒
Disease,肝-甲状腺综合征
Disease,肝纤维化
Disease,肝肺综合症
Disease,Gardner综合征
Disease,功能性呕吐
Disease,肝性脊髓病
Disease,肝炎双重感染
Disease,肝炎后综合征
Disease,膈膨出和麻痹
Disease,肝性脑病
Disease,肝硬化
Disease,肝脓肿
Disease,功能性消化不良
Disease,钩虫病
Disease,肝腺瘤
Disease,肝外胆管损伤
Disease,肝损伤
Disease,肝囊肿
Disease,肝包虫囊肿
Disease,膈下脓肿
Disease,肝血管瘤
Disease,钩虫性十二指肠炎综合征
Disease,膈先天性缺损
Disease,膈疝
Disease,肛管、直肠、结肠狭窄
Disease,膈扑动
Disease,含亚硝酸盐类植物性食物中毒
Disease,化脓性汗腺炎
Disease,回盲瓣综合征
Disease,活动盲肠综合征
Disease,横膈下结肠嵌入综合征
Disease,黄疸
Disease,黑色素斑-胃肠多发性息肉综合征
Disease,蛔虫病
Disease,霍乱样综合征
Disease,结、直肠黑变病
Disease,结肠粪性穿孔
Disease,结肠憩室病
Disease,甲醇中毒
Disease,局部麻醉药中毒
Disease,结核性腹膜炎
Disease,急性胃扩张
Disease,急性化脓性胆管炎
Disease,急性出血性坏死性肠炎
Disease,结肠闭锁
Disease,结肠直肠损伤
Disease,结核性肠系膜淋巴结炎
Disease,结肠扭转
Disease,结肠瘘
Disease,结肠癌
Disease,急性胃粘膜病变
Disease,急性腐蚀性胃炎
Disease,急性单纯性胃炎
Disease,假膜性肠炎
Disease,家族性结肠息肉
Disease,急性腹膜炎
Disease,酒精性肝病
Disease,甲型肝炎
Disease,急性胃肠炎
Disease,结肠息肉
Disease,急性胃炎
Disease,急性阑尾炎
Disease,巨膀胱-小结肠-肠蠕动不良综合征
Disease,结缔组织性肠炎
Disease,急性腹型-高脂血症综合征
Disease,Turcot综合征
Disease,急性结肠假性梗阻综合征
Disease,急性胆囊炎
Disease,吉尔伯特综合征
Disease,结石性胆囊炎
Disease,急性胰腺炎
Disease,结肠损伤
Disease,可拉明中毒
Disease,奎宁中毒
Disease,克罗恩病
Disease,α1-抗胰蛋白酶缺乏症
Disease,溃疡性结肠炎
Disease,磷中毒
Disease,轮状病毒所致胃肠炎
Disease,类癌
Disease,氯丙嗪类中毒
Disease,氯喹中毒
Disease,淋菌性肛门直肠炎
Disease,阑尾寄生虫病
Disease,轮状病毒性肠炎
Disease,良性阵发性腹膜炎综合征
Disease,痢疾后综合症
Disease,蓝色橡皮泡痣综合症
Disease,老年急性阑尾炎
Disease,淋巴结-胆道综合征
Disease,郎-奥韦综合征
Disease,旅游者腹泻
Disease,慢性胰腺炎
Disease,Milk-Alkali综合征
Disease,麦胶性肠病
Disease,慢性溃疡性结肠炎
Disease,弥漫性食管痉挛
Disease,慢性胃炎
Disease,毛石肠梗阻综合征
Disease,盲袢综合征
Disease,尼曼－匹克氏病
Disease,农药中毒
Disease,脑肝肾综合征
Disease,浓缩胆汁综合征
Disease,诺沃克类病毒胃肠炎
Disease,粘连性肠梗阻
Disease,囊性纤维化
Disease,脾破裂
Disease,葡萄球菌食物中毒
Disease,硼酸中毒
Disease,脾功能亢进
Disease,脾-肝综合征
Disease,Plummer-Vinson综合征
Disease,贲门癌
Disease,盆底痉挛综合症
Disease,强酸、强碱中毒
Disease,汽油、煤油中毒
Disease,汽油中毒
Disease,强碱类中毒
Disease,驱蛔灵中毒
Disease,缺血性结肠炎
Disease,缺血性肝炎
Disease,倾倒综合征
Disease,脐膨出-巨舌-巨大躯体综合征
Disease,铅中毒
Disease,乳头状腺瘤
Disease,热带口炎性腹泻
Disease,瑞氏综合症
Disease,杀虫脒中毒
Disease,砷中毒
Disease,水合氯醛中毒
Disease,四氯化碳中毒
Disease,嗜酸细胞性胃肠炎
Disease,食管异物
Disease,十二指肠先天性缺如、闭锁和狭窄
Disease,十二指肠血管性压迫综合征
Disease,神经性呕吐
Disease,食管癌
Disease,上消化道出血
Disease,十二指肠憩室梗阻性黄疸综合征
Disease,十二指肠壅积症
Disease,神经型食物中毒
Disease,食物中毒
Disease,食管失弛缓症
Disease,食管憩室
Disease,食管破裂
Disease,食管平滑肌瘤
Disease,食管瘢痕性狭窄
Disease,食管贲门粘膜撕裂综合征
Disease,输入袢综合征
Disease,食管损伤
Disease,石膏综合征
Disease,十二指肠憩室
Disease,十二指肠白点综合征
Disease,神经性肠梗阻综合症
Disease,杀鼠剂中毒
Disease,锑中毒
Disease,铁中毒
Disease,嗜酸性细胞胃肠炎
Disease,特发性腹膜后纤维化
Disease,铊中毒
Disease,糖原累积症
Disease,特发性非硬化性门脉高压综合征
Disease,吞气症
Disease,胃癌
Disease,无机磷中毒
Disease,五氯酚钠中毒
Disease,胃心综合征
Disease,胃损伤
Disease,胃下垂
Disease,胃轻瘫综合征
Disease,胃平滑肌肉瘤
Disease,胃扭转
Disease,胃空肠输入袢综合征
Disease,胃节律紊乱综合征
Disease,胃肠道外瘘
Disease,胃、十二指肠溃疡急性穿孔
Disease,胃、十二指肠溃疡出血
Disease,胃肠型食物中毒
Disease,胃泌素瘤
Disease,胃肠食物不耐受症
Disease,胃肠道功能紊乱
Disease,胃粘膜脱垂症
Disease,胃切除后胆汁返流性胃炎
Disease,胃潴留
Disease,胃病
Disease,无胆色素尿性黄疸综合征
Disease,吻合口溃疡
Disease,Whipple病
Disease,胃肠道伴癌综合征
Disease,戊型病毒性肝炎
Disease,网膜肿瘤
Disease,网膜原发性节段性梗死
Disease,网膜炎
Disease,网膜囊肿
Disease,伪膜性肠炎
Disease,胃息肉
Disease,胃良性肿瘤
Disease,小肠损伤
Disease,小儿时期常见的呕吐
Disease,先天性肠闭锁与狭窄
Disease,先天性肠旋转异常
Disease,蝎子螫伤
Disease,锌中毒
Disease,消化性溃疡
Disease,先天性胆道闭锁
Disease,消化道重复畸形
Disease,小肠系膜损伤
Disease,新生儿胆红素脑病
Disease,先天性肥厚性幽门狭窄
Disease,小儿厌食症
Disease,先天性巨结肠
Disease,小儿呕吐
Disease,小儿急性胆囊炎
Disease,小肠瘘
Disease,细菌性肝脓肿
Disease,下消化道出血
Disease,小儿消化性溃疡
Disease,小肠吸收不良综合征
Disease,小儿急性胰腺炎
Disease,心源性肝硬化
Disease,新生儿呕吐
Disease,新生儿肝炎综合征
Disease,溴中毒
Disease,血吸虫肠病
Disease,吸收不良综合征
Disease,心血管和血栓栓塞综合征
Disease,消化道出血
Disease,先天性食管闭锁
Disease,消化系癌伴血液病综合征
Disease,先天性梅毒性肝硬化
Disease,血色病
Disease,细菌性痢疾
Disease,消化道憩室病
Disease,先天性直肠肛门畸形
Disease,小儿先天性巨结肠
Disease,乙胺嘧啶中毒
Disease,乙酰苯胺类中毒
Disease,有机氯杀虫剂中毒
Disease,幽门梗阻
Disease,原发性肝内硬化综合征
Disease,胰腺损伤
Disease,胰腺脑病综合征
Disease,胰腺假性囊肿
Disease,药物性胃病
Disease,原发性胆汁性肝硬化
Disease,营养不良性肝硬化
Disease,药物性肝硬化
Disease,亚硝酸盐中毒
Disease,银杏中毒
Disease,药物性肝病
Disease,乙肝
Disease,异位ACTH综合征
Disease,胰胆汁综合征
Disease,胰胆管合流异常综合征
Disease,原发性腹膜后肿瘤
Disease,鱼肝中毒
Disease,鱼胆中毒
Disease,原发性肝癌
Disease,真菌性食物中毒
Disease,真菌中毒症
Disease,直肠损伤
Disease,脂肪肝
Disease,致死性肝内胆汁淤积综合征
Disease,Zieve综合征
Disease,肿瘤性息肉
Disease,直肠脱垂
Disease,紫绀-杵状指-肝病综合征
Disease,早孕反应
Disease,自发性食管破裂
Disease,卓－艾氏综合征
Disease,真菌性肠炎
Disease,巴特综合征
Disease,成人多囊肾
Disease,产褥感染
Disease,常染色体显性多囊肾
Disease,多囊肾
Disease,等渗性脱水
Disease,低渗性脱水
Disease,低钾血症
Disease,儿童遗尿症
Disease,恶性高血压性小动脉性肾硬化
Disease,非特异性尿道炎
Disease,非IgA系膜增生性肾炎
Disease,非淋菌性尿道炎
Disease,高渗性脱水
Disease,梗阻性尿路疾病
Disease,高血压肾病
Disease,肝源性肾损害
Disease,高钾血症
Disease,间质性膀胱炎
Disease,急性风湿热肾损害
Disease,急性肾盂肾炎
Disease,急性肾功能衰竭
Disease,急性肾小管坏死
Disease,间质性肾炎
Disease,急进性肾炎
Disease,近端(Ⅱ型)肾小管性酸中毒
Disease,急性肾炎
Disease,急性肾小管间质性肾炎
Disease,急性肾炎综合征
Disease,局灶性肾小球硬化症
Disease,良性高血压性小动脉性肾硬化
Disease,流行性出血热
Disease,狼疮性肾炎
Disease,链球菌感染后的急性肾小球肾炎
Disease,类风湿性关节炎肾损害
Disease,慢性呼吸衰竭
Disease,免疫介导性肾脏病
Disease,慢性肾功能衰竭
Disease,膜性肾小球肾炎
Disease,慢性肾盂肾炎
Disease,慢性肾炎
Disease,尿路真菌感染
Disease,尿失禁
Disease,尿道炎
Disease,尿崩症
Disease,尿道结石
Disease,钠过多
Disease,尿路感染
Disease,膀胱炎
Disease,膀胱颈挛缩
Disease,膀胱癌
Disease,溶血尿毒综合征
Disease,肾前性肾功能衰竭
Disease,肾结核对侧肾积水
Disease,肾及输尿管重复畸形
Disease,神经源性膀胱
Disease,输尿管损伤
Disease,肾发育不全
Disease,肾积水
Disease,肾硬化症
Disease,肾及输尿管结石
Disease,肾结核
Disease,肾病综合征
Disease,肾下垂
Disease,肾石症
Disease,肾血管性高血压
Disease,双侧先天性肾上腺皮质增生
Disease,肾上腺皮质功能减退症
Disease,水过多
Disease,烧伤后急性肾功能衰竭
Disease,肾脏损伤
Disease,肾动脉粥样栓塞
Disease,肾囊肿
Disease,肾细胞癌
Disease,肾盂肾炎
Disease,肾小管性酸中毒
Disease,肾动脉闭塞
Disease,蹄铁形肾
Disease,特异性肾实质疾病
Disease,糖尿病肾病
Disease,微小病变性肾病
Disease,血尿
Disease,小儿原发性肾病综合征
Disease,小儿尿感
Disease,小儿慢性肾功能衰竭
Disease,小儿急性肾功能衰竭
Disease,小儿肾小管性酸中毒
Disease,婴幼儿阴道炎
Disease,阴茎纤维性海绵体炎
Disease,遗尿症
Disease,原发性小血管炎性肾损害
Disease,原发性IgA肾病
Disease,隐匿性肾小球肾炎
Disease,中毒性肾病
Disease,紫癜性肾炎
Disease,癌性神经肌病
Disease,阿尔茨海默病
Disease,安眠药中毒
Disease,阿片中毒
Disease,臂丛神经痛
Disease,Creutzfeldt-Jakob病
Disease,痴呆综合征
Disease,纯植物神经功能衰竭
Disease,丛集性头痛
Disease,多发性硬化
Disease,动眼、滑车及外展神经疾病
Disease,多发性神经炎
Disease,多发性末梢神经炎
Disease,短暂性脑缺血发作
Disease,大便失禁
Disease,儿童学习能力障碍
Disease,儿童口吃
Disease,耳源性脑脓肿
Disease,风湿性舞蹈病
Disease,腓总神经损害
Disease,吩噻嗪类抗精神病药物中毒
Disease,膈肌麻痹
Disease,格林－巴利综合征
Disease,肝豆状核变性
Disease,海绵窦血栓
Disease,昏迷
Disease,昏厥
Disease,颈椎病
Disease,僵人综合征
Disease,急性脊髓炎
Disease,脊髓压迫症
Disease,延髓进行性麻痹
Disease,结节性硬化病
Disease,脊髓亚急性联合变性
Disease,脊髓血管病
Disease,紧张性头痛
Disease,脊神经根炎
Disease,酒精中毒
Disease,急性中毒性脑炎
Disease,老年痴呆
Disease,雷诺综合征
Disease,老年眩晕
Disease,老年性耳聋
Disease,淋巴细胞脉络丛脑膜炎
Disease,末梢神经炎
Disease,慢性进行性舞蹈病
Disease,麻痹性臂丛神经炎
Disease,面神经炎
Disease,脑出血
Disease,脑血栓
Disease,脑肺吸虫病
Disease,脑动脉硬化症
Disease,脑脓肿
Disease,脑梗塞
Disease,脑性瘫痪综合征
Disease,皮肌炎
Disease,偏头痛
Disease,帕金森病
Disease,氰化物中毒
Disease,全植物神经功能不全
Disease,前庭神经炎
Disease,桡神经麻痹
Disease,上矢状窦血栓性静脉炎
Disease,三环类抗忧郁药中毒
Disease,肾上腺素中毒
Disease,士的宁中毒
Disease,神经系统的放射性损伤
Disease,手足徐动症
Disease,视神经炎
Disease,视神经萎缩
Disease,神经症
Disease,Shy-Drager综合征
Disease,头-面血管瘤综合征
Disease,舌咽神经痛
Disease,视束病变
Disease,神经鞘瘤
Disease,神经衰弱
Disease,神经梅毒
Disease,糖尿病性神经病
Disease,头痛
Disease,羰基镍中毒
Disease,位置性眩晕
Disease,小儿结核性脑膜炎
Disease,溴氯菊酯中毒
Disease,小舞蹈病
Disease,新生儿惊厥
Disease,小儿脑瘫
Disease,运动神经元疾病
Disease,意识障碍
Disease,有机磷农药中毒
Disease,晕厥
Disease,咽肌麻痹
Disease,遗传性共济失调
Disease,运动神经元病
Disease,晕动病
Disease,咽部神经鞘膜瘤
Disease,压迫性视神经病变
Disease,正中神经损伤
Disease,躁狂症
Disease,中枢神经兴奋药中毒
Disease,镇静、安定、催眠药中毒
Disease,直立性低血压
Disease,植物神经功能紊乱
Disease,周期性麻痹
Disease,重症肌无力危象
Disease,重症肌无力
Disease,枕大神经痛
Disease,蛛网膜炎
Disease,周期性瘫痪
Disease,周围神经病损
Disease,ADH分泌过多综合征
Disease,闭经
Disease,垂体瘤
Disease,成人全垂体功能减退
Disease,垂体危象与垂体卒中
Disease,垂体前叶机能减退症
Disease,垂体性矮小病
Disease,单纯性甲状腺肿
Disease,多囊卵巢综合征
Disease,单纯性肥胖
Disease,多腺体缺陷综合征
Disease,多发性内分泌肿瘤综合征Ⅰ型
Disease,低血糖症
Disease,代谢性碱中毒
Disease,代谢性酸中毒
Disease,儿童睡眠障碍
Disease,肥胖症
Disease,高渗性非酮症性糖尿病昏迷
Disease,高血脂
Disease,骨质疏松
Disease,Graves病
Disease,黄瘤
Disease,呼吸性碱中毒
Disease,呼吸性酸中毒
Disease,甲状腺功能减退
Disease,甲状腺功能正常的甲状腺肿大
Disease,静止性淋巴细胞性甲状腺炎
Disease,甲状腺腺瘤
Disease,甲状腺舌管囊肿与瘘
Disease,继发性肾上腺功能不足
Disease,急性颌下腺炎
Disease,急性乳腺炎
Disease,急性淋巴结炎
Disease,假性甲状旁腺功能减退症
Disease,继发性甲状旁腺功能亢进症
Disease,脚气病
Disease,巨人症及肢端肥大症
Disease,基底细胞腺瘤
Disease,颈部淋巴结结核
Disease,库欣综合征
Disease,克兰费尔特综合征
Disease,慢性淋巴细胞性甲状腺炎
Disease,泌乳素瘤
Disease,慢性淋巴结炎
Disease,男性乳房肥大症
Disease,男性生殖腺机能减退症
Disease,粘多糖沉积病
Disease,男子乳房发育症
Disease,内分泌性眼球突出
Disease,皮脂腺痣
Disease,气管支气管异物
Disease,雀斑
Disease,乳腺增生
Disease,乳腺癌
Disease,乳溢
Disease,乳头状囊腺癌
Disease,肾上腺危象
Disease,舌扁平苔藓
Disease,松果体瘤
Disease,嗜酸性腺瘤
Disease,嗜铬细胞瘤
Disease,糖尿病乳酸性酸中毒
Disease,糖尿病酮症酸中毒
Disease,糖尿病足
Disease,维生素C缺乏病
Disease,维生素D中毒症
Disease,维生素E缺乏病
Disease,外科皮脂腺囊肿
Disease,外科淋巴管瘤
Disease,新生儿低血糖症与高血糖症
Disease,涎瘘
Disease,胸腺瘤
Disease,血卟啉病
Disease,涎腺病毒病
Disease,涎石病
Disease,下丘脑疾病
Disease,性变态
Disease,腺样体肥大
Disease,涎腺囊肿
Disease,腺泡细胞癌
Disease,涎腺的未分化癌
Disease,涎腺结核
Disease,腺样囊性癌
Disease,腺淋巴瘤
Disease,涎腺混合瘤
Disease,亚急性甲状腺炎
Disease,原发性醛固酮增多症
Disease,c胰岛功能性β细胞瘤
Disease,胰岛素瘤
Disease,原发性甲状旁腺功能亢进症
Disease,无标题文档
Disease,溢乳闭经综合征
Disease,白细胞减少症和粒细胞缺乏症
Disease,白血病
Disease,白血病性咽峡炎
Disease,出血性疾病
Disease,单纯红细胞再障性贫血
Disease,低钙血症和低镁血症
Disease,地中海贫血
Disease,多发性骨髓瘤
Disease,恶性组织细胞病
Disease,恶性淋巴瘤
Disease,非酮症高血糖-高渗性昏迷
Disease,复合型酸碱失衡
Disease,骨髓痨性贫血
Disease,骨髓纤维化
Disease,骨髓增生异常综合征
Disease,过敏性紫癜
Disease,何杰金病
Disease,获得性血小板功能障碍
Disease,获得性循坏抗凝物质增多综合征
Disease,化脓性骨髓炎
Disease,霍奇金淋巴瘤
Disease,菌血症
Disease,巨球蛋白血症
Disease,急性白血病
Disease,巨幼细胞性贫血
Disease,急性淋巴细胞性白血病
Disease,淋巴细胞减少症
Disease,镰状细胞病
Disease,类白血病反应
Disease,粒细胞缺乏症
Disease,绿色瘤
Disease,镁过多症
Disease,镁缺乏症
Disease,慢性疾病的贫血
Disease,弥散性血管内凝血
Disease,慢性骨髓炎
Disease,慢性粒细胞性白血病
Disease,慢性淋巴细胞性白血病
Disease,尿道上裂
Disease,充血性脾肿大
Disease,贫血
Disease,破伤风
Disease,脾功能亢进症
Disease,葡萄糖-6-磷酸脱氢酶缺乏症
Disease,缺铁性贫血
Disease,溶血过度所致贫血
Disease,溶血性贫血
Disease,失血性休克
Disease,嗜酸性细胞增多症
Disease,特发性高嗜酸性细胞综合征
Disease,特发性血小板减少性紫癜
Disease,铁利用性贫血
Disease,维生素K缺乏病
Disease,维生素B12缺乏所致贫血
Disease,小儿过敏性紫瘢
Disease,血栓性血小板减少性紫癜
Disease,血小板减少症
Disease,血友病
Disease,新生儿败血症
Disease,新生儿溶血病
Disease,血管母细胞瘤
Disease,先天性红细胞膜病
Disease,血管性血友病
Disease,遗传性血色病
Disease,叶酸缺乏所致贫血
Disease,遗传性出血性毛细血管扩张症
Disease,营养性巨幼红细胞性贫血
Disease,原发性血小板减少性紫瘢
Disease,原发性血小板增多症
Disease,异常血红蛋白病
Disease,中性白(粒)细胞减少症
Disease,组织细胞增殖症
Disease,再生障碍性贫血
Disease,自身免疫性溶血性贫血
Disease,真性红细胞增多症
Disease,阵发性睡眠性血红蛋白尿
Disease,白塞综合征
Disease,白塞病
Disease,Behcet病
Disease,迟发性低丙球血症
Disease,常年性鼻炎
Disease,多发性大动脉炎
Disease,多发性肌炎
Disease,大骨节病
Disease,淀粉样变病
Disease,二水焦磷酸钙结晶沉积症
Disease,风湿性多肌痛
Disease,肥大细胞增多症
Disease,过敏性哮喘
Disease,高尿酸血症
Disease,干燥综合征
Disease,骨关节炎
Disease,红斑狼疮
Disease,混合结缔组织病
Disease,碱性磷酸钙结晶沉积病
Disease,巨细胞动脉炎
Disease,结节性多动脉炎
Disease,结节性脂膜炎
Disease,急性化脓性腱鞘炎
Disease,结节病
Disease,肩关节结核
Disease,急性淋巴管炎
Disease,枯草热
Disease,类风湿关节炎
Disease,慢性皮肤粘膜念珠菌病
Disease,慢性肉芽肿病
Disease,皮下脂质肉芽肿病
Disease,盘状红斑狼疮
Disease,皮肤过敏
Disease,强直性脊柱炎
Disease,羟磷灰石沉积病
Disease,气性坏疽
Disease,Reiter综合征
Disease,乳房纤维瘤
Disease,软组织肿瘤
Disease,嗜酸性筋膜炎
Disease,Ⅳ型超敏反应性疾病
Disease,Ⅲ型超敏反应性疾病
Disease,手掌深部间隙感染
Disease,食物变应性和不耐受性
Disease,痛风
Disease,痛风性关节炎
Disease,物理性变应性
Disease,小儿风湿热
Disease,先天性胸腺发育不全
Disease,血清病
Disease,选择性IgA缺乏症
Disease,纤维瘤病
Disease,新生儿皮下坏疽
Disease,原发性免疫缺陷病
Disease,银屑病关节炎
Disease,遗传性补体缺陷病
Disease,遗传性血管性水肿
Disease,药物过敏
Disease,严重联合免疫缺陷病
Disease,Ⅰ型超敏反应性疾病
Disease,硬皮病
Disease,重叠综合征
Disease,创伤性窒息
Disease,创伤性气胸
Disease,动脉硬化性闭塞症
Disease,肺栓塞和肺梗死
Disease,肺错构瘤
Disease,肺爆震伤
Disease,肺包虫病
Disease,感染性肋软骨炎
Disease,膈肌膨出
Disease,急性气管－支气管炎
Disease,鸡胸
Disease,矫正型大动脉错位
Disease,继发性纵隔感染
Disease,局限型间皮瘤
Disease,急性脓胸
Disease,肋骨骨折
Disease,联合瓣膜病变
Disease,漏斗胸
Disease,慢性支气管炎
Disease,慢性缩窄性心包炎
Disease,慢性心功能不全
Disease,慢性心包炎
Disease,慢性心力衰竭
Disease,梅毒性心血管病
Disease,慢性肺炎
Disease,慢性脓胸
Disease,乳头肌功能不全
Disease,食管裂孔疝
Disease,损伤性休克
Disease,缩窄性心包炎
Disease,外伤性乳糜胸
Disease,心脏穿透伤
Disease,胸骨骨折
Disease,限制型心脏病
Disease,胸廓出口综合征
Disease,先天性膈疝
Disease,心性猝死综合征
Disease,心脏钝性闭合伤
Disease,原发性心脏肿瘤
Disease,右心室双出口
Disease,永存动脉干
Disease,预激综合征
Disease,原发性纵隔感染
Disease,原发性纵隔肿瘤
Disease,纵隔脓肿
Disease,转移性胸膜肿瘤
Disease,搏动性眼球突出症
Disease,创伤性枢椎前滑脱
Disease,侧脑室肿瘤
Disease,第四脑室肿瘤
Disease,顶叶肿瘤
Disease,短颈畸形
Disease,多发性颅内血肿
Disease,蝶窦恶性肿瘤
Disease,第三脑室肿瘤
Disease,额叶肿瘤
Disease,耳源性脑积水
Disease,耳内脑膜脑疝
Disease,高血压性脑出血
Disease,高血压脑病
Disease,寰椎骨折脱位
Disease,系统性红斑狼疮
Disease,颈椎半脱位
Disease,颈椎骨折脱位
Disease,颈椎管狭窄症
Disease,颈椎过伸性损伤
Disease,颈椎后脱位
Disease,颈椎后纵韧带骨化症
Disease,颈椎黄韧带骨化症
Disease,颈椎结核
Disease,颈椎小关节创伤性退变性关节炎
Disease,颈椎椎弓裂
Disease,基底节血肿
Disease,急性单纯疱疹病毒性脑炎
Disease,急性颈椎间盘突出症
Disease,脊椎结核
Disease,脊柱裂
Disease,肌营养不良症
Disease,急性硬脑膜外血肿
Disease,急性和亚急性硬脑膜下血肿
Disease,急性及亚急性脑内血肿
Disease,脊髓小脑变性症
Disease,颅骨骨髓炎
Disease,颅骨缺损
Disease,颅底骨折
Disease,颅内动脉瘤
Disease,颅内低压性头痛
Disease,颅内占位性病变引起的头痛
Disease,颅内转移瘤
Disease,帽状腱膜下脓肿
Disease,面神经损伤
Disease,慢性硬脑膜外血肿
Disease,脑室炎
Disease,脑性瘫痪
Disease,脑囊虫病
Disease,脑疝
Disease,脑蛛网膜下腔出血
Disease,脑震荡
Disease,脑血栓形成
Disease,脑损伤后综合征
Disease,脑室内出血
Disease,脑脊液漏
Disease,脑弓形体病
Disease,脑挫裂伤
Disease,脑膜炎
Disease,脑积水
Disease,脑结核瘤
Disease,脑垂体腺瘤
Disease,脑膜瘤
Disease,皮脂腺囊肿
Disease,迁延性昏迷
Disease,丘脑下部损伤
Disease,上皮样囊肿
Disease,神经胶质瘤
Disease,散发性脑炎
Disease,头皮血肿
Disease,听神经鞘瘤
Disease,外伤性颈内动脉海绵窦瘘
Disease,外伤性癫痫
Disease,外伤后脑脂肪栓塞
Disease,外伤后脑膨出
Disease,外伤后颅内积气
Disease,外伤后低颅压综合征
Disease,外伤后头痛
Disease,外伤性硬脑膜下积液
Disease,先天性脑积水
Disease,新生儿颅内出血
Disease,小脑扁桃体疝
Disease,先天性肿瘤
Disease,硬脑膜下血肿
Disease,蛛网膜下腔出血
Disease,中风
Disease,周围神经损伤
Disease,胆囊癌
Disease,胆囊腺肌增生病
Disease,胆结石
Disease,胆管良性狭窄
Disease,胆管扩张症
Disease,胆管结石与胆管炎
Disease,胆道蛔虫病
Disease,胆道出血
Disease,乏特壶腹周围癌
Disease,肝棘球蚴病
Disease,肝性血卟啉病综合征
Disease,肝内胆管结石
Disease,肝包虫病
Disease,环状胰腺
Disease,急性结石性胆囊炎
Disease,急性出血坏死型胰腺炎
Disease,溃疡病急性穿孔
Disease,慢性胆囊炎
Disease,慢性胆管炎
Disease,门静脉高压症
Disease,生长激素释放抑制素瘤
Disease,胰腺癌
Disease,胰腺囊腺癌
Disease,原发性硬化性胆管炎
Disease,异位胰腺
Disease,胰腺外伤
Disease,胰腺囊肿
Disease,胰腺脓肿
Disease,胰腺瘘
Disease,胰腺多肽瘤
Disease,胰石症
Disease,胰岛细胞类癌
Disease,包皮龟头炎
Disease,包皮阴茎头炎
Disease,附睾炎
Disease,非细菌性前列腺炎
Disease,梗阻性肾病
Disease,睾丸扭转
Disease,后尿道瓣膜
Disease,结核性膀胱挛缩
Disease,结核性膀胱自发破裂
Disease,急性膀胱炎
Disease,精索静脉曲张
Disease,男生殖系结核
Disease,尿道下裂
Disease,尿路梗阻
Disease,尿瘘
Disease,尿道创伤
Disease,尿道狭窄
Disease,尿道损伤
Disease,男性尿道癌
Disease,女性尿道癌
Disease,膀胱损伤
Disease,膀胱结石
Disease,膀胱瘘
Disease,膀胱外翻
Disease,脐尿管囊肿及脐尿管瘘
Disease,鞘膜积液
Disease,前列腺增生
Disease,前列腺炎
Disease,前列腺癌
Disease,射精功能障碍
Disease,肾上腺性征异常症
Disease,肾损伤
Disease,输尿管结石
Disease,肾创伤
Disease,肾上腺髓质功能亢进
Disease,肾皮质髓质脓肿
Disease,肾皮质脓肿
Disease,肾周脓肿
Disease,肾盂癌
Disease,肾胚胎瘤
Disease,肾盂肿瘤和输尿管肿瘤
Disease,肾癌
Disease,隐睾
Disease,遗精
Disease,阴茎异常勃起
Disease,婴幼儿外阴炎
Disease,阴茎硬结症
Disease,I型肾小管性酸中毒
Disease,白线疝
Disease,成人脐疝
Disease,穿腹膜疝
Disease,儿童遗粪症
Disease,腹膜后血肿
Disease,腹内疝
Disease,腹股沟直疝（疝气）
Disease,腹股沟斜疝
Disease,粪瘘
Disease,肛窦炎
Disease,肛瘘
Disease,肛门瘙痒症
Disease,肛门失禁
Disease,肛门外伤
Disease,肛门异位
Disease,肛乳头炎
Disease,肛周脓肿
Disease,骨盆直肠脓肿
Disease,肛门直肠周围脓肿
Disease,肛裂
Disease,肛周湿疹
Disease,孤立性直肠溃疡综合征
Disease,肛提肌综合征
Disease,会阴裂伤
Disease,结肠过敏症
Disease,急性出血性坏死性小肠炎
Disease,结肠脂肪瘤
Disease,溃疡病大出血
Disease,蓝氏贾第鞭毛虫病
Disease,盲肠肉芽肿
Disease,内痔
Disease,蛲虫病
Disease,外痔
Disease,先天性直肠与周围脏器瘘
Disease,直肠息肉
Disease,直肠癌
Disease,痔疮
Disease,直肠内异物
Disease,坐骨直肠窝脓肿
Disease,直肠重复畸形
Disease,直肠阴道瘘
Disease,直肠前突
Disease,直肠闭锁
Disease,扁平足
Disease,髌骨骨折
Disease,髌骨软化症
Disease,变形性骨炎
Disease,剥脱性骨软骨炎
Disease,髌股关节疼痛
Disease,鼻骨骨折
Disease,耻骨结核
Disease,尺桡骨干双骨折
Disease,成骨不全
Disease,尺骨上1/3骨折合并桡骨头脱位
Disease,尺骨下1/3骨折合并下尺桡关节脱位
Disease,尺桡骨干骨折
Disease,脆弱性骨硬化
Disease,创伤性肘关节炎
Disease,尺骨鹰嘴骨折
Disease,成软骨细胞瘤
Disease,第三腰椎横突综合征
Disease,动脉瘤样骨囊肿
Disease,断指再植
Disease,多发性骨骺发育异常
Disease,点状骨骺发育异常
Disease,单侧关节突关节脱位
Disease,骶髂关节结核
Disease,骶髂关节扭伤
Disease,风湿性关节炎
Disease,腓骨近端骨折
Disease,Friedreich共济失调症
Disease,腓骨肌萎缩症
Disease,骨肉瘤
Disease,骨折
Disease,感染性关节炎
Disease,关节脱位
Disease,跟骨骨折
Disease,肱骨干骨折
Disease,肱骨髁上骨折
Disease,肱骨内髁骨折
Disease,肱骨外髁骨折
Disease,佝偻病
Disease,股骨粗隆间骨折
Disease,股骨干骨折
Disease,骨硬化病
Disease,骨放线菌病
Disease,骨化性肌炎
Disease,骨巨细胞瘤
Disease,骨囊肿
Disease,骨盆骨折
Disease,骨纤维异常增殖症
Disease,骨软骨瘤
Disease,肱骨小头骨折
Disease,骨干续连症
Disease,骨与关节结核
Disease,骨肿瘤
Disease,股骨大粗隆结核
Disease,肱骨远端全骺分离
Disease,肱骨内上髁骨折
Disease,骨包囊虫病
Disease,股骨头骨骺骨软骨病
Disease,骨样骨瘤
Disease,骨髓炎
Disease,肱骨外上髁炎
Disease,腘肌腱损伤
Disease,跟腱前囊炎
Disease,骨与关节梅毒
Disease,骨外软骨肉瘤
Disease,骨旁骨肉瘤
Disease,骨膜性软骨肉瘤
Disease,骨的原发性淋巴瘤
Disease,骨雅司病
Disease,股骨髁骨折
Disease,跟骨骨髓炎
Disease,高弓足
Disease,股骨颈骨折
Disease,肱骨外科颈骨折
Disease,股骨头坏死
Disease,肱骨内上髁炎
Disease,股后肌劳损
Disease,跟腱后滑囊炎
Disease,跟骨骨刺综合征
Disease,颌骨骨折
Disease,喙突胸小肌综合征
Disease,寰枢椎旋转脱位固定
Disease,寰枢关节脱位
Disease,化脓性关节炎
Disease,颌骨造釉细胞瘤
Disease,踝部骨折
Disease,踝关节扭伤
Disease,滑囊炎
Disease,滑膜肉瘤
Disease,横纹肌肉瘤
Disease,褐黄病性关节炎
Disease,颌面部骨巨细胞瘤
Disease,踝扭伤
Disease,间充质软骨肉瘤
Disease,假痛风性关节炎
Disease,距骨骨折
Disease,局限性骨脓肿
Disease,颈肋综合征
Disease,肩-手综合征
Disease,脊椎椎弓峡部裂
Disease,脊椎结核后突畸形
Disease,脊椎结核并发截瘫
Disease,脊柱侧凸
Disease,脊柱、脊髓损伤
Disease,脊髓空洞症
Disease,急性血源性骨髓炎
Disease,畸形性骨炎
Disease,肌萎缩侧索硬化症
Disease,急性腰扭伤
Disease,肩关节脱位
Disease,脊椎结核寒性脓肿穿入空腔脏器
Disease,脊髓肿瘤
Disease,距骨后外结节骨折
Disease,肌张力异常
Disease,痉挛性斜颈
Disease,肌腱炎和腱鞘炎
Disease,脊髓灰质炎
Disease,胫骨髁骨折
Disease,胫骨内髁骨软骨病
Disease,胫骨结节骨软骨病
Disease,胫腓骨干骨折
Disease,进行性脊髓性肌萎缩症
Disease,进行性骨干发育不全
Disease,甲状旁腺骨营养不良
Disease,脊椎结核并发窦道
Disease,脊椎骨髓炎
Disease,肌萎缩性侧索硬化
Disease,胫腓骨骨折
Disease,僵鉧
Disease,胫后神经痛
Disease,眶底骨折
Disease,髋关节脱位
Disease,髋关节结核
Disease,肋锁综合征
Disease,梨状肌综合征
Disease,Maffucci综合征
Disease,慢性化脓性骨髓炎
Disease,难产
Disease,颞骨骨折
Disease,颞下颌关节脱位
Disease,颞下颌关节强直
Disease,颧骨骨折
Disease,缺血性坏死
Disease,屈肌腱损伤
Disease,前斜角肌综合征
Disease,桡骨小头骨骺分离
Disease,桡骨下端骨折
Disease,桡骨颈骨折
Disease,桡骨、尺骨茎突骨折
Disease,桡骨小头半脱位
Disease,软骨肉瘤
Disease,软骨瘤
Disease,软骨发育异常
Disease,软骨发育不全
Disease,桡骨小头骨折
Disease,桡骨远端骨折
Disease,松毛虫性骨关节病
Disease,锁骨骨折
Disease,枢椎齿状突骨折
Disease,神经性关节病
Disease,神经卡压综合征
Disease,伸指肌腱损伤
Disease,少年性椎体骨软骨病
Disease,色素绒毛结节性滑膜炎
Disease,同型胱氨酸尿症
Disease,退变性关节病
Disease,听小骨创伤
Disease,特发性脊柱侧凸
Disease,透明细胞软骨肉瘤
Disease,维生素D缺乏性佝偻病
Disease,无脊髓损伤的颈椎骨折脱位
Disease,腕舟骨骨折
Disease,腕管综合征
Disease,腕关节结核
Disease,斜颈
Disease,先天性肘关节融合
Disease,先天性仰趾外翻足
Disease,先天性锁骨假关节
Disease,先天性马蹄内翻足
Disease,先天性髋内翻
Disease,先天性胫骨假关节
Disease,先天性脊柱侧凸
Disease,先天性肌性斜颈
Disease,先天性高肩胛症
Disease,先天性尺桡骨融合
Disease,颈椎双侧关节突关节脱位
Disease,习惯性髌骨脱位
Disease,膝关节结核
Disease,先天性桡骨缺如
Disease,胸椎结核椎旁脓肿穿入胸腔
Disease,先天性颅锁骨发育不全
Disease,下背部痛
Disease,纤维肌痛症
Disease,先天性椎体畸形
Disease,先天性外展性髋挛缩
Disease,先天性胫骨缺如
Disease,先天性颈椎齿状突畸形
Disease,先天性桡骨小头脱位
Disease,先天性多发性关节挛缩症
Disease,先天性垂直距骨
Disease,系统性红斑狼疮性关节炎
Disease,膝关节创伤性滑膜炎
Disease,膝关节半月板损伤
Disease,先天性肩关节脱位
Disease,旋转带肌腱炎
Disease,腰肌劳损
Disease,月状骨骨软骨病
Disease,月骨脱位
Disease,腰部慢性劳损
Disease,眼眶击出性骨折
Disease,眼眶骨折
Disease,坐骨神经痛
Disease,跖骨疲劳性骨折
Disease,灼性神经痛
Disease,椎管内结核肉芽肿
Disease,肘关节结核
Disease,跖骨、趾骨骨折
Disease,掌指关节脱位
Disease,肘关节脱位
Disease,肢骨纹状肥大
Disease,椎弓结核
Disease,趾间神经痛
Disease,肘关节骨化肌炎
Disease,肘关节强直
Disease,肘外翻
Disease,足舟状骨骨软骨病
Disease,姿态性腰腿痛
Disease,周围性软骨肉瘤
Disease,致密性髂骨炎
Disease,跖趾关节痛
Disease,闭合性脑外伤
Disease,鼻窦创伤
Disease,鼻疖
Disease,鼻窦气压性创伤
Disease,爆震性耳聋
Disease,创伤性溃疡
Disease,尺神经损伤
Disease,创伤性鼻中隔穿孔
Disease,创伤性鼻出血
Disease,电击伤
Disease,非冻结性冷伤
Disease,腹部创伤
Disease,鼓膜外伤
Disease,喉部创伤
Disease,急性失血所致贫血
Disease,急性单纯外伤性腰腿痛
Disease,晶体脱位
Disease,开放性脑外伤
Disease,开放性手外伤
Disease,慢性单纯外伤性腰腿痛
Disease,脓性指头炎
Disease,气压创伤性中耳炎
Disease,强酸类中毒
Disease,梭状芽胞杆菌伤口感染
Disease,头皮感染
Disease,头外伤
Disease,血胸
Disease,咽部机械性创伤
Disease,腰腿痛
Disease,咽喉部外伤
Disease,冻僵
Disease,电烧伤
Disease,化学烧伤
Disease,热烧伤
Disease,应激性溃疡
Disease,烧伤感染
Disease,烧伤
Disease,烧伤休克
Disease,头皮及颅骨烧伤
Disease,小儿烧伤
Disease,咽喉烧伤及化学伤
Disease,咽部灼伤
Disease,眼烧伤
Disease,鸡眼
Disease,疖
Disease,皮肤囊肿
Disease,色素痣
Disease,痈
Disease,鼻血管瘤
Disease,急性动脉栓塞
Disease,脑动静脉畸形
Disease,四肢血管损伤
Disease,血管网织细胞瘤
Disease,血管肉瘤
Disease,血管活性肠肽瘤
Disease,下肢深静脉血栓形成
Disease,拇指再造
Disease,柏哲病
Disease,产褥期乳腺炎
Disease,急性化脓性乳腺炎
Disease,乳腺囊性增生症
Disease,乳房纤维腺瘤
Disease,乳腺结核
Disease,鼻咽癌
Disease,鼻咽肉瘤
Disease,鼻咽血管纤维瘤
Disease,成纤维性纤维瘤
Disease,单发性骨软骨瘤
Disease,多发性遗传性骨软骨瘤
Disease,多发性软骨瘤
Disease,恶性葡萄胎
Disease,耳部恶性肿瘤
Disease,血管内皮瘤
Disease,恶性纤维组织细胞瘤
Disease,颞叶肿瘤
Disease,恶性黑色素瘤
Disease,腹膜后肿瘤
Disease,非霍奇金淋巴瘤
Disease,非骨化性纤维瘤
Disease,反分化软骨肉瘤
Disease,非炎性单纯性突眼
Disease,高泌乳素血症
Disease,宫颈癌
Disease,骨血管瘤
Disease,骨外尤文氏瘤
Disease,骨外骨肉瘤
Disease,骨母细胞瘤
Disease,骨膜性软骨瘤
Disease,骨化性纤维瘤
Disease,骨的恶性纤维组织细胞瘤
Disease,骨瘤
Disease,睾丸肿瘤
Disease,颌面部神经纤维瘤
Disease,颌面部淋巴管瘤
Disease,喉癌
Disease,汗管瘤
Disease,基底细胞瘤
Disease,浆细胞瘤
Disease,脊索瘤
Disease,甲状腺癌
Disease,颈部囊状淋巴管瘤
Disease,Kaposis肉瘤
Disease,卡波西肉瘤
Disease,眶假瘤
Disease,卵巢癌
Disease,良性葡萄胎
Disease,淋巴管肉瘤
Disease,良性纤维组织细胞瘤
Disease,淋巴管瘤
Disease,颅咽管瘤
Disease,淋巴水肿
Disease,鳞状细胞癌
Disease,弥漫性恶性间皮瘤
Disease,弥漫型间皮瘤
Disease,弥漫性血管内凝血
Disease,粘液表皮样癌
Disease,平滑骨肉瘤
Disease,皮肤癌
Disease,葡萄膜恶性黑色素瘤
Disease,乳管内乳头状瘤
Disease,软腭癌
Disease,绒毛膜癌
Disease,软骨粘液样纤维瘤
Disease,软骨母细胞瘤
Disease,乳头状囊腺瘤
Disease,舌癌
Disease,上颌窦癌
Disease,神经纤维肉瘤
Disease,上皮样肉瘤
Disease,神经瘤
Disease,上颌窦恶性肿瘤
Disease,筛窦恶性肿瘤
Disease,视网膜母细胞瘤
Disease,听神经瘤
Disease,纹状骨瘤
Disease,外阴癌
Disease,网状细胞肉瘤
Disease,外耳道乳头状瘤
Disease,腺泡状软组织肉瘤
Disease,纤维肉瘤
Disease,涎腺癌
Disease,纤维软骨间质瘤
Disease,小肠肿瘤
Disease,牙瘤
Disease,咽部脊索瘤
Disease,咽部混合瘤
Disease,原发性椎管内肿瘤
Disease,阴茎癌
Disease,硬纤维瘤
Disease,尤文氏肉瘤
Disease,阴道恶性肿瘤
Disease,眼眶肉瘤
Disease,咽畸胎瘤
Disease,牙龈癌
Disease,脂肪瘤
Disease,子宫内膜癌
Disease,脂肪肉瘤
Disease,中耳癌
Disease,中心性软骨肉瘤
Disease,枕叶肿瘤
Disease,阿米巴性阴道炎
Disease,女性不孕症
Disease,处女膜闭锁
Disease,滴虫性阴道炎
Disease,单纯性外阴炎
Disease,附件炎
Disease,非特异性阴道炎
Disease,宫外孕
Disease,宫颈白斑
Disease,宫颈外翻
Disease,宫颈息肉
Disease,宫颈糜烂
Disease,功血
Disease,更年期综合征
Disease,经前期综合征
Disease,急性子宫内膜炎
Disease,急性宫颈炎
Disease,老年性阴道炎
Disease,卵巢囊肿
Disease,卵巢破裂
Disease,慢性宫颈炎
Disease,霉菌性外阴炎
Disease,慢性子宫内膜炎
Disease,慢性输卵管卵巢炎
Disease,盆腔炎
Disease,葡萄胎
Disease,盆腔淤血综合征
Disease,盆腔腹膜炎
Disease,前置胎盘
Disease,前庭大腺炎
Disease,妊娠合并糖尿病
Disease,妊娠期心脏病
Disease,妊高征
Disease,输卵管妊娠
Disease,生殖器念珠菌病
Disease,胎盘早剥
Disease,痛经
Disease,外阴瘙痒
Disease,外阴白色病变
Disease,外阴炎
Disease,先天性无阴道
Disease,性交疼痛
Disease,幼女性外阴阴道炎
Disease,月经不调
Disease,阴道痉挛
Disease,月经周期性精神病
Disease,阴道横隔
Disease,霉菌性阴道炎
Disease,阴道毛滴虫病
Disease,子宫肥大
Disease,子宫肌瘤
Disease,子宫发育异常
Disease,子宫内膜异位症
Disease,子宫脱垂
Disease,子宫息肉
Disease,持续性枕后位、枕横位
Disease,产后出血
Disease,多胎
Disease,过期妊娠
Disease,弓形虫病
Disease,流产
Disease,胎膜早破
Disease,脐带脱垂
Disease,妊娠合并肺结核
Disease,妊娠合并甲亢
Disease,妊娠合并病毒性肝炎
Disease,臀先露
Disease,羊水栓塞
Disease,子宫收缩过强
Disease,子宫收缩乏力
Disease,子宫破裂
Disease,早产
Disease,早产儿
Disease,肠梨形鞭毛虫病
Disease,出血性休克和脑病综合征
Disease,多种抽动综合征
Disease,鹅口疮
Disease,小儿多动症
Disease,儿童抽动障碍
Disease,儿童孤独症
Disease,儿童急性良性肌炎
Disease,儿童期情绪障碍
Disease,儿童精神分裂症
Disease,过期产儿
Disease,结节性硬化
Disease,巨细胞病毒感染症
Disease,流行性腮腺炎
Disease,朗格汉斯细胞组织细胞增生症
Disease,母儿血型不合溶血病
Disease,母乳性黄疸
Disease,奶癣
Disease,乳汁吸入性肺炎
Disease,水杨酸类中毒
Disease,疝气
Disease,胎儿宫内窘迫
Disease,维生素A中毒症
Disease,维生素B1缺乏病
Disease,维生素B6依赖综合征
Disease,维生素A缺乏病
Disease,先天性全丙种球蛋白低下血症
Disease,小儿肥胖
Disease,新生儿泪囊炎
Disease,小儿缺铁性贫血
Disease,小儿营养不良
Disease,新生儿脓疱病
Disease,新生儿低钙血症
Disease,锌缺乏病
Disease,新生儿肝炎
Disease,小儿麻痹症
Disease,新生儿黄疸
Disease,先天性声门下狭窄
Disease,先天性白内障
Disease,婴儿玫瑰疹
Disease,异位急性阑尾炎
Disease,婴儿脐疝
Disease,婴儿手足搐搦症
Disease,婴幼儿腹泻
Disease,婴幼儿上颌骨骨髓炎
Disease,婴儿骨皮质增生症
Disease,幼年型类风湿病
Disease,婴儿肠痉挛
Disease,牙体缺损
Disease,咽扁桃体肥大
Disease,婴儿猝死综合征
Disease,足月小样儿
Disease,自闭症
Disease,智力低下
Disease,早产儿视网膜病变
Disease,伴有虹膜睫状体炎的继发性青光眼
Disease,玻璃体猪囊虫病
Disease,白内障
Disease,玻璃体混浊
Disease,瘢痕性类天疱疮
Disease,玻璃体出血
Disease,表层巩膜炎
Disease,暴露性角膜炎
Disease,包涵体性结膜炎
Disease,春季性结膜炎
Disease,春季卡他性结膜炎
Disease,蚕蚀性角膜溃疡
Disease,低眼压性青光眼
Disease,大泡性角膜病变
Disease,单纯疱疹病毒性角膜炎
Disease,恶性青光眼
Disease,酚类中毒
Disease,共同性外斜视
Disease,干燥性角结膜炎
Disease,巩膜炎
Disease,共同性斜视
Disease,恒定性外斜视
Disease,红外线伤
Disease,化学性眼外伤
Disease,化脓性葡萄膜炎
Disease,虹膜睫状体炎
Disease,后天性视网膜劈裂
Disease,急性泪囊炎
Disease,近视眼
Disease,角膜病
Disease,间歇性外斜视
Disease,急性眼眶蜂窝织炎
Disease,急性出血性结膜炎
Disease,睑板腺癌
Disease,晶体异位和脱位
Disease,结膜干燥症
Disease,角膜擦伤
Disease,交感性眼炎
Disease,急性卡他性结膜炎
Disease,急性闭角性青光眼
Disease,睑外翻
Disease,基质性角膜炎
Disease,角膜软化症
Disease,急性虹膜睫状体炎
Disease,眶上神经痛
Disease,眶蜂窝织炎
Disease,开角型青光眼
Disease,泪腺分泌功能减退
Disease,泪液分泌过多
Disease,泪腺混合瘤
Disease,淋菌性结膜炎
Disease,老年性黄斑变性
Disease,流行性角结膜炎
Disease,绿脓杆菌性角膜溃疡
Disease,麦粒肿
Disease,慢性泪腺炎
Disease,脉络膜裂伤
Disease,麻痹性斜视
Disease,脉络膜黑色素瘤
Disease,慢性泪囊炎
Disease,脉络膜炎
Disease,慢性闭角型青光眼
Disease,内隐斜
Disease,泡性角结膜炎
Disease,匐行性角膜溃疡
Disease,泡性眼炎
Disease,青光眼
Disease,缺血性视神经病变
Disease,屈光不正
Disease,球后视神经炎
Disease,青光眼睫状体炎综合征
Disease,浅层点状角膜炎
Disease,前房积血
Disease,缺血性视盘病变
Disease,弱视
Disease,上隐斜
Disease,沙眼
Disease,视网膜静脉阻塞
Disease,视网膜动脉阻塞
Disease,视网膜静脉周围炎
Disease,视网膜病变
Disease,丝状角膜病变
Disease,视网膜中央静脉阻塞
Disease,视网膜中央动脉阻塞
Disease,视网膜色素上皮炎
Disease,视盘炎
Disease,视网膜色素变性
Disease,视网膜脱离
Disease,视盘水肿
Disease,视交叉病变
Disease,上睑下垂
Disease,特发性葡萄膜大脑炎
Disease,外层渗出性视网膜病变
Disease,外隐斜
Disease,外伤性白内障
Disease,雪盲
Disease,旋转隐斜
Disease,霰粒肿
Disease,先天性视网膜劈裂
Disease,细菌性角膜溃疡
Disease,先天性青光眼
Disease,溢泪症
Disease,隐斜视
Disease,眼眶骨膜炎
Disease,原发性共同性内斜视
Disease,原发性非调节性内斜视
Disease,原发性开角型青光眼
Disease,眼眶假瘤
Disease,远视眼
Disease,原发性视网膜脱离
Disease,眼球突出
Disease,眼球穿通伤
Disease,眼内异物
Disease,眼部带状疱疹
Disease,眼睑皮肤弛缓症
Disease,眼睑带状疱疹
Disease,圆锥角膜
Disease,原发性视网膜色素变性
Disease,眼球震颤
Disease,眼球破裂伤
Disease,眼球内陷
Disease,眼睑湿疹
Disease,翼状胬肉
Disease,紫外线伤
Disease,中心性渗出性脉络膜视网膜炎
Disease,真菌性角膜溃疡
Disease,中心性浆液性脉络膜视网膜病变
Disease,中毒性弱视
Disease,周边葡萄膜炎
Disease,真菌性角膜炎
Disease,阿斯匹林不耐受三联症
Disease,鼻硬结病
Disease,鼻出血
Disease,鼻腔异物
Disease,鼻息肉
Disease,鼻中隔偏曲
Disease,鼻中隔血肿
Disease,鼻中隔穿孔
Disease,扁桃体周围脓肿
Disease,鼻前庭炎
Disease,鼻中隔溃疡
Disease,鼻石
Disease,鼻瓣区狭窄
Disease,病毒性咽炎
Disease,鼻窦炎
Disease,鼻恶性肉芽肿
Disease,白喉
Disease,大疱性鼓膜炎
Disease,耳源性脑膜炎
Disease,耳后骨膜下脓肿
Disease,腭咽闭合不全
Disease,分泌性中耳炎
Disease,过敏性鼻炎
Disease,干酪性鼻炎
Disease,鼓室硬化症
Disease,过强反射性鼻炎
Disease,颌骨骨髓炎
Disease,化脓性耳廓软骨膜炎
Disease,喉阻塞
Disease,喉气囊肿
Disease,急性扁桃体炎
Disease,茎突综合征
Disease,间断脉冲噪音损伤
Disease,甲状舌囊肿及瘘管
Disease,急性舌扁桃体炎
Disease,急性化脓性乳突炎
Disease,急性单纯性咽炎
Disease,急性鼻咽炎
Disease,急性化脓性中耳炎
Disease,急性化脓性鼻窦炎
Disease,急性会厌炎
Disease,急性喉炎
Disease,急性鼻炎
Disease,结核性中耳乳突炎
Disease,酒渣鼻
Disease,口咽部粘连
Disease,蓝鼓膜与胆固醇肉芽肿
Disease,链球菌性咽炎
Disease,粒性白细胞缺乏性咽峡炎
Disease,面肌痉挛
Disease,迷路炎
Disease,美尼尔氏综合症
Disease,迷路震荡
Disease,迷路窗破裂
Disease,弥漫性外耳道炎
Disease,慢性舌扁桃体炎
Disease,慢性额窦炎
Disease,慢性蝶窦炎
Disease,慢性单纯性咽炎
Disease,慢性化脓性中耳炎
Disease,慢性扁桃体炎
Disease,慢性喉炎
Disease,慢性肥厚性鼻炎
Disease,慢性单纯性鼻炎
Disease,慢性咽炎
Disease,面神经瘤
Disease,粘连性中耳炎
Disease,潜水性内耳损伤
Disease,气管及食管异物
Disease,嗜酸细胞增多性非变态反应性鼻炎
Disease,上颌窦后鼻孔息肉
Disease,鳃裂瘘管
Disease,腮腺隙感染
Disease,突发性聋
Disease,外耳道异物
Disease,萎缩性咽炎
Disease,外耳道疖肿
Disease,萎缩性鼻炎
Disease,外耳道真菌病
Disease,外耳道炎
Disease,外耳湿疹
Disease,先天性声带发育不良
Disease,悬雍垂过长症
Disease,先天性小喉
Disease,先天性后鼻孔闭锁
Disease,先天性喉蹼
Disease,先天性喉喘鸣
Disease,先天性鼻咽部狭窄及闭锁
Disease,先天性鼻部皮样囊肿及瘘管
Disease,先天性喉闭锁
Disease,咽部异感症
Disease,硬脑膜外和硬脑膜下脓肿
Disease,咽血管畸形
Disease,咽肌痉挛
Disease,咽后壁憩室
Disease,咽鼓管阻塞
Disease,咽鼓管异常开放症
Disease,咽侧壁憩室
Disease,咽部硬结病
Disease,咽部异物
Disease,咽部麻风
Disease,咽部狼疮
Disease,咽部创伤
Disease,咽部瘢痕狭窄
Disease,咽角化症
Disease,咽后脓肿
Disease,咽旁脓肿
Disease,咽白喉
Disease,中耳气压伤
Disease,噪声性耳聋
Disease,中毒性眩晕
Disease,扁平苔癣
Disease,边缘性龈炎
Disease,变应性口炎
Disease,唇裂
Disease,创伤性口炎
Disease,唇病
Disease,齿状突发育畸形
Disease,多形红斑
Disease,单纯性牙周炎
Disease,腭裂
Disease,肥大性龈炎
Disease,氟骨症
Disease,氟牙症
Disease,根尖周病
Disease,红斑
Disease,坏死性龈口炎
Disease,颌面部放线菌病
Disease,颌周蜂窝织炎
Disease,颌骨囊肿
Disease,后牙反合
Disease,颌骨癌
Disease,急性颌骨骨髓炎
Disease,甲状舌管囊肿与鳃裂囊肿
Disease,急性化脓性腮腺炎
Disease,颊间隙感染
Disease,结核性溃疡
Disease,口底多间隙感染
Disease,口腔溃疡
Disease,口腔扁平苔藓
Disease,口腔单纯性疱疹
Disease,口腔白斑病
Disease,口腔念珠菌病
Disease,颏下间隙感染
Disease,眶下间隙感染
Disease,开合
Disease,口腔颌面部皮样、表皮样囊肿
Disease,口腔颌面部软组织损伤
Disease,膜性口炎
Disease,磨损
Disease,毛舌
Disease,慢性上颌窦炎
Disease,慢性筛窦炎
Disease,慢性化脓性腮腺炎
Disease,颞下颌关节紊乱综合征
Disease,颞下间隙感染
Disease,颞间隙感染
Disease,颞骨岩部炎
Disease,前牙反合
Disease,青少年牙周炎
Disease,龋齿
Disease,前牙深覆盖
Disease,舌甲状腺
Disease,舌白斑
Disease,锁合
Disease,双颌前突
Disease,深覆合
Disease,舌下间隙感染
Disease,上颌前突
Disease,舌病
Disease,四环素牙
Disease,上颌后缩
Disease,天疱疮
Disease,楔状缺损
Disease,下颌后缩
Disease,下颌下隙感染
Disease,牙周病
Disease,牙周萎缩
Disease,牙外伤
Disease,牙列拥挤
Disease,牙列稀疏
Disease,牙髓病
Disease,颜面部疖痈
Disease,牙隐裂
Disease,牙折
Disease,遗传性乳光牙
Disease,药物性牙龈增生
Disease,釉质发育不全
Disease,牙齿感觉过敏症
Disease,咬肌间隙感染
Disease,翼下颌间隙感染
Disease,智齿冠周炎
Disease,肝硬化男性性功能减弱综合征
Disease,淋病合并症前列腺炎
Disease,淋病合并症精囊炎
Disease,良性前列腺增生
Disease,慢性细菌性前列腺炎
Disease,男性不育症
Disease,男性更年期综合症
Disease,尿道与阴茎结核
Disease,性欲亢进
Disease,小阴茎
Disease,阳痿
Disease,早泄
Disease,埃里希体病
Disease,艾滋病
Disease,病毒性肝炎
Disease,包虫病
Disease,巴尔通体病
Disease,布氏杆菌病
Disease,布鲁菌病
Disease,软产道异常性难产
Disease,色汗症
Disease,孢子丝菌病
Disease,硬化剂治疗引起的食管损害
Disease,II型糖尿病
Disease,创伤后应激障碍
Disease,代偿性多汗症
Disease,肠道蛔虫
Disease,传染性脓疱病
Disease,传染性红斑
Disease,肺泡-毛细血管阻滞综合征
Disease,肺地丝菌病
Disease,传染性软疣
Disease,肺炎球菌脑膜炎
Disease,传染性单核细胞增多
Disease,肺青霉病
Disease,传染性湿疹样皮炎
Disease,肺炎克雷白杆菌肺炎
Disease,单纯性疱疹
Disease,肺疟疾病
Disease,肺损伤
Disease,肺炎衣原体肺炎
Disease,肺癌皮肤转移
Disease,呼吸性细支气管炎间质肺病
Disease,带状疱疹
Disease,呼吸系统疾病伴发的精神障碍
Disease,地方性斑疹伤寒
Disease,军团菌肺炎
Disease,登革热
Disease,结核性葡萄膜炎
Disease,单纯疱疹病毒感染症
Disease,金黄色葡萄球菌脑膜炎
Disease,丹毒丝菌病
Disease,老年急性白血病
Disease,免疫抑制药和抗癌药中毒性肾病
Disease,特发性滴状色素减少症
Disease,缺血性肠绞痛
Disease,特发性癫痫综合征
Disease,Wegner肉芽肿伴发的葡萄膜炎
Disease,小儿金葡菌性烫伤样皮肤综合征
Disease,二期梅毒
Disease,特发性关节痛综合征
Disease,小儿肢端肥大症和垂体性巨人症
Disease,特发性黄斑裂孔
Disease,新生儿肺气漏
Disease,特发性急性小管间质性肾炎
Disease,新生儿肝脾肿大
Disease,特发性尿钙增多症
Disease,放线菌病
Disease,哮喘持续状态
Disease,副球孢子菌病
Disease,小儿哮喘性肌萎缩综合征
Disease,风疹
Disease,特发性皮肤钙化病
Disease,特发性室性心动过速
Disease,肺结核
Disease,休止期脱发
Disease,特发性嗜酸性粒细胞增多综合征
Disease,肺吸虫病
Disease,腺病毒感染
Disease,特发性心室颤动
Disease,关节炎
Disease,胸壁静脉炎
Disease,疼痛性脂肪疝
Disease,锑及其化合物引起的皮肤病
Disease,静脉曲张
Disease,阻塞性睡眠呼吸暂停综合征
Disease,滑膜炎
Disease,支气管哮喘
Disease,锑末沉着症
Disease,白大衣高血压
Disease,强直型脑瘫
Disease,天冬氨酰葡萄糖胺尿症
Disease,窦性心律失常
Disease,混合型脑瘫
Disease,铁尘肺
Disease,钩端螺旋体病
Disease,铜绿假单胞菌感染
Disease,软组织损伤
Disease,铜绿假单胞菌性角膜炎
Disease,多囊肝
Disease,铜绿色假单胞菌肺炎
Disease,二尖瓣和主动脉瓣的疾患
Disease,肾功能衰竭
Disease,铜绿色假单胞菌脑膜炎
Disease,回归热
Disease,风湿性边缘性红斑
Disease,铜中毒引起的溶血性贫血
Disease,混合性厌氧菌感染
Disease,肥胖性生殖无能综合征
Disease,童年情绪障碍
Disease,心脏瓣膜病
Disease,高血压病伴发的精神障碍
Disease,黄热病
Disease,慢性肾功能不全
Disease,童年社会功能障碍
Disease,拔毛狂
Disease,风湿性心脏病
Disease,痛性青紫综合征
Disease,头部鳞状细胞癌
Disease,心脏病
Disease,感染性心内膜炎肾损害
Disease,头皮脓疱糜烂性皮病
Disease,肌肉痉挛
Disease,冠状病毒感染
Disease,黑热病
Disease,脊髓炎
Disease,甲亢合并妊娠
Disease,支气管炎
Disease,慢性附睾炎
Disease,头皮损伤
Disease,霍乱
Disease,鲜红斑痣
Disease,三尖瓣闭锁不全
Disease,投掷运动
Disease,心肌梗死后心包炎
Disease,蔓状血管瘤
Disease,透明丝孢霉病
Disease,心包囊肿与心包憩室
Disease,脉管畸形
Disease,透明细胞汗腺腺瘤
Disease,心包间皮瘤
Disease,甲状腺炎
Disease,透明细胞棘皮瘤
Disease,甲亢眼突
Disease,心包转移瘤
Disease,吞噬功能缺陷病
Disease,甲状腺结节
Disease,胸锁关节脱位
Disease,吞咽困难
Disease,臀上皮神经干痛
Disease,精神障碍
Disease,假单胞菌感染
Disease,心尖肥厚型心肌病
Disease,臀位难产
Disease,巴顿骨折
Disease,脱水
Disease,食管炎
Disease,姜片虫病
Disease,暴发性紫癜
Disease,脱屑性红皮病
Disease,视网膜炎
Disease,丙型肝炎病毒感染与肾小球肾炎
Disease,脱屑性间质肺炎
Disease,尖锐湿疣
Disease,残胃淋巴瘤
Disease,绞架性骨折或外伤性枢椎椎弓骨折
Disease,蛋白质-能量营养不良
Disease,肠癌
Disease,切除术后内疝
Disease,蛙粪霉病
Disease,胃炎
Disease,胆囊结石
Disease,外伤性低颅内压综合征
Disease,胆源性急性胰腺炎
Disease,外伤性脑脊液漏
Disease,大肠平滑肌肉瘤
Disease,咽炎
Disease,外伤性脑膜炎
Disease,非甲状腺性的病态综合征
Disease,柯萨奇病毒和埃可病毒感染
Disease,外伤性脑脓肿
Disease,狂犬病
Disease,外伤性脾破裂
Disease,中耳炎
Disease,肝结核
Disease,口蹄病
Disease,外伤性乳房血肿
Disease,外伤性乳房脂肪坏死
Disease,结膜炎
Disease,皮炎
Disease,外阴阿米巴病
Disease,肝上皮样血管内皮细胞瘤
Disease,生殖道感染
Disease,肝小静脉闭塞症
Disease,阴道炎
Disease,淋病
Disease,肝血管平滑肌脂肪瘤
Disease,外阴表皮样囊肿
Disease,黄杆菌肺炎
Disease,弱精
Disease,外阴大汗腺瘤
Disease,利斯特菌病
Disease,结核性宫颈炎
Disease,精子畸形
Disease,外阴丹毒
Disease,急性化脓性关节炎
Disease,子宫内膜薄
Disease,类鼻疽
Disease,外阴恶性横纹肌样瘤
Disease,结肠平滑肌瘤
Disease,输卵管阻塞
Disease,流行性脑脊髓膜炎
Disease,外阴恶性颗粒细胞瘤
Disease,急性细支气管炎
Disease,外阴恶性淋巴瘤
Disease,流行性乙型脑炎
Disease,急性附睾炎
Disease,黄体功能不全
Disease,外阴恶性神经鞘瘤
Disease,A-V综合征
Disease,外阴恶性纤维组织细胞瘤
Disease,酒精性脑萎缩
Disease,肌张力不全型脑瘫
Disease,外阴汗管瘤
Disease,结肠息肉和息肉病
Disease,手足徐动性脑瘫
Disease,外阴汗腺腺癌
Disease,结缔组织增生性毛发上皮瘤
Disease,共济失调型脑瘫
Disease,假性尖锐湿疣
Disease,外阴黑色棘皮症
Disease,结直肠损伤
Disease,口腔尖锐湿疣
Disease,流行性斑疹伤寒
Disease,外阴黑色素瘤
Disease,溃疡性结肠炎性关节炎
Disease,外阴横纹肌肉瘤
Disease,类癌综合征
Disease,子宫恶性肿瘤
Disease,阑尾类癌
Disease,外阴滑膜肉瘤
Disease,口腔血管瘤
Disease,莱姆病
Disease,铅中毒引起的溶血性贫血
Disease,外阴基底细胞癌
Disease,胆管肿瘤
Disease,胃肠道癌
Disease,外阴急性蜂窝组织炎
Disease,乳腺脂肪瘤
Disease,外阴假上皮瘤样增生
Disease,消化系统疾病伴发的精神障碍
Disease,子宫内膜炎
Disease,外阴疖病
Disease,细菌性心包炎
Disease,原发性肝脂肪肉瘤
Disease,宫颈炎
Disease,致死性家族性失眠症
Disease,皮肤白斑
Disease,外阴接触性皮炎
Disease,肩峰骨折
Disease,乳腺肿瘤
Disease,外阴结核
Disease,慢性腹泻
Disease,急性肾小球肾炎
Disease,外阴浸润性鳞癌
Disease,流行性出血性结膜炎
Disease,乳腺炎
Disease,狼疮样综合征
Disease,急性肾功能不全
Disease,外阴卡波西肉瘤
Disease,链球菌坏死
Disease,肾功能不全
Disease,类固醇5α-还原酶2缺乏综合征
Disease,外阴颗粒性肌母细胞瘤
Disease,霉菌性尿道炎
Disease,外阴克罗恩病
Disease,淋菌性尿道炎
Disease,慢性化脓性鼻窦炎
Disease,外阴溃疡
Disease,外阴淋巴管瘤
Disease,浅表性胃炎
Disease,母儿ABO血型不合
Disease,外阴隆凸性皮肤纤维肉瘤
Disease,脑血吸虫病
Disease,脉管炎
Disease,慢性肾小球肾炎
Disease,囊虫病
Disease,外阴卵黄囊瘤
Disease,坏死性脉管炎
Disease,膜增生性肾小球肾炎
Disease,外阴毛囊炎
Disease,慢性嗜酸性粒细胞性肺炎
Disease,性功能障碍
Disease,疟疾
Disease,外阴梅克尔细胞癌
Disease,尿毒症肺炎
Disease,血精症
Disease,诺卡放线菌病
Disease,尿布皮炎
Disease,皮肤念珠菌病
Disease,外阴蛲虫病
Disease,尿道黏膜脱垂
Disease,葡萄球菌感染
Disease,外阴黏膜白斑
Disease,膀胱移行细胞癌
Disease,外阴佩吉特病
Disease,细菌性前列腺炎
Disease,膀胱白斑病
Disease,外阴皮肤脂溢性皮炎
Disease,急性细菌性前列腺炎
Disease,溶血性链球菌性坏疽
Disease,外阴平滑肌瘤
Disease,肾融合
Disease,外阴平滑肌肉瘤
Disease,肾静脉血栓
Disease,非淋性前列腺炎
Disease,输尿管脱垂
Disease,全身性念珠菌病
Disease,外阴前庭炎
Disease,肾钙乳
Disease,特异性前列腺炎
Disease,潜伏梅毒
Disease,肾实质性高血压
Disease,外阴乳头状瘤
Disease,肾盏积水
Disease,外阴软纤维瘤
Disease,精神病
Disease,外阴色素痣
Disease,肾盂输尿管连接部梗阻
Disease,药物性哮喘
Disease,Q热
Disease,肾性氨基酸尿
Disease,肾异位血管及副血管
Disease,外阴上皮样肉瘤
Disease,肾动脉瘤
Disease,肉毒中毒
Disease,外阴烧伤、烫伤和化学损伤
Disease,糖尿病所致脊髓病
Disease,念珠龟头炎
Disease,外阴神经鞘瘤
Disease,溶组织内阿米巴病
Disease,微小病毒感染
Disease,外阴神经纤维瘤
Disease,小儿原发性纤毛运动障碍
Disease,软下疳
Disease,外阴神经性皮炎
Disease,疱疹
Disease,小儿慢性肾小球肾炎
Disease,外阴湿疹
Disease,混合血管瘤
Disease,小儿急性肾小球肾炎
Disease,外阴天疱疮
Disease,毛细血管瘤
Disease,原发性心脏横纹肌肉瘤
Disease,外阴痛
Disease,化脓性乳腺炎
Disease,外阴纤维瘤
Disease,隐匿阴茎
Disease,生殖器疱疹
Disease,外阴纤维肉瘤
Disease,耳真菌病
Disease,乳腺导管瘤
Disease,外阴腺鳞癌
Disease,肝豆状核变性伴发的精神障碍
Disease,牙周炎
Disease,伤寒
Disease,外阴腺泡状软组织肉瘤
Disease,脑垂体功能异常伴发的精神障碍
Disease,三期梅毒
Disease,角膜炎
Disease,外阴象皮肿
Disease,脑膨出
Disease,丝虫病
Disease,结肠炎
Disease,外阴血管瘤
Disease,脑梗死
Disease,斜视
Disease,外阴血管外皮细胞瘤
Disease,糖尿病性肾病
Disease,唇炎
Disease,外阴血吸虫病
Disease,外阴银屑病
Disease,小儿结核性心包炎
Disease,牙龈炎
Disease,外阴硬化性苔藓
Disease,重症肌无力样综合征
Disease,伤寒与副伤寒
Disease,闭经溢乳综合征
Disease,喉炎
Disease,水痘
Disease,外阴尤因肉瘤
Disease,睾丸癌
Disease,成人斯蒂尔病
Disease,外阴疣状癌
Disease,垂体卒中
Disease,肝癌
Disease,鼠疫
Disease,外阴疣状黄瘤
Disease,带状角膜病变
Disease,胸膜炎
Disease,绦虫病
Disease,外阴早期浸润性鳞癌
Disease,天花
Disease,甲状腺激素抵抗综合征
Disease,阑尾炎
Disease,外阴脂肪瘤
Disease,酒精伴发的精神障碍
Disease,炭疽病
Disease,肾虚
Disease,外阴脂肪肉瘤
Disease,巨人症与肢端肥大症
Disease,头癣
Disease,心内膜炎
Disease,外阴中肾管囊肿
Disease,甲状腺相关眼病
Disease,兔热病
Disease,血管炎
Disease,外阴肿瘤合并妊娠
Disease,甲状腺微小癌
Disease,胃穿孔
Disease,弯曲菌感染
Disease,外阴转移性癌
Disease,继发性铁粒幼细胞性贫血
Disease,慢性糜烂性胃炎
Disease,弯曲菌性肠炎
Disease,外源性光感性皮炎
Disease,假性醛固酮减少症
Disease,网状青斑
Disease,先天性巨细胞包涵体病
Disease,继发性女阴过度角化
Disease,网状青斑和青斑性血管炎
Disease,微囊肿腺癌
Disease,颈部淋巴结转移癌
Disease,慢性乳突炎
Disease,微小病变型肾病
Disease,夸赛纳森林病
Disease,淋巴瘤细胞白血病
Disease,微小度数斜视
Disease,上呼吸道感染
Disease,Usher综合征
Disease,微小核糖核酸病毒性角膜炎
Disease,慢性黏膜皮肤念珠菌病
Disease,结膜充血
Disease,微血管病性溶血性贫血
Disease,鞍上生殖细胞瘤
Disease,脾大
Disease,慢性乳腺炎
Disease,韦格内肉芽肿
Disease,妊娠合并宫颈癌
Disease,韦格纳肉芽肿
Disease,嗜碱性粒细胞白血病
Disease,心理障碍
Disease,韦格纳肉芽肿性巩膜炎
Disease,糖尿病心肌病
Disease,韦尼克脑病
Disease,胸腺囊肿
Disease,血吸虫病
Disease,围绝经期功能失调性子宫出血
Disease,猩红热
Disease,矮小症
Disease,亚急性结节性游走性脂膜炎
Disease,围绝经期前后的外阴白色病变
Disease,旋毛虫病
Disease,原发性乳腺恶性淋巴瘤
Disease,新疆出血热
Disease,社交恐惧症
Disease,原发性甲状旁腺功能亢进症与肾病
Disease,围绝经期综合征
Disease,白血病伴发的精神障碍
Disease,急性胆管炎
Disease,围生期心肌病
Disease,出血性脑梗死
Disease,糜烂性胃炎
Disease,围术期伴发的精神障碍
Disease,第Ⅰ型脊髓血管畸形
Disease,维生素A过多病
Disease,瘢痕性睑内翻
Disease,多发性骨髓瘤病肾病
Disease,Jessner淋巴细胞浸润
Disease,神经性头痛
Disease,办公室综合症
Disease,氨气中毒
Disease,维生素B2缺乏病
Disease,急性海绵窦栓塞性静脉炎
Disease,衣原体感染症
Disease,贫血伴发的精神障碍
Disease,尾神经丛痛
Disease,肾绞痛
Disease,厌氧菌感染
Disease,尾痛症
Disease,缺铁性吞咽困难
Disease,泌尿系结石
Disease,隐球菌病
Disease,溶血尿毒症综合征
Disease,尾蚴性皮炎
Disease,芽生菌病
Disease,特发性震颤
Disease,异尖线吸虫蚴移行症
Disease,心血管疾病
Disease,委内瑞拉马脑炎
Disease,阴虱病
Disease,铁线虫病
Disease,萎缩纹
Disease,肾脓肿
Disease,血小板无力症
Disease,未分化结缔组织病
Disease,包涵体肌炎
Disease,血友病甲
Disease,胃肠道癌皮肤转移
Disease,鼻部囊肿
Disease,血管炎前期综合征
Disease,胃肠道癌转移卵巢
Disease,遗传性压力易感性周围神经病
Disease,一期梅毒
Disease,乳腺囊肿
Disease,胃恶性淋巴瘤
Disease,叶酸缺乏症
Disease,医院内感染
Disease,肾性脑病
Disease,胃反应性淋巴增生
Disease,营养障碍性多发性神经病
Disease,鼻外伤
Disease,胃隔膜
Disease,恙虫病
Disease,真性小眼球
Disease,胃畸胎瘤
Disease,干燥综合征神经系统损害
Disease,羊痘
Disease,耳鸣
Disease,胃急性扩张
Disease,类风湿性关节炎的肾损害
Disease,肺纤维化
Disease,硬皮病食管
Disease,胃溃疡出血
Disease,隐孢子虫病
Disease,脑水肿
Disease,胃溃疡性穿孔
Disease,闭合性颅脑损伤
Disease,联合免疫缺陷病
Disease,组织胞浆菌病
Disease,排卵障碍
Disease,胃类癌瘤
Disease,慢性血源性骨髓炎
Disease,偏瘫
Disease,梅克尔憩室
Disease,扁桃体结石
Disease,胃内异物
Disease,慢性盆腔疼痛
Disease,中间型链球菌感染
Disease,胃黏膜脱垂
Disease,肾阳虚
Disease,查加斯病
Disease,着色真菌病
Disease,胃石症
Disease,脑外伤
Disease,蝶骨嵴脑膜瘤
Disease,足菌肿
Disease,胃食管反流病
Disease,高血压性心肌病
Disease,变异性哮喘
Disease,战壕热
Disease,胃脂肪瘤
Disease,高血压脑出血
Disease,肾阴虚
Disease,真菌过敏症
Disease,窝状角质松解症
Disease,脑血管畸形
Disease,脑膜炎奈瑟菌肺炎
Disease,自由生活阿米巴感染
Disease,沃纳综合征
Disease,肾肿瘤
Disease,胆囊胆固醇沉着症
Disease,志贺菌病
Disease,并指畸形
Disease,法布里病
Disease,无功能垂体腺瘤
Disease,渗出性中耳炎
Disease,急性颈部软组织损伤
Disease,剥脱性皮炎型药疹
Disease,无功能性甲状旁腺囊肿
Disease,异物肉芽肿
Disease,急性肺水肿
Disease,无汗症
Disease,急性根尖牙周炎
Disease,胰腺肉瘤
Disease,无机碱皮肤损伤
Disease,扁平疣
Disease,无脉络膜症
Disease,白癜风
Disease,胰腺分裂
Disease,无排卵型功能失调性子宫出血
Disease,非细菌性血栓性心内膜炎
Disease,白发症
Disease,无色性色素失调症
Disease,工业毒物中毒性周围神经病
Disease,失眠抑郁
Disease,无痛性甲状腺炎
Disease,男性青春期发育延迟
Disease,斑秃
Disease,无痛性心肌梗死
Disease,慢性根尖牙周炎
Disease,无症状型心肌缺血
Disease,女性尿瘘
Disease,食道溃疡
Disease,无症状性脑梗死
Disease,前葡萄膜炎
Disease,蜈蚣蜇伤
Disease,脑干梗塞
Disease,前列腺异位
Disease,X综合征
Disease,急性冠脉综合征
Disease,垂体腺瘤
Disease,病毒性结膜炎
Disease,前列腺结石
Disease,小儿扁脸关节脱位足异常综合征
Disease,藏毛囊肿
Disease,西伯利亚立克次体斑疹热
Disease,肾上腺意外瘤
Disease,视网膜分支动脉阻塞
Disease,结肠黑变病
Disease,牙髓炎
Disease,手足综合症
Disease,西方马型脑炎
Disease,骨质软化症与佝偻病
Disease,急性牙髓炎
Disease,维生素D依赖性佝偻病
Disease,慢性牙髓炎
Disease,系统性血管炎
Disease,西尼罗河热
Disease,脊柱畸形
Disease,α1抗胰蛋白酶缺乏性肝病
Disease,睑缘炎
Disease,痤疮
Disease,皮肤脑膜瘤
Disease,西瓦特皮肤异色病
Disease,大疱性类天疱疮
Disease,脑动脉硬化伴发的精神障碍
Disease,希尔德病
Disease,结核性盆腔炎
Disease,丹毒
Disease,鼻咽癌的眼部病变
Disease,锡尘肺
Disease,戈登综合征
Disease,膝关节脱位
Disease,甲状腺功能减低所致贫血
Disease,内分泌性高血压
Disease,膝外侧韧带损伤
Disease,口腔癌皮肤转移
Disease,系统性红斑狼疮伴发的精神障碍
Disease,酒精性股骨头坏死
Disease,卵巢残余综合征
Disease,系统性红斑狼疮伴发的葡萄膜炎
Disease,弥漫性婴儿纤维瘤病
Disease,病毒性上呼吸道感染
Disease,系统性红斑狼疮所致脊髓病
Disease,输卵管畸形
Disease,皮肤白喉
Disease,宫颈妊娠
Disease,冻疮
Disease,肱动脉损伤
Disease,系统性血管炎所致神经损害
Disease,慢性外耳道炎
Disease,卵巢黏液性肿瘤
Disease,细菌协同性坏疽
Disease,酒精性脂肪肝
Disease,阿米巴性宫颈炎
Disease,细菌性阴道病
Disease,鹅掌风
Disease,开放性颅脑损伤
Disease,卵巢巧克力囊肿破裂
Disease,蜂螫伤
Disease,病毒性胃肠炎
Disease,下尺桡关节脱位
Disease,蜂窝织炎
Disease,卵巢支持-间质细胞瘤
Disease,慢性中耳炎
Disease,下疳样脓皮病
Disease,痱子
Disease,慢性髓细胞白血病
Disease,空巢综合症
Disease,下腔静脉后输尿管
Disease,妊娠高血压疾病
Disease,老年性睑外翻
Disease,子宫复旧不全
Disease,妊娠合并肺栓塞
Disease,不孕不育
Disease,下丘脑错构瘤
Disease,老年性哮喘
Disease,下丘脑多汗症
Disease,妊娠合并甲状旁腺功能减退
Disease,副牛痘
Disease,输卵管妊娠流产
Disease,下肢动脉硬化闭塞症
Disease,妊娠合并肠梗阻
Disease,光感型药疹
Disease,慢性细菌性痢疾
Disease,结核性脑膜炎
Disease,下肢交通静脉瓣膜关闭不全
Disease,草莓状血管瘤
Disease,固定性药疹
Disease,精神发育迟缓
Disease,下肢静脉曲张
Disease,肠痉挛
Disease,肝硬化性肾损害
Disease,下肢静脉血栓形成
Disease,乳突炎
Disease,夏伊-德雷格综合征
Disease,淋病性关节炎
Disease,抽动症
Disease,先天性半侧肥大
Disease,良性头部组织细胞增生症
Disease,先天性肠闭锁
Disease,慢性纤维性甲状腺炎
Disease,青春前期牙周炎
Disease,尿道综合征
Disease,花斑癣
Disease,先天性大疱性鱼鳞病样红皮病
Disease,黄褐斑
Disease,艾滋病人的急性阑尾炎
Disease,先天性胆总管囊肿
Disease,病毒性脑膜炎
Disease,复张性肺水肿
Disease,先天性短食管
Disease,传染性单核细胞增多症
Disease,出血性脑中风
Disease,先天性肺动静脉瘘
Disease,地方性甲状腺肿
Disease,青春期厌食症
Disease,核黄素缺乏病
Disease,先天性肺发育不全
Disease,腹外疝
Disease,先天性副肌强直症
Disease,肝纤维板层癌
Disease,结核性苔藓
Disease,先天性副舟骨
Disease,急性脓肿
Disease,先天性腹壁肌肉发育不良
Disease,唇癌
Disease,先天性肝内胆管囊状扩张症
Disease,黑色棘皮症
Disease,钙化性肌腱炎
Disease,先天性肝囊肿
Disease,脑真菌性肉芽肿
Disease,甲癣
Disease,色斑
Disease,先天性肝纤维化
Disease,伤寒性心肌炎
Disease,色素性痒疹
Disease,先天性感觉性神经病
Disease,伤口肉毒症
Disease,大脑萎缩
Disease,先天性肛门直肠畸形
Disease,肛肠息肉
Disease,马尔堡病毒病
Disease,先天性睾丸发育不全
Disease,慢性牙周炎
Disease,陶瓷样胆囊
Disease,甲沟炎
Disease,先天性厚甲症
Disease,胆管结石
Disease,血吸虫病与肝胆疾病
Disease,先天性环状束带
Disease,肛门异物感
Disease,剥脱综合征
Disease,先天性肌强直
Disease,面红和面红恐惧症
Disease,先天性肌缺如
Disease,胆管炎
Disease,先天性巨大色素痣
Disease,高位截瘫
Disease,毛发囊肿
Disease,脓毒症
Disease,甲真菌病
Disease,先天性巨输尿管
Disease,屏幕脸
Disease,麻风性角膜病变
Disease,先天性髋关节外展挛缩和骨盆倾斜
Disease,高血压性心脏病
Disease,先天性梅毒
Disease,低钙血症
Disease,先天性囊状腺样畸形
Disease,高血压眼病
Disease,甲状腺功能亢进性肝病
Disease,先天性食管狭窄
Disease,膀胱膨出
Disease,系统性红斑狼疮性巩膜炎
Disease,高原病
Disease,先天性食管重复
Disease,细粒棘球蚴病
Disease,低颅压综合征
Disease,接触性皮炎
Disease,疲劳性骨折
Disease,靶样含铁血黄素沉积性血管瘤
Disease,先天性胃出口梗阻
Disease,结肠阿米巴
Disease,睾丸畸形
Disease,先天性无虹膜
Disease,疥疮
Disease,青少年癫痫
Disease,先天性膝关节脱位
Disease,造口旁疝
Disease,睾丸鞘膜积液
Disease,先天性小肠闭锁和肠狭窄
Disease,皮肌炎与多发性肌炎
Disease,寻常型天疱疮
Disease,暗色丝孢霉病
Disease,毛发红糠疹
Disease,先天性斜颈
Disease,电解质紊乱
Disease,烧伤败血症
Disease,毛发上皮瘤
Disease,根尖脓肿
Disease,面部粟粒性狼疮
Disease,宫颈微小型浸润癌
Disease,免疫性不孕
Disease,先天性心包缺如或缺损
Disease,麻疹样红斑型药疹
Disease,条纹状苔藓
Disease,先天性性联无γ-球蛋白血症
Disease,宫角妊娠
Disease,玫瑰糠疹
Disease,先天性胸腹裂孔疝
Disease,遗传性乳腺癌-卵巢癌综合征
Disease,牙斑
Disease,毛囊炎
Disease,白塞病性巩膜炎
Disease,先天性胸骨后膈疝
Disease,蝶窦炎
Disease,麻风病
Disease,先天性血管萎缩性皮肤异色症
Disease,白血病肾损害
Disease,尿潴留
Disease,麻疹
Disease,先天性眼球震颤
Disease,白血病视网膜病变
Disease,空调病
Disease,女子颜面黑变病
Disease,败血症肾损害
Disease,先天性再生障碍性贫血
Disease,口炎
Disease,脓肿
Disease,先天性支气管肺囊肿
Disease,斑状白化病
Disease,脓疱型银屑病
Disease,脓疱疮
Disease,先天性支气管囊肿
Disease,斑状萎缩
Disease,显微型多血管炎
Disease,动脉栓塞
Disease,线粒体病
Disease,瘢痕癌
Disease,牛皮癣
Disease,肋软骨炎
Disease,板层状鱼鳞病
Disease,线粒体脑肌病
Disease,风湿病
Disease,皮样囊肿
Disease,半月线疝
Disease,线状IgA大疱性皮肤病
Disease,颅裂
Disease,腺病毒性肠炎
Disease,葡萄球菌性烫伤样皮肤综合征
Disease,女性假两性畸形
Disease,半椎体畸形
Disease,腺病毒性肺炎
Disease,多动症
Disease,伴齿状突骨折的寰枢椎前脱位
Disease,向颈段脊髓供血的根动脉缺血症候群
Disease,伴纤维囊性骨炎的假性甲状旁腺功能低下症
Disease,向胸腰段脊髓供血的大根动脉缺血症候群
Disease,牙周脓肿
Disease,鲍恩病
Disease,项痈
Disease,颅脑损伤
Disease,鲍温样丘疹病
Disease,功能性胃肠病
Disease,橡胶制品所致的皮肤病
Disease,暴发性痤疮
Disease,颅内出血
Disease,贝克痣
Disease,女性癫痫
Disease,疱疹样湿疹
Disease,儿童股骨头坏死
Disease,小肠过敏性紫癜
Disease,背部弹力纤维瘤
Disease,睾丸囊肿
Disease,鼻部穿通性毛囊炎
Disease,小肠结肠炎耶尔森菌肠炎
Disease,卵巢囊肿蒂扭转
Disease,小肠结肠炎耶尔森菌肺炎
Disease,鼻疽假单胞菌肺炎
Disease,睑内翻
Disease,鼻旁窦支气管综合征
Disease,小肠类癌
Disease,卵巢性不孕
Disease,闭孔疝
Disease,小肠平滑肌瘤
Disease,小儿支气管炎
Disease,闭塞性动脉硬化
Disease,小肠平滑肌肉瘤
Disease,全身化脓性感染
Disease,麻痹性睑外翻
Disease,闭塞性血栓性脉管炎
Disease,小肠腺癌
Disease,耳结核
Disease,闭锁肺综合征
Disease,小肠腺瘤
Disease,慢性粒单核细胞白血病
Disease,小肠血管畸形
Disease,膝内翻
Disease,褥疮
Disease,臂丛神经损伤
Disease,骨癌
Disease,变态反应性结膜炎
Disease,返流性胆管炎
Disease,小肠血管瘤
Disease,变形杆菌肺炎
Disease,马蹄形肾
Disease,小肠异物
Disease,变性性近视的眼底损害
Disease,眼底出血
Disease,小肠原发性恶性淋巴瘤
Disease,变异型心绞痛
Disease,神经性皮炎
Disease,小肠脂肪瘤
Disease,变异型预激综合征
Disease,瘙痒症
Disease,放射性口炎
Disease,小袋纤毛虫病
Disease,变异性红斑角化病
Disease,小儿Alstrom综合征
Disease,输卵管性不孕
Disease,晒伤
Disease,变应性皮肤血管炎
Disease,小儿IgA肾病
Disease,骨坏死
Disease,表皮囊肿
Disease,小儿X-连锁高免疫球蛋白M血症
Disease,表皮葡萄球菌肺炎
Disease,小儿X-连锁淋巴组织增生性疾病
Disease,手足癣
Disease,表皮松解性棘皮瘤
Disease,小儿X-连锁无丙种球蛋白血症
Disease,表皮痣
Disease,湿疹
Disease,淋巴炎
Disease,小儿X-连锁严重联合免疫缺陷病
Disease,宾斯旺格病
Disease,深脓疱病
Disease,小儿α1-抗胰蛋白酶缺乏症
Disease,骨结核
Disease,髌股关节软骨损伤
Disease,色素性荨麻疹
Disease,小儿α-地中海贫血
Disease,非特异性外阴炎
Disease,髌骨骨软骨病
Disease,小儿β地中海贫血
Disease,丙酮酸激酶缺乏症
Disease,小儿阿姆斯特丹型侏儒
Disease,并发截瘫的脊柱结核
Disease,小儿阿托品类中毒
Disease,并发症白内障
Disease,小儿埃博拉病毒病
Disease,病毒性出血热
Disease,输卵管妊娠破裂
Disease,秃头
Disease,截瘫
Disease,小儿埃可及柯萨奇病毒感染
Disease,小儿埃莱尔-当洛综合征
Disease,病毒性食管炎
Disease,骨筋膜室综合症
Disease,玻璃体及视网膜脱离手术所致青光眼
Disease,荨麻疹型药疹
Disease,小儿爱德华兹综合征
Disease,荨麻疹和血管性水肿
Disease,剥脱性唇炎
Disease,眼外伤
Disease,播散性复发性漏斗部毛囊炎
Disease,小儿鞍上生殖细胞瘤
Disease,荨麻疹性血管炎
Disease,脊椎炎
Disease,播散性黄瘤伴尿崩症
Disease,小儿巴德-吉亚利综合征
Disease,输卵管肿瘤
Disease,小儿巴特综合征
Disease,播散性嗜酸粒细胞增多性胶原病
Disease,荨麻疹
Disease,急性中耳炎
Disease,播散性血管内凝血
Disease,小儿白塞病
Disease,银屑病
Disease,勃起功能障碍
Disease,冠状动脉供血不足
Disease,小儿白细胞黏附分子缺陷Ⅰ型
Disease,不安腿综合征
Disease,表皮样囊肿
Disease,小儿白细胞黏附分子缺陷Ⅱ型
Disease,不动杆菌肺炎
Disease,过敏性结肠炎
Disease,小儿白血病
Disease,药疹
Disease,小儿半乳糖血症
Disease,外伤性股骨头坏死
Disease,疣
Disease,小儿膀胱-输尿管反流综合征
Disease,不动杆菌感染
Disease,心肌缺血
Disease,小儿豹皮综合征
Disease,不动纤毛综合征
Disease,小儿贲门失弛缓症
Disease,不稳定型心绞痛
Disease,输血后肝炎
Disease,小儿苯丙酮尿症
Disease,不稳定血红蛋白病
Disease,小儿便秘
Disease,原发性皮肤淀粉样变性
Disease,红皮性银屑病
Disease,布氏杆菌性关节炎
Disease,小儿变形性肌张力障碍
Disease,布氏菌病
Disease,心包炎
Disease,小儿变应性鼻炎
Disease,喉痉挛
Disease,布氏菌肺炎
Disease,痒疹
Disease,药物过敏性口炎
Disease,小儿变应性亚败血症综合征
Disease,步态异常
Disease,药物性耳聋
Disease,小儿丙酸血症
Disease,硬红斑
Disease,小儿丙型病毒性肝炎
Disease,药物中毒
Disease,脂溢性皮炎
Disease,C5功能不全综合征
Disease,小儿病毒感染性口炎
Disease,职业黑变病
Disease,喉麻痹
Disease,Castleman病
Disease,小儿病毒相关吞噬血细胞综合征
Disease,CD30阳性皮肤T细胞淋巴瘤
Disease,小儿病毒性心肌炎
Disease,胰头癌
Disease,小儿病态窦房结综合征
Disease,Chance骨折
Disease,糖尿病型牙周炎
Disease,中毒性坏死性表皮松解型药疹
Disease,小儿波-杰综合征
Disease,着色芽生菌病和暗色丝孢霉病
Disease,小儿播散性血管内凝血
Disease,CM1神经节苷脂贮积症
Disease,喉水肿
Disease,小儿播散性脂肪肉芽肿综合征
Disease,残胃平滑肌肉瘤
Disease,小细胞肺癌
Disease,小儿伯-韦综合征
Disease,苍白球黑质红核色素变性
Disease,小儿不对称身材-矮小-性发育异常综合征
Disease,胰腺结核
Disease,茶毛虫皮炎
Disease,小儿部分性肺静脉异位连接
Disease,腹股沟肉芽肿
Disease,臀肌挛缩症
Disease,产后精神病
Disease,小儿肠病性肢端皮炎
Disease,遗传性肾炎
Disease,产后泌尿道感染
Disease,小儿肠套叠
Disease,小儿胃肠炎
Disease,产后虚脱
Disease,小儿肠吸收不良综合征
Disease,原发性脑干损伤
Disease,产后抑郁症
Disease,小儿肠系膜淋巴结结核
Disease,喉狭窄
Disease,产碱杆菌肺炎
Disease,小儿肠旋转不良
Disease,产科播散性血管内凝血
Disease,小儿常染色体显性小脑性共济失调
Disease,躁狂抑郁症
Disease,梅毒
Disease,产科休克
Disease,小儿常染色体隐性小脑性共济失调
Disease,真菌性脑膜炎
Disease,产力异常性难产
Disease,小儿潮红综合征
Disease,网络成瘾
Disease,长骨骨干结核
Disease,小儿成骨不全
Disease,长骨造釉细胞瘤
Disease,小儿成人型慢性粒细胞白血病
Disease,长膜壳绦虫病
Disease,肠白塞病
Disease,小儿抽动症
Disease,化脓性鼻窦炎
Disease,肠病性肢端皮炎
Disease,小儿出血性疾病
Disease,肠出血性大肠埃希杆菌感染
Disease,小儿出血性休克和脑病综合征
Disease,肠道病毒71型感染
Disease,性病性淋巴肉芽肿
Disease,小儿触电与雷击
Disease,肠道感染后反应性关节炎
Disease,支气管结石症
Disease,小儿传染性单核细胞增多症
Disease,肠道革兰阴性杆菌脑膜炎
Disease,消化道溃疡
Disease,小儿喘息样支气管炎
Disease,肠道血管畸形
Disease,阿尔采末病
Disease,肠毒性大肠埃希杆菌感染
Disease,小儿纯红细胞再生障碍性贫血
Disease,侏儒症
Disease,肠杆菌肺炎
Disease,阿斯伯格综合症
Disease,小儿脆性X染色体
Disease,胃窦炎
Disease,肠毛滴虫病
Disease,抽动障碍
Disease,小儿错畸形
Disease,化脓性腮腺炎
Disease,肠球菌肺炎
Disease,多发脑梗塞性精神障碍
Disease,小儿大动脉炎
Disease,无脑儿
Disease,肠伤寒穿孔
Disease,癫痫伴发的精神障碍
Disease,小儿大动脉转位
Disease,消化不良
Disease,儿童期精神障碍及精神发育迟缓
Disease,化脓性中耳炎
Disease,小儿大脑半球胶质瘤
Disease,肠石性肠梗阻
Disease,小儿单侧肺异常透亮综合征
Disease,肠系膜静脉血栓形成
Disease,反应性精神病
Disease,子宫性不孕
Disease,精神活性物质所致精神障碍
Disease,肠系膜裂孔疝
Disease,坏死性外耳道炎
Disease,急性应激反应
Disease,肠系膜肿瘤
Disease,习惯性便秘
Disease,焦虑症
Disease,尘螨过敏性哮喘
Disease,紫癜
Disease,记忆障碍
Disease,小脑萎缩
Disease,成人腹股沟斜疝
Disease,小儿单纯肺动脉口狭窄
Disease,精神发育迟滞
Disease,细菌性脑膜炎
Disease,成人骨坏死
Disease,小儿单纯性甲状腺肿
Disease,习惯性流产
Disease,成人型慢性粒细胞白血病
Disease,小儿单纯性血尿
Disease,精神分裂症
Disease,肝硬化腹水
Disease,成人型女性乳房肥大症
Disease,胃痉挛
Disease,成人痒疹
Disease,酒精所致精神障碍
Disease,小儿单房性骨囊肿
Disease,会厌囊肿
Disease,小儿胆道蛔虫症
Disease,甲状腺功能减退伴发的精神障碍
Disease,激素性股骨头坏死
Disease,成人硬肿症
Disease,会厌炎
Disease,迟发性外伤性脑内血肿
Disease,小儿弹性假黄瘤
Disease,恐缩症
Disease,肌肉萎缩
Disease,迟发性运动障碍
Disease,小儿蛋白质-能量营养不良
Disease,宫腔粘连
Disease,窥阴癖
Disease,持久性豆状角化过度病
Disease,小儿低氯性氮质血症综合征
Disease,白带异常
Disease,小儿低钠血症
Disease,持久性隆起性红斑
Disease,恐怖性焦虑障碍
Disease,小儿低心排出量综合征
Disease,持久性色素异常性红斑
Disease,痛风石
Disease,持续性交接区折返性心动过速
Disease,小儿低血糖
Disease,恐怖症
Disease,持续性输卵管妊娠
Disease,小儿迪格奥尔格综合征
Disease,恋物癖
Disease,持续性枕横位难产
Disease,小儿骶尾部畸胎瘤
Disease,宫颈肥大
Disease,露阴癖
Disease,持续性肢皮炎
Disease,小儿地方性克汀病
Disease,老年期抑郁障碍
Disease,小儿癫痫
Disease,脑外伤所致精神障碍
Disease,乳房疼痛
Disease,持续性植物状态
Disease,小儿癫痫发作诱发失语综合征
Disease,偏执性精神障碍
Disease,乳房肿块
Disease,尺骨干骨折
Disease,气功所致精神障碍
Disease,小儿碘缺乏病
Disease,耻骨直肠肌综合征
Disease,肛门尖锐湿疣
Disease,情感障碍
Disease,充血性心力衰竭
Disease,小儿淀粉样变性病
Disease,甲状腺血管瘤
Disease,冲浪者结节
Disease,虫霉病
Disease,强迫症
Disease,小儿丁型病毒性肝炎
Disease,淤胆型肝炎
Disease,抽动秽语综合征
Disease,小儿动力性肠梗阻
Disease,强迫性障碍
Disease,大隐静脉曲张
Disease,臭汗恐惧症
Disease,躯体疾病伴发的精神障碍
Disease,小儿动脉导管未闭
Disease,臭汗症
Disease,复发性阿弗他溃疡
Disease,人格障碍
Disease,小儿动脉肝脏发育异常综合征
Disease,出血败血性巴斯德菌感染
Disease,膝关节韧带损伤
Disease,神经发育迟滞
Disease,小儿动脉瘤样骨囊肿
Disease,腰椎骨折
Disease,出血性膀胱炎
Disease,小儿窦性心动过缓
Disease,失眠症
Disease,出血性输卵管炎
Disease,胸腰椎骨折
Disease,小儿窦性心动过速
Disease,创伤性骨化性肌炎
Disease,小儿窦性心律失常
Disease,创伤性骨髓炎
Disease,子宫内膜厚
Disease,小儿短指-球状晶体异位综合征
Disease,神经性厌食症
Disease,创伤性关节炎
Disease,眼底病
Disease,小儿多发性肾小管功能障碍综合征
Disease,嗜睡症
Disease,创伤性肩关节后脱位
Disease,小儿多发性硬化
Disease,胚胎停育
Disease,系统性红斑狼疮所致精神病
Disease,创伤性休克
Disease,小儿多囊肾
Disease,输卵管粘连
Disease,创伤性血胸
Disease,性障碍
Disease,小儿多器官功能障碍综合征
Disease,内分泌失调
Disease,春季结膜炎
Disease,小儿多源性房性心动过速
Disease,性欲减退
Disease,催乳素瘤
Disease,小儿发育性角回综合征
Disease,脆甲症
Disease,小儿发育性髋脱位
Disease,髂静脉压迫综合征
Disease,遗忘综合征
Disease,小儿发作性睡病
Disease,放射性颌骨骨髓炎
Disease,重复膀胱
Disease,应激反应及适应障碍
Disease,小儿发作性舞蹈手足徐动症
Disease,重复尿道
Disease,小儿法洛四联症
Disease,骨不连
Disease,重复阴茎
Disease,抑郁症
Disease,DF-2败血症的皮肤表现
Disease,H7N9型禽流感
Disease,小儿范科尼综合征
Disease,抑郁性神经症
Disease,卵泡发育不良
Disease,δ-贮存池病
Disease,小儿房间隔缺损
Disease,大肠埃希杆菌性胃肠炎
Disease,巧克力囊肿
Disease,异性装扮癖
Disease,大肠脂肪瘤
Disease,大动脉炎
Disease,癔球症
Disease,小儿房室传导阻滞
Disease,宫寒
Disease,癔症
Disease,小儿非霍奇金淋巴瘤
Disease,疑病症
Disease,小儿非内脂性网状内皮增殖综合征
Disease,大颗粒淋巴细胞白血病
Disease,盆腔积液
Disease,大脑镰旁脑膜瘤
Disease,小儿肥厚型心肌病
Disease,输卵管上举
Disease,大脑凸面脑膜瘤
Disease,包皮水肿
Disease,小儿肥胖性生殖无能综合征
Disease,谵妄综合征及有关疾病
Disease,子宫积液
Disease,小儿肥胖症
Disease,大网膜肿瘤
Disease,小儿腓骨肌萎缩症
Disease,代谢性白内障
Disease,小儿肺不张
Disease,阴囊潮湿
Disease,带状疱疹性角膜炎
Disease,小儿肺出血-肾炎综合征
Disease,急性尿道炎
Disease,单侧肺气肿
Disease,小儿肺动脉高压
Disease,小儿咳嗽
Disease,单纯疱疹病毒肺炎
Disease,小儿肺隔离症
Disease,单纯疱疹性葡萄膜炎
Disease,小儿肺脓肿
Disease,阴囊炎
Disease,单纯肾异位
Disease,小儿肺泡性蛋白沉积症
Disease,单纯性肺嗜酸性粒细胞增多症
Disease,小儿肺栓塞
Disease,小儿肺水肿
Disease,单纯性寰枢椎脱位
Disease,小儿肺炎链球菌脑膜炎
Disease,滴虫性尿道炎
Disease,单纯性脊柱结核
Disease,精液不液化
Disease,小儿分离性焦虑症
Disease,单纯性肾囊肿
Disease,小儿腹股沟斜疝
Disease,急性浅表性包皮龟头炎
Disease,单房性骨囊肿
Disease,体寒
Disease,小儿腹泻病
Disease,单核细胞白血病
Disease,小儿腹胀
Disease,子宫内膜不规则脱落
Disease,小儿干扰素-γ受体缺陷病
Disease,月经量少
Disease,单克隆丙种球蛋白病伴周围神经病
Disease,包皮炎
Disease,单神经病与神经丛神经病
Disease,早秃
Disease,小儿干燥综合征
Disease,单眼双下转肌麻痹
Disease,儿童尖锐湿疣
Disease,小儿肝豆状核变性
Disease,胆肠内引流术后内疝
Disease,女性尖锐湿疣
Disease,小儿肝母细胞瘤
Disease,胆道运动功能障碍
Disease,男性尖锐湿疣
Disease,小儿肝衰竭
Disease,错构瘤
Disease,苯丙胺中毒
Disease,小儿肝素-血小板减少-血栓形成综合征
Disease,多肌炎
Disease,苯海拉明中毒
Disease,小儿肝性脑病
Disease,胆固醇脓胸
Disease,多瓣膜病
Disease,胆囊类癌
Disease,小儿肝炎再生障碍性贫血综合征
Disease,髌骨脱位
Disease,胆囊良性肿瘤
Disease,小儿肝硬化
Disease,胆囊平滑肌肉瘤
Disease,小儿肝肿瘤
Disease,胆源性慢性胰腺炎
Disease,病毒性睑皮炎
Disease,小儿感染性休克
Disease,蛋白丢失性胃肠病
Disease,多器官功能障碍综合征
Disease,稻农皮炎
Disease,小儿高磷酸酶血症
Disease,玻璃体病
Disease,登革出血热
Disease,代谢综合征
Disease,小儿高免疫球蛋白E综合征
Disease,低镁血症
Disease,小儿高黏稠综合征
Disease,低钠血症
Disease,玻璃体寄生虫病
Disease,低血压
Disease,小儿戈谢病
Disease,小儿弓形腿综合征
Disease,迪格奥尔格综合征
Disease,骶骨骨折
Disease,Pick病和额颞痴呆
Disease,地方性克汀病
Disease,小儿功能性消化不良
Disease,Rotor综合征
Disease,颠茄碱类植物药物中毒
Disease,小儿汞中毒
Disease,地霉菌病
Disease,白化病
Disease,毒蛇咬伤
Disease,第Ⅱ、Ⅲ型脊髓血管畸形
Disease,白细胞减少症
Disease,对乙酰氨基酚中毒
Disease,小儿共济失调毛细血管扩张Ⅰ型综合征
Disease,第3腰椎横突过长畸形
Disease,小儿共济失调毛细血管扩张综合征
Disease,单纯性紫癜
Disease,第Ⅳ型脊髓血管畸形
Disease,玻璃体液化
Disease,小儿孤独症
Disease,侧颅底肿瘤
Disease,第一掌骨基底部骨折脱位
Disease,小儿骨肉瘤
Disease,癫痫发作与癫痫综合征
Disease,癫痫性精神障碍
Disease,产后风湿
Disease,小儿骨软骨瘤
Disease,典型预激综合征
Disease,不完全性肠梗阻
Disease,II型肾小管性酸中毒
Disease,碘源性甲亢
Disease,小儿骨髓增生异常综合征
Disease,肠粘连
Disease,淀粉样变病和淀粉样关节病
Disease,儿童分离性焦虑障碍
Disease,肠系膜血管缺血性疾病
Disease,小儿骨硬化病
Disease,小儿骨与关节结核
Disease,膝外翻
Disease,儿童焦虑症
Disease,小儿关节过度活动综合征
Disease,淀粉样变心肌病
Disease,小儿关节弯曲综合征
Disease,尺神经麻痹
Disease,淀粉样变性
Disease,小儿胱氨酸病
Disease,儿童恐惧症
Disease,淀粉样变性周围神经病
Disease,出血性脑卒中
Disease,小儿过敏性紫癜肾炎
Disease,叠瓦癣
Disease,小儿过敏症
Disease,高原适应不全症
Disease,蝶骨嵴脑膜瘤眼部病变
Disease,小儿海蓝组织细胞增生症
Disease,蝶骨脑膜瘤的眼眶病变
Disease,疤痕
Disease,小儿黑酸尿综合征
Disease,冬季瘙痒症
Disease,胆道感染
Disease,小儿横纹肌肉瘤
Disease,冬眠瘤
Disease,传导性耳聋
Disease,动静脉血管瘤
Disease,小儿红白血病
Disease,儿童社交恐惧症
Disease,小儿后颅窝型脑积水综合征
Disease,斑疹伤寒
Disease,窦房传导阻滞
Disease,小儿后尿道瓣膜
Disease,耳廓假囊肿
Disease,窦房折返性心动过速
Disease,鼻部脑膜脑膨出
Disease,窦室传导
Disease,河豚毒素中毒
Disease,创伤性耳聋
Disease,窦性期前收缩
Disease,小儿呼吸道合胞病毒肺炎
Disease,耳廓外伤
Disease,窦性组织细胞增生伴巨大淋巴结病
Disease,小儿呼吸衰竭
Disease,膀胱湿热
Disease,小儿坏死性龈口炎
Disease,椎-基底动脉盗血综合征
Disease,毒性弥漫性甲状腺肿
Disease,小儿黄疸肝脏色素沉着综合征
Disease,急性硫化氢中毒
Disease,小儿回盲肠综合征
Disease,胆道结石
Disease,毒鱼刺伤
Disease,小儿蛔虫性肠梗阻
Disease,杜波组织胞浆菌病
Disease,耳外伤
Disease,短P-R综合征
Disease,椎体骨软骨病
Disease,小儿混合性结缔组织病
Disease,短肠综合征
Disease,耳硬化症
Disease,小儿获得性免疫缺陷综合征
Disease,短骨骨干结核
Disease,鼻窦粘膜囊肿
Disease,小儿获得性免疫缺陷综合征肾病
Disease,短腰畸形
Disease,唇腭裂
Disease,小儿霍奇金病
Disease,短暂性大脑缺血性发作
Disease,发育迟缓
Disease,小儿肌阵挛性癫痫
Disease,短暂性棘皮松解皮肤病
Disease,鼻窦粘液囊肿
Disease,小儿基底细胞痣综合征
Disease,飞蚊症
Disease,小儿吉兰-巴雷综合征
Disease,法洛三联症
Disease,小儿急进性肾小球肾炎
Disease,对称性进行性红斑角化症
Disease,肺动脉瓣关闭不全
Disease,小儿急性播散性脑脊髓炎
Disease,小儿急性肠系膜淋巴结炎
Disease,反流性肾病
Disease,多巴反应性肌张力障碍
Disease,小儿急性出血性坏死性肠炎
Disease,肺动脉闭锁
Disease,多发性斑状色素沉着症
Disease,小儿急性非淋巴细胞性白血病
Disease,小儿急性横贯性脊髓炎
Disease,多发性肌炎-皮肌炎
Disease,反射性晕厥
Disease,多房棘球蚴病
Disease,小儿急性喉气管支气管炎
Disease,麻黄碱中毒
Disease,肺静脉异位引流
Disease,多睾症
Disease,小儿急性呼吸衰竭
Disease,多骨纤维发育不良
Disease,小儿急性化脓性关节炎
Disease,马桑果中毒
Disease,房事两感症
Disease,曼陀罗中毒
Disease,多杀巴斯德杆菌病
Disease,小儿急性化脓性甲状腺炎
Disease,小儿急性间歇性卟啉病
Disease,多肾盏畸形
Disease,锰中毒
Disease,多系统器官功能衰竭
Disease,灭虫灵中毒
Disease,小儿急性偏瘫
Disease,鼻前颅底肿瘤
Disease,木薯中毒
Disease,小儿急性气管支气管炎
Disease,多系统萎缩
Disease,鼻骨瘤
Disease,慢性铅中毒
Disease,多源性房性心动过速
Disease,房室交界区性逸搏
Disease,棉子中毒
Disease,多灶性脉络膜炎伴全葡萄膜炎
Disease,小儿急性上呼吸道感染
Disease,淋巴管平滑肌瘤
Disease,拟除虫菊类农药中毒
Disease,小儿急性髓样白血病
Disease,多灶性运动神经病
Disease,胆道肿瘤
Disease,小儿急性胃炎
Disease,多指畸形
Disease,鼻源性头痛
Disease,小儿急性小脑性共济失调
Disease,多中心性网状组织细胞增生症
Disease,粉碎性骨折
Disease,Ⅱ型免疫母细胞性淋巴腺病
Disease,小儿急性血行播散型肺结核
Disease,胆道癌
Disease,EB病毒感染
Disease,风湿性疾病
Disease,小儿急性血源性骨髓炎
Disease,鼻中隔血肿及脓肿
Disease,额外肾
Disease,小儿急性中毒性脑病
Disease,非器质性冷阴
Disease,额叶癫痫
Disease,恶心和呕吐
Disease,腹股沟疝
Disease,鼻肿瘤
Disease,小儿脊髓前动脉综合征
Disease,胆管炎性狭窄
Disease,恶性高血压
Disease,小儿脊髓损伤
Disease,非器质性性乐高潮障碍
Disease,小儿脊髓性肌萎缩
Disease,恶性高血压视网膜病变
Disease,腹膜肿瘤
Disease,小儿脊柱裂
Disease,恶性蓝痣
Disease,小儿鼻炎
Disease,小儿继发性腹膜炎
Disease,恶性脑膜瘤
Disease,小儿继发性免疫缺陷病
Disease,恶性萎缩性丘疹病
Disease,恶性小汗腺螺旋腺瘤
Disease,肝病
Disease,恶性胸腔积液
Disease,非器质性性欲减退
Disease,恶性血管内皮细胞瘤
Disease,肝破裂
Disease,恶性营养不良病
Disease,高甘油三酯血症
Disease,恶性肿瘤所致贫血
Disease,小儿继发性免疫性血小板减少性紫癜
Disease,胆脂瘤型中耳炎
Disease,小儿继发性血小板增多症
Disease,过敏性结膜炎
Disease,泌尿生殖系损伤
Disease,小儿加压素分泌过多综合征
Disease,鳄皮婴儿综合征
Disease,高胰岛素血症
Disease,小儿家族性低血磷性佝偻病
Disease,小儿家族性非溶血性黄疸综合征
Disease,胆总管囊肿
Disease,二度房室传导阻滞
Disease,小儿家族性复发性血尿综合征
Disease,过敏性皮炎
Disease,小儿家族性嗅神经-性发育不全综合征
Disease,小儿家族性自主神经失调综合征
Disease,闭锁综合征
Disease,小儿甲基丙二酸血症
Disease,二尖瓣、主动脉瓣和三尖瓣的合并疾患
Disease,咳嗽
Disease,小儿甲状旁腺功能减退症
Disease,二尖瓣闭锁不全
Disease,扁桃体癌
Disease,小儿甲状腺癌
Disease,跟腱断裂
Disease,小儿甲状腺功能亢进症
Disease,颈部水囊瘤
Disease,小儿贾第虫病
Disease,二氧化氮中毒
Disease,红斑型天疱疮
Disease,小儿假肥大型肌营养不良
Disease,二氧化硫中毒
Disease,颈动脉盗血综合征
Disease,小儿假膜性肠炎
Disease,淋巴癌
Disease,虹膜囊肿
Disease,小儿假性甲状旁腺功能减低症
Disease,颞叶癫痫
Disease,小儿假性粒细胞减少症
Disease,发疱性甲虫皮炎
Disease,黄斑前膜
Disease,小儿尖端扭转型室性心动过速
Disease,颈肩痛
Disease,发疹性毳毛囊肿
Disease,小儿尖头并指趾综合征
Disease,发作性嗜睡强食综合征
Disease,小儿结核性胸膜炎
Disease,发作性睡病
Disease,虹膜炎
Disease,小儿结节病
Disease,反射性交感神经营养不良综合征
Disease,小儿结节性多动脉炎
Disease,反射性躯体神经病
Disease,蛋白尿
Disease,躯体性神经病
Disease,小儿结节性甲状腺肿
Disease,颈内动脉海绵窦瘘
Disease,小儿结节性硬化症
Disease,喉插管损伤
Disease,小儿结节性硬化综合征
Disease,反向斜视
Disease,反应性穿孔性胶原病
Disease,小儿结节性脂膜炎
Disease,反应性浆细胞增多症
Disease,小儿结膜吸吮线虫病
Disease,体温过低
Disease,肌腱炎
Disease,泛发性扁平黄色瘤
Disease,小儿近端肾小管酸中毒
Disease,喉刺伤
Disease,泛发性毛囊错构瘤
Disease,小儿进行性骨干发育不良
Disease,倒睫
Disease,泛发性特发性毛细血管扩张
Disease,肌纤维组织炎
Disease,范科尼综合征
Disease,小儿进行性骨化性肌炎
Disease,功能性聋
Disease,房间隔缺损
Disease,小儿颈交感神经麻痹综合征
Disease,房室交接区逸搏和逸搏心律
Disease,喉淀粉样变
Disease,小儿颈椎融合综合征
Disease,房室结折返性心动过速
Disease,宫颈癌前病变
Disease,小儿巨大膀胱-巨大输尿管综合征
Disease,房室折返性心动过速
Disease,小儿巨大血小板综合征
Disease,宫颈湿疣
Disease,小儿巨脑畸形综合征
Disease,低血容量性休克
Disease,骶管囊肿
Disease,小儿巨细胞病毒肺炎
Disease,肌强直性肌病
Disease,房性期前收缩
Disease,小儿巨幼细胞性贫血
Disease,小儿军团病
Disease,房性心动过速伴房室传导阻滞
Disease,小儿军团病肾病
Disease,股神经痛
Disease,小儿卡肺囊虫肺炎
Disease,房性逸搏和房性逸搏心律
Disease,喉火器伤
Disease,小儿卡斯钦-贝克病
Disease,放射性甲状腺炎
Disease,股外侧皮神经病
Disease,小儿抗利尿激素分泌异常综合征
Disease,放射性皮炎
Disease,原发性膀胱输尿管返流
Disease,喉角化症
Disease,放射性肾炎
Disease,小儿抗磷脂综合征
Disease,骨裂
Disease,放射性食管炎
Disease,放射性视网膜病变
Disease,小儿克罗恩病
Disease,喉结核
Disease,放射性心包炎
Disease,小儿克山病
Disease,骨缺损
Disease,放射性心脏损害
Disease,小儿空鞍综合征
Disease,放射性周围神经病
Disease,急腹症
Disease,非闭塞性肠系膜血管缺血
Disease,小儿库欣综合征
Disease,骨软骨病
Disease,非哺乳期乳晕部瘘管
Disease,动脉粥样硬化
Disease,小儿狂犬病
Disease,非典型麻疹综合征
Disease,急性肠炎
Disease,小儿溃疡性结肠炎
Disease,非典型纤维黄色瘤
Disease,喉粘液囊肿
Disease,小儿扩张型心肌病
Disease,骨髓增生性疾病
Disease,非结核分枝杆菌病
Disease,小儿莱施-尼汉综合征
Disease,急性根尖周炎
Disease,非结核分枝杆菌性角膜炎
Disease,小儿赖氏综合征
Disease,非结核性分枝杆菌病
Disease,小儿赖特综合征
Disease,非结核性分枝杆菌关节炎
Disease,小儿蓝尿布综合征
Disease,骨损伤
Disease,非肾上腺素增生性假两性畸形
Disease,小儿郎格罕细胞性组织细胞增生症
Disease,喉纤维瘤
Disease,小儿狼疮肾炎
Disease,关节扭伤
Disease,非梭状芽胞杆菌肌坏死
Disease,小儿类白血病反应
Disease,急性脑血管病
Disease,非特异性间质肺炎
Disease,小儿利斯特菌病
Disease,喉切伤
Disease,非性病性梅毒
Disease,小儿良性先天性肌弛缓综合征
Disease,中暑痉挛
Disease,关节痛
Disease,非甾体类抗炎药物性肾病
Disease,小儿两性畸形
Disease,急性上呼吸道感染
Disease,非阵发性窦性心动过速
Disease,小儿淋巴细胞间质性肺炎
Disease,小儿淋巴样息肉
Disease,非阵发性交接区性心动过速
Disease,中毒性休克综合征
Disease,喉乳头状瘤
Disease,小儿磷酸酶过少症
Disease,非洲锥虫病
Disease,过劳死
Disease,小儿流感病毒肺炎
Disease,肥大细胞白血病
Disease,喉烧灼伤
Disease,病毒性肺炎
Disease,肥大性脊椎炎
Disease,疱疹性咽峡炎
Disease,小儿流行性喘憋性肺炎
Disease,肥胖性心肌病
Disease,毒虫螫咬伤
Disease,新生儿肺炎
Disease,肺不发育或发育不全
Disease,小儿颅面骨畸形综合征
Disease,煤气中毒
Disease,喉烫伤
Disease,肺不张
Disease,小儿颅内出血
Disease,肺动静脉瘤
Disease,精原细胞瘤
Disease,肺部粪类圆线虫病
Disease,小儿颅内肿瘤
Disease,喉外伤
Disease,小儿颅脑损伤
Disease,胆囊息肉
Disease,小儿颅咽管瘤
Disease,肺部钩虫病
Disease,小儿卵巢肿瘤
Disease,脊椎病
Disease,肺部良性肿瘤
Disease,放射病
Disease,肺部少见的恶性肿瘤
Disease,脊髓出血性疾病
Disease,小儿轮状病毒性肠炎
Disease,肺淀粉样变性
Disease,非酒精性脂肪肝病
Disease,进食障碍
Disease,小儿脉络丛乳头状瘤
Disease,肺动脉高压
Disease,壶腹周围癌
Disease,小儿曼氏迭宫绦虫病和曼氏裂头蚴病
Disease,肺弓形体病
Disease,喉血管瘤
Disease,黄曲霉素中毒
Disease,小儿慢性充血性脾肿大
Disease,肺宫崎肺吸虫症
Disease,脊髓梗死
Disease,十二指肠损伤
Disease,小儿慢性大疱性疾病
Disease,肺蛔虫病
Disease,十二指肠淤积症
Disease,喉异物
Disease,肺棘球蚴病
Disease,特发性胃肠道嗜酸性细胞浸润综合征
Disease,小儿慢性肺炎
Disease,酒精性肝炎
Disease,肺荚膜组织胞浆菌病
Disease,小儿慢性骨髓炎
Disease,萎缩性胃炎
Disease,泪腺囊样腺癌
Disease,肺假性淋巴瘤
Disease,小儿慢性粒细胞白血病
Disease,肺良性淋巴细胞血管炎和肉芽肿病
Disease,挤压综合征
Disease,小儿慢性良性中性粒细胞减少症
Disease,酒精性肝硬化
Disease,肺螨病
Disease,尿毒症
Disease,肺毛霉病
Disease,喉肿瘤
Disease,肺囊性纤维化
Disease,小儿慢性淋巴细胞性甲状腺炎
Disease,肾结石
Disease,脊髓缺血性疾病
Disease,小儿慢性肉芽肿病
Disease,肺诺卡菌病
Disease,肾移植
Disease,泪腺肿瘤
Disease,肺泡通气低下综合征
Disease,小儿慢性胃炎
Disease,酒精中毒性精神障碍
Disease,肺泡微结石症
Disease,小儿慢性胰腺炎
Disease,巨脑回畸形
Disease,肺球孢子菌病
Disease,小儿慢性硬膜下血肿
Disease,脊髓损伤
Disease,小儿慢性支气管炎
Disease,肺嗜酸细胞组织细胞增生症
Disease,脊髓小脑性共济失调
Disease,先天性肾上腺皮质增生症
Disease,小儿猫叫综合征
Disease,肺嗜酸性粒细胞浸润症
Disease,癫痫
Disease,巨乳症
Disease,小儿毛细支气管炎
Disease,多发梗塞性痴呆
Disease,淋巴结核
Disease,小儿梅克尔憩室
Disease,红斑性肢痛症
Disease,肺鼠疫
Disease,小儿霉甘蔗中毒
Disease,进行性延髓麻痹
Disease,肺炭疽
Disease,小儿迷路水肿-耳性眩晕综合征
Disease,小儿面部红斑侏儒综合征
Disease,呼吸道感染
Disease,肺血管炎
Disease,脊柱骨折
Disease,肺血吸虫病
Disease,三叉神经痛
Disease,小儿面部偏侧肥大综合征
Disease,双行睫
Disease,多毛症
Disease,肺芽生菌病
Disease,小儿面肩肱型肌营养不良
Disease,戈谢病
Disease,颅底肿瘤
Disease,巨人症
Disease,小儿莫拉雷脑膜炎
Disease,脊柱结核
Disease,肺炎链球菌败血症
Disease,踝部扭伤
Disease,小儿内脏幼虫移行症
Disease,肺炎链球菌性肺炎
Disease,抗生素诱发的肠炎
Disease,淋巴瘤
Disease,肺炎衣原体感染
Disease,慢性肾上腺皮质功能减退症
Disease,小儿囊性纤维性变
Disease,口腔颌面部间隙感染
Disease,肺组织细胞增生症
Disease,小儿脑白质海绵状变性综合征
Disease,脊柱转移癌
Disease,糖原累积病
Disease,费尔蒂综合征
Disease,性早熟
Disease,小儿脑挫裂伤
Disease,寄生虫病
Disease,痱
Disease,胰岛功能性β细胞瘤
Disease,口腔颌面部毛细管型淋巴管瘤
Disease,小儿脑干胶质瘤
Disease,黄斑变性
Disease,奋森咽峡炎
Disease,急性骨髓性白血病
Disease,小儿脑积水
Disease,匐行性脉络膜炎
Disease,继发性高血压
Disease,气性坏疽病
Disease,小儿脑膜瘤
Disease,匐行疹
Disease,辐射性白内障
Disease,纤维肌痛综合症
Disease,黄斑病
Disease,小儿脑膜炎球菌性肾上腺综合征
Disease,妇产科静脉血栓病
Disease,弓形体脑病
Disease,口腔颌面部囊肿
Disease,妇女多毛症
Disease,小儿脑脓肿
Disease,妇女雄激素源性秃发
Disease,胶质细胞瘤
Disease,念珠菌阴道炎
Disease,附睾畸形
Disease,黄斑裂孔
Disease,眶脑膜瘤
Disease,复发性多发性软骨炎伴发的葡萄膜炎
Disease,口腔颌面部损伤
Disease,小儿脑水肿与颅内高压综合征
Disease,复发性多软骨炎
Disease,少突胶质细胞瘤
Disease,小儿脑血管畸形
Disease,脑瘤
Disease,复发性多软骨炎性巩膜炎
Disease,甲周炎
Disease,小儿脑震荡
Disease,复发性风湿病
Disease,口腔颌面部血管瘤
Disease,小儿尼曼-皮克病
Disease,复发性腹股沟疝
Disease,三高症
Disease,小儿黏多糖贮积病Ⅳ型
Disease,脑栓塞
Disease,复发性腹膜后肿瘤
Disease,小脑扁桃体下疝
Disease,甲状旁腺功能亢进
Disease,小儿黏多糖贮积症
Disease,复发性坏死性黏膜周围炎
Disease,小儿尿崩症
Disease,复发性溃疡
Disease,口腔颌面部肿瘤
Disease,输精管堵塞
Disease,复发性卵巢恶性肿瘤
Disease,小儿尿道下裂
Disease,环形胰腺
Disease,复发性皮肤坏死性嗜酸粒细胞血管炎
Disease,口腔炎
Disease,复发性外阴阴道念珠菌病
Disease,侵蚀性葡萄胎
Disease,复发性无菌性脑膜炎
Disease,间质性肺炎
Disease,睾丸下降不全
Disease,复发性线性棘层松解性皮肤病
Disease,口咽良性肿瘤
Disease,小儿尿路梗阻
Disease,副鼻窦炎
Disease,髋关节骨关节炎
Disease,肛膜闭锁
Disease,小儿尿石症
Disease,副流行性感冒
Disease,僵汜
Disease,先天性肛门直肠狭窄
Disease,小儿脓胸
Disease,内眦赘皮
Disease,小儿女性性早熟
Disease,肱骨外髁颈骨折
Disease,泪道阻塞
Disease,交感神经型颈椎病
Disease,小儿疱疹性角膜结膜炎
Disease,副伤寒
Disease,乳头乳晕角化过度症
Disease,小儿烹调综合征
Disease,骨质增生
Disease,副神经节起源的肿瘤
Disease,先天性肠狭窄
Disease,桡骨干下1/3骨折合并下尺桡关节脱位
Disease,副神经损伤
Disease,小儿皮肤黏膜淋巴结综合征
Disease,副神经损伤与卡压
Disease,桡神经损伤
Disease,小儿脾大
Disease,副银屑病
Disease,十字韧带损伤
Disease,角化病
Disease,小儿脾外伤
Disease,手部肌腱损伤
Disease,副肿瘤性边缘系统脑炎
Disease,小儿片吸虫病
Disease,颅内静脉窦血栓形成
Disease,腕舟状骨骨折
Disease,小儿偏头痛
Disease,曲霉菌病
Disease,副肿瘤性脊髓病
Disease,膝关节侧副韧带损伤
Disease,小儿嘌呤核苷酸磷酸化酶缺乏
Disease,先天性耳前瘘管
Disease,眼球穿孔伤
Disease,小儿屏气发作
Disease,副肿瘤性小脑变性
Disease,双主动脉弓
Disease,小儿葡萄糖-6-磷酸脱氢酶缺乏症
Disease,断肢再植
Disease,副肿瘤性斜视性眼肌阵挛-肌阵挛
Disease,角膜溃疡
Disease,腹壁切口疝
Disease,腹壁挫伤
Disease,外阴肿瘤
Disease,腹膜后脓肿
Disease,腹壁坏死性筋膜炎
Disease,先天性冠状动脉瘤
Disease,小儿葡萄状肉瘤
Disease,腹腔脓肿
Disease,腹壁间疝
Disease,小儿普通易变型免疫缺陷
Disease,睡眠-觉醒节律障碍
Disease,股疝
Disease,腹壁血栓性静脉炎
Disease,角膜老年环
Disease,小儿期前收缩
Disease,慢性阑尾炎
Disease,腹壁硬纤维瘤
Disease,小儿槭糖尿病
Disease,肛门周围癌
Disease,先天性喉软骨畸形
Disease,腹部肿块
Disease,小儿其他沙门菌感染
Disease,黑色素瘤
Disease,落叶型天疱疮
Disease,腹股沟滑动疝
Disease,小儿气管、支气管异物
Disease,口腔癌
Disease,接触性睑皮炎
Disease,腹股沟滑动性疝
Disease,小儿气胸
Disease,腹腔干动脉瘤
Disease,腮腺混合瘤
Disease,粟丘疹
Disease,小儿迁延性肾小球肾炎
Disease,腹腔室隔综合征
Disease,神经纤维瘤
Disease,先天性睑裂狭小综合征
Disease,小儿迁延与慢性腹泻
Disease,腹水
Disease,星形细胞瘤
Disease,小儿铅中毒
Disease,脓胸
Disease,腹直肌鞘内血肿
Disease,咽部乳头状瘤
Disease,小儿情感交叉擦腿综合征
Disease,腹直肌自发性破裂
Disease,先天性小耳畸形
Disease,眼内转移性肿瘤
Disease,小儿丘疹性肢皮炎综合征
Disease,胎盘部位滋养细胞肿瘤
Disease,腹主动脉动脉瘤破裂
Disease,滴虫性外阴炎
Disease,小儿球形细胞脑白质营养不良
Disease,腹主动脉瘤
Disease,卵巢早衰
Disease,小儿龋病
Disease,脉络膜缺损
Disease,腹主动脉腔静脉瘘
Disease,结核病
Disease,小儿全远端型肾小管酸中毒
Disease,细菌性阴道炎
Disease,腹主动脉缩窄
Disease,先天性眼睑缺损
Disease,小儿醛固酮过多症
Disease,羊水过少
Disease,葡萄糖磷酸异构酶缺乏症
Disease,糖尿病坏疽
Disease,急性播散性脑脊髓炎
Disease,甘露糖苷贮积症
Disease,结直肠癌
Disease,小儿热性惊厥
Disease,全葡萄膜炎
Disease,巨大儿
Disease,小儿人类疱疹病毒6，7，8型感染性疾病
Disease,目劄病
Disease,尿布疹
Disease,杆菌性上皮样血管瘤病
Disease,小儿人类细小病毒B19感染
Disease,先兆流产
Disease,手足口病
Disease,肝大
Disease,完全性大动脉转位
Disease,小儿溶血尿毒综合征
Disease,肝淀粉样变性
Disease,特异性心肌病
Disease,肝动脉闭塞
Disease,小儿溶血性贫血
Disease,小儿高热
Disease,小儿乳糜泻
Disease,小儿急性阑尾炎
Disease,肝动脉瘤
Disease,小儿软骨发育不全
Disease,肝肺综合征
Disease,小儿软骨外胚层发育不全综合征
Disease,小儿惊厥
Disease,肝母细胞瘤
Disease,腺癌
Disease,支原体感染
Disease,肝素诱导性血小板减少症
Disease,小儿软骨营养障碍-血管瘤综合征
Disease,红眼病
Disease,肝性卟啉病
Disease,小儿软组织肉瘤
Disease,肝血管肉瘤
Disease,小儿散发性甲状腺肿
Disease,急性泪腺炎
Disease,肝炎病毒相关风湿病
Disease,小儿色素沉着息肉综合征
Disease,强直性肌营养不良症
Disease,色盲
Disease,肝脏局灶性结节性增生
Disease,桡骨头半脱位
Disease,小儿色素荨麻疹
Disease,鼻中隔脓肿
Disease,肝脏类癌
Disease,小儿色素失调症
Disease,耵聍栓塞
Disease,肝脏外伤
Disease,腺样体炎
Disease,小儿神经白塞综合征
Disease,小儿神经管畸形
Disease,头虱
Disease,小儿神经母细胞瘤
Disease,耳聋
Disease,肝脏血管瘤
Disease,小儿神经皮肤综合征
Disease,喉气管瘢痕性狭窄
Disease,筋膜炎
Disease,小儿神经纤维瘤病
Disease,甲状舌骨囊肿与瘘
Disease,肝脏炎性假瘤
Disease,颧骨颧弓骨折
Disease,小儿神经性贪食
Disease,慢性鼻炎
Disease,肝肿瘤
Disease,消渴病
Disease,小儿神经性厌食
Disease,慢性干燥性鼻炎
Disease,肝紫癜病
Disease,外耳道胆脂瘤
Disease,声带息肉
Disease,感染性疾病所致贫血
Disease,腕尺管综合征
Disease,突发性耳聋
Disease,小儿神经源性膀胱
Disease,感应性妄想性障碍
Disease,脑动脉盗血综合征
Disease,小儿肾病综合征
Disease,小肠破裂
Disease,小儿肾淀粉样变性
Disease,肛管内括约肌痉挛性收缩
Disease,外耳道耵聍腺肿瘤
Disease,小儿肾结核
Disease,肛管损伤
Disease,神经皮肤综合征
Disease,小儿肾静脉血栓形成
Disease,先天性耳聋
Disease,肛管直肠恶性黑色素瘤
Disease,缺血性脑卒中
Disease,小儿肾上腺皮质功能不全
Disease,先天性喉裂
Disease,肛管直肠周围脓肿
Disease,前列腺钙化
Disease,小儿肾上腺皮质与髓质增生并存综合征
Disease,咽部结核
Disease,高催乳素血症
Disease,小儿肾小管-间质肾炎
Disease,网瘾
Disease,咽旁间隙感染
Disease,高碘性甲状腺肿
Disease,外耳道外生骨疣
Disease,高动力性循环
Disease,脑脊液鼻漏
Disease,小儿肾性尿崩症
Disease,高度房室传导阻滞
Disease,咽异感症
Disease,神经性耳聋
Disease,小儿肾性贫血
Disease,高钙血症
Disease,地图舌
Disease,小儿肾性糖尿
Disease,小儿肾血管性高血压
Disease,小儿渗出性多形性红斑
Disease,颌下间隙感染
Disease,高钙血症肾病
Disease,微量元素障碍
Disease,小儿生长激素缺乏症
Disease,舌下腺囊肿
Disease,热痉挛
Disease,小儿生殖细胞瘤
Disease,高镁血症
Disease,包茎过长
Disease,血管网状细胞瘤
Disease,高钠血症
Disease,小儿石膏综合征
Disease,包皮过长
Disease,外耳道肿瘤
Disease,高渗性非酮症高血糖昏迷
Disease,小儿食管异物
Disease,不射精症
Disease,疱疹性角膜炎
Disease,高渗性非酮症糖尿病昏迷
Disease,小儿食物变态反应
Disease,睾丸炎
Disease,神经性耳鸣
Disease,高血压病视网膜病变
Disease,小儿食物中毒
Disease,精囊炎
Disease,小儿骨折
Disease,小儿史-约综合征
Disease,高原肺水肿
Disease,男性生殖器畸形
Disease,小儿溃疡性口炎
Disease,男性生殖器外伤
Disease,高原红细胞增多症
Disease,维生素A摄入过多
Disease,少精子症
Disease,高原脑水肿
Disease,小儿视神经胶质瘤
Disease,血脂异常
Disease,死精症
Disease,小儿视网膜母细胞瘤
Disease,高脂蛋白血症
Disease,神经炎
Disease,无精症
Disease,小儿视网膜色素变性-肥胖-多指综合征
Disease,高脂蛋白血症Ⅰ型
Disease,输卵管狭窄
Disease,阴囊湿疹
Disease,小儿室间隔缺损
Disease,高脂蛋白血症Ⅱ型
Disease,胃十二指肠溃疡瘢痕性幽门梗阻
Disease,肝吸虫病
Disease,小儿室间隔完整型肺动脉闭锁
Disease,高脂蛋白血症Ⅲ型
Disease,脑血管病
Disease,巨细胞病毒感染
Disease,小儿室性心动过速
Disease,小儿麻疹
Disease,高脂蛋白血症Ⅳ型
Disease,小儿嗜铬细胞瘤
Disease,森林脑炎
Disease,热衰竭
Disease,高脂蛋白血症Ⅴ型
Disease,瘢痕疙瘩
Disease,高脂血症
Disease,剥脱性角质松解症
Disease,小儿风疹
Disease,虫咬皮炎
Disease,高致病性禽流感病毒感染
Disease,小儿嗜血流感杆菌肺炎
Disease,胃肿瘤
Disease,单纯糠疹
Disease,睾丸淋巴瘤
Disease,亚健康
Disease,睾丸损伤
Disease,脑血管痉挛
Disease,格子状角膜营养不良
Disease,小儿嗜血性流行性感冒杆菌脑膜炎
Disease,多汗症
Disease,维生素D缺乏性手足抽搐症
Disease,工业中毒所致的精神障碍
Disease,小儿手-心畸形综合征
Disease,红皮病
Disease,弓形体病性巩膜炎
Disease,小儿输尿管脱垂
Disease,灰指甲
Disease,肱二头肌长头腱鞘炎
Disease,小儿双唇综合征
Disease,输卵管囊肿
Disease,肱骨大结节骨折
Disease,小儿水杨酸盐类中毒
Disease,脑血管硬化
Disease,肱骨头骨折
Disease,肌注硬结感染
Disease,小儿松果体区肿瘤
Disease,激素依赖性皮炎
Disease,无肌病性皮肌炎
Disease,小儿髓母细胞瘤
Disease,宫颈浸润癌
Disease,急性蜂窝组织炎
Disease,小儿锁骨颅骨发育不全综合征
Disease,人禽流行性感冒
Disease,宫颈上皮内瘤变
Disease,肾上腺肿瘤
Disease,小儿唐氏综合征
Disease,宫腔积脓
Disease,咽部狭窄及闭锁
Disease,小儿糖尿病
Disease,甲营养不良
Disease,钩端螺旋体病神经系统表现
Disease,脚气
Disease,小儿糖尿病肾病
Disease,疱疹样天疱疮
Disease,结节性红斑
Disease,钩端螺旋体肺炎
Disease,小儿糖吸收不良
Disease,小儿脑肿瘤
Disease,枸橼酸杆菌肺炎
Disease,立克次体病
Disease,妊娠合并弓形虫病
Disease,小儿糖原贮积病Ⅰ型
Disease,连续性肢端皮炎
Disease,股动脉损伤
Disease,无泪症
Disease,小儿糖原贮积病Ⅱ型
Disease,股骨转子下骨折
Disease,小儿糖原贮积病Ⅲ型
Disease,股神经卡压综合征
Disease,人蠕形螨病
Disease,小儿糖原贮积病Ⅳ型
Disease,小儿糖原贮积病Ⅴ型
Disease,股神经损伤
Disease,色素紫癜性皮炎
Disease,小儿糖原贮积病Ⅵ型
Disease,股四头肌肌腱断裂
Disease,脑源性晕厥
Disease,手足皲裂
Disease,小儿糖原贮积病Ⅶ型
Disease,股外侧皮神经卡压综合征
Disease,输卵管卵巢脓肿
Disease,股外侧皮神经炎
Disease,太田痣
Disease,小儿糖原贮积病Ⅸ型
Disease,口唇疱疹
Disease,小儿烫伤
Disease,恶性骨肿瘤
Disease,脱发
Disease,小儿特发性肺含铁血黄素沉着症
Disease,咽麻痹
Disease,小儿特发性肺纤维化
Disease,药物性皮炎
Disease,小儿弱视
Disease,小儿特发性尿钙增多症
Disease,腋臭
Disease,肾性骨病
Disease,股癣
Disease,小儿特发性室性心动过速
Disease,异位性皮炎
Disease,骨恶性纤维组织细胞瘤
Disease,眼睑闭合不全
Disease,小儿特发性血小板减少性紫癜
Disease,疣状表皮发育不良
Disease,小儿肾积水
Disease,骨神经纤维瘤
Disease,鱼鳞病
Disease,小儿铁粒幼红细胞性贫血
Disease,骨嗜酸性肉芽肿
Disease,恶性肿瘤
Disease,跖疣
Disease,维生素D中毒
Disease,骨髓病性贫血
Disease,小儿同型胱氨酸尿症
Disease,性高潮障碍
Disease,骨血管肉瘤
Disease,颞下颌关节病
Disease,小儿铜缺乏症综合征
Disease,分裂情感性精神病
Disease,骨血管外皮细胞瘤
Disease,小儿湿疹
Disease,甲状腺功能亢进伴发的精神障碍
Disease,初潮痛经
Disease,物理性皮肤病
Disease,鼓膜穿孔
Disease,旅途精神病
Disease,小儿透析失衡综合征
Disease,神经性贪食症
Disease,小儿脱屑性肺炎
Disease,冠状动脉瘤
Disease,眼眶脑膜瘤
Disease,小儿外部性脑积水
Disease,妄想症
Disease,小儿大肠杆菌肠炎
Disease,冠状动脉异常起源于肺动脉
Disease,性兴奋障碍
Disease,小儿外源性变应性肺泡炎
Disease,性冷淡
Disease,小儿完全性肺静脉异位连接
Disease,小儿晚发性维生素K缺乏病
Disease,妊娠合并获得性免疫缺陷综合征
Disease,冠状动脉异常起源主动脉
Disease,谵妄综合征
Disease,伪聋
Disease,小儿韦格纳肉芽肿
Disease,管状小汗腺癌
Disease,中暑
Disease,佩梅病
Disease,小儿维生素A缺乏病
Disease,小儿维生素C缺乏病
Disease,手汗症
Disease,甲型H1N1流感
Disease,光气中毒
Disease,小儿维生素D缺乏性佝偻病
Disease,头皮撕脱伤
Disease,鼻/鼻型T/NK细胞淋巴瘤
Disease,腰椎滑脱
Disease,大咯血
Disease,光线性弹力纤维病
Disease,膝关节滑膜皱襞综合征
Disease,小儿维生素D缺乏性手足搐搦症
Disease,单纯性肺嗜酸性粒细胞浸润症
Disease,光泽苔藓
Disease,小儿维生素E缺乏病
Disease,感染性腹主动脉瘤
Disease,广泛性焦虑障碍
Disease,小儿维斯科特-奥尔德里奇综合征
Disease,未分化脊柱关节病
Disease,小儿胃肠道异物及异物性肠梗阻
Disease,儿童腺样体肥大
Disease,广州管圆线虫病
Disease,弯曲菌肠炎
Disease,小儿胃结块症
Disease,盆腔肿瘤
Disease,龟分枝杆菌感染
Disease,小儿无甲状腺性克汀病
Disease,膝关节损伤
Disease,新生儿中毒性红斑
Disease,小儿无菌性脑膜炎综合征
Disease,小儿多发性内分泌腺瘤Ⅱ型
Disease,小儿无脾综合征
Disease,龟头炎
Disease,皮肤肿瘤
Disease,小儿肥胖通气不良综合征
Disease,视网膜震荡
Disease,小儿戊型病毒性肝炎
Disease,心源性休克
Disease,腘动脉瘤
Disease,脊柱关节炎
Disease,小儿系统性红斑狼疮
Disease,氨基酸代谢病
Disease,腘动脉破裂
Disease,夜惊
Disease,B链球菌群感染
Disease,过度通气综合征
Disease,小儿斜视
Disease,小儿细胞外胆固醇沉着综合征
Disease,巴斯德菌肺炎
Disease,过敏性肉芽肿性血管炎相关巩膜炎
Disease,席汉氏综合症
Disease,半月板损伤
Disease,过敏性血管炎和肉芽肿病
Disease,妊娠合并尖锐湿疣
Disease,过敏性阴道炎
Disease,扁平苔藓
Disease,小儿细菌感染性口炎
Disease,过敏性支气管肺曲霉病
Disease,系膜毛细血管性肾小球肾炎
Disease,HIV相关呼吸道感染
Disease,小儿细菌性痢疾
Disease,胃出血
Disease,便血
Disease,小儿下腔静脉阻塞综合征
Disease,Hughes-Stovin综合征
Disease,肠病原性大肠埃希杆菌感染
Disease,癔症性失声
Disease,非火器性颅脑开放伤
Disease,小儿下丘脑错构瘤
Disease,肠气囊肿
Disease,噪声性聋
Disease,小儿先天性白细胞颗粒异常综合征
Disease,肠侵袭性大肠埃希杆菌感染
Disease,海胆刺伤及海胆肉芽肿
Disease,妊娠合并巨细胞病毒感染
Disease,系膜增生性肾小球肾炎
Disease,小儿先天性胆总管囊肿
Disease,肠系膜上动脉综合征
Disease,海洛因肾脏病
Disease,小儿先天性肺囊肿
Disease,咽结合膜热
Disease,肠系膜上动脉血栓形成
Disease,海绵状血管瘤血小板减少综合征
Disease,小儿先天性肝囊肿
Disease,视网膜裂孔
Disease,海鱼分枝杆菌感染
Disease,小儿先天性高氨血症
Disease,大网膜粘连综合征
Disease,足部骨折
Disease,寒冷性脂膜炎
Disease,小儿先天性睾丸发育不全
Disease,第一掌骨基部骨折
Disease,妊娠合并淋病
Disease,汉德-许勒尔-克思斯琴病
Disease,多发性一过性白点综合征
Disease,小儿热带嗜酸性粒细胞增多症
Disease,小儿先天性光敏感性卟啉症
Disease,增殖型天疱疮
Disease,汉坦病毒肺综合征
Disease,常现丝虫病
Disease,小儿先天性红细胞生成异常性贫血
Disease,汗管棘皮瘤
Disease,膀胱鳞状细胞癌
Disease,小儿先天性肌强直综合征
Disease,汗孔周围炎及多发性汗腺脓肿
Disease,小儿先天性甲状腺功能减低症
Disease,阻生齿
Disease,汗疱症
Disease,丛状血管瘤
Disease,小儿先天性面肌双瘫综合征
Disease,汗腺癌
Disease,小儿先天性肾病综合征
Disease,合并马蹄肾的腹主动脉瘤
Disease,多发性硬化伴发的葡萄膜炎
Disease,小儿先天性肾上腺皮质增生症
Disease,妊娠合并梅毒
Disease,合成树脂皮炎
Disease,多发内生软骨瘤病
Disease,小儿阵发性心动过速
Disease,合成树脂与塑料所致的皮肤病
Disease,大肠埃希杆菌肺炎
Disease,阴道脱垂
Disease,细菌性皮肤病
Disease,小儿先天性肾盂输尿管连接部梗阻
Disease,单纯性乳腺增生症
Disease,小儿先天性外胚层发育不良综合征
Disease,妊娠合并沙眼衣原体感染
Disease,小儿先天性斜颈
Disease,低血糖综合征
Disease,下肢淋巴水肿
Disease,盖氏骨折
Disease,小儿先天性直肠肛门畸形
Disease,视神经撕脱
Disease,黑棘皮瘤
Disease,慢性淋巴细胞白血病
Disease,小儿先天性侏儒痴呆综合征
Disease,褶烂
Disease,黑色丘疹性皮肤病
Disease,白细胞葡萄糖-6-磷酸脱氢酶缺乏症
Disease,中毒性细菌性痢疾
Disease,小儿先天性主动脉瓣狭窄
Disease,黑癣
Disease,白塞病伴发的精神障碍
Disease,声带小结
Disease,亨廷顿病
Disease,迟发性皮肤卟啉病
Disease,妊娠合并生殖道沙眼衣原体感染
Disease,亨廷顿病性痴呆
Disease,小儿纤维性骨营养不良综合征
Disease,淀粉样变病的胃肠道表现
Disease,横位难产
Disease,小儿限制型心肌病
Disease,高尿酸血症肾病
Disease,先天性并指多指畸形
Disease,红细胞生成性原卟啉病
Disease,食物过敏性哮喘
Disease,隐匿型冠状动脉粥样硬化性心脏病
Disease,红细胞增多症视网膜病变
Disease,薄肾小球基底膜病
Disease,小儿中耳炎
Disease,红细胞增多症眼底
Disease,小儿腺病毒性肺炎
Disease,皮脂腺异位症
Disease,创伤性心源性溶血性贫血
Disease,子宫肉瘤
Disease,短膜壳绦虫病
Disease,红癣
Disease,小儿腺苷脱氨酶缺乏
Disease,胆石性肠梗阻
Disease,妊娠合并生殖器疱疹
Disease,虹膜角膜内皮综合征
Disease,小儿消化道出血
Disease,视神经疾病
Disease,穿透性角膜移植术所致青光眼
Disease,虹膜新生血管
Disease,小儿心搏呼吸骤停与心肺复苏术
Disease,腹股沟直疝
Disease,真菌性甲沟炎
Disease,小儿心房颤动
Disease,髌腱断裂
Disease,髌骨不稳定
Disease,喉返神经损伤
Disease,鼻红粒病
Disease,后壁穿孔性溃疡
Disease,小儿心房扑动
Disease,婴幼儿化脓性淋巴结炎
Disease,尺桡骨骨干双骨折
Disease,后部多形性角膜营养不良
Disease,小儿心肌炎
Disease,妊娠合并心脏病
Disease,后发性白内障
Disease,小儿心力衰竭
Disease,自身免疫性肝病
Disease,后十字韧带损伤
Disease,小儿心律失常
Disease,小角膜
Disease,后天性大疱性表皮松解
Disease,葡萄膜病
Disease,胡桃夹食管
Disease,成人T细胞白血病
Disease,小儿心面综合征
Disease,自身免疫性肝炎
Disease,小儿心内膜弹力纤维增生症
Disease,华支睾吸虫病
Disease,创伤窒息综合征
Disease,滑脱性肋骨综合征
Disease,妊娠合并支原体感染
Disease,小儿锌缺乏症
Disease,化脓性腱鞘炎
Disease,自身敏感性皮炎
Disease,小儿新变异型克罗伊茨费尔特-雅各布病
Disease,化脓性颅骨骨髓炎
Disease,尺管综合征
Disease,小儿星形细胞瘤
Disease,化脓性门静脉炎
Disease,心动过缓
Disease,对苯二胺皮炎
Disease,小儿雄激素不敏感综合征
Disease,化脓性脑膜炎
Disease,妊娠期合并急性胆囊炎
Disease,点状内层脉络膜病变
Disease,纵膈肿瘤
Disease,化脓性盆腔血栓静脉炎
Disease,单侧肾缺如
Disease,小儿休克
Disease,先天性泌尿系畸形
Disease,化脓性眼内炎
Disease,小儿选择性免疫球蛋白A缺乏症
Disease,化脓性指头炎
Disease,真菌性皮肤病
Disease,小儿选择性免疫球蛋白G亚类缺陷病
Disease,化妆品皮炎
Disease,小儿学校恐怖症
Disease,室性心律失常
Disease,踝关节骨折
Disease,小儿血管-骨肥大综合征
Disease,心内膜垫缺损
Disease,踝关节结核
Disease,小儿血管角质瘤综合征
Disease,骶尾部畸胎瘤
Disease,心脏损伤
Disease,踝关节脱位
Disease,小儿血管瘤
Disease,脊柱脊髓伤
Disease,下肢神经损伤
Disease,坏死性结节病样肉芽肿病
Disease,小儿血管瘤血小板减少综合征
Disease,泄殖腔外翻
Disease,坏死性筋膜炎
Disease,先天性毛细血管扩张性大理石样皮肤
Disease,营养性贫血
Disease,小儿血管免疫母细胞淋巴结病
Disease,先天性高位肩胛
Disease,环状红斑
Disease,主动脉口狭窄
Disease,小儿血管网状细胞瘤
Disease,环状外阴炎
Disease,小儿血管性血友病
Disease,寰椎骨折
Disease,先天自愈性朗格汉斯组织细胞增生症
Disease,小儿血清病
Disease,生殖细胞瘤
Disease,黄斑囊样水肿
Disease,先天性结肠狭窄和闭锁
Disease,小儿血栓性血小板减少性紫癜
Disease,妊娠纹
Disease,黄色瘤
Disease,鼻窦鳞状细胞癌的眼部病变
Disease,小儿血小板释放功能缺陷性疾患
Disease,主-肺动脉间隔缺损
Disease,黄色肉芽肿性肾盂肾炎
Disease,创伤性气管及主支气管损伤
Disease,小儿血小板无力症
Disease,羌虫病
Disease,黄体囊肿
Disease,小儿血友病
Disease,创伤性膈疝
Disease,日光角化病
Disease,灰泥角化病
Disease,小儿牙本质生长不全综合征
Disease,冻伤
Disease,重复肾盂输尿管畸形
Disease,回旋状脉络膜视网膜萎缩
Disease,小儿雅克什综合征
Disease,败血症
Disease,颞下颌间挛缩
Disease,小儿雅司病
Disease,痴呆
Disease,失语症
Disease,小儿亚急性骨髓炎
Disease,单发性毛鞘瘤
Disease,小儿亚急性甲状腺炎
Disease,蛔虫性急性胰腺炎
Disease,高免疫球蛋白E综合征
Disease,小儿亚硝酸盐中毒
Disease,会阴下降综合征
Disease,汞皮炎
Disease,持续性枕后位难产
Disease,小儿烟酸缺乏病
Disease,混合型卟啉病
Disease,小儿烟雾病
Disease,混合型慢性高原病
Disease,小儿淹溺
Disease,小儿严重急性呼吸综合征
Disease,混合型肾小管性酸中毒
Disease,支原体尿路感染
Disease,蛛网膜囊肿
Disease,小儿言语和语言障碍
Disease,乳房肉瘤
Disease,混合性结缔组织病
Disease,小儿炎症性肠病
Disease,伴有脂肪瘤样痣的褶皱皮肤
Disease,火器性颅脑损伤
Disease,食管狭窄
Disease,玻璃纤维引起的皮肤病
Disease,小儿眼-耳-脊椎综合征
Disease,获得性高脂蛋白血症
Disease,玻璃体积血
Disease,食管良性肿瘤
Disease,小儿眼-脑-肾综合征
Disease,获得性免疫缺陷综合征
Disease,爆裂性眼眶骨折
Disease,粘多糖代谢障碍
Disease,获得性免疫缺陷综合征的神经系统表现
Disease,大疱性表皮松解
Disease,骶髂关节炎
Disease,获得性免疫缺陷综合征的消化系统损害
Disease,小儿药物变态反应
Disease,鼻孢子虫病
Disease,拟除虫菊酯类杀虫药中毒
Disease,小儿药物性皮炎
Disease,脊髓半切综合征
Disease,白喉性心肌炎
Disease,获得性免疫缺陷综合征的心血管损害
Disease,旋后肌综合征
Disease,获得性免疫缺陷综合征视网膜病变
Disease,全面性发作
Disease,新生儿臂丛神经麻痹
Disease,灼痛
Disease,小儿药物性肾损害
Disease,获得性免疫缺陷综合征相关淋巴瘤
Disease,新生儿脐炎
Disease,小儿药物诱发的溶血性贫血
Disease,新生儿锁骨骨折
Disease,获得性视网膜大动脉瘤
Disease,蛋白质-热能营养障碍
Disease,小儿叶酸缺乏病
Disease,双胎妊娠
Disease,获得性视网膜劈裂
Disease,小儿一氧化碳中毒
Disease,舌骨骨折
Disease,小儿衣原体肺炎
Disease,胸膜间皮瘤
Disease,获得性维生素K依赖性凝血因子异常
Disease,不随意运动
Disease,小儿遗传性大疱性表皮松解症
Disease,小儿病毒性肺炎
Disease,肌病肾病性代谢综合征
Disease,巴雷特食管
Disease,小儿遗传性共济失调
Disease,支气管结核
Disease,肌疝
Disease,丹吉尔病
Disease,小儿遗传性果糖不耐受
Disease,支气管腺瘤
Disease,单纯疱疹
Disease,肌阵挛性小脑协调障碍
Disease,小儿遗传性痉挛性截瘫
Disease,大网膜囊肿
Disease,基底核钙化症
Disease,原发性侧索硬化
Disease,小儿遗传性口形细胞增多症
Disease,激素抵抗型哮喘
Disease,藏毛性疾病
Disease,小儿喉痉挛
Disease,极外侧型腰椎间盘突出症
Disease,小儿遗传性慢性进行性肾炎
Disease,成人先天性髋关节脱位
Disease,急进性肾小球肾炎
Disease,抽搐与惊厥
Disease,小儿遗传性球形红细胞增多症
Disease,急性肠系膜上动脉梗死
Disease,路易体痴呆
Disease,小儿遗传性椭圆形红细胞增多症
Disease,急性肠系膜上动脉栓塞或血栓形成
Disease,小儿遗传性血管神经性水肿
Disease,额颞痴呆
Disease,急性肠系膜上静脉血栓形成
Disease,小儿遗尿
Disease,盆底综合征
Disease,急性非特异性睾丸炎
Disease,脱发性毛囊炎
Disease,烫伤
Disease,小儿乙型肝炎病毒相关肾炎
Disease,急性附件炎
Disease,丑胎
Disease,急性梗阻性化脓性胆管炎
Disease,小儿异染性脑白质营养不良
Disease,多发脑梗死性痴呆
Disease,急性化脓性脊髓炎
Disease,小儿隐睾症
Disease,焦油性黑变病
Disease,急性化脓性甲状腺炎
Disease,继发性白血病
Disease,小儿营养不良性消瘦
Disease,急性间质性肺炎
Disease,口臭
Disease,小儿硬化性胆管炎
Disease,脑型肺吸虫病
Disease,小儿硬脊膜外脓肿
Disease,急性减压性骨坏死
Disease,神经根型颈椎病
Disease,小儿硬脑膜外脓肿
Disease,急性弥漫性腹膜炎
Disease,神经性厌食症与神经性贪食症
Disease,小儿硬脑膜外血肿
Disease,急性糜烂性胃炎
Disease,微病毒B19感染性风湿病
Disease,小儿硬脑膜下血肿
Disease,H7n7
Disease,胸、腰椎爆裂骨折
Disease,急性脑内血肿
Disease,小儿硬皮病
Disease,老年病
Disease,毒性结节性甲状腺肿
Disease,急性盆腔炎
Disease,小儿幽门螺杆菌感染
Disease,眼病
Disease,钝挫伤
Disease,急性气管支气管炎
Disease,小儿尤因肉瘤
Disease,性病
Disease,分裂情感性障碍
Disease,急性全自主神经失调症
Disease,小儿有机磷农药中毒
Disease,心理疾病
Disease,急性乳突炎
Disease,多肌腱末端病
Disease,小儿右肺中叶综合征
Disease,男性病
Disease,多毛状小阴唇
Disease,胸椎病
Disease,小儿右室双出口
Disease,多重肺部感染
Disease,急性视网膜色素上皮炎
Disease,肠系膜淋巴结炎
Disease,急性嗜酸性粒细胞性肺炎
Disease,恶性雀斑样痣
Disease,妇科疾病
Disease,急性髓细胞白血病
Disease,小儿预激综合征
Disease,血液病
Disease,急性特发性心包炎
Disease,恶性小汗腺汗孔瘤
Disease,裂纹舌
Disease,急性妄想发作
Disease,鄂木斯克出血热
Disease,小儿原发型肺结核
Disease,骨折不愈合
Disease,急性右侧心力衰竭
Disease,颚口线虫病
Disease,小儿原发性膀胱输尿管反流
Disease,肾萎缩
Disease,耳鼻咽喉创伤
Disease,急性杂合性白血病
Disease,小儿原发性腹膜炎
Disease,胆囊息肉样病变
Disease,分水岭区脑梗死
Disease,急性早幼粒细胞白血病
Disease,小儿原发性甲状旁腺功能亢进症
Disease,脑炎后遗症
Disease,二糖酶缺乏症
Disease,小儿原发性免疫缺陷病
Disease,黑头粉刺痣
Disease,急性脂肪皮肤硬化症
Disease,小儿原发性脑干损伤
Disease,妇科炎症
Disease,Fuchs角膜内皮营养不良
Disease,急性左侧心力衰竭
Disease,反应性组织细胞增多症
Disease,肾病
Disease,疾病恐怖
Disease,非淋球菌性细菌性关节炎
Disease,小儿原发性血小板增多症
Disease,急慢性肝炎
Disease,棘阿米巴性巩膜炎
Disease,非特异性系统性坏死性小血管炎
Disease,脑癌
Disease,小儿远端肾小管酸中毒
Disease,棘阿米巴性角膜炎
Disease,肥大性骨关节病
Disease,小儿月经过多
Disease,粉刺样痣
Disease,风湿病性贫血
Disease,肛肠疾病
Disease,棘球蚴病
Disease,腹壁纤维肉瘤
Disease,小儿阅读障碍
Disease,宫颈疾病
Disease,棘上韧带损伤
Disease,腹部大血管损伤
Disease,小儿再发性腹痛
Disease,集聚肠杆菌感染
Disease,小儿再发性呕吐
Disease,小儿再生障碍性贫血
Disease,己糖激酶缺乏症
Disease,小儿早老症
Disease,腹膜后纤维化
Disease,挤奶者结节
Disease,呼吸疾病
Disease,小儿粘连性肠梗阻
Disease,脊膜膨出与脊膜脊髓膨出
Disease,小儿真菌感染性口炎
Disease,脊髓海绵状血管瘤
Disease,脊髓后动脉缺血症候群
Disease,腹膜转移癌
Disease,肺病
Disease,小儿真菌性肺炎
Disease,脊髓内出血
Disease,小儿阵发性室上性心动过速
Disease,腹腔肺吸虫病
Disease,泌尿感染
Disease,小儿阵发性室性心动过速
Disease,高胡萝卜素血症
Disease,脊髓内脓肿
Disease,乳腺病
Disease,脊髓前动脉综合征
Disease,革兰阳性球菌和革兰阴性杆菌性巩膜炎
Disease,小儿阵发性睡眠性血红蛋白尿症
Disease,癌症
Disease,格斯特曼综合征
Disease,脊髓前中央动脉缺血症候群
Disease,小儿支气管肺发育不全
Disease,牙科病
Disease,脊髓缺血
Disease,小儿支气管肺炎
Disease,男科病
Disease,小儿支气管扩张
Disease,跟骨骨骺骨软骨病
Disease,脑发育不良
Disease,小儿支气管哮喘
Disease,更年期角化症
Disease,妇科综合
Disease,小儿脂肪吸收不良
Disease,口腔疾病
Disease,肱骨上端骨骺分离
Disease,脊髓刃器伤
Disease,小儿直肠脱垂
Disease,骨病
Disease,阿米巴痢疾
Disease,脊髓神经鞘瘤
Disease,小儿指甲-髌骨综合征
Disease,脊髓栓系综合征
Disease,小儿致心律失常性右室心肌病
Disease,股骨髁上骨折
Disease,妇科病
Disease,脊髓性肌萎缩
Disease,小儿中毒型痢疾
Disease,股骨头骨折
Disease,肿瘤
Disease,脊柱脊髓损伤
Disease,小儿中暑和暑热症
Disease,股骨转子间骨折
Disease,继发性单克隆免疫球蛋白病
Disease,血管病
Disease,小儿重症肌无力
Disease,股神经干性痛
Disease,内分泌病
Disease,继发性腹膜炎
Disease,小儿周期性低血钾性麻痹
Disease,脊柱疾病
Disease,小儿周期性高血钾性麻痹
Disease,骨产道异常性难产
Disease,脑病
Disease,小儿周期性正常血钾性麻痹
Disease,继发性骨髓纤维化
Disease,骨恶性淋巴瘤
Disease,小儿周围淋巴结结核
Disease,遗传病
Disease,骨骺点状发育不良
Disease,继发性红细胞增多症
Disease,小儿皱梅腹综合征
Disease,甲状腺疾病
Disease,骨良性纤维组织细胞瘤
Disease,继发性化脓性腹膜炎
Disease,小儿侏儒-视网膜萎缩-耳聋综合征
Disease,牙病
Disease,骨膜软骨瘤
Disease,口腔病
Disease,骨纤维肉瘤
Disease,小儿珠蛋白生成障碍性贫血
Disease,继发性皮肤CD30阳性大细胞淋巴瘤
Disease,关节疼痛
Disease,骨纤维异样增殖症
Disease,继发性皮肤滤泡中心细胞性淋巴瘤
Disease,咽喉痛
Disease,骨血管内皮细胞瘤
Disease,小儿猪带绦虫病和囊虫病
Disease,继发性痛经
Disease,盆腔疾病
Disease,小儿注意缺陷障碍
Disease,继发性系统性淀粉样变
Disease,乳腺疾病
Disease,小儿转移性骨肿瘤
Disease,固定性斜视
Disease,继发性血小板增多症
Disease,支气管病
Disease,小儿椎管内肿瘤
Disease,腘血管陷迫综合征
Disease,继发性粘连性蛛网膜炎
Disease,继发于严重肝疾患的棘红细胞增多症
Disease,神经类疾病
Disease,小儿锥体功能不良综合征
Disease,耳病
Disease,寒冷性红斑
Disease,小儿紫斑湿疹综合征
Disease,寄生虫妄想
Disease,汗孔角化病
Disease,小儿自律性房性心动过速
Disease,食管病
Disease,寄生虫性关节炎
Disease,黑布拉痒疹
Disease,月经病
Disease,寄生虫性尿路感染
Disease,红细胞生成性卟啉病
Disease,小儿自身免疫性淋巴细胞增生综合征
Disease,肛肠病
Disease,加利福尼亚脑炎
Disease,虹膜黑色素瘤
Disease,小儿自身免疫性溶血性贫血
Disease,鼻病
Disease,加速性房性逸搏心律
Disease,喉气管食管裂
Disease,加速性室性自主心律
Disease,血压病
Disease,小儿纵隔囊肿及肿瘤
Disease,淋巴病
Disease,小儿纵隔压迫综合征
Disease,家族性出血性肾炎
Disease,细菌感染
Disease,后葡萄膜炎
Disease,小儿阻塞性睡眠呼吸暂停
Disease,家族性地中海热
Disease,小儿柞蚕蛹性脑病综合征
Disease,家族性高胆固醇血症
Disease,试管婴儿
Disease,小汗腺汗管纤维腺瘤
Disease,家族性红细胞增多症
Disease,厚皮性骨膜病
Disease,分娩
Disease,小汗腺汗囊肿
Disease,家族性混合型高脂血症
Disease,呼吸肌疲劳症
Disease,双性恋
Disease,小汗腺血管错构瘤
Disease,忽略症
Disease,家族性甲状腺非髓样癌
Disease,小汗腺痣
Disease,滑石粉尘肺
Disease,家族性抗维生素D佝偻病
Disease,小颌畸形综合征
Disease,化学液体吸入
Disease,皮质性遗忘症
Disease,家族性良性天疱疮
Disease,小棘毛壅病
Disease,踝关节软骨损伤
Disease,淋巴结结核
Disease,家族性黏液血管纤维瘤
Disease,坏疽性脓皮症
Disease,硬斑
Disease,家族性渗出性玻璃体视网膜病变
Disease,寰枢椎脱位
Disease,家族性异常β脂蛋白血症
Disease,足外翻
Disease,小棘苔藓
Disease,家族性载脂蛋白B100缺陷症
Disease,寰椎沟环畸形
Disease,梦游症
Disease,荚膜组织胞浆菌病
Disease,副耳
Disease,埃莱尔-当洛综合征
Disease,小螺菌感染
Disease,甲亢性心脏病
Disease,会阴疝
Disease,腕枪刺状畸形
Disease,甲良性肿瘤
Disease,惠普尔病
Disease,剥脱性皮炎
Disease,火激红斑
Disease,小脑幕脑膜瘤
Disease,甲内型甲真菌病
Disease,单次发作抑郁症
Disease,获得性循环抗凝物质增多症
Disease,小脑脑桥角脑膜瘤
Disease,甲下外生骨疣
Disease,撕脱骨折
Disease,肌肉肌腱单位的急性损伤
Disease,小提琴手颈部皮炎
Disease,甲型病毒性肝炎
Disease,植物神经功能障碍
Disease,肌张力障碍综合征
Disease,甲状旁腺功能减退性心肌病
Disease,小腿动脉损伤
Disease,孤独症
Disease,积乳囊肿
Disease,甲状旁腺功能减退症
Disease,痔核
Disease,小腿红绀病
Disease,甲状旁腺功能亢进性心肌病
Disease,发育性骨盆异常
Disease,小网膜囊疝
Disease,甲状旁腺功能异常伴发的精神障碍
Disease,成人多动症
Disease,基底细胞癌
Disease,心包内恶性畸胎瘤
Disease,甲状腺功能减退症
Disease,吉特林综合征
Disease,舌炎
Disease,心包切开术后综合征
Disease,急性横贯性脊髓炎
Disease,甲状腺功能亢进性骨矿疾病
Disease,足癣
Disease,心包胸腺瘤
Disease,急性化脓性脑膜炎
Disease,甲状腺功能亢进性心肌病
Disease,丧偶后适应性障碍
Disease,心动过速性心肌病
Disease,痢疾
Disease,甲状腺功能亢进症的肾损害
Disease,心-耳综合征
Disease,急性化脓性胃炎
Disease,信息成瘾
Disease,甲状腺功能异常伴发的精神障碍
Disease,心房颤动
Disease,急性酒中毒
Disease,胸廓畸形
Disease,甲状腺结核
Disease,心房内传导阻滞
Disease,急性粒细胞缺乏
Disease,遗传性肥胖
Disease,贾第虫病
Disease,心房内折返性心动过速
Disease,急性淋巴细胞白血病
Disease,表演型人格障碍
Disease,心房扑动
Disease,急性咽炎
Disease,病理性REM睡眠
Disease,心肌桥
Disease,假斑秃
Disease,传导性腹痛
Disease,急性硬脑膜下血肿
Disease,心脏乳头样弹性纤维瘤
Disease,假性高血压
Disease,脊髓分裂症
Disease,β-氨基酸尿
Disease,心脏脂肪瘤
Disease,脊椎化脓性骨髓炎
Disease,气压伤
Disease,心脏直视手术所致神经疾病
Disease,内分泌功能亢进
Disease,假麦格综合征
Disease,心脏骤停与心肺脑复苏
Disease,假性黑棘皮病
Disease,假性肠梗阻
Disease,糙皮病样皮疹
Disease,心脏转移瘤
Disease,肩峰下滑囊炎
Disease,心脏转移性恶性黑色素瘤
Disease,肩峰下撞击征
Disease,先天性X因子缺乏
Disease,肩关节周围炎
Disease,肩关节不稳定
Disease,锌及其化合物引起的皮肤病
Disease,先天性少白头
Disease,新生儿B链球菌感染
Disease,营养代谢缺乏
Disease,新生儿Rh血型不合溶血病
Disease,肩胛背神经卡压症
Disease,肩锁关节脱位
Disease,心脏淤积淀粉样物质
Disease,新生儿Wilson-Mikity综合征
Disease,埃可病毒疹
Disease,肩胛骨体部骨折
Disease,高睾酮血症
Disease,腱病
Disease,新生儿出血症
Disease,肩胛颈及肩胛盂骨折
Disease,低氯性碱中毒
Disease,浆细胞白血病
Disease,肩胛上神经卡压症
Disease,新生儿单纯疱疹病毒感染
Disease,浆细胞性唇炎
Disease,新生儿低钠血症
Disease,肩袖间隙分裂
Disease,病理性近视
Disease,新生儿低体温
Disease,肩袖损伤
Disease,胶样粟丘疹
Disease,新生儿低血糖症
Disease,角膜基质炎
Disease,溶血性黄疸
Disease,睑球粘连
Disease,珍珠丘疹
Disease,新生儿反应低下
Disease,结缔组织痣
Disease,腱鞘巨细胞瘤
Disease,运动性闭经
Disease,结节性甲状腺肿
Disease,新生儿高血糖症
Disease,腱鞘囊肿
Disease,增殖体肥大
Disease,进行性核上性麻痹
Disease,交叉性异位肾
Disease,新生儿佝偻病
Disease,强迫型人格障碍
Disease,晶状体蛋白过敏性青光眼
Disease,交感神经链综合征
Disease,新生儿寒冷损伤综合征
Disease,冲动型人格障碍
Disease,胶质母细胞瘤
Disease,新生儿红细胞增多症-高黏滞度综合征
Disease,精索恶性肿瘤
Disease,细菌性心内膜炎
Disease,角层下脓疱性皮肤病
Disease,颈部火器性异物
Disease,新生儿喉喘鸣
Disease,完全流产
Disease,角化棘皮瘤
Disease,颈淋巴结结核
Disease,新生儿坏死性小肠结肠炎
Disease,风湿性血管炎
Disease,角膜鳞状细胞癌
Disease,颈椎半椎体畸形
Disease,新生儿急性肾功能衰竭
Disease,鼻前庭囊肿
Disease,脚癣
Disease,新生儿柯萨奇病毒B感染
Disease,化学性支气管炎
Disease,颈椎间盘突出症
Disease,接触性唇炎
Disease,新生儿泌尿系统感染
Disease,盲肠阿米巴肉芽肿
Disease,颈椎椎管狭窄症
Disease,节段性透明性血管炎
Disease,新生儿尿布皮炎
Disease,胫骨平台骨折
Disease,Asperger综合征
Disease,洁癖
Disease,新生儿破伤风
Disease,胫前黏液水肿
Disease,结肠类癌
Disease,传导性耳鸣
Disease,静脉曲张综合征
Disease,结肠破裂
Disease,新生儿迁延性胆汁淤积性黄疸
Disease,局限性胸膜间皮瘤
Disease,血管痣
Disease,结肠血管畸形
Disease,新生儿青紫
Disease,病理性神经损伤
Disease,巨细胞病毒性肺炎
Disease,结肠血管扩张症
Disease,锥体外系损害
Disease,咽喉炎
Disease,结核性巩膜炎
Disease,Kartagener综合征
Disease,新生儿生理性黄疸
Disease,结核性脊髓炎
Disease,开放性气胸
Disease,氨基酸尿症
Disease,结核性角膜病变
Disease,埃博拉病毒病
Disease,新生儿失血性贫血
Disease,烟草依赖综合症
Disease,结核性胸膜炎
Disease,堪萨斯分枝杆菌感染
Disease,新生儿头颅血肿
Disease,下呼吸道感染
Disease,结核性阴道炎
Disease,新生儿晚期代谢性酸中毒
Disease,阴道囊肿
Disease,结节性脆发病
Disease,口周皮炎
Disease,新生儿胃穿孔
Disease,结节性多动脉炎性巩膜炎
Disease,库鲁病
Disease,新生儿先天性胆道闭锁
Disease,结节性筋膜炎
Disease,髋臼骨折
Disease,新生儿先天性膈疝
Disease,结节性血管炎
Disease,包涵囊肿
Disease,眶内海绵状血管瘤
Disease,胚胎遗留性囊肿
Disease,结节性痒疹
Disease,新生儿先天性弓形体感染
Disease,溃疡分枝杆菌感染
Disease,结节性脂肪坏死
Disease,新生儿消化道重复症
Disease,外阴包涵囊肿
Disease,结直肠血管瘤
Disease,新生儿心肌炎
Disease,莱姆病性巩膜炎
Disease,阴道良性肿瘤
Disease,睫状环阻滞性青光眼
Disease,新生儿心律失常
Disease,阴道肿瘤
Disease,老年期抑郁症
Disease,睫状体黑色素瘤
Disease,老年性昏迷
Disease,新生儿休克
Disease,生理性卵巢囊肿
Disease,老人腹股沟斜疝
Disease,戒酒综合征
Disease,新生儿血小板减少性紫癜
Disease,良性肿瘤
Disease,金黄色葡萄球菌性边缘性角膜炎
Disease,新生儿咽下综合征
Disease,金属性变色
Disease,新生儿衣原体感染
Disease,睡眠相位后移综合症
Disease,泪囊炎
Disease,金属引起的口腔黏膜疾病
Disease,新生儿乙型肝炎
Disease,阴虚
Disease,泪腺肉样瘤病
Disease,新生儿紫癜
Disease,里尔黑变病
Disease,筋膜间隔区综合征
Disease,恐惧症
Disease,新生血管性青光眼
Disease,立克次体痘
Disease,胃肠疾病
Disease,近视
Disease,利斯特菌脑膜炎
Disease,卵巢病
Disease,进行性骨干发育不良
Disease,新型隐球菌性脑膜炎
Disease,门静脉高压
Disease,外生殖器畸形
Disease,进行性肌营养不良症
Disease,星形病毒胃肠炎
Disease,镰状细胞贫血
Disease,恋童癖
Disease,行军性血红蛋白尿
Disease,进行性色素性紫癜性皮病
Disease,眼结石
Disease,性病神经症
Disease,进行性脂肪营养不良
Disease,链杆菌病
Disease,接触性荨麻疹
Disease,性病相关性胃肠道感染
Disease,良性淋巴上皮病
Disease,寒性荨麻疹
Disease,浸渍足
Disease,性厌恶
Disease,颅底凹陷症
Disease,经膈肌肋间疝
Disease,胸、腰椎椎体单纯性、楔形压缩骨折
Disease,颅骨骨折
Disease,慢性荨麻疹
Disease,晶状体膨胀所致青光眼
Disease,胸壁骨肿瘤
Disease,颅骨纤维异常增生症
Disease,胸壁皮下气肿
Disease,肠道传染病
Disease,颅内低压综合征
Disease,晶状体溶解性青光眼
Disease,胸壁软组织畸形
Disease,肠伤寒
Disease,颅内高压综合征
Disease,晶状体脱位所致青光眼
Disease,胸壁软组织损伤
Disease,甲型副伤寒
Disease,颅中窝脑膜瘤
Disease,晶状体相关葡萄膜炎
Disease,胸壁软组织肿瘤
Disease,沙门氏菌性肠炎
Disease,旅行者腹泻
Disease,晶状体异位
Disease,胸壁深部软组织感染
Disease,Marie-Bamberger综合征
Disease,精囊恶性肿瘤
Disease,人工性荨麻疹
Disease,胸部阿米巴病
Disease,麻痹性肠梗阻
Disease,血清性荨麻疹
Disease,精囊结石
Disease,胸部放线菌病
Disease,麻风
Disease,胸部丝虫病
Disease,沙门氏菌性肺炎
Disease,精囊囊肿
Disease,麦收皮炎
Disease,胸长神经卡压症
Disease,胆碱能性荨麻疹
Disease,脉络膜缺血
Disease,颈部脊髓损伤
Disease,胸导管损伤
Disease,急性荨麻疹
Disease,颈部开放性损伤
Disease,胸腹主动脉动脉瘤
Disease,侵袭性大肠埃希氏菌肠炎
Disease,颈部勒伤
Disease,干酪性鼻窦炎
Disease,颈部血管瘤
Disease,脉络膜转移癌
Disease,胸骨骨髓炎
Disease,阿米巴病肠穿孔
Disease,颈部血管损伤
Disease,慢性化脓性胸膜炎
Disease,胸内肾
Disease,慢性阿米巴病肠炎
Disease,颈丛神经卡压症
Disease,慢性进行性眼外肌麻痹
Disease,胸内异物
Disease,颈动脉创伤性栓塞
Disease,嗜水气单胞菌肠炎
Disease,颈动脉窦综合征
Disease,新生儿出血性大肠杆菌肠炎
Disease,颈动脉海绵窦瘘
Disease,胸腺癌
Disease,慢性乳头状溃疡性脓皮病
Disease,新生儿侵袭性大肠杆菌肠炎
Disease,慢性硬脑膜下血肿
Disease,颈动脉狭窄
Disease,慢性阿米巴性痢疾
Disease,慢性自律性房性心动过速
Disease,胸腺类癌
Disease,颈静脉球瘤
Disease,呼吸道结核病
Disease,毛发腺瘤
Disease,胸腺小细胞癌
Disease,颈肋
Disease,细菌性结肠炎
Disease,门静脉海绵样变
Disease,胸椎后纵韧带骨化症
Disease,颈肋畸形
Disease,迷走神经损伤
Disease,结核性干性胸膜炎
Disease,胸椎黄韧带骨化症
Disease,颈神经背支卡压症
Disease,胸椎间盘突出症
Disease,颈型颈椎病
Disease,面肌瘫痪
Disease,急性阿米巴痢疾
Disease,须疮
Disease,颈腰综合征
Disease,面瘫
Disease,须癣
Disease,颈椎骨折伴脱位的损伤
Disease,埃及血吸虫病
Disease,产气杆菌肠炎
Disease,嗅沟脑膜瘤
Disease,颈椎椎体楔形压缩骨折
Disease,副霍乱
Disease,拇指掌指关节尺侧侧副韧带损伤
Disease,嗅觉障碍
Disease,胫骨后唇骨折
Disease,空洞型肺结核
Disease,眩晕
Disease,内生性软骨瘤
Disease,鼻结核
Disease,内脏动脉慢性闭塞
Disease,学习技能发育障碍
Disease,胫骨应力骨折
Disease,奈瑟卡他球菌肺炎
Disease,浸润型肺结核
Disease,血管角化瘤
Disease,胫骨远端爆裂骨折
Disease,胫后神经损伤
Disease,血管球瘤
Disease,肠道厌氧菌感染
Disease,痉挛性肠梗阻
Disease,血管损伤
Disease,肺结核瘤
Disease,男性乳腺癌
Disease,痉挛性脑瘫
Disease,肺门淋巴结核
Disease,男性生殖系结核
Disease,静脉血栓形成
Disease,副溶血孤菌肠炎
Disease,血管性痴呆
Disease,静脉炎
Disease,血管性帕金森综合征
Disease,男性特纳综合征
Disease,肺原发性结核性复征
Disease,酒精性弱视
Disease,血管炎性周围神经病
Disease,男子乳腺发育
Disease,坏死性肠炎
Disease,酒精中毒性神经疾病
Disease,脑室内脑膜瘤
Disease,金黄色葡萄球菌性肠炎
Disease,血管周细胞瘤
Disease,酒中毒性痴呆
Disease,脑外伤伴发的精神障碍
Disease,血红蛋白C病
Disease,酒中毒性小脑变性
Disease,年龄相关性白内障
Disease,排卵期出血
Disease,血红蛋白D病
Disease,酒中毒性周围神经病
Disease,尿道癌
Disease,难辨芽胞杆菌肠炎
Disease,血红蛋白E病
Disease,局限性硬皮病
Disease,镍及其化合物引起的皮肤病
Disease,盆腔充血综合征
Disease,局灶性节段性肾小球硬化
Disease,血红蛋白M病
Disease,牛带绦虫病
Disease,混合痣
Disease,血栓性静脉炎
Disease,巨大裂孔性视网膜脱离
Disease,脓毒性休克
Disease,肌膜炎
Disease,血栓性浅静脉炎
Disease,脓疱性细菌疹
Disease,巨大胎儿
Disease,贲门炎
Disease,血小板促凝活性异常
Disease,诺瓦克病毒性胃肠炎
Disease,巨大血小板病
Disease,血小板减少性紫癜
Disease,膀胱尿道异物
Disease,巨乳头性结膜炎
Disease,膀胱腺癌
Disease,急性肺炎
Disease,巨舌
Disease,血小板型假性血管性血友病
Disease,反应性关节炎
Disease,继发性肺结核
Disease,血友病乙
Disease,疱疹样脓疱病
Disease,巨吻棘头虫病
Disease,巨细胞病毒病
Disease,皮肤平滑肌瘤
Disease,甲醛中毒
Disease,寻常痤疮
Disease,皮炎芽生菌
Disease,巨细胞病毒性葡萄膜炎
Disease,良性脑瘤
Disease,巨细胞动脉炎性巩膜炎
Disease,鼻后滴漏综合症
Disease,寻常狼疮
Disease,皮脂囊肿病
Disease,绝经
Disease,鼻腔癌
Disease,寻常性鱼鳞病
Disease,皮脂腺上皮瘤
Disease,绝经后骨质疏松
Disease,鼻腔囊肿
Disease,脾脏原发性恶性肿瘤
Disease,绝经后卵巢恶性肿瘤
Disease,寻常疣
Disease,偏执状态
Disease,绝经后子宫颈癌
Disease,慢性鼻咽炎
Disease,蕈样真菌病
Disease,平滑肌错构瘤
Disease,绝经后子宫内膜癌
Disease,匍行性血管瘤
Disease,慢性非萎缩性胃炎
Disease,绝经期关节炎
Disease,蕈样真菌病和Sezary综合征
Disease,葡萄球菌肺炎
Disease,脱髓鞘
Disease,绝经期尿路感染
Disease,幼年型关节强硬性脊椎炎
Disease,气虚血瘀证
Disease,绝经期尿失禁
Disease,支气管发育不全
Disease,葡萄球菌性食物中毒
Disease,耳石症
Disease,葡萄球菌中毒性休克综合征
Disease,外阴鳞状上皮细胞增生
Disease,绝经期盆腔脏器脱垂
Disease,Q热肺炎
Disease,绝经期乳腺癌
Disease,结节性液化性脂膜炎
Disease,脐尿管瘘
Disease,绝经与阿尔茨海默病综合征
Disease,气虚自汗
Disease,脐膨出
Disease,绝经与心血管疾病
Disease,压力性尿失禁
Disease,萎缩性胆囊炎
Disease,脐膨出-巨舌-巨体综合征
Disease,绝经与抑郁症
Disease,亚急性联合变性
Disease,肝脾湿热
Disease,髂腹股沟神经干痛
Disease,军刀综合征
Disease,亚急性皮肤红斑狼疮
Disease,前房积血与青光眼
Disease,侵袭性指趾乳头状腺癌
Disease,神经棘红细胞增多症
Disease,前庭神经元炎
Disease,亚急性硬化性全脑炎
Disease,萎缩侧索硬化
Disease,亚急性硬膜外血肿
Disease,轻链病与轻链沉积病
Disease,Kimura病
Disease,亚临床甲状腺功能减退症
Disease,嵌杯样病毒胃肠炎
Disease,下焦湿热
Disease,骶髂关节扭伤或半脱位
Disease,亚临床甲状腺功能亢进
Disease,强直性脊柱炎及其伴发的葡萄膜炎
Disease,气阴两虚
Disease,卡普兰综合征
Disease,亚临床型克汀病
Disease,切口疝
Disease,滑膜囊肿
Disease,烟雾病
Disease,卡氏肺孢子虫肺炎
Disease,青霉病
Disease,延髓性麻痹
Disease,卡氏肺囊虫病
Disease,胃肠湿热
Disease,大汗腺癌
Disease,卡他莫拉菌感染
Disease,外阴上皮内瘤样病变
Disease,严重肝病引起获得性凝血因子异常
Disease,球形肺炎
Disease,胃柿石
Disease,屈光参差
Disease,严重急性呼吸综合征
Disease,康诺尔立克次体斑疹热
Disease,膝关节骨刺
Disease,躯体感觉障碍
Disease,言语障碍
Disease,糠秕孢子菌毛囊炎
Disease,肝气不舒
Disease,岩骨斜坡脑膜瘤
Disease,躯体形式障碍
Disease,抗活化的蛋白C症
Disease,醛固酮缺乏症
Disease,黄疸性肝炎
Disease,岩藻糖苷贮积症
Disease,抗菌药中毒性肾病
Disease,纤维化综合征
Disease,反流性喉炎
Disease,抗利尿激素分泌异常综合征
Disease,炎性肠病性关节炎相关巩膜炎
Disease,Rh血型不合
Disease,蛋白质缺乏症
Disease,炎性乳腺癌
Disease,抗磷脂抗体综合征
Disease,人工关节置换术后关节感染
Disease,炎症后弹力纤维松解伴皮肤松弛
Disease,肛门息肉
Disease,抗体免疫缺陷病
Disease,人乳头瘤病毒感染
Disease,儿童白斑
Disease,抗胰蛋白酶缺乏症
Disease,融合性网状乳头瘤病
Disease,肺癌骨转移
Disease,考登病中的多发性毛鞘瘤
Disease,炎症后黑变病
Disease,膝关节退行性病变
Disease,柯莱斯骨折
Disease,炎症相关性青光眼
Disease,炎症性肠道疾病及其伴发的葡萄膜炎
Disease,滴虫性包皮龟头炎
Disease,炎症性腹主动脉瘤
Disease,柯萨奇病毒感染
Disease,乳房猪囊尾蚴病
Disease,盐敏感性高血压
Disease,乳糜腹
Disease,眼部神经纤维瘤病
Disease,科干综合征
Disease,乳头皲裂
Disease,科罗拉多蜱热
Disease,眼部猪囊尾蚴病
Disease,化脓性扁桃体炎
Disease,乳头状小汗腺腺瘤
Disease,颗粒细胞瘤
Disease,眼底血管样条纹
Disease,肺癌脑转移
Disease,乳腺湿疹样癌
Disease,咳嗽性哮喘
Disease,眼弓蛔虫病
Disease,黄体萎缩不全
Disease,乳腺脂肪肉瘤
Disease,咳嗽晕厥综合征
Disease,眼弓形体病
Disease,黄体血肿
Disease,克里格勒-纳贾尔综合征
Disease,眼肌麻痹性偏头痛
Disease,乳溢-闭经综合征
Disease,子宫纵隔
Disease,肺部真菌感染
Disease,眼假组织胞质菌病综合征
Disease,克里米亚-刚果出血热
Disease,眼睑基底细胞癌
Disease,甲状腺肿瘤
Disease,弱智
Disease,克罗伊茨费尔特-雅各布病
Disease,头部脂溢性皮炎
Disease,Ⅳ型肾小管性酸中毒
Disease,空鞍综合征
Disease,许莫氏结节
Disease,鳃裂囊肿和瘘管
Disease,眼睑痉挛-口下颏部肌张力障碍
Disease,色素沉着绒毛结节性滑膜炎
Disease,空肠、回肠憩室
Disease,前列腺病
Disease,眼眶淀粉样变性
Disease,空肠弯曲菌肠炎
Disease,色素失调症
Disease,间歇性精神病
Disease,眼眶非霍奇金恶性淋巴瘤
Disease,上颈椎不稳症
Disease,空气栓塞
Disease,上皮样血管内皮细胞瘤
Disease,眼眶非霍奇金恶性淋巴肿瘤
Disease,上肢深静脉血栓形成
Disease,眼眶蜂窝织炎
Disease,口腔黏膜白斑
Disease,血稠
Disease,眼眶骨化纤维瘤
Disease,血毒
Disease,少枝胶质细胞瘤及间变少枝胶质细胞瘤
Disease,口形红细胞增多症
Disease,眼眶骨瘤
Disease,舌下神经损伤
Disease,眼眶骨纤维异常增殖症
Disease,髋关节后脱位
Disease,血管性头痛
Disease,眼眶畸胎瘤
Disease,舌咽神经损伤
Disease,眶骨髓炎
Disease,肺结节
Disease,眼眶寄生虫囊肿
Disease,社会获得性肺炎
Disease,浆膜下肌瘤
Disease,眶内纤维组织细胞瘤
Disease,眼眶淋巴管瘤
Disease,风湿免疫病
Disease,眼眶内海绵状血管瘤
Disease,溃疡病穿孔
Disease,砷化氢引起的溶血性贫血
Disease,血瘀体质
Disease,溃疡坏死性口炎
Disease,神经莱姆病
Disease,结肠腺癌
Disease,眼眶内静脉曲张
Disease,溃疡性皮肤结核
Disease,混合型阴道炎
Disease,神经肽性肢端感觉异常
Disease,眼眶脑膜-脑膨出
Disease,神经系统副肿瘤综合征
Disease,腰椎结核
Disease,眼眶黏液囊肿
Disease,神经纤维瘤病
Disease,子宫囊肿
Disease,眼眶脓肿
Disease,扩张孔
Disease,神经性肌强直
Disease,眼眶皮样囊肿
Disease,纳氏囊肿
Disease,橄榄体脑桥小脑萎缩
Disease,神经源性角膜炎
Disease,眼眶平滑肌瘤
Disease,浸润性乳腺癌
Disease,骨淋巴管瘤
Disease,眼眶神经纤维瘤
Disease,肾皮质化脓性感染
Disease,拉福拉病
Disease,眼眶嗜酸性肉芽肿
Disease,肾盏憩室
Disease,解脲支原体感染
Disease,眼眶纤维肉瘤
Disease,生长期脱发
Disease,脑囊肿
Disease,眼眶血管外皮瘤
Disease,石棉肺
Disease,拉沙热
Disease,脑神经损伤
Disease,食管源性胸痛
Disease,拉休尤-格拉哈姆-利特尔综合征
Disease,眼眶血肿
Disease,乙状结肠癌
Disease,眼眶炎性假瘤
Disease,内湿
Disease,视神经脊髓炎
Disease,眼眶真菌病
Disease,桡骨骨折
Disease,室管膜肿瘤
Disease,蜡样芽孢杆菌食物中毒
Disease,眼眶脂肪瘤
Disease,嗜酸粒细胞增多症
Disease,早孕
Disease,眼眶脂肪肉瘤
Disease,莱姆心脏炎
Disease,嗜酸性粒细胞白血病
Disease,阴茎淋巴管炎
Disease,莱特雷尔-西韦病
Disease,眼眶转移性肿瘤
Disease,嗜血流感杆菌的皮肤感染
Disease,嗜血细胞综合症
Disease,眼类肉瘤病
Disease,赖利-戴综合征
Disease,手部屈指肌腱损伤
Disease,眼颧部褐蓝痣
Disease,阴茎珍珠疹
Disease,手指屈肌腱鞘炎
Disease,眼外肌病及弱视
Disease,疣状胃炎
Disease,书写痉挛
Disease,眼外肌发育不全
Disease,小叶增生
Disease,赖氏综合征
Disease,眼外肌广泛纤维化综合征
Disease,外阴赘生物
Disease,输血后血小板减少性紫癜
Disease,眼外肌外伤
Disease,赖特综合征
Disease,心血不足
Disease,斯蒂尔病
Disease,兰伯特-伊顿综合征
Disease,眼外肌猪囊尾蚴病
Disease,链球菌感染
Disease,松毛虫性骨关节炎
Disease,眼异物伤
Disease,阑尾腺癌
Disease,瘘疮
Disease,瘫痪
Disease,厌氧菌肺炎
Disease,阑尾肿瘤
Disease,鼻咽炎
Disease,特发性股骨头坏死
Disease,懒惰白细胞综合征
Disease,新生儿脑瘫
Disease,朗汉斯细胞的组织细胞增多症
Disease,特发性黄斑部前膜
Disease,老年癌症病人的急性感染
Disease,胸椎骨折
Disease,羊膜腔感染综合征
Disease,特发性面神经瘫痪
Disease,老年斑
Disease,龟头珍珠疹
Disease,痒点
Disease,疼痛性眼肌麻痹
Disease,痒性紫癜
Disease,过敏性皮肤病
Disease,老年便秘
Disease,体癣
Disease,恙螨皮炎
Disease,老年低温症
Disease,头皮糠疹
Disease,胸椎小关节紊乱症
Disease,腰骶部脂肪疝
Disease,轻度脂肪肝
Disease,老年跌倒
Disease,密集恐惧症
Disease,透析性骨关节病
Disease,老年急性动脉栓塞
Disease,土肥对称性肢端色素沉着症
Disease,过敏性荨麻疹
Disease,腰痛-血尿综合征
Disease,老年静脉血栓症
Disease,吞入异物
Disease,寒冷性荨麻疹
Disease,腰椎小关节不稳症
Disease,老年久病卧床
Disease,B疱疹病毒感染
Disease,皮肤疣
Disease,腰椎椎管狭窄症
Disease,老年挛缩
Disease,Whitfield硬红斑
Disease,肌筋膜炎
Disease,老年男性性功能障碍
Disease,药物反应性甲病
Disease,外伤相关性青光眼
Disease,深海恐惧症
Disease,药物免疫性血小板减少性紫癜
Disease,外伤性胆管损伤
Disease,梅杰综合症
Disease,药物相关性免疫性溶血性贫血
Disease,外伤性腹膜后出血或血肿
Disease,急性肠梗阻
Disease,老年女性膀胱颈梗阻
Disease,药物相关性青光眼
Disease,外伤性脑积水
Disease,老年期谵妄
Disease,皮下脂肪瘤
Disease,药物性狼疮
Disease,外伤性脂肪坏死
Disease,老年人白细胞减少症和粒细胞缺乏症
Disease,夜间哮喘
Disease,淋巴结结节病
Disease,外阴表皮内瘤变
Disease,老年人败血症
Disease,一度房室传导阻滞
Disease,热性荨麻疹
Disease,老年人膀胱癌
Disease,外阴瘙痒症
Disease,伊藤痣
Disease,脂溢性脱发
Disease,外源性变应性肺泡炎
Disease,老年人变异型心绞痛
Disease,衣原体尿路感染
Disease,幽闭空间恐惧症
Disease,老年人病毒性肝炎
Disease,网膜扭转
Disease,医用药物中毒所致的精神障碍
Disease,手干裂
Disease,老年人病态窦房结综合征
Disease,纹状体黑质变性
Disease,医源性胆管损伤
Disease,新生儿湿疹
Disease,老年人播散性血管内凝血
Disease,无菌性肋软骨炎
Disease,医源性多毛症
Disease,肠道寄生虫病
Disease,X联锁鱼鳞病
Disease,医源性气管及主支气管损伤
Disease,增生性疤痕
Disease,全身性红斑狼疮
Disease,老年人不稳定型心绞痛
Disease,胰高糖素瘤综合征
Disease,小儿咽喉炎
Disease,细菌性角膜炎
Disease,老年人肠易激综合征
Disease,胰高血糖素瘤
Disease,手足心热
Disease,下部附加前根脊髓动脉缺血症候群
Disease,老年人垂体瘤
Disease,胰瘘
Disease,中度脂肪肝
Disease,下颌下间隙感染
Disease,老年人大肠肿瘤
Disease,胰石病
Disease,重度脂肪肝
Disease,先天性白血病
Disease,老年人代谢性碱中毒
Disease,手腕扭伤
Disease,胰腺假囊肿
Disease,先天性肠旋转不良
Disease,老年人代谢性酸中毒
Disease,脑炎
Disease,胰腺囊性纤维性变
Disease,先天性尺桡骨性连接
Disease,老年人单纯疱疹病毒性脑炎
Disease,急性肝病
Disease,先天性纯红细胞再生障碍性贫血
Disease,老年人胆囊癌
Disease,先天性胆管囊状扩张
Disease,老年人胆囊炎
Disease,埃布斯坦综合征
Disease,胰腺真性囊肿
Disease,五更泻
Disease,老年人胆石症
Disease,先天性高弓足
Disease,移行脊椎
Disease,慢性肝病
Disease,老年人低钙血症
Disease,先天性冠状动脉瘘
Disease,移植后淋巴增殖性疾病
Disease,风寒
Disease,老年人低钾血症
Disease,先天性红细胞生成异常性贫血
Disease,移植物抗宿主病
Disease,尘螨过敏
Disease,先天性静脉畸形肢体肥大综合征
Disease,遗传性蛋白S缺陷症
Disease,老年人低钠血症
Disease,高度近视
Disease,先天性髋关节脱位
Disease,老年人低血糖昏迷
Disease,遗传性对称性色素异常症
Disease,外向孤独症
Disease,先天性卵巢发育不全
Disease,老年人低血糖症
Disease,遗传性多发脑梗死性痴呆
Disease,先天性肾病综合征
Disease,老年人低血压
Disease,遗传性多发性骨软骨瘤
Disease,眩晕症
Disease,先天性十二指肠闭锁
Disease,老年人短暂性大脑缺血性发作
Disease,丝状疣
Disease,遗传性耳瘘
Disease,老年人多发性骨髓瘤
Disease,先天性视网膜劈裂症
Disease,急性阴道炎
Disease,老年人多器官功能衰竭
Disease,先天性胃壁肌层缺损
Disease,念珠菌性包皮龟头炎
Disease,先天性小眼球合并眼眶囊肿
Disease,遗传性粪卟啉病
Disease,甲状腺结节钙化
Disease,老年人恶性心包积液
Disease,先天性血管瘤
Disease,遗传性感觉神经病
Disease,耳神经痛
Disease,先天性远端尺桡关节半脱位
Disease,老年人非霍奇金恶性淋巴肿瘤
Disease,遗传性高尿酸血症
Disease,甲状腺弥漫性病变
Disease,先天性跖骨内收畸形
Disease,遗传性高铁血红蛋白血症
Disease,老年人肥厚型心肌病
Disease,甲状腺乳头癌
Disease,老年人肥胖症
Disease,遗传性抗凝血酶Ⅲ缺乏症
Disease,纤维肌痛综合征
Disease,前庭功能紊乱
Disease,遗传性良性上皮内角化不良
Disease,老年人肺癌
Disease,筛窦炎
Disease,纤维毛囊瘤
Disease,遗传性凝血酶原缺乏
Disease,老年人肺结核
Disease,纤维性骨炎
Disease,上颌窦炎
Disease,遗传性凝血因子Ⅴ缺乏症
Disease,老年人肺结核病
Disease,腺性唇炎
Disease,遗传性凝血因子Ⅶ缺乏
Disease,老年人肺脓肿
Disease,相对性红细胞增多症
Disease,不均匀性脂肪肝
Disease,遗传性凝血因子ⅩⅢ缺乏
Disease,小儿牛皮癣
Disease,遗传性凝血因子Ⅹ缺乏
Disease,小肠纤维瘤
Disease,老年人肺气肿
Disease,小儿急性呼吸窘迫综合征
Disease,遗传性凝血因子Ⅺ缺乏
Disease,老年人肺栓塞
Disease,遗传性球形红细胞增多症
Disease,肺燥
Disease,小儿食管化学性烧伤
Disease,老年人肺心病
Disease,遗传性铁粒幼细胞性贫血
Disease,小脑扁桃体下疝畸形
Disease,老年人肺性脑病
Disease,肠胃型感冒
Disease,新生儿低镁血症
Disease,肺热
Disease,遗传性椭圆形红细胞增多症
Disease,新生儿流行性腹泻
Disease,肺寒
Disease,新生儿脓疱疮
Disease,老年人肺炎
Disease,遗传性纤维蛋白原缺乏症
Disease,跟痛症
Disease,猩红热样红斑
Disease,老年人分水岭脑梗死
Disease,遗传性异常纤维蛋白原血症
Disease,安卡性肾炎
Disease,性心理障碍
Disease,癣菌疹
Disease,血管畸形引起的吞咽困难
Disease,甲状腺囊肿
Disease,血管内乳头状血管内皮细胞瘤
Disease,老年人风湿性心脏病
Disease,小儿口腔溃疡
Disease,血管神经性水肿
Disease,老年人腹主动脉瘤
Disease,倒经
Disease,酸中毒
Disease,血管纤维瘤
Disease,遗传性硬化性皮肤异色症
Disease,雅司病
Disease,膀胱囊肿
Disease,咽囊炎
Disease,手指撕脱性骨折
Disease,言语和语言发育障碍
Disease,遗传性运动失调性多发性神经炎
Disease,老年人钙化性瓣膜病
Disease,乙型肝炎病毒相关性肾炎
Disease,老年人肝性脑病
Disease,乙型肝炎病毒性关节炎
Disease,眼睑皮脂腺癌
Disease,乙型肝炎抗原血症
Disease,老年人肝硬化
Disease,心脏瓣膜关闭不全
Disease,乙状结肠扭转
Disease,梭形细胞肿瘤
Disease,眼球后退综合征
Disease,乙状结肠造口旁沟疝
Disease,眼球内炎
Disease,间歇性斜视
Disease,老年人感染性休克
Disease,异常γ-球蛋白血症
Disease,眼球运动障碍
Disease,老年人高钙血症
Disease,异色性虹膜睫状体炎
Disease,老年人高钾血症
Disease,腰部峡部崩裂和脊椎滑脱
Disease,便秘性结肠炎
Disease,异物伤
Disease,腰椎退变性小关节损伤性关节炎
Disease,老年人高钠血症
Disease,异物性食管穿孔
Disease,抬头纹
Disease,药物导致的肺部疾病
Disease,老年人高渗性非酮症糖尿病昏迷
Disease,角膜损伤
Disease,阴部神经干痛
Disease,腋毛癣菌病
Disease,老年人高血压
Disease,阴道白斑
Disease,新生儿消化不良
Disease,原发性皮肤结核综合征
Disease,老年人高血压危象
Disease,头皮痣
Disease,阴道壁息肉
Disease,衣原体淋巴肉芽肿
Disease,老年人高脂血症
Disease,阴道恶性苗勒管混合瘤
Disease,陈旧性肺结核
Disease,胰岛素抵抗与代谢综合征
Disease,遗传性出血性毛细血管扩张
Disease,老年人梗阻性肾病
Disease,溃疡性口腔炎
Disease,老年人骨关节炎
Disease,透明隔囊肿
Disease,阴道鳞状上皮癌
Disease,乙状结肠间疝
Disease,老年人骨髓增生异常综合征
Disease,牙齿过敏
Disease,阴道蚂蟥叮吸
Disease,阴道内胚窦瘤
Disease,异染性脑白质营养不良
Disease,秃顶
Disease,阴道平滑肌肉瘤
Disease,弗郎西丝菌肺炎
Disease,慢性病毒性肝炎
Disease,老年人骨质疏松
Disease,阴道前壁膨出
Disease,异源内分泌综合征
Disease,黄斑病变
Disease,阴道上皮内瘤样变
Disease,阴部鲍恩样丘疹病
Disease,胆囊囊肿
Disease,阴道嗜血杆菌性阴道炎
Disease,阴道粒细胞肉瘤
Disease,老年人过敏性紫癜
Disease,砣疣
Disease,阴道腺癌
Disease,阴道美丽筒线虫病
Disease,老年人呼吸衰竭
Disease,地高辛中毒
Disease,阴道腺病
Disease,老年人呼吸性酸中毒
Disease,膀胱过度活动症
Disease,老年人环咽肌功能障碍
Disease,阴茎阴囊象皮肿
Disease,急性丙肝
Disease,阴道斜隔
Disease,老年人霍奇金淋巴瘤
Disease,阴茎折断
Disease,胃气上逆
Disease,阴道血管肉瘤
Disease,银屑病关节炎及其伴发的葡萄膜炎
Disease,拇囊炎
Disease,阴道血吸虫病
Disease,隐斜
Disease,肺泡癌
Disease,老年人急腹症
Disease,阴道异物
Disease,婴儿成神经细胞瘤
Disease,脾梗死
Disease,肝结石
Disease,婴儿痤疮
Disease,老年人急进性肾炎
Disease,肛乳头瘤
Disease,阴道转移性肿瘤
Disease,婴儿肌纤维瘤病
Disease,老年人急性非淋巴细胞白血病
Disease,脾肾两虚
Disease,婴儿期短暂性低丙球蛋白血症
Disease,阴道子宫内膜间质肉瘤
Disease,老年人急性感染后肾炎
Disease,跟腱炎
Disease,阴沟肠杆菌感染
Disease,老年人急性呼吸窘迫综合征
Disease,婴儿青铜综合征
Disease,阴茎结核疹
Disease,老年人急性阑尾炎
Disease,小肠下垂
Disease,婴幼儿外阴阴道炎
Disease,阴茎离断伤
Disease,老年人急性淋巴细胞白血病
Disease,关节退行性变
Disease,阴茎扭转
Disease,硬脑膜外脓肿
Disease,小儿过敏性支气管炎
Disease,老年人急性肾功能衰竭
Disease,硬肿症
Disease,阴茎前阴囊
Disease,老年人急性胰腺炎
Disease,阴茎头包皮炎
Disease,阴囊癌
Disease,尤因肉瘤
Disease,阴囊坏疽
Disease,龟头癌
Disease,疣状癌
Disease,小脑梗塞
Disease,阴囊损伤
Disease,疣状角化不良病
Disease,老年人急性左心衰竭
Disease,阴囊炎性癌
Disease,幼年型类风湿性关节炎
Disease,老年人脊髓压迫症
Disease,慢性病
Disease,原发性肺动脉高压
Disease,银屑病关节炎性巩膜炎
Disease,老年人脊髓亚急性联合变性
Disease,过敏性湿疹
Disease,原发性骨淋巴瘤
Disease,银屑病甲
Disease,老年人甲减性心脏病
Disease,小细胞低色素性贫血
Disease,原发性卵巢类癌综合征
Disease,老年人甲亢性心脏病
Disease,老年人甲状腺癌
Disease,原发性下肢深静脉瓣膜关闭不全
Disease,银屑病性关节炎
Disease,远端肾小管性酸中毒
Disease,老年人甲状腺功能低下
Disease,喉息肉
Disease,隐匿型乳腺癌
Disease,月骨脱位及月骨周围脱位
Disease,老年人甲状腺功能亢进危象
Disease,运动诱发哮喘
Disease,隐匿型肾炎
Disease,老年人甲状腺功能亢进症
Disease,婴儿腹部远心性脂肪营养不良
Disease,晕痣
Disease,老年人假膜性小肠结肠炎
Disease,婴儿及儿童期癫痫及癫痫综合征
Disease,跗骨与周围关节结核
Disease,心房肥大
Disease,老年人间质性肺炎
Disease,婴儿痉挛症
Disease,早期复极综合征
Disease,老年人结肠憩室
Disease,增龄性黄斑变性
Disease,婴儿肉毒中毒综合征
Disease,蛰伏脂瘤
Disease,婴儿纤维错构瘤
Disease,真两性畸形
Disease,老年人结肠息肉
Disease,心脑血管疾病
Disease,老年人结核性脑膜炎
Disease,婴儿黑矇性痴呆
Disease,青春型精神分裂症
Disease,老年人结节病
Disease,枕骨大孔脑膜瘤
Disease,婴儿性骨皮质增生症
Disease,老年人颈性眩晕
Disease,老年人酒精性肝病
Disease,婴儿肢端脓疱病
Disease,婴儿肢端脓皮病
Disease,老年人酒精性心脏病
Disease,疱疹性咽颊炎
Disease,脂蛋白肾小球病
Disease,老年人巨幼细胞性贫血
Disease,婴儿指趾纤维瘤病
Disease,韧带炎
Disease,脂肪栓塞综合征
Disease,老年人扩张型心肌病
Disease,直肠内套叠
Disease,牙结石
Disease,老年人类风湿性关节炎
Disease,婴幼儿胃食管反流
Disease,直肠膨出
Disease,老年人流行性感冒
Disease,直肠子宫内膜异位症
Disease,老年人颅内压增高
Disease,牙龈瘘管
Disease,婴幼儿型内斜视
Disease,植物神经系统肿瘤
Disease,老年人慢性疾病性贫血
Disease,咽喉癌
Disease,跖骨骨折
Disease,老年人慢性粒细胞白血病
Disease,鹦鹉热
Disease,指骨骨折
Disease,老年人慢性淋巴细胞白血病
Disease,致命性中线肉芽肿
Disease,鹦鹉热衣原体肺炎
Disease,原位癌
Disease,老年人慢性肾功能衰竭
Disease,植物人
Disease,老年人慢性肾盂肾炎
Disease,营养不良
Disease,老年人慢性胃炎
Disease,营养代谢疾病伴发的精神障碍
Disease,自身免疫性肝硬化
Disease,智能障碍
Disease,营养代谢障碍疾病
Disease,老年人慢性支气管炎
Disease,中老年男子部分性雄激素缺乏综合征
Disease,肾上腺囊肿
Disease,硬化萎缩苔藓
Disease,老年人梅毒性心脏病
Disease,中性粒细胞减少症
Disease,老年人泌尿系结石
Disease,硬化型骨髓炎
Disease,食管间质瘤
Disease,肿瘤性心包炎
Disease,老年人泌尿系统感染
Disease,硬化性骨髓炎
Disease,小肠炎
Disease,周期性动眼神经麻痹
Disease,硬化性脂肪肉芽肿
Disease,老年人免疫性血小板减少性紫癜
Disease,周期性内斜视
Disease,硬脊膜外脓肿
Disease,老年人脑出血
Disease,肘关节强直与纤维性僵硬
Disease,神经源性肿瘤
Disease,硬脊膜下脓肿
Disease,肘管综合征
Disease,腹股沟淋巴结炎
Disease,硬脑膜动静脉畸形
Disease,肘外翻畸形
Disease,老年人脑栓塞
Disease,主动脉瓣闭锁不全
Disease,老年人脑心综合征
Disease,单纯型精神分裂症
Disease,硬脑膜下脓肿
Disease,着色杆菌病
Disease,老年人脑血栓形成
Disease,病理性骨折
Disease,硬皮症伴发的精神障碍
Disease,疱疹性咽炎
Disease,滋养细胞肿瘤
Disease,腹部肿瘤
Disease,油彩皮炎
Disease,足舟骨骨折
Disease,神经性阳痿
Disease,组织细胞坏死性淋巴结炎
Disease,热带性肺嗜酸性粒细胞浸润症
Disease,油漆皮炎
Disease,疱疹性口腔炎
Disease,一氧化碳中毒后迟发性脑病
Disease,老年人黏液性瓣膜病
Disease,油性肉芽肿
Disease,克-雅氏病性痴呆
Disease,疣状皮肤结核
Disease,复发性疱疹
Disease,分泌过多性青光眼
Disease,疣状血管瘤
Disease,老年人尿崩症
Disease,腹茧症
Disease,舌静脉曲张
Disease,老年人尿毒症性肺炎
Disease,腹裂
Disease,疣状肢端角化病
Disease,母乳性腹泻
Disease,腹胀
Disease,游走脾
Disease,老年人尿失禁
Disease,经腹会阴直肠癌根治术后盆底腹膜疝
Disease,游走性结节性脂膜炎
Disease,老年人帕金森病
Disease,发育不良痣
Disease,睾丸畸胎瘤
Disease,右束支传导阻滞
Disease,老年人期前收缩
Disease,肝海绵状血管瘤
Disease,哨兵痔
Disease,老年人前列腺癌
Disease,复发性流产
Disease,功能性下丘脑性闭经
Disease,老年人前列腺增生症
Disease,病毒性感冒
Disease,右心房与下腔静脉平滑肌瘤
Disease,老年人腔隙性脑梗死
Disease,肺癌转移
Disease,幼淋巴细胞白血病
Disease,老年人缺铁性贫血
Disease,膈下食管憩室
Disease,风湿性心肌炎
Disease,老年人缺血性结肠炎
Disease,色素性皮肤病
Disease,膈上食管憩室
Disease,老年人缺血性心肌病
Disease,人工流产
Disease,幼年黑素瘤
Disease,新生儿呕血和便血
Disease,老年人溶血性贫血
Disease,幼年息肉
Disease,肾小管间质性肾炎葡萄膜炎综合征
Disease,老年人乳头肌功能不全和断裂
Disease,幼年型类天疱疮
Disease,浅表性静脉炎
Disease,老年人乳腺癌
Disease,幼年型粒-单核细胞白血病
Disease,樱桃状血管瘤
Disease,肠道肿瘤
Disease,幼年型慢性关节炎及其伴发的葡萄膜炎
Disease,老年人上腔静脉受压综合征
Disease,多发性内分泌腺瘤Ⅱ型
Disease,风湿骨病
Disease,幼年型慢性粒细胞白血病
Disease,腓总神经损伤
Disease,老年人上消化道出血
Disease,前庭大腺脓肿
Disease,幼年型疱疹样皮炎
Disease,结节性硬化症
Disease,老年人神经梅毒
Disease,背肌筋膜炎
Disease,幼年型皮肌炎
Disease,神经鞘黏液瘤
Disease,老年人神经症
Disease,幼年性黄色肉芽肿
Disease,劳力性心绞痛
Disease,神经母细胞瘤
Disease,幼年性透明纤维瘤病
Disease,老年人肾癌
Disease,溃疡性直肠炎
Disease,遗传性痉挛性截瘫
Disease,淤滞性皮下硬化症
Disease,呼吸机相关性肺炎
Disease,老年人肾病综合征
Disease,松果体细胞瘤
Disease,淤滞性紫癜
Disease,结节病性心肌病
Disease,老年人食管癌
Disease,髋关节滑囊炎
Disease,原发免疫性疾病相关的淋巴增殖性疾病
Disease,口水强迫症
Disease,原发气管支气管肿瘤
Disease,新生儿皮下脂肪坏死
Disease,老年人食管裂孔疝
Disease,Ⅰ型免疫母细胞性淋巴腺病
Disease,原发性鼻腔淋巴瘤
Disease,老年人室性期前收缩
Disease,白毛舌
Disease,进行性肥厚性间质性神经炎
Disease,原发性肠系膜肿瘤
Disease,老年人室性心动过速
Disease,口腔干燥综合征
Disease,焦磷酸钙沉积病
Disease,老年人嗜铬细胞瘤危象
Disease,原发性单克隆免疫球蛋白病
Disease,肺癌肝转移
Disease,老年人睡眠呼吸暂停综合征
Disease,原发性单克隆球蛋白病肾损害
Disease,颅内脂肪瘤
Disease,海绵体血管瘤
Disease,原发性腹膜癌
Disease,老年人睡眠障碍
Disease,神经节苷脂沉积病
Disease,克雷氏骨折
Disease,老年人糖尿病
Disease,原发性高血压
Disease,散发性脑炎伴发的精神障碍
Disease,泛细支气管炎
Disease,原发性高脂蛋白血症与黄瘤增生病
Disease,老年人糖尿病乳酸性中毒
Disease,开放性骨折
Disease,原发性骨髓纤维化
Disease,老年人糖尿病肾病
Disease,过敏性咽炎
Disease,原发性混合型冷球蛋白血症性血管炎
Disease,肝肾综合征
Disease,老年人糖尿病酮症酸中毒
Disease,过劳肥
Disease,原发性急性闭角型青光眼
Disease,老年人糖尿病性心脏病
Disease,光敏性皮炎
Disease,原发性甲状腺恶性淋巴瘤
Disease,附红细胞体病
Disease,老年人糖尿病周围神经病
Disease,原发性巨球蛋白血症
Disease,急性包皮炎
Disease,输精管缺如
Disease,原发性巨球蛋白血症肾损害
Disease,孤独症谱系障碍
Disease,急性淋病
Disease,遗尿
Disease,原发性卵巢绒癌
Disease,腹膜后脂肪瘤
Disease,原发性慢性闭角型青光眼
Disease,急性粒细胞性白血病
Disease,腓总神经卡压症
Disease,原发性皮肤滤泡中心细胞性淋巴瘤
Disease,老年人特发性肺纤维化
Disease,睡眠型癫痫
Disease,距骨骨折脱位
Disease,原发性皮肤免疫细胞瘤
Disease,老年人痛风
Disease,发热伴血小板减少综合征
Disease,原发性脾淋巴瘤
Disease,急性假膜型念珠菌口炎
Disease,原发性青少年型青光眼
Disease,聚合性痤疮
Disease,急性化脓性腹膜炎
Disease,老年人脱水
Disease,原发性乳腺淋巴瘤
Disease,胫腓骨骨干骨折
Disease,急性腹泻
Disease,原发性腮腺淋巴瘤
Disease,进行性肢端黑变病
Disease,乳腺结节
Disease,老年人胃癌
Disease,原发性肾上腺皮质功能减退症
Disease,胫腓下联合前部分离
Disease,老年人胃食管反流病
Disease,原发性渗出性淋巴瘤
Disease,肾盂旁囊肿
Disease,髋关节前脱位
Disease,老年人稳定型心绞痛
Disease,原发性十二指肠恶性淋巴瘤
Disease,肾性水肿
Disease,缺水和缺钠
Disease,老年人无症状性心肌缺血
Disease,原发性食管恶性黑色素瘤
Disease,老年人吸入性肺炎
Disease,原发性食管恶性淋巴瘤
Disease,桡骨颈骨折和桡骨头骨骺分离
Disease,中东呼吸综合征
Disease,老年人细菌性脑膜炎
Disease,原发性痛经
Disease,桡骨茎突部狭窄性腱鞘炎
Disease,老年人夏伊-德雷格综合征
Disease,泛细支气管炎-测试
Disease,原发性系统性淀粉样变
Disease,桡骨远端骨骺分离
Disease,老年人先天性心血管疾病
Disease,原发性纤维蛋白溶解症
Disease,乳腺结节-测试
Disease,锁骨下动脉盗血综合征
Disease,老年人消化性溃疡
Disease,原发性限局性皮肤淀粉样变
Disease,枢椎椎体骨折
Disease,老年人心房扑动
Disease,颈椎先天融合畸形
Disease,念珠菌性包皮龟头炎-测试
Disease,老年人心房纤颤
Disease,原发性小肠溃疡
Disease,咽部及颈部食管闭合性损伤
Disease,原发性小肠淋巴管扩张症
Disease,老年人心肌梗死
Disease,疖与疖病
Disease,原发性心脏淋巴瘤
Disease,老年人心力衰竭
Disease,原发性婴幼儿型青光眼
Disease,非依赖性物质伴发依赖
Disease,原发性中枢神经系统淋巴瘤
Disease,老年人心内膜炎
Disease,软化斑
Disease,圆形糠疹
Disease,远视
Disease,老年人心脑综合征
Disease,软骨黏液样纤维瘤
Disease,月经性哮喘
Disease,眼眶神经鞘瘤
Disease,老年人心室扑动与颤动
Disease,月经疹
Disease,老年人心源性休克
Disease,运动员胸背与腰背痛
Disease,胎儿窘迫
Disease,老年人心脏传导阻滞
Disease,运动障碍疾病
Disease,结膜结核病
Disease,老年人心脏猝死
Disease,甲流
Disease,早期乳腺癌
Disease,老年人心脏淀粉样变性
Disease,早期婴儿型癫痫性脑病
Disease,早熟性儿童乳房肥大症
Disease,老年人胸腔积液与胸膜炎
Disease,造影剂肾病
Disease,眶骨膜下脓肿
Disease,噪声病
Disease,老年人血管性痴呆
Disease,增生性玻璃体视网膜病变
Disease,绿脓假单胞菌属感染
Disease,老年人血栓性疾病
Disease,增生性骨关节病
Disease,眼眶静脉性血管瘤
Disease,老年人炎症性肠病
Disease,眼球震颤阻滞综合征
Disease,老年人厌氧菌性肺炎
Disease,眼科重症肌无力
Disease,增生性毛根鞘瘤
Disease,惊恐症
Disease,老年人阳性杆菌肺炎
Disease,增殖性红斑
Disease,胃出血-测试
Disease,间接型颈动脉海绵窦瘘
Disease,增殖性皮炎
Disease,过敏性皮炎-测试
Disease,圣路易斯型脑炎
Disease,谵妄
Disease,老年人药物性肝病
Disease,蝎螫伤
Disease,老年人胰腺癌
Disease,掌侧化脓性腱鞘炎、滑囊炎和深间隙感染
Disease,间质性肺炎-测试
Disease,少年儿童葡萄膜炎
Disease,掌跖脓疱病
Disease,洋葱假单胞菌肺炎
Disease,掌跖纤维瘤病
Disease,老年人异位抗利尿素分泌综合征
Disease,柯萨奇病毒疹
Disease,掌指骨结核
Disease,口蹄疫
Disease,老年人预激综合征
Disease,蔗尘肺
Disease,全身性特发性毛细血管扩张症
Disease,真菌过敏性哮喘
Disease,肉瘤
Disease,老年人原发性肝癌
Disease,真菌性关节炎
Disease,恙虫病性肺炎
Disease,老年人原发性高血压引起的良性小动脉肾硬化
Disease,真菌性食管炎
Disease,甲沟炎和甲下脓肿
Disease,老年人原发性骨髓纤维化
Disease,枕骨下硬结性毛囊炎
Disease,神经白塞病
Disease,枕颈关节损伤
Disease,甲状腺功能减退性心肌病
Disease,老年人原发性血小板增多症
Disease,老年人院内获得性肺炎
Disease,正常颅压脑积水
Disease,四边孔综合征
Disease,老年人运动神经元病
Disease,正常眼压性青光眼
Disease,阴囊丝虫病
Disease,老年人再生障碍性贫血
Disease,支气管肺隔离症
Disease,成人类风湿性关节炎性巩膜炎
Disease,老年人真性红细胞增多症
Disease,支气管源性囊肿
Disease,大脑大静脉瘤
Disease,老年人阵发性室上性心动过速
Disease,支气管中心性肉芽肿病
Disease,肺隔离症
Disease,老年人正常压力脑积水
Disease,肢端肥大症
Disease,肺疝
Disease,肢端肥大症性心肌病
Disease,老年人支气管扩张
Disease,白蛉热
Disease,肢端纤维角化瘤
Disease,老年人支气管哮喘
Disease,放射性脊髓病
Disease,脂肪营养不良
Disease,老年人支原体肺炎
Disease,非典型分枝杆菌性巩膜炎
Disease,脂肉瘤
Disease,老年人脂肪肝
Disease,肺转移性肿瘤
Disease,脂性渐进性坏死
Disease,老年人终末期肺炎
Disease,肺真菌病
Disease,脂溢性角化病
Disease,蜘蛛痣
Disease,老年人重症肌无力
Disease,铬及其化合物引起的皮肤病
Disease,直接型颈动脉海绵窦瘘
Disease,老年人蛛网膜下腔出血
Disease,感染性血小板减少性紫癜
Disease,职业性皮肤癌
Disease,老年人主动脉夹层分离
Disease,过敏性血管炎
Disease,职业性哮喘
Disease,老年人主动脉瘤
Disease,过敏性急性小管间质性肾炎
Disease,职业性硬皮病
Disease,老年人椎基底动脉供血不足
Disease,共济失调
Disease,职业病
Disease,老年人自发性气胸
Disease,呼吸道合胞病毒感染
Disease,跖管综合征
Disease,急性肺源性心脏病
Disease,老年褥疮
Disease,指甲-髌骨综合征
Disease,老年收缩期高血压
Disease,卡斯钦-贝克病
Disease,指节垫
Disease,Leber遗传性视神经病变
Disease,老年心肌病
Disease,致肠细胞病变人孤儿病毒感染
Disease,硫化血红蛋白血症
Disease,致密性骨发育障碍
Disease,老年性癫痫
Disease,流行性甲型脑炎
Disease,致心律失常性右室心肌病
Disease,老年性慢性硬膜下血肿
Disease,皮层性多汗症
Disease,痔
Disease,老年性皮肤萎缩
Disease,青春发育延迟及性幼稚
Disease,中毒性白内障
Disease,老年性外阴萎缩
Disease,气球状细胞痣
Disease,中毒性高铁血红蛋白血症
Disease,气管闭合性损伤
Disease,老年性舞蹈病
Disease,乳头的乳头状瘤
Disease,中毒性红斑
Disease,中青年脑梗死
Disease,手癣
Disease,中枢神经系统白血病
Disease,小儿颅后窝室管膜瘤
Disease,中枢神经系统肉芽肿性血管炎
Disease,中枢神经细胞瘤
Disease,硒及其化合物引起的皮肤病
Disease,中性粒细胞增多症
Disease,中央晕轮状脉络膜萎缩
Disease,老年性心瓣膜病
Disease,中叶综合征
Disease,老年休克
Disease,小儿感染性心内膜炎
Disease,种痘并发症
Disease,老视
Disease,新生儿化脓性脑膜炎
Disease,重链病
Disease,新生儿水肿
Disease,乙脑伴发的精神障碍
Disease,勒夫勒心内膜炎
Disease,重症联合免疫缺陷
Disease,延迟性应激反应
Disease,雷凡斯坦综合征
Disease,重症院内获得性肺炎
Disease,煤炭工尘肺
Disease,泪囊肿瘤
Disease,舟骨骨折
Disease,穿凿脓肿性头部毛囊炎及毛囊周围炎
Disease,泪腺多形性腺癌
Disease,肘内翻畸形
Disease,窦性心动过缓
Disease,珠蛋白生成障碍性贫血
Disease,泪腺多形性腺瘤
Disease,珠蛋白生成障碍性贫血视网膜病变
Disease,单眼双上转肌麻痹
Disease,泪腺炎
Disease,猪带绦虫病
Disease,肺胸膜阿米巴病
Disease,伏格特-小柳-原田综合征
Disease,主动脉弓综合征视网膜病变
Disease,转换性障碍
Disease,类丹毒
Disease,房室交接区性期前收缩
Disease,类肺炎性胸腔积液
Disease,转移性肝癌
Disease,类固醇后脂膜炎
Disease,转移性骨肿瘤
Disease,类固醇肌病
Disease,钒及其化合物引起的皮肤病
Disease,类圆线虫病
Disease,肺动脉发育不全
Disease,转移性皮肤钙化病
Disease,类脂性肺炎
Disease,冠状动脉粥样硬化性心脏病
Disease,转移性小肠肿瘤
Disease,类脂质蛋白沉积症
Disease,间歇依赖型尖端扭转型室性心动过速
Disease,椎动脉型颈椎病
Disease,冷抗体型自身免疫性溶血性贫血
Disease,急性高原病
Disease,椎管内结核瘤
Disease,冷凝集素综合征
Disease,雷诺氏病
Disease,冷球蛋白血症
Disease,松弛性跖痛症
Disease,椎管内转移性肿瘤
Disease,冷球蛋白血症肾损害
Disease,晚期产后出血
Disease,梨状肌症候群
Disease,椎间盘钙化症
Disease,完全性房室传导阻滞
Disease,理发师皮炎
Disease,椎间隙感染
Disease,新生儿暂时性脓疱性黑变病
Disease,锂肾病
Disease,椎体爆裂骨折
Disease,血管免疫母细胞性淋巴结病
Disease,立氏立克次体斑疹热
Disease,椎体严重楔形变并伴小关节半脱位
Disease,血栓形成
Disease,锥虫病
Disease,着色性干皮病
Disease,心室肌致密化不全
Disease,着色芽生菌病
Disease,小儿睾丸扭转
Disease,子宫恶性中胚叶混合瘤
Disease,利德尔综合征
Disease,先天性短结肠
Disease,子宫颈平滑肌瘤
Disease,镰刀菌病
Disease,血管脂肪瘤
Disease,子宫颈肉瘤
Disease,子宫内翻
Disease,镰状细胞贫血眼部病变
Disease,亚急性坏死性脊髓炎
Disease,镰状细胞性肾病
Disease,坐骨疝
Disease,良性淋巴细胞血管炎和肉芽肿病
Disease,左心房心律
Disease,子宫内膜结核
Disease,良性颅内高压症
Disease,注意缺陷障碍
Disease,子宫内膜息肉
Disease,裂沟舌
Disease,阿洪病
Disease,子宫内膜异位
Disease,裂谷热
Disease,暴发性肝衰竭
Disease,裂头绦虫病
Disease,闭合性脊髓损伤
Disease,裂头蚴病
Disease,彼得异常
Disease,子宫平滑肌肉瘤
Disease,淋巴瘤样丘疹病
Disease,避孕后闭经综合征
Disease,紫癜性扁平苔藓
Disease,淋巴瘤样肉芽肿
Disease,猝死型冠心病
Disease,淋巴瘤引起的肾损害
Disease,淋巴细胞性脉络丛脑膜炎
Disease,自发性脑室内出血
Disease,肠系膜动脉瘤
Disease,淋球菌性腹膜炎
Disease,自发性气胸
Disease,肠子宫内膜异位
Disease,自律性房性心动过速
Disease,藏毛窦和藏毛囊肿
Disease,淋球菌性结膜炎
Disease,自然流产
Disease,肠道短路关节炎皮炎综合征
Disease,磷脂酰胆碱-胆固醇酰基转移酶缺乏
Disease,自身红细胞过敏性紫癜
Disease,流感嗜血杆菌肺炎
Disease,肠道息肉病
Disease,自身免疫性甲状腺疾病相关肾病
Disease,流感嗜血杆菌感染
Disease,肠系膜脂肪炎
Disease,自身免疫性胰腺炎
Disease,胆总管结石
Disease,流感嗜血杆菌脑膜炎
Disease,大肠腺瘤
Disease,自身免疫性孕酮性皮炎
Disease,自体敏感性湿疹
Disease,胆汁性腹膜炎
Disease,龙线虫病
Disease,毒瘾
Disease,纵隔非霍奇金恶性淋巴肿瘤
Disease,隆突性皮肤纤维肉瘤
Disease,纵隔非霍奇金淋巴瘤
Disease,骶骼筋膜脂肪疝
Disease,颅骨骨膜窦
Disease,纵隔副神经节起源的肿瘤
Disease,颅骨结核
Disease,α-贮存池病
Disease,纵隔霍奇金淋巴瘤
Disease,颅骨巨细胞瘤
Disease,纵隔畸胎瘤
Disease,沙漠疮
Disease,颅骨裂和有关畸形
Disease,颅后窝室管膜瘤
Disease,福克斯-阜太斯病
Disease,纵隔间叶源性肿瘤及其他肿瘤
Disease,颅后窝血肿
Disease,副乳乳腺癌
Disease,纵隔囊肿
Disease,颅内海绵状血管瘤
Disease,钩虫皮炎
Disease,纵隔囊肿及肿瘤
Disease,肝错构瘤
Disease,颅内黑色素瘤
Disease,纵隔疝
Disease,肛管癌
Disease,颅内畸胎瘤
Disease,化脓性甲沟炎
Disease,纵隔神经鞘源性肿瘤
Disease,颅内脊索瘤
Disease,回旋形线状鱼鳞病
Disease,纵隔肿瘤
Disease,蛔虫性肠梗阻
Disease,足穿通性损害
Disease,霍奇金病
Disease,颅内静脉窦闭塞性颅高压
Disease,足跟瘀斑
Disease,颅内静脉血栓形成
Disease,弹响肩胛
Disease,组织细胞吞噬性脂膜炎
Disease,颅内生殖细胞瘤
Disease,组织细胞纤维瘤
Disease,急性胆源性胰腺炎
Disease,颅内肿瘤
Disease,左后分支传导阻滞
Disease,克拉伯病
Disease,颅内肿瘤伴发的精神障碍
Disease,左前分支传导阻滞
Disease,溃疡病出血
Disease,颅内肿瘤性出血
Disease,鳞状毛囊角化病
Disease,铝尘肺
Disease,巴德-吉亚利综合征
Disease,铝骨病
Disease,绿猴病
Disease,氯气中毒
Disease,卵巢成熟畸胎瘤
Disease,罗阿丝虫病
Disease,左束支传导阻滞
Disease,卵巢恶性腹膜间皮瘤
Disease,良性脂肪母细胞瘤
Disease,老年甲状腺功能减退症
Disease,卵巢恶性中胚叶混合瘤
Disease,左束支中隔支传导阻滞
Disease,卵巢功能缺如综合征
Disease,左心室恶性施万瘤
Disease,卵巢功能异常综合征
Disease,坐骨神经盆腔出口狭窄症
Disease,狼疮肾炎
Disease,卵巢宫内膜样肿瘤
Disease,坐骨神经损伤
Disease,蓝痣
Disease,卵巢冠囊肿
Disease,Mirizzi综合征
Disease,卵巢过度刺激综合征
Disease,盲襻综合征
Disease,卵巢环管状性索肿瘤
Disease,尼兹诺夫综合征
Disease,巴贝虫病
Disease,卵巢黄体囊肿破裂
Disease,卵巢混合性生殖细胞-性索间质肿瘤
Disease,农药中毒所致的精神障碍
Disease,卵巢肌肉来源肿瘤
Disease,囊状淋巴管瘤
Disease,卵巢浆液性肿瘤
Disease,铍及其化合物引起的皮肤病
Disease,卵巢交界性肿瘤
Disease,卵巢颗粒细胞瘤
Disease,卵巢两性母细胞瘤
Disease,POEMS综合征
Disease,Alagille综合征
Disease,卵巢卵黄囊瘤
Disease,器械性食管损伤
Disease,情感性心境障碍
Disease,肩周炎
Disease,卵巢泡膜细胞瘤
Disease,水母皮炎
Disease,白睛溢血
Disease,四肢淋巴水肿
Disease,白痢
Disease,卵巢妊娠
Disease,白膜侵睛
Disease,卵巢透明细胞肿瘤
Disease,白秃疮
Disease,十二指肠炎
Disease,卵巢未成熟畸胎瘤
Disease,白屑风
Disease,十二指肠重复畸形
Disease,卵巢无性细胞瘤
Disease,白淫
Disease,史密斯骨折
Disease,卵巢纤维瘤
Disease,食管受压性吞咽困难
Disease,卵巢纤维瘤病
Disease,食管肉瘤
Disease,卵巢纤维组织来源肿瘤
Disease,胞痹
Disease,卵巢小细胞癌
Disease,食管蹼和食管环
Disease,胞生痰核
Disease,卵巢硬化性间质瘤
Disease,食管贲门黏膜撕裂综合征
Disease,暴痢
Disease,卵巢肿瘤
Disease,食管壁内憩室
Disease,暴泻
Disease,食管外压和牵拉
Disease,卵巢肿瘤破裂
Disease,背痈
Disease,沙雷菌肺炎
Disease,卵巢重度水肿
Disease,奔豚气
Disease,卵黄状黄斑营养不良
Disease,听力障碍
Disease,崩漏
Disease,卵泡囊肿
Disease,糖原贮积病
Disease,鼻疔
Disease,卵泡腺细胞增殖综合征
Disease,鼻鼽
Disease,特发性肺含铁血黄素沉着症
Disease,螺菌病
Disease,闭经性头痛
Disease,无机盐所致的皮肤病
Disease,瘰疬分枝杆菌感染
Disease,胃窦血管扩张症
Disease,瘰疬性皮肤结核病
Disease,痹证
Disease,稳定型心绞痛
Disease,瘰疬性苔藓
Disease,玻璃体疝
Disease,网状红斑萎缩性毛囊炎
Disease,洛博芽生菌病
Disease,先天性尺骨缺如
Disease,蚕豆病
Disease,先天性腓骨缺如
Disease,疟疾肾病
Disease,产后喘促
Disease,诺卡菌性巩膜炎
Disease,小儿洋地黄中毒
Disease,产后风
Disease,巯甲丙脯酸肾损害
Disease,小儿帕套综合征
Disease,产后痉症
Disease,乳房单纯囊肿
Disease,小肠扭转
Disease,产后劳伤
Disease,乳头溢液
Disease,小儿小颌畸形综合征
Disease,产后目病
Disease,须部假毛囊炎
Disease,乳腺导管扩张症
Disease,产后三冲
Disease,先天性食管憩室
Disease,产后三急
Disease,小儿先天性卵巢发育不全
Disease,乳腺囊性增生病
Disease,产后伤食
Disease,乙型病毒性肝炎
Disease,产后虚羸
Disease,乳腺腺病
Disease,中枢神经系统淋巴瘤
Disease,右室心肌梗死
Disease,产后血虚热
Disease,Machado-Joseph病
Disease,幽门螺杆菌感染
Disease,产后血瘀
Disease,Morton跖头痛
Disease,产褥中暑
Disease,麻痹性痴呆
Disease,颤证
Disease,麻风性葡萄膜炎
Disease,真菌性心包炎
Disease,麻风性周围神经病
Disease,肠风
Disease,真菌性巩膜炎
Disease,麻疹样红斑
Disease,肠结
Disease,马尔尼菲青霉病
Disease,肠郁
Disease,马方综合征
Disease,常染色体隐性遗传性脑动脉病伴白质脑病
Disease,马拉色菌病
Disease,巴西紫热
Disease,潮热
Disease,脉络丛乳头状瘤
Disease,成人肥大性幽门狭窄
Disease,赤白游风
Disease,脉络膜出血
Disease,多乳房
Disease,脉络膜骨瘤
Disease,赤痢
Disease,低钾血症肾病
Disease,赤脉传睛
Disease,脉络膜脱离
Disease,非ST段抬高心肌梗死
Disease,赤脉贯布
Disease,脉络膜脱离型视网膜脱离
Disease,脉络膜新生血管
Disease,赤膜下垂
Disease,肝脏疾病所致贫血
Disease,脉络膜血管瘤
Disease,赤丝虬脉
Disease,高颅压性脑积水
Disease,螨皮炎
Disease,赤游丹
Disease,急性蜂窝织炎
Disease,虫臌
Disease,脊膜瘤
Disease,虫积
Disease,急性视网膜坏死综合征
Disease,虫证
Disease,喘证
Disease,慢性创伤性滑囊炎
Disease,疮疡
Disease,慢性颈部软组织损伤
Disease,免疫缺陷性肺炎
Disease,大肠湿热
Disease,慢性酒中毒
Disease,小儿尿路感染
Disease,大头瘟
Disease,小儿肾性氨基酸尿症
Disease,带下病
Disease,慢性卡他性结膜炎
Disease,原发性阿米巴脑膜脑炎
Disease,慢性溃疡性非肉芽肿性空肠回肠炎
Disease,丹痧
Disease,阿克森费尔德-里格尔综合征
Disease,胆咳
Disease,慢性劳损性腰背痛
Disease,Austin型幼儿脑硫脂病
Disease,胆热
Disease,慢性盆腔炎
Disease,阿司匹林诱发哮喘
Disease,慢性肾性贫血
Disease,慢性腰部劳损
Disease,海绵状淋巴管瘤
Disease,胆石
Disease,慢性自身免疫性甲状腺炎
Disease,颈椎单侧及双侧小关节脱位
Disease,胆胀
Disease,脊髓血管畸形
Disease,慢性纵隔炎
Disease,癫病
Disease,酒精中毒性肌病
Disease,慢性阻塞性肺疾病
Disease,癫狂病
Disease,老年大便失禁
Disease,盲肠扭转
Disease,盲肠旁疝
Disease,肋骨骨髓炎
Disease,电脑病
Disease,疔疮
Disease,淋巴细胞性垂体炎
Disease,毒热侵肤
Disease,猫抓病
Disease,脑干胶质瘤
Disease,顿呛
Disease,偏执狂
Disease,毛孢子菌病
Disease,恶寒发热
Disease,帕金森病性痴呆
Disease,毛滴虫病
Disease,Stargardt病
Disease,毛根鞘癌
Disease,儿童顿咳
Disease,毛霉病
Disease,耳疮
Disease,毛母质瘤
Disease,毛囊角化病
Disease,三叉神经营养性损害
Disease,毛囊瘤
Disease,糖代谢异常伴发的精神障碍
Disease,毛囊漏斗肿瘤
Disease,耳疔
Disease,奥迪括约肌功能异常
Disease,新生儿巨细胞病毒感染
Disease,耳疖
Disease,毛囊脓疱病
Disease,小儿脑性瘫痪
Disease,毛囊皮脂腺囊性错构瘤
Disease,耳痈
Disease,症状性癫痫综合征
Disease,反社会人格障碍
Disease,镇痛剂肾病
Disease,毛囊性黏蛋白病
Disease,反射性神经障碍症
Disease,毛囊性鱼鳞病
Disease,周围动脉栓塞
Disease,房事头疼症
Disease,多发性脑膜瘤
Disease,飞扬喉
Disease,高眼压症
Disease,肥疮
Disease,急性腮腺炎性睾丸炎
Disease,肥气
Disease,克雷白杆菌属感染
Disease,嘧啶5′-核苷酸缺乏症
Disease,毛囊周围纤维瘤
Disease,维生素D缺乏病
Disease,肺闭喘咳
Disease,毛盘瘤
Disease,维生素E缺乏神经病
Disease,肺风粉刺
Disease,毛胚细胞瘤
Disease,新生儿发热
Disease,肺咳
Disease,血卟啉病性周围神经病
Disease,毛鞘棘皮瘤
Disease,肺络张
Disease,下丘脑综合征
Disease,毛细淋巴管瘤
Disease,显微镜下多血管炎
Disease,毛细血管或静脉血栓形成
Disease,肺气虚
Disease,缢死
Disease,肺热咳嗽
Disease,毛细血管扩张性共济失调综合征
Disease,百草枯中毒
Disease,肺功能衰竭
Disease,毛细血管扩张性环状紫癜
Disease,复孔绦虫病
Disease,肺衰
Disease,毛圆线虫病
Disease,鞍结节脑膜瘤
Disease,肺痿
Disease,毛状白斑
Disease,过敏性紫癜肾炎
Disease,肺胀
Disease,梅毒性巩膜炎
Disease,获得性血友病
Disease,梅毒性骨软骨炎
Disease,女性性高潮障碍
Disease,风痹
Disease,梅毒性关节炎
Disease,脾良性肿瘤
Disease,风寒犯肺
Disease,梅毒性角膜病变
Disease,葡萄状肉瘤
Disease,风寒感冒
Disease,梅毒性葡萄膜炎
Disease,失盐性肾炎
Disease,风寒头痛
Disease,梅克尔细胞癌
Disease,维斯科特-奥尔德里奇综合征
Disease,风轮赤豆
Disease,梅勒尼坏疽
Disease,遗传性蛋白C缺陷症
Disease,风轮湿热
Disease,梅尼埃病
Disease,小儿过敏性紫癜
Disease,风秘
Disease,湄公血吸虫病
Disease,血管内大B细胞淋巴瘤
Disease,风牵偏视
Disease,门静脉高压性胃病
Disease,新生儿持续性肺动脉高压
Disease,风热疮
Disease,门静脉血栓形成
Disease,风热犯肺
Disease,门脉高压性肠病
Disease,新生儿肾静脉血栓
Disease,风热感冒
Disease,弥漫性空回肠溃疡
Disease,风热头痛
Disease,异尖线虫病
Disease,弥漫性食管壁内憩室
Disease,左房恶性黏液瘤
Disease,弥漫性掌跖角化病
Disease,多发性骨骺发育不良
Disease,风搔痒
Disease,米氏链球菌肺炎
Disease,多发性肌炎和皮肌炎伴发的精神障碍
Disease,泌尿道肿瘤
Disease,风温
Disease,泌尿道肿瘤皮肤转移
Disease,混合瘤
Disease,肤胀
Disease,泌尿生殖系阿米巴病
Disease,巨细胞动脉炎和风湿性多肌痛
Disease,伏梁
Disease,泌尿生殖系滴虫病
Disease,结节性多动脉炎伴发的葡萄膜炎
Disease,伏暑
Disease,泌尿生殖系放线菌病
Disease,皮肤颌口虫病
Disease,妇女咳嗽性遗尿
Disease,泌尿生殖系棘球蚴病
Disease,艾滋病神经系统损害
Disease,泌尿生殖系血吸虫病
Disease,瑞尔黑变病
Disease,泌尿生殖系真菌病
Disease,痛风性心肌病
Disease,泌尿生殖系支原体感染
Disease,复发性多软骨炎性
Disease,血清病和血清病样反应
Disease,干槽症
Disease,棉尘肺
Disease,原发性皮肤B细胞淋巴瘤
Disease,干血痨
Disease,药物或化学物质所致的色素沉着
Disease,面部播散性粟粒状狼疮
Disease,肝胆湿热
Disease,重金属中毒性肾病
Disease,面部脓皮病
Disease,肝风内动证
Disease,癌肿性关节炎
Disease,肝火犯肺
Disease,动脉阻塞或狭窄视网膜病变
Disease,面部偏侧萎缩
Disease,肝火上炎证
Disease,肺并殖吸虫病
Disease,肝火眩晕
Disease,肺孢子丝菌病
Disease,肝厥
Disease,继发于无晶状体眼和人工晶状体眼的青光眼
Disease,面部肉芽肿
Disease,肝咳
Disease,面肌抽搐
Disease,肝热病
Disease,慢性萎缩性肢皮炎
Disease,面颈部毛囊性红斑黑变病
Disease,肝胃不和
Disease,食管梅毒
Disease,肝瘟
Disease,面瘫唇肿裂纹舌综合征
Disease,梭形细胞血管内皮细胞瘤
Disease,外伤性硬膜下积液
Disease,摩擦黑变病
Disease,胸内甲状腺肿
Disease,肝血虚证
Disease,摩擦性苔藓样疹
Disease,心脏横纹肌瘤
Disease,肝炎
Disease,摩根菌肺炎
Disease,肝阳上亢
Disease,幼儿急疹
Disease,木村网状肢端色素沉着
Disease,永存原始玻璃体增生症
Disease,肝著
Disease,原卟啉病
Disease,肛廔
Disease,赖特综合征性巩膜炎
Disease,原藻病
Disease,骨膜炎
Disease,内分泌性肌病
Disease,纵隔气肿
Disease,骨蒸
Disease,椎动脉创伤性栓塞
Disease,鼓胀
Disease,内脏利什曼病
Disease,瓜藤缠
Disease,内脏血吸虫炎
Disease,关格
Disease,假性动脉瘤
Disease,东方马型脑炎
Disease,男假两性畸形
Disease,腘动脉损伤
Disease,呃逆
Disease,男性青春期乳房发育
Disease,腘肌肌腱炎
Disease,耳湿疹
Disease,男性性早熟
Disease,腘动脉陷迫综合征
Disease,黄斑裂孔性视网膜脱离
Disease,男子雄激素源性秃发
Disease,过敏性眼睑皮肤炎
Disease,脊柱裂和有关畸形
Disease,脊疳
Disease,脊髓型颈椎病
Disease,难治性心力衰竭
Disease,寒痹
Disease,颅骨骨瘤
Disease,寒湿困脾
Disease,颅狭症
Disease,脑干损伤
Disease,寒湿泄泻
Disease,脑猪囊尾蚴病
Disease,脑干肿瘤
Disease,寒饮咳嗽
Disease,脑膜癌病
Disease,脑回状颅皮
Disease,脑膜炎球菌性脑膜炎
Disease,丘疹坏死性结核疹
Disease,脑膜炎球菌血症
Disease,外伤后颈内动脉闭塞
Disease,脑膨出和脑脊膜膨出
Disease,新生儿弥散性血管内凝血
Disease,脑桥中央髓鞘溶解症
Disease,寒滞肝脉证
Disease,中间葡萄膜炎
Disease,脑缺血性疾病
Disease,汗证
Disease,尿道结核
Disease,膀胱脱垂
Disease,红蝴蝶疮
Disease,脑外伤后综合征
Disease,肾上腺髓质增生
Disease,喉痹
Disease,喉疮
Disease,肾周围炎
Disease,脑型疟疾
Disease,喉喑
Disease,脑型血吸虫病
Disease,烟酸缺乏
Disease,尼曼-皮克病
Disease,I型糖尿病
Disease,泥螺-日光性皮炎
Disease,喉痈
Disease,黏多糖贮积症
Disease,狐惑
Disease,黏多糖贮积症Ⅰ型
Disease,花柳病
Disease,黏多糖贮积症Ⅱ型
Disease,花翳自陷
Disease,黏多糖贮积症Ⅲ型
Disease,滑膜炎、痤疮、脓疱病、骨肥厚、骨髓炎综合
Disease,黏多糖贮积症Ⅳ型
Disease,A链球菌群感染
Disease,化脓性角膜炎
Disease,黏多糖贮积症Ⅴ型
Disease,环跳疽
Disease,肛周肿瘤
Disease,黏多糖贮积症Ⅵ型
Disease,黄水疮
Disease,股动脉瘤
Disease,黏多糖贮积症Ⅶ型
Disease,黄体功能不全性不孕
Disease,纳尔逊综合征
Disease,蛲虫性阴道炎
Disease,回乳
Disease,黏多糖贮积症Ⅷ型
Disease,柞蚕蛹脑病
Disease,变性近视的脉络膜萎缩
Disease,哕
Disease,感染性急性小管间质性肾炎
Disease,黏膜白斑
Disease,混合痔
Disease,混睛帐
Disease,黏膜白色海绵状痣
Disease,火眼
Disease,黏膜相关样组织淋巴瘤
Disease,肱骨髁间骨折
Disease,积聚
Disease,黏液纤维肉瘤
Disease,骨神经鞘瘤
Disease,黏液性小汗腺癌
Disease,积滞
Disease,肱骨远端全骨骺分离
Disease,急喉风
Disease,骨髓-胰腺综合征
Disease,急黄
Disease,踝部急性韧带损伤
Disease,急淋
Disease,腹腔妊娠
Disease,棘间韧带损伤
Disease,棘突骨折
Disease,黏脂贮积症Ⅰ型
Disease,棘突滑囊炎
Disease,脊髓蛛网膜炎
Disease,黏脂贮积症Ⅱ型
Disease,脊髓火器伤
Disease,黏脂贮积症Ⅲ型
Disease,棘突压痛
Disease,桡骨干骨折
Disease,黏脂贮积症Ⅳ型
Disease,脊髓灰质炎后遗症
Disease,念珠菌病
Disease,热带痉挛性轻截瘫
Disease,脊椎骨质增生
Disease,念珠状发
Disease,同种免疫性新生儿血小板减少性紫癜
Disease,脊椎外伤
Disease,念珠状红苔藓
Disease,夹色伤寒
Disease,鸟枪弹样视网膜脉络膜病变
Disease,胸椎椎管狭窄症
Disease,夹阴伤寒
Disease,尿道旁腺癌
Disease,眼眶肌炎
Disease,间质膀胱炎局限外阴炎和脱屑性阴道炎综合征
Disease,尿道憩室
Disease,跖骨头骨软骨病
Disease,煎厥
Disease,尿道缺如及先天性尿道闭锁
Disease,椎管内脊膜瘤
Disease,睑板腺囊肿
Disease,尿道肉阜
Disease,闭合性气胸
Disease,第1跖趾骨关节炎
Disease,鼻疽
Disease,尿毒症性心包炎
Disease,交肠
Disease,贝壳甲综合征
Disease,尿毒症性心肌病
Disease,电击伤所致脊髓病
Disease,椒疮
Disease,尿黑酸尿与褐黄病
Disease,喉部钝挫伤
Disease,镍皮炎
Disease,急性失血性贫血
Disease,角膜葡萄肿
Disease,牛痘
Disease,节育手术并发症
Disease,血影细胞性青光眼
Disease,牛痘样水疱病
Disease,口腔结核性溃疡
Disease,电灼伤
Disease,农民肺
Disease,结胸证
Disease,热性嗜中性白细胞皮肤病
Disease,金疮
Disease,农药中毒性肾病
Disease,小儿砷中毒
Disease,脓毒症和菌血症
Disease,眼酸碱化学伤
Disease,筋痹
Disease,脓疱病
Disease,女性的青春期延迟
Disease,筋骨懈堕
Disease,急性放射性甲状腺炎
Disease,女性生殖道多部位原发癌
Disease,筋瘤
Disease,夏季皮炎
Disease,女性性早熟
Disease,筋痿
Disease,长Q-T间期综合征
Disease,Poncet综合征
Disease,进行性脊肌萎缩症
Disease,恶性黑素瘤
Disease,PUVA雀斑样痣
Disease,浸淫疮
Disease,腹膜假黏液瘤
Disease,膀胱不发育与发育不全
Disease,噤口痢
Disease,颈部纤维瘤
Disease,膀胱结核
Disease,经行发热
Disease,膀胱平滑肌瘤
Disease,经行流涎
Disease,膀胱平滑肌肉瘤
Disease,卡波西水痘样疹
Disease,经行尿感
Disease,膀胱葡萄状肉瘤
Disease,淋巴丝虫病
Disease,经行舌麻
Disease,膀胱憩室
Disease,经行头痛
Disease,膀胱上内疝
Disease,弥漫性筋膜炎
Disease,经行泄水
Disease,Pancoast综合征
Disease,膀胱嗜铬细胞瘤
Disease,惊风
Disease,外阴白化病
Disease,膀胱输尿管反流
Disease,阴茎结核
Disease,精瘀证
Disease,膀胱与尿道结石
Disease,α1-抗胰蛋白酶缺乏性脂膜炎
Disease,精子增多症
Disease,膀胱肿瘤
Disease,触电
Disease,痉病
Disease,贲门黏膜撕裂综合征
Disease,迪厄拉富瓦病
Disease,久疟
Disease,脯肽酶缺乏症
Disease,单纯性外阴阴道念珠菌病
Disease,久泄
Disease,盘尾丝虫病
Disease,宫颈复发癌
Disease,疱疹样皮炎
Disease,酒胀
Disease,复发性髌骨脱位
Disease,盆底腹膜疝
Disease,聚星障
Disease,宫颈腺癌
Disease,盆腔脓肿
Disease,厥脱
Disease,庚型病毒性肝炎
Disease,皮肤B细胞淋巴样结节型增生
Disease,厥阴头痛
Disease,急性纵隔炎
Disease,皮肤T细胞淋巴样增生
Disease,厥证
Disease,皮肤阿米巴病
Disease,皲裂疮
Disease,急性共同性斜视
Disease,皮肤白细胞破碎性血管炎
Disease,皮肤白血病
Disease,考后综合症
Disease,老年性紫癜
Disease,皮肤卟啉病
Disease,客忤
Disease,盆腔炎性肿块
Disease,皮肤穿入性毛囊和毛囊周角化病
Disease,口糜
Disease,盆腔结缔组织炎
Disease,皮肤恶性黑色素瘤
Disease,口腔粘膜病
Disease,前置血管
Disease,口腔粘膜黑棘皮病
Disease,皮肤发育不良
Disease,皮肤弓形体病
Disease,妊娠瘙痒性荨麻疹性丘疹及斑块病
Disease,口周湿疹
Disease,皮肤骨瘤
Disease,妊娠合并特发性血小板减少性紫癜
Disease,苦夏
Disease,皮肤骨髓纤维化
Disease,胎死宫内
Disease,狂病
Disease,皮肤利什曼病
Disease,痨瘵
Disease,皮肤淋巴肉芽肿病
Disease,痛性肥胖病
Disease,老年人原发性恶性高血压引起的恶性小动脉肾
Disease,皮肤淋巴细胞浸润症
Disease,雷头风
Disease,皮肤淋巴细胞瘤
Disease,外阴-阴道-牙龈综合征
Disease,肋间神经痛
Disease,先天性无转铁蛋白血症
Disease,月经过多
Disease,离位皮炎
Disease,皮肤黏膜淋巴结综合征
Disease,黧黑斑
Disease,阴道横纹肌肉瘤
Disease,皮肤黏液瘤
Disease,臁疮
Disease,多胎妊娠
Disease,凉燥
Disease,弓形体病
Disease,皮肤软骨瘤
Disease,皮下裂头蚴病
Disease,皮肤瘙痒症
Disease,淋证
Disease,皮肤神经瘤
Disease,流痰
Disease,流注
Disease,皮肤丝虫病
Disease,六瘤
Disease,皮肤松垂
Disease,流感病毒肺炎
Disease,癃闭
Disease,皮肤炭疽
Disease,偻附
Disease,肠瘘
Disease,皮肤纤毛囊肿
Disease,颅脑先天畸形
Disease,挛痹
Disease,楚尔盖分枝杆菌感染
Disease,皮肤纤维瘤
Disease,急性肠系膜淋巴结炎
Disease,瘰疬
Disease,皮肤腺样囊性癌
Disease,朗格汉斯组织细胞增多症
Disease,皮肤行为症
Disease,水蛭咬伤
Disease,皮肤癣菌病
Disease,维生素B1缺乏症
Disease,皮肤蝇蛆病
Disease,维生素A缺乏神经病
Disease,皮肤幼虫移行症
Disease,马牙
Disease,小儿马方综合征
Disease,皮肤猪囊尾蚴病
Disease,蚂蚁叮咬
Disease,皮肤子宫内膜异位症
Disease,自发性腹膜后出血或血肿
Disease,皮角
Disease,瘢痕性脱发
Disease,脉痹
Disease,皮克病
Disease,表皮内嗜中性IgA皮肤病
Disease,脉痿
Disease,皮克病性痴呆
Disease,包茎
Disease,脉溢
Disease,皮下T细胞淋巴瘤
Disease,纯红细胞再生障碍
Disease,慢惊风
Disease,皮下脂肪肉芽肿
Disease,蚕食性角膜溃疡
Disease,慢脾风
Disease,皮下脂膜炎性T细胞淋巴瘤
Disease,低增生性急性白血病
Disease,慢性肝炎
Disease,单纯疱疹性脑炎
Disease,皮样表皮样囊肿
Disease,汞及其化合物引起的皮肤病
Disease,皮脂缺乏症
Disease,慢性咳嗽
Disease,化脓性食管炎
Disease,皮脂腺癌
Disease,慢性疲劳综合症
Disease,虹膜色素痣
Disease,猫眼疮
Disease,皮脂腺腺瘤
Disease,急性腰背部扭伤
Disease,瞀瘛
Disease,睑皮松垂症
Disease,梅核气
Disease,畸胎瘤
Disease,猛兽伤
Disease,面游风
Disease,皮脂腺增生
Disease,明癣
Disease,脾动脉瘤
Disease,淋球菌感染
Disease,目病
Disease,脾囊肿
Disease,内热
Disease,脾脓肿
Disease,流行性角膜结膜炎
Disease,内伤发热
Disease,脾脏转移性肿瘤
Disease,阿米巴结肠炎
Disease,奶麻
Disease,片吸虫病
Disease,匐行性脉络膜萎缩
Disease,男科外伤
Disease,沙眼衣原体肺炎
Disease,囊痈
Disease,胼胝
Disease,脑胶质瘤
Disease,视网膜毛细血管血管瘤
Disease,视网膜后膜
Disease,脑痨
Disease,视网膜下纤维化和葡萄膜炎综合征
Disease,胼胝体进行性变性
Disease,特发性青春期延迟
Disease,品他病
Disease,品行障碍
Disease,隐性脊柱裂
Disease,脑鸣
Disease,平底足
Disease,眼眶骨肉瘤
Disease,脑萎
Disease,平滑肌肉瘤
Disease,原发性输卵管癌
Disease,尿毒症昏迷
Disease,蹼状阴茎
Disease,眼部毛细血管瘤
Disease,尿精
Disease,先天性膀胱颈挛缩
Disease,眼睑恶性黑色素细胞肿瘤
Disease,颞骨和下颔骨关节异常
Disease,寇热
Disease,阿-斯综合征
Disease,脓包疮
Disease,真菌性尿路感染
Disease,脓窠疮
Disease,槭糖尿病
Disease,耳廓软骨膜炎
Disease,胬肉攀睛
Disease,慢性反流性肾病
Disease,漆所致皮肤病
Disease,女劳疸
Disease,猴痘
Disease,其他病毒肺炎
Disease,女子梦交
Disease,喉上神经损伤
Disease,其他弧菌感染
Disease,Pasini-Pierni进行性皮肤萎缩
Disease,急性髌骨脱位
Disease,其他晶体性关节病
Disease,膀胱咳
Disease,其他类精神活性物质依赖
Disease,急性后部多灶性鳞状色素上皮病变
Disease,甲状舌管囊肿
Disease,其他沙门菌感染
Disease,奇孔古尼亚病毒性疾病
Disease,急性坏死出血性脑脊髓炎
Disease,脐部脐肠系膜管息肉
Disease,链球菌中毒性休克综合征
Disease,脐尿管囊肿
Disease,膀胱气痛
Disease,弥漫性胸膜间皮瘤
Disease,脐疝
Disease,盆腔炎症性不孕症
Disease,脐炎
Disease,皮痹
Disease,慢性腰背痛
Disease,起搏器综合征
Disease,皮肤病
Disease,浅表性皮肤脂肪瘤痣
Disease,气单胞菌肺炎
Disease,脾疳
Disease,气管及支气管发育障碍
Disease,卫氏并殖吸虫病
Disease,气管梗阻
Disease,脾劳
Disease,先天性后尿道瘘
Disease,气管前间隙感染
Disease,脾水
Disease,先天性长结肠
Disease,气管食管瘘
Disease,烟酸缺乏神经病
Disease,脾虚泄泻
Disease,气性膀胱炎
Disease,脾约
Disease,咽后间隙感染
Disease,髂骨取骨后盆侧腹壁疝
Disease,痞满
Disease,咽食管憩室
Disease,痞气
Disease,变应性皮肤结节性血管炎
Disease,睥翻粘睑
Disease,单发脑梗死性痴呆
Disease,髂骨致密性骨炎
Disease,匐行穿孔性弹性组织变性
Disease,千足虫灼伤
Disease,环咽肌失弛缓症
Disease,前臂动脉损伤
Disease,褐黄病
Disease,前骨间神经卡压综合征
Disease,黑舌
Disease,偏沮
Disease,甲氨蝶呤相关的淋巴增殖性疾病
Disease,前列腺囊肿
Disease,干呕
Disease,功能失调性子宫出血病
Disease,口角炎
Disease,漆疮
Disease,口腔毛滴虫病
Disease,气腹痛
Disease,口腔菜花状乳头瘤病
Disease,前列腺脓肿
Disease,气臌
Disease,口腔灶性上皮增生
Disease,前列腺肉瘤
Disease,气痢
Disease,颏下皮样囊肿
Disease,前十字韧带损伤
Disease,气瘤
Disease,前庭大腺癌
Disease,眶周色素沉着
Disease,前庭大腺囊肿
Disease,气秘
Disease,膜性肾病
Disease,前纵韧带骨化症
Disease,气疝
Disease,牙源性皮瘘
Disease,气虚眩晕
Disease,下颈椎不稳症
Disease,气瘿
Disease,颜面复发性皮炎
Disease,钱币状湿疹
Disease,气胀
Disease,淤积性皮炎
Disease,钱币状掌跖角化病
Disease,憩室病
Disease,埃利希体病
Disease,浅部急性淋巴结炎和淋巴管炎
Disease,千日疮
Disease,包涵体肌炎与遗传性包涵体肌病
Disease,嵌顿性腹股沟斜疝
Disease,嵌顿包茎
Disease,布氏杆菌红斑
Disease,腔隙性脑梗死
Disease,情感性交叉擦腿症
Disease,强直性脊柱炎性巩膜炎
Disease,秋燥
Disease,侵袭性婴儿纤维瘤病
Disease,胞内分枝杆菌感染
Disease,癔病性昏厥
Disease,热痹
Disease,传染性淋巴细胞增多症
Disease,热毒冲心
Disease,青春期发育迟缓
Disease,单纯性雀斑样痣
Disease,青春期功能失调性子宫出血
Disease,热汗
Disease,带状疱疹病毒性巩膜炎
Disease,青春期功能失调性子宫出血病
Disease,热咳
Disease,等孢球虫病
Disease,热秘
Disease,热入血室
Disease,单纯疱疹病毒性巩膜炎
Disease,青年人中的成年发病型糖尿病
Disease,非01霍乱弧菌肠炎
Disease,热伤风
Disease,青年上肢远端肌萎缩
Disease,热射病
Disease,钩端螺旋体病的肾损害
Disease,青年心肌梗死
Disease,热哮
Disease,回归热型结节性非化脓性脂膜炎
Disease,青年性驼背
Disease,热中
Disease,黄韧带骨化症
Disease,青少年及小儿卵巢肿瘤
Disease,妊娠恶阻
Disease,间插血吸虫病
Disease,青少年及小儿阴道肉瘤
Disease,妊娠热病
Disease,阿尔茨海默病性痴呆
Disease,青少年及小儿阴道透明细胞癌
Disease,肉痹
Disease,类鼻疽杆菌肺炎
Disease,青少年及小儿子宫颈癌
Disease,肉痉
Disease,丘疹性荨麻疹
Disease,肉瘿
Disease,囊性肾病
Disease,乳发
Disease,性功能异常伴发的精神障碍
Disease,乳痨
Disease,丘疹性血管增生
Disease,职业性痤疮
Disease,乳疬
Disease,丘疹紫癜性手套和短袜样综合征
Disease,软纤维瘤
Disease,乳泣
Disease,曲霉病
Disease,散发性甲状腺肿
Disease,乳痈
Disease,曲霉球
Disease,水痘-带状疱疹性葡萄膜炎
Disease,蓐劳
Disease,躯体感染伴发的精神障碍
Disease,鼠疫耶尔森菌肺炎
Disease,三痹
Disease,全身性发疹性组织细胞增生症
Disease,全身脂肪代谢障碍
Disease,三焦咳
Disease,缺血性多形性室性心动过速
Disease,投掷骨折
Disease,色厥色脱
Disease,Reis-Bucklers角膜营养不良
Disease,退变性骶髂关节炎
Disease,色素斑
Disease,Rh血型不合溶血病
Disease,结核性心包炎
Disease,色欲伤
Disease,诺卡菌病
Disease,花粉过敏性哮喘
Disease,痧气
Disease,染色体异常
Disease,旋前圆肌综合征
Disease,痧子
Disease,染色体异常伴发的精神障碍
Disease,伤风
Disease,桡骨茎突骨折
Disease,伤食泄泻
Disease,光化性角化病
Disease,桡骨头骨折
Disease,新生儿ABO溶血病
Disease,桡管综合征
Disease,少腹如扇
Disease,桡神经感觉支卡压
Disease,分离性垂直偏斜
Disease,神昏
Disease,芽生菌病样脓皮病
Disease,热带性出汗不良
Disease,神思间病
Disease,热带性口炎性腹泻
Disease,肾疳
Disease,人格解体-现实解体综合征
Disease,多形性脂肪瘤
Disease,肾精亏虚
Disease,人类T淋巴细胞病毒感染
Disease,羊膜带综合征
Disease,肾咳
Disease,人类免疫缺陷病毒所致葡萄膜炎
Disease,斑疹伤寒立克次体肺炎
Disease,肾气不固
Disease,人免疫缺陷病毒感染性肾损害
Disease,隐翅虫皮炎
Disease,肾虚耳鸣
Disease,人疱疹病毒-6型感染
Disease,白发
Disease,肾虚眩晕
Disease,人为性皮炎
Disease,张力性气胸
Disease,肾虚腰痛
Disease,自主性高功能性甲状腺腺瘤
Disease,肾痈
Disease,制药业引起的皮肤病
Disease,升主动脉瘤
Disease,蜂窝肺综合征
Disease,人为脂膜炎
Disease,尸厥
Disease,妊娠高血压综合征
Disease,急性女阴溃疡
Disease,失荣
Disease,接合菌病
Disease,妊娠高血压综合征眼底病变
Disease,湿痹
Disease,毛囊周角化病
Disease,妊娠合并白血病
Disease,湿毒疮
Disease,麻疹病毒肺炎
Disease,妊娠合并癫痫
Disease,湿热病
Disease,女性膀胱颈梗阻
Disease,妊娠合并动脉导管未闭
Disease,湿热痢
Disease,妊娠合并多囊肾
Disease,扭转痉挛
Disease,佩吉特病样网状细胞增生症
Disease,湿热蕴脾
Disease,湿阻
Disease,妊娠合并肺炎
Disease,全身黏液性水肿
Disease,石油、煤焦油及其分馏产物所致的皮肤病
Disease,妊娠合并风湿性心脏病
Disease,脂质沉积性肌病
Disease,实喘
Disease,妊娠合并肝硬化
Disease,湿疹样癌
Disease,食管痹
Disease,妊娠合并红细胞增多症
Disease,色素性青光眼
Disease,妊娠合并急性膀胱炎
Disease,食积胃病
Disease,霜样树枝状视网膜血管炎
Disease,食瘕
Disease,叶酸缺乏神经病
Disease,妊娠合并急性胆囊炎
Disease,食滞胃脘主证
Disease,药物性食管炎
Disease,视网膜脱落
Disease,妊娠合并急性阑尾炎
Disease,梅毒肾病
Disease,视瞻昏渺
Disease,妊娠合并急性肾小球肾炎
Disease,癫痫持续状态
Disease,妊娠合并急性肾盂肾炎
Disease,兽咬伤
Disease,苯丙酮尿症
Disease,妊娠合并急性胰腺炎
Disease,输卵管积水
Disease,高原性心脏病
Disease,妊娠合并甲状旁腺功能亢进
Disease,输卵管结扎术后并发症
Disease,急性卵巢、输卵管自身扭转
Disease,输卵管阻塞性不孕
Disease,妊娠合并甲状腺功能减退
Disease,暑湿
Disease,妊娠合并甲状腺功能亢进
Disease,麦格综合征
Disease,暑瘵
Disease,妊娠合并巨幼红细胞性贫血
Disease,鼠咬伤
Disease,妊娠合并类风湿关节炎
Disease,水臌
Disease,慢性膀胱炎
Disease,孟氏骨折
Disease,水疥
Disease,妊娠合并淋巴瘤
Disease,水疝
Disease,膜迷路积水
Disease,妊娠合并卵巢肿瘤
Disease,水肿
Disease,Nezelot综合征
Disease,妊娠合并慢性肾上腺皮质功能减退
Disease,水渍疮
Disease,慢性劳损性颈背部筋膜纤维织炎
Disease,妊娠合并慢性肾小球肾炎
Disease,妊娠合并尿石症
Disease,小儿急性淋巴细胞性白血病
Disease,四肢不用
Disease,妊娠合并皮质醇增多症
Disease,宿醉
Disease,妊娠合并偏头痛
Disease,粟疮
Disease,锁喉毒
Disease,妊娠合并缺铁性贫血
Disease,锁喉痈
Disease,妊娠合并肾病综合征
Disease,胎赤
Disease,妊娠合并系统性红斑狼疮
Disease,胎毒
Disease,妊娠合并消化性溃疡
Disease,胎肥
Disease,胎漏
Disease,妊娠合并哮喘
Disease,小儿精神发育迟缓
Disease,胎盘部分残留
Disease,妊娠合并心房间隔缺损
Disease,颞动脉炎
Disease,胎热
Disease,妊娠合并心室间隔缺损
Disease,小儿急性中毒
Disease,胎死不下
Disease,妊娠合并血栓性疾病
Disease,小儿肺炎链球菌肺炎
Disease,妊娠合并血栓性血小板减少性紫癜
Disease,先天性风疹综合征
Disease,妊娠合并硬皮病
Disease,胸主动脉瘤
Disease,妊娠合并原发性高血压
Disease,先天性非溶血性黄疸
Disease,心房心肌梗死
Disease,心脏黏液瘤
Disease,心室静止
Disease,胎萎不长
Disease,自发性蛛网膜下腔出血
Disease,主动脉肠道瘘
Disease,Bazin硬红斑
Disease,太阳病
Disease,肠系膜囊肿
Disease,胆固醇肺炎
Disease,太阳中风
Disease,反社会人格障碍(病态人格)
Disease,痰毒
Disease,妊娠合并再生障碍性贫血
Disease,横结肠扭转
Disease,痰火
Disease,妊娠合并重症肌无力
Disease,妊娠合并子宫肌瘤
Disease,家族性进行性色素沉着
Disease,妊娠合并自身免疫性溶血性贫血
Disease,痰火扰心
Disease,克罗恩病关节炎
Disease,妊娠呕吐
Disease,痰积
Disease,弥漫性特发性骨肥厚
Disease,痰厥
Disease,妊娠疱疹
Disease,毛细胞白血病
Disease,癌性疼痛
Disease,妊娠期肝内胆汁淤积症
Disease,急性间歇性卟啉病
Disease,痰热咳嗽
Disease,妊娠期肝血肿及破裂
Disease,脚气病性心脏病
Disease,痰湿阻肺
Disease,妊娠期急性肾功能衰竭
Disease,原发性阴道恶性淋巴瘤
Disease,妊娠期急性脂肪肝
Disease,急性侵袭型肺曲霉病
Disease,妊娠期甲状腺功能亢进
Disease,耻骨炎
Disease,痰饮
Disease,妊娠期糖尿病
Disease,钴及其化合物引起的皮肤病
Disease,痰浊头痛
Disease,妊娠舞蹈病
Disease,妊娠性急性阑尾炎
Disease,脊髓梅毒
Disease,妊娠性哮喘
Disease,畸形性吞咽困难
Disease,进行性面偏侧萎缩症
Disease,妊娠性心肌梗死
Disease,软骨外胚层发育不全
Disease,妊娠痒疹
Disease,膝关节内侧副韧带断裂
Disease,日本血吸虫病
Disease,痰浊眩晕
Disease,腰疝
Disease,体质性低血压
Disease,日光皮炎
Disease,眼眶横纹肌肉瘤
Disease,日光性雀斑样痣
Disease,天疤疮
Disease,椎管内神经鞘瘤
Disease,肉孢子虫病
Disease,天柱倒
Disease,心脏神经症
Disease,肉瘤皮肤转移
Disease,聤耳
Disease,肉芽肿性唇炎
Disease,头风病
Disease,小儿抽动秽语综合征
Disease,肉芽肿性前列腺炎
Disease,吐失
Disease,肉芽肿性松弛皮肤
Disease,团癣
Disease,心室扑动和心室颤动
Disease,蠕形螨病
Disease,退行性黄韧带肥厚
Disease,脱疽
Disease,脱囊
Disease,乳房导管内乳头状瘤
Disease,脱阳
Disease,乳房棘球蚴病
Disease,热带型肺嗜酸性粒细胞肺炎
Disease,啘
Disease,乳房结核
Disease,顽痹
Disease,十二指肠先天性狭窄
Disease,乳房缺少症
Disease,往来寒热
Disease,上斜肌腱鞘综合征
Disease,乳房神经纤维瘤
Disease,维生素Ａ缺乏症所致的角膜溃疡病
Disease,十二指肠外瘘
Disease,乳房湿疹
Disease,痿病
Disease,β受体亢进症
Disease,十二指肠结核
Disease,痿证
Disease,乳房丝虫病
Disease,胃肠积液
Disease,特发性息肉样脉络膜血管病变
Disease,乳房外湿疹样癌
Disease,胃型哮喘
Disease,乳糜尿
Disease,胃寒呕吐
Disease,胃神经纤维瘤
Disease,乳糜泻
Disease,胃纳呆滞
Disease,乳糜胸
Disease,胃憩室
Disease,温虐
Disease,胃平滑肌瘤
Disease,多形红斑样皮疹
Disease,温热
Disease,乳头内陷
Disease,胃溃疡
Disease,蚊子叮咬
Disease,无排卵性不孕症
Disease,胃结核
Disease,五迟
Disease,胃内隔膜
Disease,乳头侵蚀性腺瘤病
Disease,五更泄
Disease,乳头炎和乳晕炎
Disease,胃肠道间质瘤
Disease,五积
Disease,乳头状汗腺腺瘤
Disease,胃真菌病
Disease,五软
Disease,胃切除后吸收不良综合征
Disease,乳腺癌皮肤转移
Disease,温抗体型自身免疫性溶血性贫血
Disease,乳腺癌肉瘤
Disease,无睾症
Disease,乳腺错构瘤
Disease,五硬
Disease,尾骨骨折与脱位
Disease,乳腺纤维肉瘤
Disease,五脏痹
Disease,乳腺纤维腺瘤
Disease,吸烟中毒症
Disease,胃梅毒
Disease,乳腺叶状囊肉瘤
Disease,息贲
Disease,消散延迟性肺炎
Disease,息积
Disease,乳溢症
Disease,先天性巨尿道症
Disease,软骨样汗管瘤
Disease,膝关节骨性关节炎
Disease,小儿急性胆囊炎与胆管炎
Disease,软组织肉瘤
Disease,下消
Disease,瑞列绦虫病
Disease,夏季低热
Disease,下腰椎不稳症
Disease,失认症
Disease,心源性哮喘
Disease,夏季热
Disease,SARS的胃肠道感染
Disease,新生儿肛门和直肠畸形
Disease,先天性白细胞颗粒异常综合征
Disease,唇舌水肿及面瘫综合征
Disease,血吸虫尾蚴性皮炎
Disease,塞泽里综合征
Disease,希恩综合征
Disease,腮腺恶性肿瘤
Disease,先天性心脏病
Disease,心血管疾病伴发的精神障碍
Disease,项痹
Disease,散光
Disease,先天性拇内翻
Disease,桑毛虫皮炎
Disease,消中
Disease,色素性化妆品皮炎
Disease,血色病性骨关节病
Disease,小肠气痛
Disease,色素性静脉旁视网膜脉络膜萎缩
Disease,药物性心肌病
Disease,小肠实热
Disease,小肠虚寒
Disease,色素性口周红斑
Disease,营养不良性皮肤钙化病
Disease,小儿46-XY单纯性腺发育不全综合征
Disease,药物性呼吸衰竭
Disease,原发性腹膜炎
Disease,小儿疳渴
Disease,小儿疳痢
Disease,直肠脱垂直肠壁内疝
Disease,色素性紫癜性苔藓样皮病
Disease,小儿疳眼
Disease,低血糖
Disease,色素性紫癜性苔藓样皮炎
Disease,高温引起的溶血性贫血
Disease,上干型胸廓出口综合征
Disease,小儿发烧
Disease,上巩膜静脉压升高所致青光眼
Disease,近端肾小管性酸中毒
Disease,上气道梗阻
Disease,小儿格林巴利综合症
Disease,痛风和高尿酸血症
Disease,小儿黄水疮
Disease,小儿副流感病毒肺炎
Disease,小儿流涎症
Disease,上腔静脉综合征
Disease,小儿脓窠疮
Disease,小儿盘肠气痛
Disease,砷及其化合物引起的皮肤病
Disease,癌症伴发的精神障碍
Disease,小儿热疮
Disease,神经病性关节病
Disease,胸骨裂
Disease,小儿乳积
Disease,脑蛛网膜炎
Disease,小儿肾母细胞瘤
Disease,神经官能性表皮剥脱
Disease,脑棘球蚴病
Disease,小儿食积
Disease,神经内分泌肿瘤
Disease,脑静脉畸形
Disease,神经内分泌肿瘤皮肤转移
Disease,小儿暑温
Disease,神经鞘源性肿瘤
Disease,小儿头疖
Disease,脑膜肉瘤
Disease,小儿维生素B1缺乏病
Disease,神经系统结节病
Disease,小儿维生素B2缺乏病
Disease,神经系统先天性疾病
Disease,先天性前尿道瓣膜
Disease,小儿维生素B6缺乏病
Disease,胆道蛔虫病与肝蛔虫病
Disease,神经系统遗传病
Disease,胆道华支睾吸虫病
Disease,神经元蜡样脂褐质沉积症
Disease,胰腺囊腺瘤和囊腺癌
Disease,原发性直立性低血压
Disease,肾淀粉样变性
Disease,胰腺异位
Disease,小儿泄泻
Disease,肾动静脉瘘
Disease,胰多肽瘤
Disease,小儿眼外肌麻痹-视网膜色素变性-心脏传导
Disease,肾动脉栓塞
Disease,睾丸女性化
Disease,哮病
Disease,肾动脉狭窄
Disease,尿路软斑症
Disease,胁痛
Disease,肾动脉血栓形成和栓塞
Disease,肾错构瘤
Disease,蟹睛
Disease,肾积脓
Disease,心瘅
Disease,肾母细胞瘤
Disease,心火上炎
Disease,心厥
Disease,肾上腺皮质功能减退性心脏病
Disease,心脾两虚
Disease,肾上腺皮质功能异常伴发的精神障碍
Disease,肾上腺素能依赖性尖端扭转性室性心动过速
Disease,心气虚
Disease,肾嗜酸细胞瘤
Disease,肾脏疾病伴发的精神障碍
Disease,肾髓质坏死
Disease,心肾不交
Disease,肛窦炎及肛乳头炎
Disease,肾髓质囊性病
Disease,难治性癫痫
Disease,猝死
Disease,肾性尿崩症
Disease,小肠重复畸形
Disease,肾性失镁
Disease,阴道黑色素瘤
Disease,肾性糖尿
Disease,肾旋转异常
Disease,肾血管畸形与压迫
Disease,肾盂肿瘤
Disease,子宫内膜间质肉瘤
Disease,渗出性多形红斑
Disease,心血虚
Disease,中心性渗出性脉络膜视网膜病变
Disease,渗出性盘状苔藓样皮炎
Disease,阵发性冷性血红蛋白尿
Disease,生长激素缺乏症
Disease,心血瘀阻
Disease,输尿管瓣膜
Disease,生脓性肉芽肿
Disease,子宫颈残端癌
Disease,生乳头汗管囊腺瘤
Disease,心阳虚
Disease,子宫切除术后会阴疝
Disease,生殖道肿瘤
Disease,心阴虚
Disease,子宫内膜增生
Disease,生殖道肿瘤皮肤转移
Disease,行经泄泻
Disease,子宫腺肌病
Disease,失眠
Disease,性交晕厥
Disease,产后甲状腺炎
Disease,胸痹
Disease,早产儿贫血
Disease,胸痹心痛
Disease,巨大肥厚性胃炎
Disease,休息痢
Disease,拇外翻
Disease,小儿热带巨脾综合征
Disease,虚喘
Disease,小儿营养不良性水肿
Disease,虚寒咳嗽
Disease,新生儿获得性免疫缺陷综合征
Disease,虚寒呕吐
Disease,婴儿臀部肉芽肿
Disease,虚寒泄泻
Disease,婴幼儿脐疝
Disease,虚劳
Disease,虚疟
Disease,鼻神经胶质瘤
Disease,痃癖
Disease,失用症
Disease,慢性病贫血
Disease,虱病
Disease,干眼
Disease,血痹
Disease,十二指肠静脉曲张
Disease,吉兰-巴雷综合征
Disease,十二指肠溃疡
Disease,血疸
Disease,酒渣鼻样结核疹
Disease,十二指肠类癌
Disease,血风疮
Disease,嗜酸细胞增多性复发性肉芽肿皮炎
Disease,血灌瞳神
Disease,十二指肠良性肿瘤
Disease,萎缩性毛周角化病
Disease,十二指肠内瘘
Disease,血厥
Disease,阿根廷出血热
Disease,血劳
Disease,十二指肠旁疝
Disease,血瘤
Disease,十二指肠平滑肌肉瘤
Disease,血气胸
Disease,十二指肠胃反流及胆汁反流性胃炎
Disease,中毒性紫癜
Disease,血清抗精子抗体阳性之不孕症
Disease,十二指肠腺癌
Disease,药物中毒性周围神经病
Disease,血热崩漏
Disease,磨牙
Disease,石棉业所致的皮肤病
Disease,血虚头痛
Disease,血虚眩晕
Disease,石棉状糠疹
Disease,实体肿瘤的肾损害
Disease,血证
Disease,实体肿瘤的肾脏损害
Disease,狐臭
Disease,食管白斑
Disease,脑膜转移瘤
Disease,食管穿孔
Disease,食管穿透性损伤
Disease,牙宣
Disease,食管腐蚀性灼伤
Disease,牙痈
Disease,食管管型
Disease,眼丹
Disease,食管过短
Disease,眼睑丹毒
Disease,食管化学性烧伤
Disease,眼睑疖肿和脓肿
Disease,食管结核
Disease,眼睑热性疱疹
Disease,食管克罗恩病
Disease,食管类癌
Disease,食管内异物
Disease,食管囊肿
Disease,食管黏膜损伤
Disease,眼睑炭疽
Disease,食管念珠菌感染
Disease,羊胡疮
Disease,食管其他恶性肿瘤
Disease,阳明头痛
Disease,食管乳头状瘤
Disease,阳强
Disease,食管胃底静脉曲张及其破裂出血
Disease,阳虚
Disease,食管息肉
Disease,阳虚发热
Disease,食管血管瘤
Disease,杨梅疮
Disease,食管压迫型颈椎病
Disease,腰椎间盘突出
Disease,食管异位组织
Disease,噎膈
Disease,食管中段憩室
Disease,液脱
Disease,食管重复畸形
Disease,噫气
Disease,胰痈
Disease,史-约综合征
Disease,遗传过敏性皮炎
Disease,矢状窦旁脑膜瘤
Disease,疫斑热
Disease,视神经胶质瘤
Disease,疫毒痢
Disease,视神经乳头水肿及视盘水肿
Disease,疫黄
Disease,视网膜下新生血管膜
Disease,溢饮
Disease,视网膜血管炎
Disease,阴痹
Disease,室间隔膜部瘤
Disease,阴疮
Disease,阴吹
Disease,室性并行心律及室性并行心律性心动过速
Disease,阴道壁脱垂
Disease,室性期前收缩
Disease,阴汗
Disease,室性逸搏及室性逸搏心律
Disease,阴结
Disease,阴茎痰核
Disease,适应障碍
Disease,阴冷
Disease,嗜碱性粒细胞增多症
Disease,阴盛阳衰症
Disease,嗜麦芽黄单胞菌肺炎
Disease,阴缩
Disease,阴挺
Disease,嗜皮菌病
Disease,阴虚发热
Disease,嗜人T淋巴细胞Ⅰ型所致的葡萄膜炎
Disease,阴虚火旺
Disease,嗜水气单胞菌感染
Disease,婴儿闷热综合症
Disease,嗜酸性粒细胞性膀胱炎
Disease,嗜酸性粒细胞增多-肌痛综合征
Disease,婴儿型黑矇性痴呆
Disease,嗜酸性脓疱性毛囊炎
Disease,手部伸肌腱损伤
Disease,婴幼儿舌下囊肿
Disease,手部神经损伤
Disease,营养缺乏性神经病变
Disease,手部血管损伤
Disease,有头疽
Disease,瘀血头痛
Disease,手湿疹
Disease,瘀证
Disease,手术后反流性胃炎
Disease,郁冒
Disease,手术后膈疝
Disease,郁证
Disease,圆翳内障
Disease,手足发绀症
Disease,月经失调性不孕症
Disease,枢椎齿突骨折
Disease,舒尔曼病
Disease,舒张性心力衰竭
Disease,月劳病
Disease,输卵管癌三联症
Disease,输卵管结核
Disease,脏寒
Disease,输尿管结核
Disease,脏躁
Disease,输尿管炎
Disease,燥邪犯肺
Disease,输尿管异位开口
Disease,瘴疟
Disease,输尿管肿瘤
Disease,振栗
Disease,蔬菜皮炎
Disease,怔忡
Disease,鼠螨叮咬
Disease,症瘕
Disease,鼠咬热
Disease,肢萎
Disease,束支折返性室性心动过速
Disease,蜘蛛咬伤
Disease,双侧肾缺如
Disease,双侧束支传导阻滞
Disease,双分支阻滞
Disease,指疔
Disease,双胃
Disease,双向性室性心动过速
Disease,中风后遗症
Disease,双眼上斜肌麻痹
Disease,中满
Disease,双重输尿管
Disease,中气不足
Disease,水、电解质紊乱伴发的精神障碍
Disease,肿胀
Disease,水痘肺炎
Disease,重舌
Disease,水痘性角膜炎
Disease,水疱性远端指炎
Disease,重瞳
Disease,水痛症
Disease,周期性四肢运动障碍
Disease,周围神经炎
Disease,睡眠呼吸暂停综合征
Disease,疰夏
Disease,著痹
Disease,睡眠障碍
Disease,壮热
Disease,斯特奇-韦伯综合征
Disease,子烦
Disease,四川并殖吸虫病
Disease,子满
Disease,松节油皮炎
Disease,子嗽
Disease,松毛虫病骨关节病
Disease,子痰
Disease,松毛虫皮炎
Disease,子痫
Disease,苏格兰脑炎
Disease,子悬
Disease,酸碱灼伤
Disease,子喑
Disease,髓单核细胞白血病
Disease,走哺
Disease,走黄
Disease,坐板疮
Disease,垂痈
Disease,髓过氧化物酶缺乏症
Disease,唇风
Disease,髓母细胞瘤
Disease,唇疱疹
Disease,髓内肿瘤
Disease,髓性多汗症
Disease,梭形细胞脂肪瘤
Disease,锁骨下动脉-腋动脉瘤
Disease,Terrien角膜边缘性变性
Disease,Terson综合征
Disease,Theodore上方角膜缘角结膜炎
Disease,Thygeson浅层点状角膜病变
Disease,抗-HCVAg阳性
Disease,弹性假黄瘤
Disease,胎儿生长受限
Disease,老烂腿
Disease,胎儿乙醇综合征
Disease,脑萎缩
Disease,胎粪吸入综合征
Disease,扁桃体炎
Disease,胎粪性便秘
Disease,胰腺炎
Disease,鼻炎
Disease,胎记
Disease,慢性结肠炎
Disease,肠炎
Disease,苔藓样结核疹
Disease,溃疡性肠炎
Disease,缺血性肠炎
Disease,细菌性肠炎
Disease,苔藓样念珠状疹
Disease,直肠炎
Disease,炭疽
Disease,慢性肠炎
Disease,糖尿病
Disease,腰椎病
Disease,糖尿病伴发的葡萄膜炎
Disease,糖尿病合并低血糖
Disease,肠胃炎
Disease,糖尿病和高血压
Disease,肾小球肾炎
Disease,糖尿病心脏病
Disease,脊柱侧弯
Disease,糖尿病性视网膜病变
Disease,糖尿病性胃轻瘫
Disease,肾炎
Disease,糖尿病性周围神经病
Disease,糖原贮积病Ⅰ型
Disease,卵巢炎
Disease,手外伤
Disease,糖原贮积病Ⅱ型
Disease,腱鞘炎
Disease,糖原贮积病Ⅴ型
Disease,椎管狭窄
Disease,特发性迟发性免疫球蛋白缺乏症
Disease,特发性大网膜节段性梗死
Disease,心力衰竭
Disease,特发性低促性腺激素性性腺功能减退症
Disease,肺心病
Disease,胆囊炎
Disease,输卵管炎
Disease,韧带损伤
Disease,病毒性肠炎
Dishes,清蒸鸡蛋羹
Dishes,百合双耳鸡蛋羹
Dishes,排骨汤
Dishes,罗汉果雪耳鸡汤
Dishes,小黄瓜凉拌面
Dishes,黄瓜三丝汤
Dishes,黄瓜拌兔丝
Dishes,黄瓜拌皮丝
Dishes,豆腐干炒韭菜
Dishes,素炒小白菜
Dishes,白菜蛋花粥
Dishes,紫苏粥
Dishes,菊花芦根茶
Dishes,生芦根粥
Dishes,鲜芦根粥
Dishes,薏仁党参粥
Dishes,党参粥
Dishes,黄芪粥
Dishes,鸡蛋木耳粥
Dishes,百合糖粥
Dishes,百合粥
Dishes,百合花生汤
Dishes,首乌百合粥
Dishes,薏米莲子粥
Dishes,牛奶玉米汤
Dishes,萝卜豆腐汤
Dishes,瓜粒杂锦汤
Dishes,奶汤锅子鱼
Dishes,酱豆腐汁烧猪肉
Dishes,百合汤
Dishes,山楂百合汤
Dishes,番茄鸡蛋煎饼
Dishes,凉拌番茄
Dishes,番茄猪肝瘦肉汤
Dishes,番茄牛肉
Dishes,生姜乌梅饮
Dishes,乌梅粥
Dishes,山楂乌梅饮
Dishes,山楂红糖粥
Dishes,山楂桑椹粥
Dishes,小麦粥
Dishes,荞麦粥
Dishes,杂粮粥
Dishes,蔬菜杂烩粥
Dishes,花生杏仁粥
Dishes,豆薯小米粥
Dishes,羊腩萝卜丝粥
Dishes,绿豆南瓜汤
Dishes,肉末冬瓜
Dishes,肉松
Dishes,五丝白菜卷
Dishes,拌肚丝白菜
Dishes,冬菇烧白菜
Dishes,水萝卜丝拌白菜
Dishes,珊瑚白菜墩
Dishes,番茄西米粥
Dishes,番茄牛肉片
Dishes,番茄羊肉汤
Dishes,番茄羊肉蛋花汤
Dishes,番茄皮蛋汤
Dishes,百合炒芦笋
Dishes,百合炖猪蹄
Dishes,鲜百合烧肉
Dishes,银耳粥
Dishes,鸭梨粥
Dishes,雪梨饮
Dishes,川贝酿梨
Dishes,北杏炖雪梨
Dishes,红枣银耳粥
Dishes,冰糖银耳羹
Dishes,椰子银耳煲鸽汤
Dishes,虾皮香芹燕麦粥
Dishes,冬瓜草鱼汤
Dishes,三鲜冬瓜汤
Dishes,水萝卜拌黄瓜
Dishes,黄瓜拌豆腐丝
Dishes,黄瓜拌香菜
Dishes,小黄瓜西瓜汁
Dishes,玉竹白菜
Dishes,糖醋草鱼
Dishes,炖白鲢鱼
Dishes,红烧鲢鱼
Dishes,泡莲藕
Dishes,凉拌莲藕
Dishes,山楂糕
Dishes,百合汁
Dishes,番茄芹菜汁
Dishes,番茄汁
Dishes,锅塌番茄
Dishes,意式番茄牛肉凉面
Dishes,番茄三素
Dishes,番茄苹果芝麻蜜
Dishes,香菇扒小白菜
Dishes,烟肉白菜粥
Dishes,圆肉腐竹红枣白菜汤
Dishes,桔汁白菜
Dishes,土豆丝拌白菜
Dishes,炝圆白菜
Dishes,番茄菠萝汁
Dishes,番茄黄瓜汁
Dishes,番茄青豆汤
Dishes,番茄洋葱芹菜汁
Dishes,西芹洋葱黄豆番茄汤
Dishes,拔丝番茄
Dishes,豌豆绿豆粥
Dishes,酱泥鳅
Dishes,赤小豆粥
Dishes,酱兔肉
Dishes,柏子仁鸡心
Dishes,银耳瘦肉羹
Dishes,西葫芦饺
Dishes,蚕豆粥
Dishes,银耳羹
Dishes,杏仁豆腐
Dishes,冬瓜粒杂锦汤
Dishes,肉卤鸡蛋
Dishes,豆苗炒鸡蛋
Dishes,鸡蛋豆腐汤
Dishes,首乌煮鸡蛋
Dishes,鸡蛋家常饼
Dishes,桂圆鸡蛋汤
Dishes,糖醋鸡蛋
Dishes,芥菜鸡蛋汤
Dishes,板栗烧白菜
Dishes,白菜姜葱汤
Dishes,芥末拌白菜
Dishes,椒盐白菜
Dishes,双菇番茄黄瓜紫菜汤
Dishes,番茄芦笋紫菜汤
Dishes,干贝番茄汤
Dishes,翠衣番茄豆腐汤
Dishes,番茄煮牛肉
Dishes,番茄马蹄(2)
Dishes,草菇熘番茄
Dishes,紫米薏仁粥
Dishes,黑豆牡蛎粥
Dishes,白果莲子粥
Dishes,拌菜花
Dishes,大麦汤
Dishes,炒苋菜
Dishes,素炒菠菜
Dishes,醋熘土豆丝
Dishes,姜丝萝卜汤
Dishes,葱蒜粥
Dishes,香椿芽粥
Dishes,凉拌香椿
Dishes,绿豆薏米饭
Dishes,小白菜馅包子
Dishes,白菜包子
Dishes,白菜仔滚鱼片汤
Dishes,油漆白菜
Dishes,黄瓜猪肉水饺
Dishes,黄瓜拌绿豆芽
Dishes,白煮肉拌黄瓜
Dishes,黄瓜素虾仁
Dishes,拌麻辣黄瓜
Dishes,柿饼粥
Dishes,南瓜牛肉汤
Dishes,大白菜饺
Dishes,酱白菜
Dishes,培根白菜粥
Dishes,白菜虾仁面汤
Dishes,鲜菊白菜豆腐汤
Dishes,白菜炒干丝
Dishes,白菜扒猪肝
Dishes,酱辣白菜头
Dishes,小白菜猪肉饺
Dishes,油炸鸡蛋烫面球
Dishes,松散蜂窝鸡蛋
Dishes,鸡蛋炒面
Dishes,冰花鸡蛋球
Dishes,鸡蛋布丁
Dishes,酱鸡蛋
Dishes,什锦鸡蛋面
Dishes,番茄羊排粥
Dishes,虾仁番茄饺
Dishes,炸番茄蛋饺
Dishes,番茄西瓜汁
Dishes,黄瓜粳米粥
Dishes,黄瓜饺
Dishes,糖酱黄瓜
Dishes,酱黄瓜(一)
Dishes,薏米扁豆老黄瓜汤
Dishes,拌西红柿黄瓜
Dishes,番茄奶油汤
Dishes,紫菜萝卜汤
Dishes,蘑菇胡萝卜拌饭
Dishes,苹果胡萝卜泥
Dishes,洋参鸡肉汤
Dishes,鸡肉饭
Dishes,西红柿鸡肉汤
Dishes,砂锅鸡肉莲藕汤
Dishes,西兰花素鸡马蹄冬菇汤
Dishes,姜汁黄瓜
Dishes,虾皮炒黄瓜片
Dishes,黄瓜炒蛋奶
Dishes,熏鸡拌黄瓜
Dishes,白菜烧虾段
Dishes,淡菜板豆腐白菜汤
Dishes,白菜小米卷
Dishes,香菇白菜羹
Dishes,清汤白菜卷
Dishes,白菜香菇素翅汤
Dishes,荞菜炒肉丝
Dishes,炸牛脑
Dishes,燕窝汤
Dishes,冰糖燕窝
Dishes,燕窝鸡粥
Dishes,盐煮毛豆
Dishes,竹笋拌毛豆
Dishes,姜糖饮
Dishes,苹果粥
Dishes,苹果
Dishes,苹果汁
Dishes,草莓果汁
Dishes,荞麦面条
Dishes,素炒圆白菜
Dishes,海米白菜汤
Dishes,清润白菜鱼片汤
Dishes,白菜粥
Dishes,冬菇排骨白菜墨鱼干汤
Dishes,鲜陈白菜汤
Dishes,开洋大白菜
Dishes,白菜烧海参
Dishes,白菜红枣牛腩汤
Dishes,麻酱白菜心
Dishes,冬菇椰菜豆腐粉丝汤
Dishes,珍珠笋番茄蘑菇汤
Dishes,冬菇虾仁番茄豆腐羹
Dishes,番茄冲菜牛肉丸汤
Dishes,羊肉番茄汤
Dishes,番茄玫瑰汁
Dishes,番茄草莓汁
Dishes,百合炖雪梨
Dishes,双耳汤
Dishes,蜜汁梨
Dishes,冬虫草炖鸭
Dishes,银耳拌山楂
Dishes,蜜汁山楂
Dishes,菠菜豆腐汤
Dishes,草鱼豆腐
Dishes,红烧酿草鱼
Dishes,猪肝白菜汤
Dishes,鸡蛋面
Dishes,豆浆南瓜汤
Dishes,口蘑香菇粥
Dishes,白果冬瓜粥
Dishes,冬瓜粥
Dishes,麻酱拌赤贝
Dishes,白扁豆粥
Dishes,白扁豆粳米粥
Dishes,马兰头菜粥
Dishes,拌马兰头
Dishes,烧猪肝
Dishes,煎猪肝
Dishes,猪肝粥
Dishes,炒胡萝卜
Dishes,萝卜糕
Dishes,黄花菜炒木耳
Dishes,芹菜烧肉水饺
Dishes,鲜百合冬菇西兰花汤
Dishes,荸荠萝卜粥
Dishes,萝卜粳米粥
Dishes,雪耳百合白鸽蛋汤
Dishes,哈密瓜百合汤
Dishes,百合川贝银杏羹
Dishes,百合薏米绿豆粥
Dishes,酸甜白菜
Dishes,芦笋汁
Dishes,芦笋粥
Dishes,白菜炖猪骨汤
Dishes,萝卜生菜汤
Dishes,桂圆莲子粥
Dishes,桂圆粥
Dishes,菠菜粥
Dishes,菠菜汤
Dishes,豆芽豆腐汤
Dishes,车前叶萝卜粥
Dishes,香菇薏米饭
Dishes,党参百合粥
Dishes,煨莲子汤
Dishes,莲子粥
Dishes,莲子淮山猪肉汤
Dishes,鸡冠白菜
Dishes,珊瑚白菜
Dishes,炸肉馅白菜盒
Dishes,豆浆粥
Dishes,牛奶麦片粥
Dishes,白菜清汤
Dishes,木耳粥
Dishes,凉拌木耳
Dishes,清炒木耳菜
Dishes,糯米粥
Dishes,糯米麦粥
Dishes,百合粳米鸡
Dishes,核桃仁粥
Dishes,葱白粥
Dishes,猪肺粥
Dishes,杏仁粥
Dishes,牛奶菠菜粥
Dishes,香炖羊肉
Dishes,羊肉粥
Dishes,冬瓜赤豆汤
Dishes,冬瓜汤
Dishes,百合雪梨莲藕汤
Dishes,莲子猪心汤
Dishes,当归猪心汤
Dishes,竹笋米粥
Dishes,冬瓜鲤鱼汤
Dishes,鲤鱼汤
Dishes,萝卜虾汤
Dishes,百合红枣粥
Dishes,人参粥
Dishes,银鱼羊肉粥
Dishes,山药羊肉粥
Dishes,白茅根瘦肉汤
Dishes,马蹄海蜇汤
Dishes,菊花茶粥
Dishes,鲤鱼山楂汤
Dishes,胡萝卜番茄汤
Dishes,蜜饯山楂
Dishes,木瓜生姜蜂蜜粥
Dishes,人参蜂蜜粥
Dishes,冬菇鱼肉羹
Dishes,白菜肉末粥
Dishes,开水白菜
Dishes,鱼肉酿冬菇
Dishes,乌龟肉煲猪肚
Dishes,红烧猪大肠
Dishes,升麻芝麻炖猪大肠
Dishes,参芪粥
Dishes,五果冰糖羹
Dishes,三鲜酿豆腐
Dishes,荠菜肉丝豆腐羹
Dishes,紫菜汤
Dishes,五谷糙米粥
Dishes,油菜粥
Dishes,三鲜青豆汤
Dishes,鲜香白菜羹
Dishes,鲜蘑豆腐汤
Dishes,丝瓜豆腐瘦肉汤
Dishes,菜花肉饼
Dishes,黄芪羊肉汤
Dishes,三七洋参炖鸡肉
Dishes,清炖枸杞牛鞭汤
Dishes,山药枸杞粥
Dishes,栗子猪肉汤
Dishes,鲜蘑菇豆腐汤
Dishes,蘑菇冬瓜汤
Dishes,蘑菇瘦肉汤
Dishes,胡萝卜咸粥
Dishes,青红萝卜猪脚蚝豉汤
Dishes,红枣炖兔肉
Dishes,煎茄子
Dishes,三鲜茄子
Dishes,凉拌茄子
Dishes,清蒸茄子
Dishes,鲜菠菜水
Dishes,苦瓜粥
Dishes,三鲜苦瓜汤
Dishes,干炒苦瓜
Dishes,香菇素包
Dishes,冬笋香菇烧白菜
Dishes,虾子烧白菜头
Dishes,芝麻拌白菜丁
Dishes,锅塌肉末白菜
Dishes,红烧黄豆排骨
Dishes,润燥红萝卜黄豆羹
Dishes,黄豆烧胡萝卜
Dishes,酸枣仁粥
Dishes,香蕉卷
Dishes,夹沙香蕉
Dishes,香蕉粥
Dishes,葡萄沙拉
Dishes,葡萄干粥
Dishes,四鲜烤麸
Dishes,五香烤麸
Dishes,清甜莲子
Dishes,水晶莲子
Dishes,干贝粥
Dishes,番茄马铃薯椰菜排骨汤
Dishes,番茄炒牛肉
Dishes,番茄柠檬汁
Dishes,番茄西柚汁
Dishes,芹菜粥
Dishes,菊花粥
Dishes,绿豆海带粥
Dishes,胡萝卜粥
Dishes,葛根粉粥
Dishes,灵芝羹
Dishes,香脆芹菜叶
Dishes,清盐菜花
Dishes,素熘菜花
Dishes,芹菜黄瓜素肉汤
Dishes,黄瓜炒子虾
Dishes,黄瓜卷
Dishes,酱甜黄瓜
Dishes,泡黄瓜
Dishes,酱黄瓜
Dishes,天麻甲鱼汤
Dishes,桂圆莲子羹
Dishes,清炒绿豆芽
Dishes,醋拌绿豆芽
Dishes,芸豆粥
Dishes,天门冬猪皮羹
Dishes,猪皮红枣羹
Dishes,乌贼骨炖猪皮
Dishes,猪皮豆腐炖鲤鱼
Dishes,木耳猪皮汤
Dishes,鲤鱼阿胶粥
Dishes,阿胶麦冬粥
Dishes,桂圆阿胶红枣粥
Dishes,凉拌芦笋
Dishes,银耳绿豆粥
Dishes,黑白木耳炖猪心
Dishes,猪心当归汤
Dishes,百合芝麻猪心汤
Dishes,猪心粥
Dishes,薏米豆腐羹
Dishes,海带炖豆腐
Dishes,红白豆腐羹
Dishes,小米素羹
Dishes,小米粉粥
Dishes,玉米粉粥
Dishes,松子玉米
Dishes,鸡肉蒸饺
Dishes,酿豆腐
Dishes,五香鸭肉
Dishes,芝麻鸭肉
Dishes,白萝卜浓汤
Dishes,白萝卜粥
Dishes,素烧白萝卜
Dishes,菊花卷
Dishes,炒菊花菜
Dishes,时蔬小豆腐
Dishes,丝瓜汤
Dishes,炒丝瓜
Dishes,拌丝瓜
Dishes,黄瓜拌白肉
Dishes,黄瓜拌虾片
Dishes,黄瓜拌鱿鱼
Dishes,醋溜黄瓜
Dishes,什锦豆腐
Dishes,炒素鸡丝
Dishes,核桃芝麻百合粥
Dishes,拌蒲公英
Dishes,白果芥蓝
Dishes,腰果西兰花
Dishes,拌荠菜
Dishes,法式鲜蘑鸡蛋饼
Dishes,益母当归煲鸡蛋
Dishes,百合鸡蛋黄汤
Dishes,鸡火白菜汤
Dishes,小米羊肉粥
Dishes,木瓜羊肉汤
Dishes,羊肉黑豆炖当归
Dishes,羊肉菠菜汤
Dishes,凉拌紫苏叶
Dishes,紫苏麻仁粥
Dishes,燕麦粳米粥
Dishes,拌胡萝卜丝
Dishes,空心菜粥
Dishes,番茄草菇
Dishes,虫草烩番茄
Dishes,银鱼芥菜
Dishes,山药素汤
Dishes,全烩玉米
Dishes,香浓玉米汤
Dishes,黄豆芽蘑菇汤
Dishes,黄豆芽豆泡汤
Dishes,干煸芦笋
Dishes,番茄鱼糊
Dishes,番茄蕨菜绣球
Dishes,番茄泥公鸡
Dishes,煎猪腰子串
Dishes,清蒸山药段
Dishes,山药粥
Dishes,三米红枣桂圆粥
Dishes,桂圆黑豆粥
Dishes,桂圆牛肉汤
Dishes,核桃鸡肉粥
Dishes,鸡肉白薯粥
Dishes,鸡肉炖苁蓉
Dishes,花生豆奶
Dishes,牛奶花椰菜泥
Dishes,山药奶肉羹
Dishes,山楂包
Dishes,山楂茶
Dishes,凉拌木耳菜
Dishes,鲤鱼粥
Dishes,醋熘鲤鱼
Dishes,清蒸荷叶鱼
Dishes,皮蛋瘦肉粥
Dishes,牛奶蛋花粥
Dishes,紫菜鸡蛋莲草汤
Dishes,鸽蛋菜心粥
Dishes,冬瓜白饭鱼瘦肉蚝豉汤
Dishes,大枣瘦肉汤
Dishes,荷叶粉蒸牛肉
Dishes,焖大虾
Dishes,鲫鱼莲子汤
Dishes,芸豆拌芹菜叶
Dishes,番茄苹果汁
Dishes,翡翠春笋
Dishes,白果奶羹
Dishes,白果炒牛肉
Dishes,白果蒸鸡蛋
Dishes,白果麦片粥
Dishes,白果粥
Dishes,芹菜金菇竹笋汤
Dishes,炒芹菜
Dishes,淡菜粥
Dishes,小白菜拌海苔
Dishes,荷叶米粉鸡
Dishes,荷叶豆腐
Dishes,白菜卷
Dishes,干豆腐拌黄瓜
Dishes,烧黄瓜
Dishes,黄瓜鸡片汤
Dishes,甜菜叶粥
Dishes,洋葱虾米豆腐番茄汤
Dishes,苦瓜豆腐汤
Dishes,苦瓜排骨汤
Dishes,胡萝卜苦瓜汁
Dishes,萝卜丝饼
Dishes,玻璃白菜汤
Dishes,三丝白菜卷
Dishes,青萝卜汤
Dishes,芝麻蜂蜜粥
Dishes,炖大白菜
Dishes,糖醋青萝卜
Dishes,拌炒香菇
Dishes,香菇扒白菜
Dishes,烫空心菜
Dishes,香菇油菜面筋粥
Dishes,芝麻油菜
Dishes,荷叶粳米粥
Dishes,莲子茶
Dishes,荷叶包
Dishes,荷叶粥
Dishes,薏米汤
Dishes,绿豆百合粥
Dishes,山药葡萄粥
Dishes,山药汤
Dishes,粉蒸白菜
Dishes,鸭架栗子白菜汤
Dishes,蛋饺白菜
Dishes,人参香菇大补鸡
Dishes,人参粳米粥
Dishes,蒸肝鸡蛋羹
Dishes,士常山鸡蛋饼
Dishes,清明菜炒鸡蛋
Dishes,茶鸡蛋
Dishes,鱼香油菜心
Dishes,白菜干猪肉煲排骨汤
Dishes,清炒竹笋
Dishes,清炒绿菜花
Dishes,清炒嫩黄瓜
Dishes,清炒蘑菇
Dishes,拔丝苹果
Dishes,杏仁苹果豆腐羹
Dishes,西米苹果粥
Dishes,浇汁苹果豆腐
Dishes,鸳鸯河虾
Dishes,河虾炒青瓜
Dishes,牛奶煮平菇
Dishes,小白菜汤
Dishes,小麦红枣猪脑汤
Dishes,莲子黑枣小麦汤
Dishes,雪菜牛肉粥
Dishes,草菇猪心肉片饭
Dishes,牛肉汉堡包
Dishes,芹菜牛肉粥
Dishes,紫菜色拉卷
Dishes,羊肉淡菜粥
Dishes,大麦豇豆粥
Dishes,卤汁豆腐
Dishes,金银豆腐
Dishes,香粳米粥
Dishes,芝麻仁粥
Dishes,猪心益心汤
Dishes,猕猴桃西米粥
Dishes,猕猴桃西芹汁
Dishes,奶汁白菜条
Dishes,奶油扒白菜
Dishes,荠菜猪肝汤
Dishes,鹅肝清汤
Dishes,羊肝羹
Dishes,菠菜猪肝肉片汤
Dishes,猪肝泥
Dishes,鸡肝糊
Dishes,鲜肝薯糊
Dishes,白菜猪肉水饺
Dishes,熏青豆
Dishes,青豆泥汤
Dishes,高粱米糕
Dishes,红烧黄花菜
Dishes,素炒黄花菜
Dishes,青豆烧茄子
Dishes,糯米饭
Dishes,黄米面火烧
Dishes,黑米粥
Dishes,菊花鲈鱼
Dishes,鲈鱼粥
Dishes,清蒸笋江鲈鱼
Dishes,樱桃百合
Dishes,绿豆芽饺
Dishes,绿豆粥
Dishes,绿豆麦片粥
Dishes,绿豆包
Dishes,阿胶糯米粥
Dishes,桂圆栗子粥
Dishes,百合桂圆羹
Dishes,番茄葡萄汁
Dishes,甘薯藕粉羹
Dishes,清蒸蛋羹
Dishes,家常蛋花汤
Dishes,芹菜炒鸡蛋
Dishes,红豆糯米粥
Dishes,白米粥
Dishes,冬瓜香菇炖鸭
Dishes,火腿冬瓜汤
Dishes,冬瓜香菇鸡杂汤
Dishes,鸡肉蛋花汤
Dishes,鱼肉鸡蛋汤
Dishes,红烧鱼肉
Dishes,百合莲子绿豆粥
Dishes,荸荠粥
Dishes,五香扒猪蹄
Dishes,猪蹄当归粥
Dishes,花生仁炖猪蹄
Dishes,炖猪蹄筋
Dishes,土豆浆汤
Dishes,豆浆山药汤
Dishes,水萝卜片汤
Dishes,猪骨萝卜汤
Dishes,萝卜粥
Dishes,蕉条茄子
Dishes,香蕉百合银耳羹
Dishes,清炒豆苗
Dishes,陈皮煮冬瓜
Dishes,烩双菇
Dishes,宫保猪肉丁
Dishes,猪肉丸子汤
Dishes,糖醋鲈鱼
Dishes,清蒸鲈鱼
Dishes,枸杞鲈鱼汤
Dishes,红枣炖猪肉
Dishes,枸杞粳米粥
Dishes,枸杞子粥
Dishes,枸杞肉丁
Dishes,猪肉枸杞汤
Dishes,木耳猪血汤
Dishes,五豆补益糙米粥
Dishes,核桃片
Dishes,鸡蛋米汤粥
Dishes,糖醋蛋酪
Dishes,萝卜汁粥
Dishes,菠萝胡萝卜汁
Dishes,荠菜萝卜汁
Dishes,麸皮粥
Dishes,玉米火腿粥
Dishes,鳓鱼肉圆汤
Dishes,猕猴桃苡仁粥
Dishes,海带果菜汁
Dishes,南瓜奶汤
Dishes,南瓜百合粥
Dishes,猪肉青菜粥
Dishes,包心菜猪肉粥
Dishes,西式牛奶粥
Dishes,南瓜粥
Dishes,牛奶花生粥
Dishes,甘草小麦大枣汤
Dishes,红枣黑豆粥
Dishes,芪蒸鹌鹑
Dishes,鸳鸯蒸鹌鹑蛋
Dishes,黄芪蒸鹌鹑
Dishes,川芎白芷炖鱼头
Dishes,番茄大豆芽草菇豆腐汤
Dishes,清肠大豆芽豆腐汤
Dishes,南瓜牛奶汁
Dishes,木瓜鲜奶饮
Dishes,奶油南瓜羹
Dishes,清汤全家福
Dishes,清炒金花菜
Dishes,何首乌鸡蛋汤
Dishes,首乌鸡蛋小米粥
Dishes,豆腐皮粥
Dishes,平菇豆腐汤
Dishes,白菜丸子汤
Dishes,香菇洋白菜
Dishes,荔枝山药粥
Dishes,荔枝红枣粥
Dishes,荔枝粥
Dishes,燕窝瘦肉汤
Dishes,杏仁瘦肉汤
Dishes,草菇瘦肉汤
Dishes,西米猕猴桃粥
Dishes,雪梨猪肉汤
Dishes,苹果雪梨瘦肉汤
Dishes,雪梨豆腐蛋花汤
Dishes,木瓜胡萝卜玉米粥
Dishes,冬瓜玉米面粥
Dishes,冬瓜淡菜汤
Dishes,冬瓜鸡汤
Dishes,红烧冬瓜
Dishes,清汤冬瓜
Dishes,玉米粥
Dishes,冰糖玉米羹
Dishes,北菇菠菜汤
Dishes,木耳豆腐丁
Dishes,菠菜羹
Dishes,蜂蜜拌芦荟
Dishes,黑豆醋冰饮
Dishes,黑豆汁
Dishes,香蕉蜂蜜奶
Dishes,菠菜绿豆芽
Dishes,芹菜炒豆腐干
Dishes,胡萝卜炒木耳
Dishes,柠檬蒸鸡
Dishes,木瓜蛋奶汁
Dishes,陈皮瘦肉粥
Dishes,红枣花生汤
Dishes,首乌红枣鸡蛋汤
Dishes,双豆羹
Dishes,鱼烧豆腐
Dishes,焦米粥
Dishes,人参黄芪粥
Dishes,小米红枣粥
Dishes,烩豆腐三白
Dishes,烩豆腐丁
Dishes,清蒸鱼段鸽蛋
Dishes,食盐炒芝麻
Dishes,百合绿豆汤
Dishes,乌鸡绿豆汤
Dishes,薏仁绿豆汤
Dishes,竹笋焖肉
Dishes,枸杞竹笋
Dishes,绿菜花竹笋
Dishes,烧竹笋
Dishes,竹笋鲫鱼汤
Dishes,竹笋粥
Dishes,脆皮香蕉
Dishes,香蕉西米羹
Dishes,花生菠菜粥
Dishes,归参鳝鱼羹
Dishes,芹菜炒鳝鱼
Dishes,茄皮烧鳝鱼
Dishes,家常鳝鱼
Dishes,三鲜鳝鱼汤
Dishes,马齿苋芡实瘦肉汤
Dishes,塘葛菜马齿苋汤
Dishes,马齿苋粳米粥
Dishes,海带粳米粥
Dishes,黄豆粥
Dishes,肉丁黄豆汤
Dishes,海带黄豆汤
Dishes,黑木耳煲红枣
Dishes,黑木耳芹菜粥
Dishes,黑木耳大枣汤
Dishes,黑木耳粥
Dishes,女贞子蜂蜜饮
Dishes,冬菇云耳瘦肉粥
Dishes,菠菜双蛋羹
Dishes,花豆腐生菜瘦肉汤
Dishes,首乌鸡蛋汤
Dishes,瘦肉燕窝汤
Dishes,紫菜豆腐虾米瘦肉汤
Dishes,紫菜瘦肉粥
Dishes,木耳红枣粥
Dishes,生菜香菇
Dishes,拌生菜
Dishes,豆腐苋菜羹
Dishes,山药薏米红枣粥
Dishes,蜜枣薏米煲
Dishes,核桃栗子羹
Dishes,核桃芡实粥
Dishes,核桃姜汁红枣粥
Dishes,牛肉萝卜白米粥
Dishes,糯米蒸鲤鱼
Dishes,糯米粉粥
Dishes,糯米豆粥
Dishes,清炒黄豆芽
Dishes,鲢鱼肉丸汤
Dishes,枸杞油菜粥
Dishes,橘味海带丝
Dishes,猪肝绿豆粥
Dishes,龙眼粥
Dishes,芹菜红枣汤
Dishes,葱白红枣汤
Dishes,木耳红枣汤
Dishes,山药桂圆粥
Dishes,山药大枣粥
Dishes,虾米芋头粥
Dishes,猪肚粥
Dishes,芝麻小米粥
Dishes,肉末炖豆腐
Dishes,鲜菇烧豆腐
Dishes,番茄橘子汁
Dishes,花生萝卜干
Dishes,拌萝卜干
Dishes,草莓菠菜汁
Dishes,牛肚枳壳砂仁汤
Dishes,清蒸豆豉肉
Dishes,柠檬乳鸽汤
Dishes,柠檬泡藕
Dishes,柠檬醋煎南瓜饼
Dishes,甘笋菠菜豆腐汤
Dishes,土豆莲藕汁
Dishes,雪梨莲藕汁
Dishes,菊花豆根汤
Dishes,菱角薏仁粥
Dishes,冬菇菱角
Dishes,红豆莲藕粥
Dishes,莲藕豆腐
Dishes,白茯苓粥
Dishes,人参茯苓粥
Dishes,荷叶肉
Dishes,荷叶蒸素鸡
Dishes,茵陈粥
Dishes,绵茵陈粥
Dishes,豆泡油菜
Dishes,煮豆泡
Dishes,口蘑肉末烧豆泡
Dishes,杏仁糯米粥
Dishes,萝卜糯米粥
Dishes,桂花粥
Dishes,甜藕粥
Dishes,银耳莲子羹
Dishes,红枣莲子羹
Dishes,桂花莲子羹
Dishes,雪耳鸡汤
Dishes,赤豆鲫鱼汤
Dishes,芦荟炒肉丝
Dishes,芦荟蜜饮
Dishes,三丝拌芦荟
Dishes,拔丝冬瓜条
Dishes,杂锦冬瓜粒汤
Dishes,绿豆冬瓜汤
Dishes,木瓜粥
Dishes,海带决明汤
Dishes,猪血豆腐汤
Dishes,薏苡仁绿豆粥
Dishes,绿豆竹叶粥
Dishes,三鲜蘑菇
Dishes,红烧蘑菇
Dishes,绿豆荷叶粥
Dishes,健胃大豆芽肉片汤
Dishes,南瓜大麦粥
Dishes,红扁豆粥
Dishes,清炒扁豆
Dishes,芝麻扁豆
Dishes,嫩莲子粥
Dishes,橘茹饮
Dishes,辣味白菜心
Dishes,山楂麦芽汤
Dishes,鹌鹑粥
Dishes,黄瓜虾仁羹
Dishes,黄瓜氽肉片汤
Dishes,鱼香黄瓜
Dishes,拌蓑衣黄瓜
Dishes,油激黄瓜
Dishes,三丝黄瓜卷
Dishes,猪肝拌黄瓜
Dishes,栗子猪肾粥
Dishes,酱芹菜
Dishes,香干拌马兰头
Dishes,鲜柠檬汁
Dishes,平菇粥
Dishes,干炒平菇
Dishes,滑熘平菇
Dishes,香糟鸡
Dishes,猴头菇饺
Dishes,红烧猴头菇
Dishes,香酥猴头菇
Dishes,炸卤牛肉
Dishes,酱牛肉
Dishes,清牛肉汤
Dishes,小银鱼粥
Dishes,黄瓜拌鸡丝
Dishes,炝黄瓜片
Dishes,黄瓜拌平菇
Dishes,鲜蘑黄瓜汤
Dishes,乌鸡汤
Dishes,蘑菇木耳西兰花腐竹汤
Dishes,虾胶西兰花
Dishes,西兰花炒蚌
Dishes,西兰花炒牛肉
Dishes,百合炒西兰花
Dishes,火腿白菜炖汤
Dishes,冬瓜杂粮羹
Dishes,甜椒南瓜汤
Dishes,南瓜蒸菜
Dishes,南瓜沙拉
Dishes,鸭粥
Dishes,鸡肝粥
Dishes,玉米牛奶浓汤
Dishes,杏仁奶豆腐
Dishes,红枣香菇汤
Dishes,奶油腐竹香菇
Dishes,香菇粥
Dishes,人参大枣粥
Dishes,八宝粥
Dishes,牛奶香蕉糊
Dishes,花生奶露
Dishes,木瓜鲜奶
Dishes,鸡血藤煲鸡蛋
Dishes,洋葱豆豉炒鸡蛋
Dishes,鸡蛋黄花汤
Dishes,苦参鸡蛋
Dishes,马齿苋炒鸡蛋
Dishes,郁李仁粥
Dishes,山药桂圆炖甲鱼
Dishes,生鱼片粥
Dishes,豌豆瘦肉粥
Dishes,肉粒萝卜干粥
Dishes,冬瓜鳢鱼汤
Dishes,奶油白菜
Dishes,芝麻茶
Dishes,黑芝麻粥
Dishes,炒芝麻
Dishes,山楂肉干
Dishes,白菜藕丸汤
Dishes,猪肺杏仁白菜汤
Dishes,木耳排骨白菜
Dishes,西卤白菜墩
Dishes,三色白菜卷
Dishes,椒盐腌白菜
Dishes,白菜煲牛肺
Dishes,大蒜粥
Dishes,玉米鱼松
Dishes,芙蓉玉米羹
Dishes,玉米肥牛
Dishes,玉米牛肉羹
Dishes,蒜子山瑞煲
Dishes,鸡蛋芹菜炒饭
Dishes,芦荟色拉
Dishes,黄花菜芦荟
Dishes,香椿竹笋
Dishes,黄瓜玫瑰饮
Dishes,黄瓜片汤
Dishes,甘笋紫菜黄瓜芝麻汤
Dishes,姜汁菠菜
Dishes,炝西兰花
Dishes,老黄瓜瘦肉汤
Dishes,酿黄瓜
Dishes,嫩三丝黄瓜卷
Dishes,炸肉馅黄瓜盒
Dishes,山楂麦芽饮
Dishes,鱼粥
Dishes,鲜鱼片粥
Dishes,海参阿胶汤
Dishes,阿胶蛋汤
Dishes,阿胶粥
Dishes,水晶猕猴桃
Dishes,红萝卜无花果花鱼汤
Dishes,酿冬瓜
Dishes,核桃仁豌豆羹
Dishes,酸菜豌豆汤
Dishes,鸡丝豌豆汤
Dishes,豌豆鱼盅羹
Dishes,菜花泥子汤
Dishes,牛奶绿菜花
Dishes,三鲜冬瓜卷
Dishes,木耳芝麻茶
Dishes,芝麻菠菜
Dishes,芝麻桃仁粥
Dishes,莴笋粥
Dishes,葱油莴笋
Dishes,鱼香莴笋丝
Dishes,糖醋拌莴笋
Dishes,酥炸菜花
Dishes,南瓜团子
Dishes,焖南瓜饭
Dishes,鲜芹菜汁
Dishes,炒芹菜豆腐干
Dishes,黄花菜炒黄瓜
Dishes,瑶柱生菜白菜汤
Dishes,知了白菜
Dishes,瓜烧白菜
Dishes,炒油菜薹
Dishes,炝冬笋油菜
Dishes,酸麻菜花
Dishes,炸菜花
Dishes,香拌菜花
Dishes,炝菜花
Dishes,龙眼鸡蛋猪心肠
Dishes,番茄煎蛋
Dishes,水晶番茄
Dishes,醋溜白菜(二)
Dishes,蒲公英粥
Dishes,百合花鸡蛋羹
Dishes,猪肝鸡蛋粥
Dishes,香椿鸡蛋饼
Dishes,银耳薏米羹
Dishes,摊鸡蛋
Dishes,韭菜胡桃肉炒鸡蛋
Dishes,马齿苋鸡蛋汤
Dishes,玫瑰鸡蛋
Dishes,什锦黄瓜卷
Dishes,黄瓜盅
Dishes,黄瓜拌蜇丝
Dishes,蛇蜕炒鸡蛋
Dishes,清汤冬瓜燕
Dishes,火夹冬瓜汤
Dishes,酱芹菜叶
Dishes,芹菜炒蛋
Dishes,素炒空心菜
Dishes,五香蒜苔
Dishes,芝麻蒜苔
Dishes,五香芹菜
Dishes,素拌芹菜
Dishes,香菇油菜
Dishes,素油菜心
Dishes,凉拌海米芹菜
Dishes,香干炒芹菜
Dishes,香菇油菜包
Dishes,桃仁油菜
Dishes,松炸菜花
Dishes,冬菇菜花
Dishes,白萝卜油菜汁
Dishes,小米红糖粥
Dishes,茼蒿水饺
Dishes,茼蒿粥
Dishes,茼蒿鱼丸汤
Dishes,川北凉粉
Dishes,凉粉拌松花蛋
Dishes,炝苦瓜
Dishes,素炒苦瓜
Dishes,豆腐泡金针云耳白菜汤
Dishes,鸭肉菜包
Dishes,薏米鸭肉冬瓜海参汤
Dishes,薏仁鸭肉煲
Dishes,鸡肉冬菇蒸饺
Dishes,鸡肉蘑菇汤
Dishes,冬菇炒茼蒿
Dishes,佛手柑粥
Dishes,红烧鳕鱼
Dishes,西芹鳕鱼
Dishes,太湖银鱼
Dishes,豆浆莴笋汤
Dishes,凉拌莴笋叶
Dishes,芝麻大饼
Dishes,芝麻凉团
Dishes,花生芝麻糊
Dishes,小米枣仁粥
Dishes,小米龙眼粥
Dishes,土豆泥牛奶粥
Dishes,牛奶冬瓜
Dishes,牛奶炒蛋清
Dishes,糟鸡蛋
Dishes,苹果派
Dishes,小米蛋奶粥
Dishes,桂花馒头
Dishes,冬菇扒茼蒿
Dishes,鲜菇小米粥
Dishes,小米烙饼
Dishes,绿豆杂面条
Dishes,鸡汤面条
Dishes,小米面发糕
Dishes,小米鹌鹑汤
Dishes,草菇莴笋汤
Dishes,蘑菇炒莴笋
Dishes,鲫鱼砂仁羹
Dishes,双皮鲫鱼
Dishes,草莓柠檬汁
Dishes,柠檬炖乳鸽
Dishes,苦瓜水饺
Dishes,香蕉葡萄粥
Dishes,香蕉鸡卷
Dishes,小米面蜂糕
Dishes,腊肉小米饭
Dishes,腿蓉上汤豆腐
Dishes,山药红枣粥
Dishes,山药萝卜粥
Dishes,山药红豆粥
Dishes,山药杏仁粥
Dishes,扁豆小米粥
Dishes,小米薄麻粥
Dishes,鸡肝小米粥
Dishes,冬菇油菜心
Dishes,鲜菇炒菜花
Dishes,菜花烧香菇
Dishes,肉末胡萝卜炒饭
Dishes,胡萝卜牛肉水饺
Dishes,冬菇木耳瘦肉汤
Dishes,鲫鱼羹
Dishes,清炖鲫鱼
Dishes,五香鳝鱼片
Dishes,酥炖鳝鱼
Dishes,鲤鱼脑粥
Dishes,赤小豆鲤鱼粥
Dishes,泥鳅木耳竹笋汤
Dishes,番茄鱼肉末
Dishes,番茄马蹄(1)
Dishes,玉米冬瓜粥
Dishes,归参山药猪腰
Dishes,赤小豆山药粥
Dishes,番茄马铃薯汤
Dishes,番茄土豆块
Dishes,猪肚熬汤
Dishes,莲子猪肚
Dishes,西米香蕉羹
Dishes,番茄菠菜汁
Dishes,菠菜煎豆腐
Dishes,酱拌菠菜
Dishes,炒绿豆芽
Dishes,牛奶蛋
Dishes,牛奶菠菜汤
Dishes,牛奶蒸蛋
Dishes,草菇汤
Dishes,草菇煮豆腐
Dishes,腊肠香米粥
Dishes,绿豆薏米露
Dishes,莲子淮山炖薏米
Dishes,西芹百合
Dishes,干贝鸡肉粥
Dishes,炸鸡肉团
Dishes,鸡肉竹笋汤
Dishes,牛肚粥
Dishes,干拌牛肚
Dishes,红烧牛肚
Dishes,胡萝卜香瓜汁
Dishes,胡萝卜拌豆芽
Dishes,白木耳炒豆腐
Dishes,木耳炒豆腐皮
Dishes,木耳黄瓜
Dishes,鸡火西瓜盅
Dishes,西瓜番茄汁
Dishes,西瓜羹
Dishes,拌豌豆苗
Dishes,炒豌豆苗
Dishes,干煸芸豆
Dishes,黄豆芽猪血汤
Dishes,大枣粥
Dishes,莱菔子粥
Dishes,莲子芡实粥
Dishes,香菇烧麦
Dishes,冬笋扁豆
Dishes,清凉扁豆
Dishes,三文鱼蒸蛋羹
Dishes,豆腐烧油菜
Dishes,菜花沙拉
Dishes,菜花炒蛋
Dishes,火腿菜花
Dishes,豆腐皮春卷
Dishes,黄豆小米粥
Dishes,鸡蛋拌土豆泥
Dishes,枸杞煮鸡蛋
Dishes,猪肝菠菜粥
Dishes,胡萝卜炒猪肝
Dishes,八珍豆腐盒
Dishes,豆腐蛋饺
Dishes,糖拌苹果
Dishes,熘苹果
Dishes,龙胆草蛋
Dishes,素炒扁豆
Dishes,口蘑烧扁豆
Dishes,冬菇扁豆
Dishes,扁豆烧冬笋
Dishes,山药饺
Dishes,红枣山药粥
Dishes,蜜汁蒸山药
Dishes,芝麻山药饼
Dishes,小米面甜沫
Dishes,西米银耳羹
Dishes,西米甜瓜粥
Dishes,西米樱桃粥
Dishes,鹌鹑蛋小米羹
Dishes,酱猪排骨
Dishes,鲤鱼火锅
Dishes,清蒸鲤鱼
Dishes,芝麻藕片
Dishes,生煸黄花菜
Dishes,脆爆海带
Dishes,海带粥
Dishes,猪血粥
Dishes,胡萝卜汤
Dishes,砂锅鱼头豆腐
Dishes,三文鱼饺
Dishes,软炸鱼卷
Dishes,酱味茄子煲
Dishes,莲藕萝卜
Dishes,鹌鹑蛋烧油菜
Dishes,清炖猪蹄膀
Dishes,菠菜炖猪蹄
Dishes,蟹汁蒸鲈鱼
Dishes,粉丝鳝鱼
Dishes,参枣鳝鱼汤
Dishes,五香带鱼
Dishes,萝卜丝带鱼
Dishes,溜炒白萝卜
Dishes,菠菜水饺
Dishes,番茄皮蛋菜汤
Dishes,芹菜山楂粥
Dishes,山楂白菜
Dishes,山楂橘子羹
Dishes,白果炒百合
Dishes,白果炒鸡丁
Dishes,百合白果牛肉羹
Dishes,阿胶炖鸡肉
Dishes,鸡肉蛋花木耳汤
Dishes,当归首乌鸡肉汤
Dishes,生烧草鱼豆腐
Dishes,山药炖羊肚
Dishes,山药薏米粥
Dishes,猪肾山药粥
Dishes,山药芡实粥
Dishes,金针炒鸡肉
Dishes,粉丝拌黄瓜
Dishes,炖五香牛肉
Dishes,酥牛肉
Dishes,芋头咸粥
Dishes,芋头糕
Dishes,胡萝卜泥汤
Dishes,芝麻茄条
Dishes,赤豆鲤鱼
Dishes,鲤鱼汁粥
Dishes,香干炒黄瓜
Dishes,猴头菇煲汤
Dishes,龙莲鸡蛋汤
Dishes,烧豆腐丸汤
Dishes,蛋形馒头
Dishes,鹌鹑山药粥
Dishes,蘑菇炒油菜心
Dishes,苹果雪梨生鱼汤
Dishes,苹果煎蛋饼
Dishes,茼蒿豆腐
Dishes,茼蒿拌豆干
Dishes,鸡蓉玉米羹
Dishes,西葫芦盅
Dishes,蘑菇木耳饺
Dishes,素炒西兰花
Dishes,牛肉盖饭
Dishes,牛肉青豆粥
Dishes,蜜枣桂圆粥
Dishes,麻酱拌海螺
Dishes,枸杞玉米羹
Dishes,莲子红豆沙
Dishes,莲子桂圆汤
Dishes,苹果红薯泥
Dishes,蜜汁桂花苹果
Dishes,芝麻拌油菜
Dishes,双色馒头
Dishes,茄子粥
Dishes,豆瓣烧茄子
Dishes,榨菜肉末茄子粒
Dishes,草莓蛋糕
Dishes,胡萝卜炒雉鸡肉
Dishes,芙蓉鸡蛋
Dishes,菠菜拌豆芽
Dishes,鱼蛋豆芽汤
Dishes,白菜炒豆芽
Dishes,干煸豆芽
Dishes,玉米面蒸饺
Dishes,玉米面发糕
Dishes,姜枣鲫鱼粥
Dishes,花样果肉薏米粥
Dishes,绿豆芽拌粉皮
Dishes,豆芽蛋丝
Dishes,生菜龙虾
Dishes,卷心菜菠萝汁
Dishes,紫菜芙蓉汤
Dishes,绿豆奶粥
Dishes,金橘糯米粥
Dishes,红烧菜花
Dishes,皮蛋菜花汤
Dishes,芝士菜花
Dishes,黄瓜木耳汤
Dishes,鲜莲西瓜盅
Dishes,山药汤圆
Dishes,菠萝汁蜜
Dishes,培根
Dishes,桔梗粥
Dishes,清炒桔梗苗
Dishes,人参汤圆
Dishes,文思豆腐
Dishes,马齿苋槟榔粥
Dishes,春笋炒鱼
Dishes,胡萝卜香蕉汁
Dishes,胡萝卜苹果汁
Dishes,胡萝卜干贝羹
Dishes,海蜇马蹄汤
Dishes,冰糖绿豆苋菜粥
Dishes,菠萝鸡肫
Dishes,梅子蒸鲈鱼
Dishes,羊肉汤面
Dishes,肉片粥
Dishes,牛肉菜粒羹
Dishes,青菜饭
Dishes,小白菜炖豆腐
Dishes,酱汁茄子
Dishes,紫菜粥
Dishes,菠萝粥
Dishes,西湖牛肉羹
Dishes,胡萝卜猪肝汤
Dishes,红白萝卜汤
Dishes,蔬菜泥汤
Dishes,干荔枝煲粥
Dishes,白萝卜梨汁
Dishes,草菇丝瓜汤
Dishes,丝瓜炖豆腐
Dishes,金银蛋浸丝瓜
Dishes,莼菜粥
Dishes,山药芡实瘦肉粥
Dishes,一品南瓜
Dishes,麻辣心里美
Dishes,蟹肉饭
Dishes,贝菜炖蟹肉
Dishes,清蒸酸梅鱼
Dishes,黄花馒头
Dishes,花生衣
Dishes,花生粥
Dishes,荠菜粥
Dishes,炸咖喱鳕鱼
Dishes,海参鸭肉粥
Dishes,青鸭羹
Dishes,白萝卜炖猪排骨
Dishes,山药牛蒡汁
Dishes,竹筒蒸草鱼
Dishes,石榴虾
Dishes,蜂蜜萝卜汁
Dishes,烧菠菜
Dishes,腐竹拌菠菜
Dishes,小米鱼肚羹
Dishes,香蕉土豆泥
Dishes,牛肉米汤
Dishes,米汤鹑蛋
Dishes,打碗花豆腐海米汤
Dishes,蘑菇鸡丝蛋花汤
Dishes,桂鱼菠菜蛋花汤
Dishes,豌豆肚条汤
Dishes,豌豆粉丝汤
Dishes,豌豆蛋花汤
Dishes,菠菜橘子汁
Dishes,火腿菠菜汤
Dishes,菜花土豆汤
Dishes,菊花核桃粥
Dishes,沙参粥
Dishes,综合蔬果汁
Dishes,拌果汁菜心
Dishes,人参小米粥
Dishes,阳春面
Dishes,泥鳅黑豆粥
Dishes,油菜鸽子羹
Dishes,油菜苹果牛奶汁
Dishes,菠菜豆腐蛋花汤
Dishes,菠菜粉丝汤
Dishes,土豆肉末粥
Dishes,枸杞肉丝
Dishes,扁豆瘦肉汤
Dishes,香菇鸡粒粥
Dishes,清炖羊肉
Dishes,大麦羊肉汤
Dishes,羊肉丸子汤
Dishes,鱼蓉银耳羹
Dishes,牛奶窝蛋莲子汤
Dishes,甲鱼双耳汤
Dishes,枸杞蒸甲鱼
Dishes,甲鱼百合红枣汤
Dishes,香菇炖甲鱼
Dishes,豆腐烧扁豆
Dishes,鲜蘑烧扁豆
Dishes,枸杞甲鱼
Dishes,茯苓清蒸桂鱼
Dishes,萝卜丝包
Dishes,萝卜丝拌豆芽
Dishes,百果西米羹
Dishes,何首乌粥
Dishes,菠菜蛋汤
Dishes,黑芝麻果仁粥
Dishes,花生红枣粥
Dishes,杏仁提子麦片粥
Dishes,五香麦片粥
Dishes,黄芪山药羹
Dishes,山药红枣羹
Dishes,草菇炒油菜
Dishes,粉丝拌油菜
Dishes,龙眼莲藕汤
Dishes,猪排骨焖土豆
Dishes,豆芽炖猪排骨
Dishes,玉米粉燕麦粥
Dishes,苹果玉米豆粉羹
Dishes,猪肉水饺
Dishes,苹果草莓汁
Dishes,冰糖五彩玉米羹
Dishes,山药蒸鲫鱼
Dishes,肉蓉番茄汤
Dishes,茶叶粥
Dishes,绿豆茶
Dishes,鸡丝玉米粥
Dishes,红萝卜西芹汁
Dishes,栗子红萝卜马蹄汤
Dishes,黑米党参山楂粥
Dishes,党参煲大鳝
Dishes,党参杜仲糯米粥
Dishes,烧羊肉叉烧
Dishes,太子参烧羊肉
Dishes,归地烧羊肉
Dishes,白扁豆参米粥
Dishes,木耳烧羊肉
Dishes,胡萝卜烧羊肉
Dishes,杏仁蜜瓜田鸡汤
Dishes,瘦肉田鸡汤
Dishes,扁豆炒山药
Dishes,西瓜皮丁粥
Dishes,西瓜汁
Dishes,菠菜虾米汤
Dishes,羊肉杂面汤
Dishes,茼蒿鱼球汤
Dishes,菠菜芹菜粥
Dishes,凉拌苋菜
Dishes,韭菜炒鲜虾
Dishes,桂圆糯米粥
Dishes,炖山药
Dishes,蛋花番茄面
Dishes,炒番茄鸡蛋汤
Dishes,核桃肉粉
Dishes,萝卜枸杞玉米粥
Dishes,玉米蚌肉汤
Dishes,枸杞花旗参饮
Dishes,茯苓大枣山药粥
Dishes,苹果沙拉
Dishes,什锦猪肉菜末
Dishes,牛肉菜花汤
Dishes,桃仁粥
Dishes,凉拌芹菜叶
Dishes,芹菜豆腐干
Dishes,五豆汤
Dishes,山药扁豆粥
Dishes,消脂番茄木耳豆腐汤
Dishes,海米冬瓜
Dishes,百合南瓜盅
Dishes,双红南瓜汤
Dishes,西瓜炒蛋
Dishes,黑豆黄芪红枣牛肉汤
Dishes,板栗豆腐饼
Dishes,板栗烧鸡
Dishes,芝麻黑豆粥
Dishes,山药豆腐汤
Dishes,燕窝粥
Dishes,冰糖板栗泥
Dishes,芦笋三素
Dishes,砂锅鸡肉冬瓜汤
Dishes,核桃泥
Dishes,黑豆蛋粥
Dishes,清炒油麦菜
Dishes,胡萝卜泥
Dishes,炒胡萝卜土豆丝
Dishes,核桃牛奶饮
Dishes,鸡蛋冰糖炖银耳
Dishes,莲藕乌豆煲乳鸽汤
Dishes,莲藕山药汤
Dishes,珧柱冬瓜炖田鸡
Dishes,冬瓜菠萝羹
Dishes,鸭肉冬瓜海参汤
Dishes,赤小豆鸡汤
Dishes,牛奶大枣汤
Dishes,桃仁红枣粥
Dishes,火腿炒油菜
Dishes,咸蛋苦瓜
Dishes,蒜泥马齿苋
Dishes,绿豆马齿苋汤
Dishes,马齿苋薏苡仁瘦肉粥
Dishes,三丝瓜羹
Dishes,三鲜丝瓜
Dishes,砂锅豆腐汤
Dishes,荠菜黑豆粥
Dishes,百合绿豆沙羹
Dishes,海米油菜心
Dishes,软炸鸭肉
Dishes,鸡翅粥
Dishes,烩鸡翅
Dishes,酥鸡腿
Dishes,清炸鸡腿
Dishes,五香鲤鱼块
Dishes,鲫鱼莲藕煲
Dishes,素三鲜豆腐汤
Dishes,木瓜汤
Dishes,龙眼酸枣仁饮
Dishes,杜仲党参煲乳鸽
Dishes,绿豆南瓜盅
Dishes,无花果粥
Dishes,炝花生米
Dishes,三丝金针菇
Dishes,烧金针菇
Dishes,炒金针菇
Dishes,拌小白菜
Dishes,牛奶麦片蜜枣粥
Dishes,酸奶银耳水果羹
Dishes,冬瓜枸杞汤
Dishes,炒香干菠菜
Dishes,蒜蓉苋菜牛肉汤
Dishes,韭菜炒鳝丝
Dishes,荸荠木耳煲带鱼
Dishes,藕粉鸽蛋羹
Dishes,胡桃肉藕粉糊
Dishes,瘦肉榨菜粉丝虾米汤
Dishes,青菜拌粉丝
Dishes,粉丝海带
Dishes,薏仁粥
Dishes,猪肉玉米粥
Dishes,海参粥
Dishes,芡实薏仁粥
Dishes,胡萝卜炒蛋
Dishes,猪肉鸭蛋汤
Dishes,银耳炖鸭蛋
Dishes,炝黄豆芽
Dishes,凉拌黄豆芽
Dishes,干烧黄豆芽
Dishes,山楂核桃饮
Dishes,核桃瘦肉汤
Dishes,圆白菜炒粉丝
Dishes,芹菜炒鸡蛋虾仁
Dishes,芝麻芹菜段
Dishes,沙丁鱼煲
Dishes,苋菜鱼头豆腐汤
Dishes,番茄菠菜拌肉丝
Dishes,鲫鱼菠菜豆腐汤
Dishes,山药南瓜粥
Dishes,奶油南瓜粥
Dishes,山药枸杞南瓜汤
Dishes,香菇冬瓜汤
Dishes,红烧海参
Dishes,三鲜海参
Dishes,枸杞海参煮鸽蛋
Dishes,无花果雪梨雪耳瘦肉汤
Dishes,水晶菠萝
Dishes,拌菠萝丁
Dishes,猕猴桃香蕉奶酪汁
Dishes,菊花桂鱼
Dishes,芡实白果粥
Dishes,鲜蘑油菜心
Dishes,炒莴笋丝
Dishes,莴笋叶豆腐羹
Dishes,荠菜包子
Dishes,拌荠菜松
Dishes,荠菜汤
Dishes,梅子肉
Dishes,油辣菜花
Dishes,香瓜菜
Dishes,淡菜饼
Dishes,雪菜水饺
Dishes,清蒸海带盒
Dishes,海带拌鸡丝
Dishes,腐竹拌海带丝
Dishes,清蒸肉末海带盒
Dishes,鸡肉炒藕丝
Dishes,鸡蛋松
Dishes,五香芹菜豆
Dishes,芹菜炒土豆丝
Dishes,菠菜拌豆干
Dishes,凉拌菜花
Dishes,绿菜花金针菇
Dishes,西芹油菜牛奶汁
Dishes,小白菜氽丸子
Dishes,山药饼
Dishes,双菇鲫鱼汤
Dishes,鲫鱼平菇汤
Dishes,黄芪鲫鱼汤
Dishes,苹果鹌鹑
Dishes,山药莲子苡仁粥
Dishes,银耳百合粥
Dishes,泥鳅炖豆腐
Dishes,蜜饯胡萝卜粥
Dishes,素烧四季豆
Dishes,四季豆粥
Dishes,羊腰黑豆汤
Dishes,当归粥
Dishes,麦冬小麦粥
Dishes,茭白猪肉粥
Dishes,紫米红枣粥
Dishes,红豆花生红枣粥
Dishes,人参黄芪莲子粥
Dishes,红枣菊花粥
Dishes,翡翠菜花
Dishes,泥鳅汤
Dishes,泥鳅粥
Dishes,猪脾猪肚萝卜粥
Dishes,生枣花生红糖汤
Dishes,党参田七炖鸡
Dishes,清蒸石斑鱼
Dishes,山楂枸杞子兔肉汤
Dishes,枸杞子牛肝汤
Dishes,冬笋鹅掌汤
Dishes,麦芽山楂饮
Dishes,黑芝麻山药羹
Dishes,蘑菇猪瘦肉汤
Dishes,参枣炖蘑菇
Dishes,栗子山楂羹
Dishes,冬笋香菇
Dishes,豌豆鲜奶粥
Dishes,花生牛奶炖银耳
Dishes,水果什锦奶羹
Dishes,万寿果煲生鱼汤
Dishes,鱼头补脑汤
Dishes,银耳炖木瓜
Dishes,雪梨鲜奶炖木瓜
Dishes,黄豆芽排骨
Dishes,黄豆芽拌芦荟
Dishes,香菇冬瓜蒸饺
Dishes,凉拌冬瓜条
Dishes,苹果甘蔗番茄汁
Dishes,姜糖苏叶饮
Dishes,羊肉煎包
Dishes,木瓜炖带鱼
Dishes,牛奶杏仁粥
Dishes,百合熟地鸡蛋汤
Dishes,香菜莲藕饺
Dishes,荔枝汁
Dishes,大米荔枝粥
Dishes,香甜玉米饼
Dishes,豆腐菜远牛肉汤
Dishes,香菇西兰花
Dishes,清爽西兰花
Dishes,毛豆番茄豆腐汤
Dishes,毛豆炒蛋
Dishes,花生猪蹄汤
Dishes,萝卜牛肉蒸饺
Dishes,海带瘦肉粥
Dishes,虾皮菠菜粥
Dishes,蜜奶芝麻羹
Dishes,鲜味带鱼
Dishes,柳橙菠萝汁
Dishes,西芹菠萝汁
Dishes,洋葱牛肉卷
Dishes,竹笋沙拉
Dishes,鲶鱼粥
Dishes,龙井鲶鱼清汤
Dishes,雪里蕻肉片汤
Dishes,雪里蕻炖豆腐
Dishes,芝麻栗子糕
Dishes,青豆虾仁包
Dishes,紫苏炒田螺
Dishes,炒田螺
Dishes,田螺荷叶汤
Dishes,田螺蚌肉汤
Dishes,鸭肉炖河蚌
Dishes,盐水大葱
Dishes,炒大葱头
Dishes,烧大葱
Dishes,羊肉烩面
Dishes,油菜丝炒面
Dishes,羊肉温补汤
Dishes,焖糟羊肉
Dishes,软煎鲅鱼
Dishes,西红柿炖鲅鱼
Dishes,油炝芦笋
Dishes,鳕鱼拌腐皮丝
Dishes,凉拌空心菜
Dishes,芝麻贡菜
Dishes,贡菜饺
Dishes,步鱼蔬菜羹
Dishes,赤小豆炖鲤鱼
Dishes,鲢鱼丝瓜汤
Dishes,清炖鲢鱼头
Dishes,芹菜包子
Dishes,排骨汤面
Dishes,蜜汁排骨
Dishes,糖醋三文鱼
Dishes,珍珠菜花汤
Dishes,草菇饺
Dishes,苦瓜瘦肉汤
Dishes,青椒炒肉丝
Dishes,香煎银鳕鱼
Dishes,香菇烧油菜
Dishes,盐渍油菜薹
Dishes,清明菜糯米饭
Dishes,豆腐番茄鱼片牛肉汤
Dishes,海带焖鲫鱼
Dishes,兔肉粥
Dishes,海带扒冻豆腐
Dishes,红煨海蜇头
Dishes,酱牛蹄筋
Dishes,木耳炒西芹
Dishes,冰糖莲子汁
Dishes,薄荷莲子羹
Dishes,炝三色芥菜
Dishes,炒豆腐脑
Dishes,赤小豆鲤鱼汤
Dishes,苋菜粥
Dishes,脆炸牛奶
Dishes,萝卜干炒饭
Dishes,凤梨饭
Dishes,黄芪乌骨鸡
Dishes,红枣人参汤
Dishes,红枣羊骨糯米粥
Dishes,桑葚红枣汁
Dishes,红枣桂圆蛋汤
Dishes,素炒茄子
Dishes,马齿苋炒黄豆芽
Dishes,紫菜黄瓜汤
Dishes,雪菜芦笋饺
Dishes,芦笋饺
Dishes,芦笋胡萝卜汁
Dishes,紫茄子粥
Dishes,油焖茄子
Dishes,清拌茄子
Dishes,玉米蒸饺
Dishes,莴笋炒蛋
Dishes,豆腐乳空心菜
Dishes,甘麦大枣粥
Dishes,清蒸甲鱼
Dishes,香菇茯苓粥
Dishes,橄榄粥
Dishes,培根蜜枣粥
Dishes,干姜红糖粥
Dishes,龙须汤
Dishes,萝卜青果粥
Dishes,粟子芥菜冬菇汤
Dishes,苦杏仁粥
Dishes,红豆西米羹
Dishes,大枣人参汤
Dishes,红枣煲牛蹄筋
Dishes,萝卜生姜大枣蜂蜜饮
Dishes,人参乌骨鸡
Dishes,小麦豆角粥
Dishes,炒麦芽肉片汤
Dishes,荞麦蒸饺
Dishes,黑芝麻甜奶粥
Dishes,金银花黄瓜肉片汤
Dishes,水果冷汤
Dishes,参芪羊肉粥
Dishes,桂圆炖羊脑
Dishes,猪脑鱼云羹
Dishes,补血益肠白瓜鱼尾汤
Dishes,糟香鸭肝
Dishes,鸭肝浓香粥
Dishes,冬菜鸭肝汤
Dishes,油豆腐油菜
Dishes,苹果生菜酸奶汁
Dishes,糯米莲藕
Dishes,鳖甲炖鸽
Dishes,三七鳖甲炖瘦肉
Dishes,墨鱼苦瓜
Dishes,五花炖墨鱼
Dishes,葱姜豆腐汤
Dishes,萝卜羊肉汤
Dishes,羊肉归芪汤
Dishes,黄芪红糖粥
Dishes,当归黄芪粥
Dishes,当归羊肉羹
Dishes,子姜鸭脯
Dishes,仔姜鸭片
Dishes,水姜鸭粥
Dishes,糟鸭泥豆腐羹
Dishes,鸭心燕窝汤
Dishes,荸荠海蜇粥
Dishes,紫菜豆腐羹
Dishes,红杞海参鹌鹑蛋
Dishes,当归牛肉汤
Dishes,当归花草汤
Dishes,黄芪茶
Dishes,清炒西瓜皮
Dishes,金橘柠檬汁
Dishes,参芪炖乳鸽
Dishes,参莲汤
Dishes,腐竹白果粥
Dishes,腐竹汤
Dishes,葱油腐竹
Dishes,腐竹猪肝粥
Dishes,海带苡仁蛋汤
Dishes,冬瓜香菇海带汤
Dishes,蟹黄豆腐羹
Dishes,坚果丝瓜液
Dishes,水果奶蛋羹
Dishes,烧排骨
Dishes,紫菜豆腐肉片汤
Dishes,脆皮茄子
Dishes,花生酱
Dishes,荠菜淡菜汤
Dishes,荠菜豆腐羹
Dishes,苦瓜荠菜瘦肉汤
Dishes,虾仁青豆炒饭
Dishes,鸡肉冬菜饼
Dishes,益母草鸡肉汤
Dishes,苜蓿粥
Dishes,苜蓿鸡蛋汤
Dishes,挂霜腰果
Dishes,火腿萝卜粥
Dishes,酪梨芋头粥
Dishes,芋头肉片粥
Dishes,海参木耳煲排骨汤
Dishes,凉拌海蜇
Dishes,海参羊肉汤
Dishes,海参鲜蘑菇汤
Dishes,黄鱼海参羹
Dishes,豆腐泡大豆芽发菜汤
Dishes,清炒虾仁
Dishes,五果糯米粥
Dishes,冰糖甲鱼
Dishes,清汤鲍鱼
Dishes,鲜奶核桃粥
Dishes,清汤蛋白香菇
Dishes,猪血黄花菜
Dishes,芹菜炒肉片
Dishes,香菇炒饭
Dishes,鱼腥草拌莴笋
Dishes,砂仁粥
Dishes,丁香梨
Dishes,枸杞茯苓茶
Dishes,木耳豆腐
Dishes,银耳甜蛋汤
Dishes,鲤鱼虾米羹
Dishes,腰果小西饼
Dishes,腰果拌西芹
Dishes,蛋黄碎牛肉粥
Dishes,蛋黄菠菜泥
Dishes,百合蛋黄汤
Dishes,胡萝卜枸杞汁
Dishes,甘笋酸梅汤
Dishes,洋葱汤
Dishes,肉片烧菜花
Dishes,菇笋萝卜豆腐汤
Dishes,苹果泥
Dishes,桃花粥
Dishes,芦荟苹果汁
Dishes,腰果肉饭
Dishes,南瓜排骨汤
Dishes,拔丝山慈姑
Dishes,雪菜青豆韭菜豆腐汤
Dishes,香菇豆苗
Dishes,醉鸡腿
Dishes,脆炸鸡腿
Dishes,糟蒸鸭肝
Dishes,鲜熘鸭肝
Dishes,芝麻鸭肝
Dishes,冰糖炖银耳
Dishes,玫瑰香粥
Dishes,母鸡汤
Dishes,紫河车牛腱汤
Dishes,香椿蒸蛋羹
Dishes,芝麻酱拌生菜
Dishes,香菇干贝烩豆腐
Dishes,大蒜豆腐
Dishes,百合银耳粥
Dishes,红薯红枣汁
Dishes,红枣花生汁
Dishes,益母草泡红枣
Dishes,竹蔗胡萝卜猪骨汤
Dishes,扁豆猪骨汤
Dishes,枣桃粥
Dishes,川贝雪梨粥
Dishes,首乌桑葚子瘦肉汤
Dishes,百合桑葚汁
Dishes,花生牛筋粥
Dishes,羊骨粥
Dishes,花生鸡球
Dishes,桃花桂鱼
Dishes,红枣银耳汤
Dishes,黄花木耳猪蹄汤
Dishes,豆腐炖猪蹄
Dishes,山药炖猪蹄
Dishes,酥香鲫鱼
Dishes,荸荠炒香菇
Dishes,番茄炒鸡蛋
Dishes,无花果红枣山楂茶
Dishes,粉蒸鲫鱼
Dishes,火腿面片粥
Dishes,豆芽猪血汤
Dishes,温养脾胃带鱼汤
Dishes,菠菜洋葱牛奶羹
Dishes,莲子鸡丁
Dishes,虫草人参炖乌鸡
Dishes,红烧鲶鱼段
Dishes,蒜烧鲶鱼
Dishes,五彩藕丁
Dishes,炒脆藕
Dishes,炝藕片
Dishes,凉拌藕片
Dishes,花生山药粥
Dishes,冰糖山药羹
Dishes,西红柿猪肝瘦肉汤
Dishes,鲜百合雪梨瘦肉雪蛤汤
Dishes,红萝卜瘦肉鸡肝笋菇汤
Dishes,绿豆薏仁汤
Dishes,羊骨大米粥
Dishes,藕片汤
Dishes,桂圆肉粥
Dishes,酱青萝卜丝
Dishes,糖醋青萝卜丝
Dishes,肉片柿子汤
Dishes,鲫鱼炖猪爪
Dishes,金针木耳猪肝汤
Dishes,核桃阿胶膏
Dishes,参枣粥
Dishes,扁豆糕
Dishes,鸡肝银耳汤
Dishes,白玉银鱼羹
Dishes,糖醋鱼脯
Dishes,胡萝卜香菜粥
Dishes,肉末菜粥
Dishes,肉末凉面
Dishes,苦瓜猪瘦肉汤
Dishes,川芎当归羊肉汤
Dishes,白菜包
Dishes,豆苗鸡肉汤
Dishes,豌豆拌鸡肉
Dishes,丝瓜蛋汤
Dishes,丝瓜猪肉汤
Dishes,芋头芹菜粥
Dishes,野菊花炒肉片
Dishes,蒜茸野菊花
Dishes,野菊炒肉片
Dishes,凉拌野菊花
Dishes,香菇豆苗萝卜汤
Dishes,眉豆煲猪手汤
Dishes,鲤鱼补血汤
Dishes,眉豆鲤鱼煲
Dishes,茯苓豆腐
Dishes,茯苓粥
Dishes,乌鸡冬虫夏草汤
Dishes,枸杞子黑枣鸽蛋汤
Dishes,灰树花包子
Dishes,乌梅蚕茧红枣方
Dishes,甜杏仁粥
Dishes,蛋黄粥
Dishes,猪肝蛋黄粥
Dishes,山药蛋黄粥
Dishes,冬虫夏草羊肉汤
Dishes,羊肉萝卜粥
Dishes,羊肉奶花羹
Dishes,制首乌黑豆粥
Dishes,百合荸荠雪梨羹
Dishes,荷叶卷
Dishes,什锦玉米
Dishes,茄子花
Dishes,豆腐干拌豆角
Dishes,豆腐干拌荠菜
Dishes,荸荠豆腐汤
Dishes,鸡丝蘑芋豆腐
Dishes,小白菜芋头
Dishes,木耳核桃炖豆腐
Dishes,菠萝荔枝炒螺花
Dishes,青胡萝卜排骨汤
Dishes,土豆胡萝卜汤
Dishes,干烧茄子
Dishes,煎酿茄子
Dishes,青瓜鳝鱼
Dishes,红烧鳝鱼段
Dishes,雪菜叉烧包
Dishes,枣莲三宝粥
Dishes,腐竹瑶柱发菜瘦肉汤
Dishes,酱黄花菜
Dishes,百合绿豆粥
Dishes,首乌寄生鸡蛋汤
Dishes,首乌粥
Dishes,决明子粥
Dishes,枸杞决明子鱼片汤
Dishes,山楂海带丝
Dishes,山楂决明荷叶瘦肉汤
Dishes,素炒黄豆芽
Dishes,黄豆芽拌海带
Dishes,虾皮水饺
Dishes,虾皮炒绿豆芽
Dishes,豆腐海鲜汤
Dishes,虾皮菠菜
Dishes,猪肉韭菜水饺
Dishes,萝卜枸杞炖鸭肝
Dishes,蟹肉苦瓜羹
Dishes,春笋鸡片
Dishes,黄焖春笋
Dishes,油焖春笋
Dishes,生菜肉松
Dishes,三七煲藕蛋
Dishes,肉桂粥
Dishes,田七炖鸡
Dishes,胡萝卜山楂汁
Dishes,核桃鸡
Dishes,玉米须粥
Dishes,五味花生
Dishes,桂花核桃仁
Dishes,葵花子粥
Dishes,人参杞子粥
Dishes,玉液煲鸡
Dishes,煮干丝鸡汤
Dishes,百果鸡粥
Dishes,鸡汤馄饨
Dishes,肉桂鸡肝
Dishes,清炒山药丝
Dishes,鱼香圆白菜
Dishes,雪菜肉末粥
Dishes,海米拌油菜
Dishes,八宝莲子粥
Dishes,胡萝卜炒猪肉丝
Dishes,胡萝卜鲍鱼粥
Dishes,胡萝卜炒肉丝粉
Dishes,芦笋鸡丝汤
Dishes,冬虫夏草炖龟肉
Dishes,虫草玉竹甲鱼汤
Dishes,枸杞子羊肉片
Dishes,女贞子枸杞子瘦肉汤
Dishes,柴胡白术炖乌龟
Dishes,红萝卜鲜木耳豆腐汤
Dishes,黑木耳枣豆羹
Dishes,冬菇木耳鸡脚排骨汤
Dishes,银耳冬瓜羹
Dishes,猪肉炒山楂
Dishes,山楂煮鸡翅
Dishes,山楂烧豆腐
Dishes,粉蒸苋菜
Dishes,虾球粥
Dishes,紫菜虾皮汤
Dishes,雪菜虾仁豆腐羹
Dishes,虾仁豆腐羹
Dishes,黄瓜海带泡菜汤
Dishes,凉拌海带丝
Dishes,豆芽海带炖鲫鱼
Dishes,海带卷
Dishes,海带炖肉
Dishes,豆腐熬海带
Dishes,番茄荔枝鸡
Dishes,荔枝肉片
Dishes,油菜叶拌豆丝
Dishes,冬笋拌油菜
Dishes,香菇小油菜
Dishes,萝卜拌菜花
Dishes,豌豆拌菜花
Dishes,田鸡发菜猪腱汤
Dishes,海带黄花蛋汤
Dishes,海带鸡腿汤
Dishes,海带炖鸡
Dishes,菊花虾仁
Dishes,菠菜金针菇汁
Dishes,金针菇鸡丝
Dishes,百合拌金针菇
Dishes,金针菇炒银杏
Dishes,苋菜豆腐汤
Dishes,绿豆芽炒兔肉丝
Dishes,猪肉松
Dishes,砂仁鲫鱼
Dishes,花生烤麸粥
Dishes,香菇烧菜花
Dishes,荠菜水饺
Dishes,荠菜包
Dishes,绿豆芽炒里脊丝
Dishes,黄米面油糕
Dishes,桑葚饮
Dishes,荔枝虾仁
Dishes,海带荸荠饮
Dishes,酱肉西兰花
Dishes,香蕉葡萄干牛奶
Dishes,香蕉炒虾仁
Dishes,酥皮香蕉
Dishes,芹菜拌蜇皮
Dishes,芹菜拌海带
Dishes,松子粥
Dishes,松子全鱼
Dishes,南瓜饭豇豆粥
Dishes,芥蓝头什锦丁
Dishes,苦瓜炖猪排骨
Dishes,干贝米饭
Dishes,凉拌鱼腥草
Dishes,小枣粽子
Dishes,清炖木耳香菇
Dishes,海米木耳烧冬瓜
Dishes,鸭血豆腐汤
Dishes,豆腐鸡血瘦肉汤
Dishes,黑芝麻红枣粥
Dishes,肉丝茭白
Dishes,海米拌茭白
Dishes,豇豆饺
Dishes,饭豇豆粥
Dishes,豌豆苗豆腐汤
Dishes,生菜鸡丝
Dishes,奶香菜花
Dishes,鸡蛋羊肉面
Dishes,百合圆肉煲鸡蛋
Dishes,苹果萝卜羊肉粥
Dishes,空心菜排骨汤
Dishes,空心菜瘦肉粥
Dishes,炒空心菜
Dishes,蛋花空心菜汤
Dishes,茯苓赤豆薏米粥
Dishes,荷叶粉蒸肉
Dishes,哈密瓜香蕉汁
Dishes,芹菜炒香菇
Dishes,笋丝豆苗
Dishes,豆苗炒鸡丝
Dishes,菜煎饼
Dishes,菜肉馄饨
Dishes,黄精粥
Dishes,腊八粥
Dishes,酥黄菜
Dishes,什锦蛋饺
Dishes,厚菇芥菜
Dishes,鸡蛋黄泥
Dishes,山药茯苓包子
Dishes,乌药羊肉汤
Dishes,冬瓜荷叶汤
Dishes,山楂鸡片
Dishes,凤梨山楂汤
Dishes,鸡冠花鸡蛋汤
Dishes,清汤香菇甲鱼
Dishes,鸡蛋银耳羹
Dishes,芥菜魔芋汤
Dishes,甲鱼粥
Dishes,山药烧甲鱼
Dishes,芥菜番薯汤
Dishes,干贝芥菜
Dishes,芦笋烧鲍鱼
Dishes,菠菜蛋花汤
Dishes,冬菇云耳丝瓜豆腐汤
Dishes,滑肉莴笋
Dishes,黄瓜紫菜汤
Dishes,鸡茸大白菜心
Dishes,圆白菜虾皮
Dishes,菠菜炒豆芽
Dishes,菠菜腰花
Dishes,茭白粥
Dishes,葛根薏苡仁粥
Dishes,薏苡仁粥
Dishes,白芷茯苓薏苡仁粥
Dishes,醋茶煮鲤鱼
Dishes,鸡内金赤豆粥
Dishes,桑枝鸡内金瘦肉汤
Dishes,胡萝卜炒鸡蛋
Dishes,胡萝卜炒肉丝
Dishes,胡萝卜拌青笋
Dishes,夜明砂蒸猪肝
Dishes,合欢花蒸猪肝
Dishes,蒸猪肝
Dishes,冰糖核桃仁糊
Dishes,清蒸鳗鱼
Dishes,鳗鱼羹
Dishes,南瓜奶油香拌面
Dishes,三色豆猪肘冬瓜汤
Dishes,赤小豆冬瓜祛湿汤
Dishes,番茄甜瓜汁
Dishes,山药粉苡米粥
Dishes,芡实白果猪肚汤
Dishes,猪肚瘦肉厚朴汤
Dishes,鸡腿菇拌猪肚
Dishes,花生糯米糕
Dishes,花生猪骨粥
Dishes,生地豆腐滚生菜汤
Dishes,大蒜黄萝卜生菜清汤
Dishes,生菜豆皮汤
Dishes,玉米面饼子
Dishes,红枣糯米饭
Dishes,血糯米扣肉
Dishes,山药黑米炖猪肚
Dishes,油淋草鱼
Dishes,葱油芋头
Dishes,牛奶大米饭
Dishes,清蒸武昌鱼
Dishes,赤豆炖鹌鹑蛋
Dishes,水晶鹌鹑蛋
Dishes,芙蓉鹌鹑蛋
Dishes,清蒸平鱼
Dishes,鲜笋平鱼片
Dishes,氽鲫鱼汤
Dishes,豆腐鲫鱼
Dishes,荠菜鸡蛋汤
Dishes,紫菜肉片汤
Dishes,紫菜鸡蛋汤
Dishes,薏米炖鸭
Dishes,蘑菇肉丁包
Dishes,蘑菇炒菜心
Dishes,山鸡炖蘑菇
Dishes,蘑菇蒸鸡块
Dishes,蘑菇炖土豆
Dishes,鸡肉菊花火锅
Dishes,香菇糯米饭
Dishes,鸡蛋里脊扒
Dishes,豆腐鸡蛋锅贴
Dishes,番茄鸡肉球
Dishes,鸡肉鱼片枸杞豆腐汤
Dishes,老人头菌炒鸡肉
Dishes,猪肉臊子面
Dishes,猪肉豆腐煲
Dishes,丝瓜银耳虾羹
Dishes,丝瓜肉片汤
Dishes,茯苓板粟鲤鱼
Dishes,芦笋青椒番茄汁
Dishes,荷兰豆饺
Dishes,鱼香荷兰豆
Dishes,葡萄布丁
Dishes,山楂荞麦饼
Dishes,六味牛肉脯
Dishes,胡萝卜蛋糕
Dishes,香炒胡萝卜
Dishes,草莓果酱
Dishes,刀豆腰子
Dishes,马兰头拌豆腐
Dishes,绿豆豆沙包
Dishes,香菜拌水萝卜
Dishes,菠菜水萝卜
Dishes,豌豆粥
Dishes,木耳银芽海米粥
Dishes,什锦炒木耳
Dishes,猪肉炒饼
Dishes,金针菇油菜猪心汤
Dishes,橄榄虾仁
Dishes,发菜瘦肉粥
Dishes,发菜马蹄粥
Dishes,牛奶椰汁
Dishes,苹果鸡丁
Dishes,萝卜海带
Dishes,红萝卜紫菜合掌瓜汤
Dishes,清汤鲤鱼丸
Dishes,金银花苦瓜汤
Dishes,香菇炒菜花
Dishes,奶汤干贝菜花
Dishes,黄花菜蒸肉饼
Dishes,葱香菱角
Dishes,香蕉豆沙酸奶汁
Dishes,白果烧鸡
Dishes,酸甜菜花
Dishes,柠檬鸡片
Dishes,豌豆烧茄子
Dishes,香卤鹌鹑蛋
Dishes,鹌鹑蛋竹荪汤
Dishes,鹌鹑蛋奶露
Dishes,栗子布丁
Dishes,莲子百合炖燕窝
Dishes,枸杞桃仁鸡丁
Dishes,香菇桃仁
Dishes,栗子炖鸡
Dishes,炒甲鱼片
Dishes,鸽蛋粥
Dishes,黄米面炸糕
Dishes,海带炖排骨
Dishes,紫菜豆腐汤
Dishes,大蒜银花茶
Dishes,核桃草鱼火锅
Dishes,黑豆莲藕鸡汤
Dishes,番茄炒菜花
Dishes,蛋炒菜花
Dishes,红枣黑豆炖鲤鱼
Dishes,糟熘鸭肝
Dishes,草莓柚奶汁
Dishes,绿豆芽拌豆腐
Dishes,红烧牛肉面
Dishes,煎芹菜叶饼
Dishes,鸡丝芹菜饭
Dishes,苋菜小鱼粥
Dishes,冬菇苋菜汤
Dishes,冬瓜滚田鸡汤
Dishes,干贝冬瓜
Dishes,冬瓜小豆鲤鱼汤
Dishes,苡仁冬瓜汤
Dishes,海米冬瓜汤
Dishes,茄汁冬瓜派
Dishes,油拌芹菜
Dishes,芹菜拌虾仁
Dishes,菠菜黄花猪肝汤
Dishes,菠菜饺
Dishes,发菜香菇酸辣汤
Dishes,发菜煲瘦肉汤
Dishes,车前发菜汤
Dishes,肉丝炒四季豆
Dishes,杏醋淋木瓜
Dishes,杏仁蛋糕
Dishes,青椒毛豆
Dishes,丝瓜毛豆
Dishes,驴肉水饺
Dishes,驴肉粥
Dishes,豆腐冬菇瘦肉汤
Dishes,参姜小米粥
Dishes,韭菜包子
Dishes,炝苋菜
Dishes,什菜面
Dishes,干冬菜粥
Dishes,熘炒黄花猪腰
Dishes,金针菇水饺
Dishes,韭菜包
Dishes,生菜烧肉三明治
Dishes,卷心菜烧肉蒸饺
Dishes,蘑菇炒芦笋
Dishes,鲜奶芦笋汤
Dishes,炖银耳肉
Dishes,炖芝麻猪肉
Dishes,松子肉
Dishes,雪菜鸡丝面
Dishes,花菜饺
Dishes,粉皮拌鸡丝
Dishes,粉皮拌虾仁
Dishes,菠菜粉皮
Dishes,黄瓜拌粉皮
Dishes,猪腰煮粥
Dishes,炖猪腰
Dishes,杜仲猪腰
Dishes,枸杞叶猪腰汤
Dishes,土茯苓黄芪猪骨汤
Dishes,红枣猪尾汤
Dishes,圆白菜炒小虾
Dishes,生菜包肉
Dishes,香菇牛肉粥
Dishes,蚝油毛豆苦瓜
Dishes,当归生姜羊肉汤
Dishes,大豆芽冬菇脚腐皮汤
Dishes,酱螃蟹
Dishes,鱼香肉丝
Dishes,生烤乳猪肉
Dishes,菠菜炒生鱼片
Dishes,菠菜色拉
Dishes,清汤螃蟹蛋
Dishes,奶油鱼肉
Dishes,牛奶蛋清炒章鱼
Dishes,银耳炖鸽蛋
Dishes,银耳鸽蛋
Dishes,鸽蛋圆子
Dishes,黄芪乌鸡汤
Dishes,冬菇猪骨汤
Dishes,麦冬山楂炖甲鱼
Dishes,虫草红枣炖甲鱼
Dishes,枸杞炖甲鱼
Dishes,黄芽白煲鸭骨汤
Dishes,土茯苓猪骨汤
Dishes,黄豆排骨汤
Dishes,双红排骨汤
Dishes,蚝油菜鸽
Dishes,无花果煲猪肉
Dishes,黄鱼汤
Dishes,鸡骨草蜜枣烧猪肉
Dishes,砂锅排骨粥
Dishes,猪排骨炖洋葱
Dishes,山楂牛肉干
Dishes,滑蛋牛肉
Dishes,凤尾菇鸡肉炒饭
Dishes,发菜鸡杂汤
Dishes,杭州白切羊肉
Dishes,对虾粥
Dishes,干焖对虾
Dishes,香煮对虾
Dishes,西兰花炒虾仁
Dishes,酸奶煮羊排
Dishes,鸡肉虾仁炒面
Dishes,灵芝鸡肉汤
Dishes,松仁炒鸽肉
Dishes,鸽肉粥
Dishes,鸡丝莼菜粥
Dishes,莼菜羹
Dishes,豆豉鲜鱼
Dishes,豆豉牛肉
Dishes,冰糖排骨
Dishes,南瓜红枣排骨汤
Dishes,鲮鱼黄豆粥
Dishes,海米拌圆白菜
Dishes,小豆节瓜汤
Dishes,奶黄包
Dishes,奶油绿豆沙(红豆沙)
Dishes,鱼茸菜心
Dishes,虾末菜花
Dishes,三仙鸽蛋
Dishes,鸽蛋百莲汤
Dishes,青菜包
Dishes,茼蒿菜鱼头汤
Dishes,冬菜鸭
Dishes,咖喱牛肉蒸饺
Dishes,山药枸杞煲苦瓜
Dishes,银耳莲子枸杞粥
Dishes,枸杞核桃粥
Dishes,三鲜鹌鹑蛋
Dishes,薏米炖里脊
Dishes,糯米莲子粥
Dishes,蘑菇炒绿豆芽
Dishes,虎皮鸽蛋
Dishes,南瓜猪肉夹
Dishes,海参鸭肉汤
Dishes,豉油菜生鱼
Dishes,三丝苋菜
Dishes,苋菜豆腐羹
Dishes,金针苋菜
Dishes,苋菜豆腐养肝汤
Dishes,鱼肉糊
Dishes,油豆腐炒小白菜
Dishes,紫菜猴头清汤
Dishes,兰花炒鱿鱼
Dishes,茄子炒牛肉
Dishes,百合贝母煲猪肉
Dishes,板粟猪肉饭
Dishes,鱼肉豆腐火锅
Dishes,菊花鱿鱼
Dishes,鱿鱼蛋菇汤
Dishes,银鱼火锅
Dishes,银鱼炒鸡蛋
Dishes,银鱼香菇羹
Dishes,西湖银鱼羹
Dishes,红焖螃蟹
Dishes,杞子炖羊脑
Dishes,淮杞煲羊脑
Dishes,牡蛎肉末粥
Dishes,乌龟茯苓汤
Dishes,烧饼夹肉
Dishes,蕃茄烧肉盖饭
Dishes,肉丝炒饭
Dishes,清炒荷兰豆
Dishes,油菜拌猪肝
Dishes,豆泡烧油菜
Dishes,胡萝卜生鱼汤
Dishes,胡萝卜拌鸡丝
Dishes,绞肉胡萝卜炖豆腐
Dishes,海带绿豆糖水
Dishes,鲜蚕豆紫菜汤
Dishes,豆腐紫菜兔肉汤
Dishes,花卷鱿鱼
Dishes,冬笋鱿鱼肉丝
Dishes,芹菜鱿鱼
Dishes,木须豇豆
Dishes,怪味木耳菜
Dishes,蟹黄豆腐
Dishes,脆皮芸豆
Dishes,全福豆腐
Dishes,黄瓜拌猪肝
Dishes,菠菜炒猪肝
Dishes,芹菜炒猪肝
Dishes,海虾豆腐
Dishes,拌海蜇皮
Dishes,淮山药芝麻糊
Dishes,豆面糕
Dishes,芝麻土豆
Dishes,奶酪干
Dishes,奶酪
Dishes,奶酪蛋松
Dishes,酸奶油芝麻茄泥
Dishes,马蹄鸡肉饺
Dishes,猪肝豌豆苗汤
Dishes,飘香四季豆
Dishes,凤尾菇扒蛋
Dishes,海参煲鸡汤
Dishes,海参火锅
Dishes,枸杞海参鸽蛋汤
Dishes,什锦炒饭
Dishes,牛排盖饭
Dishes,家常炒饭
Dishes,灌汤包子
Dishes,炒面粥
Dishes,三丝拌面
Dishes,冬瓜鲢鱼汤
Dishes,罗汉大烩汤
Dishes,土豆泥子汤
Dishes,蘑菇炒面
Dishes,茉莉竹荪汤
Dishes,竹荪玉笋粥
Dishes,松子仁烧香菇
Dishes,氽毛豆丸子
Dishes,毛豆炒大芥菜
Dishes,猪肚鸡脯羹
Dishes,油焖茭白
Dishes,冬菇茭白汤
Dishes,油菜干丝
Dishes,油菜拌肚条
Dishes,燕窝鸽蛋汤
Dishes,菜花烩鸽蛋
Dishes,豆干炖鸽蛋
Dishes,马铃薯番茄酸奶沙拉
Dishes,红烧鳝鱼
Dishes,荷兰豆炒甘笋
Dishes,炝炒西兰花
Dishes,百合杏仁枇杷粥
Dishes,荠菜百合粥
Dishes,蛋蓉菜花汤
Dishes,豆腐脑素三鲜
Dishes,青豆鱼头汤
Dishes,水果沙拉
Dishes,赤豆牛肉汤
Dishes,陈皮牛肉丝
Dishes,牛肉鸡汤水饺
Dishes,西芹牛肉羹
Dishes,五香猪肉干
Dishes,番茄酱猪肉
Dishes,香蕉拌桃片
Dishes,红烧肉包
Dishes,肉丁烫面饼
Dishes,芥蓝腰果炒香菇
Dishes,番茄甜橙汁
Dishes,鱼肉煎蛋
Dishes,炒芙蓉大虾
Dishes,虾皮烧豆腐
Dishes,地瓜牛奶
Dishes,火腿蚕豆
Dishes,蚕豆羹
Dishes,杏鲍菇炖鸭
Dishes,草菇炖双鸽
Dishes,猪肤红枣羹
Dishes,红豆粥
Dishes,乌鸡红豆汤
Dishes,青豆炒兔肉丁
Dishes,清茶豆腐羹
Dishes,人参当归炖鸽肉
Dishes,花菇鸡丝
Dishes,花菇凤翼
Dishes,核桃鸽蛋
Dishes,荷包鸽蛋
Dishes,糖醋木耳
Dishes,白肉拉面
Dishes,菊花肉丝
Dishes,鲜肉锅贴
Dishes,杨梅瘦肉粥
Dishes,炖双鸭
Dishes,豆角包子
Dishes,山楂炖牛肉
Dishes,茄香牛肉刀削面
Dishes,虾仁生菜
Dishes,生菜虾松
Dishes,虾皮炒菠菜
Dishes,母鸡粥
Dishes,归参炖母鸡
Dishes,奶香蘑菇牛肉面
Dishes,干丝拌绿豆芽
Dishes,茼蒿鱼头汤
Dishes,凉拌四季豆
Dishes,烩洋葱鸡肉
Dishes,裙带菜马铃薯饼
Dishes,牛奶鹑蛋
Dishes,豆蔻牛奶饮
Dishes,丝瓜豆腐响螺汤
Dishes,鸡蓉豆腐
Dishes,香椿炒鸡蛋
Dishes,鸡蛋酿苹果
Dishes,莲子龙眼肉鹌鹑蛋糖水
Dishes,绿豆芽拌海带
Dishes,油菜海米豆腐
Dishes,凉拌圆白菜
Dishes,罗汉果金银菜柿饼汤
Dishes,四季豆焖肉排
Dishes,烧四季豆
Dishes,马齿苋菜肉片汤
Dishes,二豆粥
Dishes,茄汁烩肉饭
Dishes,豆仁饭
Dishes,鸡肉卤饭
Dishes,双皮奶
Dishes,毛豆炒豆腐
Dishes,柠檬鱼
Dishes,木耳粉丝肉丸汤
Dishes,木耳肉片汤
Dishes,苋菜黄鱼羹
Dishes,黑米埋珍珠
Dishes,三丝紫菜汤
Dishes,甘蔗牛肉丸
Dishes,牛里脊肉扒
Dishes,猪脊骨煲莲藕汤
Dishes,排骨柴鱼汤
Dishes,沙拉芦荟
Dishes,豌豆焖羊肉饭
Dishes,鱼头炖豆腐
Dishes,香菇扒菜心
Dishes,香菇烧豆腐
Dishes,冬菜包
Dishes,山楂核桃茶
Dishes,芝麻核桃蜜
Dishes,茴香菜粥
Dishes,枸杞炖鲫鱼
Dishes,云腿鸽子汤
Dishes,酸辣乌鱼蛋汤
Dishes,绿豆薏苡仁汤
Dishes,冬瓜荷叶瘦肉汤
Dishes,乌鱼木瓜汤
Dishes,银耳樱桃羹
Dishes,红薯樱桃肉
Dishes,芝麻南瓜饼
Dishes,冬菇黄焖斑鸠
Dishes,西瓜子仁粥
Dishes,苡米鸡汤
Dishes,木耳芦笋蘑菇汤
Dishes,板栗烧菜心
Dishes,毛豆荞麦粥
Dishes,香菇木耳淡菜汤
Dishes,浮小麦粥
Dishes,生姜山楂汤
Dishes,干姜羊肉汤
Dishes,附子粥
Dishes,附子冰糖炖冬瓜
Dishes,老鸭绿豆汤
Dishes,木瓜煲排骨汤
Dishes,毛豆炒豆干
Dishes,青豆豆腐牛肉羹
Dishes,银鱼苋菜粥
Dishes,胡萝卜炒猪肾
Dishes,甘蔗姜汁
Dishes,干煸四棱豆
Dishes,榨菜鸡蛋汤
Dishes,炝扁豆
Dishes,鸡油菜心
Dishes,蒜茸油麦菜
Dishes,酸菜饺
Dishes,苹果炖鱼
Dishes,腰果虾仁
Dishes,豆腐素蒸包
Dishes,金银花粥
Dishes,鸡脚花胶汤
Dishes,糯米桂花藕
Dishes,归芪鲤鱼汤
Dishes,白汤鲫鱼
Dishes,鲫鱼粥
Dishes,砂锅甲鱼汤
Dishes,枸杞叶芹菜粥
Dishes,芹菜肉片汤
Dishes,海味豆腐汤
Dishes,百合芦笋汤
Dishes,芦笋扒冬瓜
Dishes,紫苋粳米粥
Dishes,地黄乌鸡
Dishes,肉桂米饭
Dishes,芦荟汁白果羹
Dishes,益母草炖猪肉
Dishes,肉末醋卤面
Dishes,肉丝炒饼
Dishes,凉瓜肉排煲
Dishes,冬笋鸡丝春卷
Dishes,香拌黄豆
Dishes,罗汉果莲藕西洋菜汤
Dishes,大麦薏仁茯苓粥
Dishes,白果鲫鱼
Dishes,玉竹参果猪肉汤
Dishes,枸杞桂圆煲猫肉
Dishes,肉豆蔻粥
Dishes,芦笋青鱼丝
Dishes,鲜香菇煮豆腐
Dishes,糖醋鲤鱼
Dishes,红烧鲤鱼
Dishes,冬菇全鸡
Dishes,耙子萝卜鹌鹑汤
Dishes,槐花茶
Dishes,槐花粥
Dishes,白果鸡汤
Dishes,拌绿菜花
Dishes,香肥带鱼
Dishes,清蒸带鱼
Dishes,干丝黄豆芽汤
Dishes,猪肺薏仁粥
Dishes,青豆炒丝瓜
Dishes,鲫鱼赤小豆汤
Dishes,鲫鱼豆腐汤
Dishes,枸杞鲫鱼火锅
Dishes,清汤鲈鱼羹
Dishes,鲈鱼五味子汤
Dishes,铁排青鱼
Dishes,嫩豇豆汤
Dishes,猪肉冬瓜水饺
Dishes,车前叶西瓜粥
Dishes,酱羊肉
Dishes,腊鲜鸭肝
Dishes,红烧带鱼段
Dishes,清蒸鲫鱼
Dishes,鲫鱼汤
Dishes,炖奶汤鲫鱼萝卜丝
Dishes,菊花鲈鱼块
Dishes,清烩鲈鱼片
Dishes,雪菜黄豆炖鲈鱼
Dishes,炖青鱼
Dishes,莲子桂圆煨猪肉
Dishes,芹菜蜜汁
Dishes,日式鸡肉泡粥
Dishes,猴头菇炖鸡
Dishes,虾仁鸡翅粥
Dishes,虾仁韭菜
Dishes,韭菜粥
Dishes,柳橙风味白鱼肉
Dishes,素炒新西兰菠菜
Dishes,回锅鲫鱼
Dishes,芹菜猪肉蒸饺
Dishes,青鱼甩水
Dishes,草莓沙拉拌生菜
Dishes,荔枝炒丝瓜
Dishes,羊肚汤
Dishes,炸鸭肝两样
Dishes,卤浸猪肝
Dishes,莲藕煲猪腿肉
Dishes,茯苓柚子饮
Dishes,牛肉芹菜包
Dishes,菠菜瘦肉粥
Dishes,白干炒菠菜
Dishes,牛肉归芪汤
Dishes,清蒸葡萄枸杞子
Dishes,桂圆枸杞粥
Dishes,肉末菠菜
Dishes,当归益母草蛋
Dishes,黑豆鲤鱼汤
Dishes,猴头菇炒菜心
Dishes,罗汉果煲猪肺
Dishes,鸡肉炖肉丸
Dishes,牛肉馅饼
Dishes,山药面
Dishes,鸡腿菇炖笋
Dishes,糙米排骨粥
Dishes,百合红枣银杏牛肉羹
Dishes,魔芋豆腐
Dishes,牛肉蒸饺
Dishes,木瓜煲带鱼
Dishes,炝豇豆
Dishes,肉末梨花豆腐汤
Dishes,银下莲子糯米粥
Dishes,水晶皮蛋羹
Dishes,南瓜蛋羹
Dishes,芽菜蛋羹
Dishes,肉末蛋羹
Dishes,人参莲子粥
Dishes,野菊花烧草鱼
Dishes,芒果拼盘
Dishes,菠萝鸡片汤
Dishes,山莲葡萄粥
Dishes,炸胡萝卜豆腐丸
Dishes,板栗焖鸡腿
Dishes,胡萝卜芹菜粥
Dishes,海带丝汤
Dishes,胡萝卜浆汤
Dishes,黄芪牛肉粥
Dishes,胡萝卜炒青笋
Dishes,芹菜炒虾仁
Dishes,百合炒虾仁
Dishes,油豆腐黄豆芽汤
Dishes,红枣扣猪肘
Dishes,红枣海马炖羊肉
Dishes,猪肝炒胡萝卜
Dishes,黄花鱼瘦肉汤
Dishes,菠萝芹菜汁
Dishes,鲜奶水晶香蕉
Dishes,苹果色拉
Dishes,豆芽牛肉粥
Dishes,羊肉素菜拌饭
Dishes,竹笋炖羊肉
Dishes,松江鲈鱼
Dishes,枸杞银耳鸡肝汤
Dishes,土豆烧牛肉
Dishes,木耳莴苣
Dishes,青蒿绿豆粥
Dishes,四物肝片汤
Dishes,小麦生地百合羹
Dishes,红枣黑木耳汤
Dishes,红花绿叶粥
Dishes,人参茉莉花茶
Dishes,茉莉花茶鸡片汤
Dishes,枸杞猪肝汤
Dishes,菠菜猪肝汤
Dishes,茉莉花粥
Dishes,雪菜胡萝卜
Dishes,青椒苦瓜
Dishes,菠萝汁蛋
Dishes,绿茶杏仁汤
Dishes,丝瓜绿茶汤
Dishes,三鲜酿黄瓜
Dishes,咸蛋黄烘玉米
Dishes,菊花龙井茶
Dishes,杞子南枣煲鸡蛋
Dishes,薄荷绿豆汤
Dishes,红绿豆茶
Dishes,菠菜汆丸子
Dishes,黑芝麻核桃肉汤
Dishes,酱胡萝卜(一)
Dishes,薄荷藕丝汤
Dishes,苋菜肉片汤
Dishes,肉丝炒绿豆芽
Dishes,胡萝卜菠菜汁
Dishes,胡萝卜丁炒豌豆
Dishes,胡萝卜豌豆汤
Dishes,鲜奶吐司
Dishes,奶香麦片粥
Dishes,甘蓝拌青椒丝
Dishes,金银花蒸鱼
Dishes,马兰头炒猪肝
Dishes,生滚青鱼片粥
Dishes,虾肉馄饨
Dishes,凉拌马齿苋
Dishes,油菜金针菇
Dishes,菊花白菜
Dishes,桑椹膏
Dishes,木耳菊花鱼丸
Dishes,桃仁丝瓜
Dishes,金针泡蛋汤
Dishes,豌豆菜饭
Dishes,杨梅绿豆粥
Dishes,茄子盅
Dishes,菊花藕羹
Dishes,苦瓜豆浆汁
Dishes,红烧胡萝卜
Dishes,豆腐烧胡萝卜
Dishes,酸黄瓜芦荟
Dishes,青椒拌菜花
Dishes,蛋丝烧肉炒饭
Dishes,香菇菜包
Dishes,奶油胡萝卜
Dishes,香菇蒸黄鱼
Dishes,香菜汤
Dishes,马铃薯胡萝卜汤
Dishes,生菜扒口条
Dishes,香菇笋子
Dishes,丝瓜香菇
Dishes,玉米蘑菇糊
Dishes,黑芝麻山药何首乌粉
Dishes,枸杞子炒猪肝
Dishes,苦瓜炒猪肝
Dishes,土豆胡萝卜片
Dishes,南瓜蒸饺
Dishes,青椒南瓜
Dishes,水晶南瓜
Dishes,肉末南瓜
Dishes,玉米须炖蚌肉
Dishes,当归炖甲鱼
Dishes,蛋蓉玉米羹
Dishes,香菇茭白汤
Dishes,冬虫草鸡汤
Dishes,冬虫草米粥
Dishes,蘑菇炖鸡
Dishes,番茄牛肉汤
Dishes,番茄牛茸羹
Dishes,火腿冬笋鳝鱼汤
Dishes,糖醋胡萝卜丝
Dishes,鱼腥草烧猪肺
Dishes,何首乌煲鸡蛋
Dishes,白萝卜烩鸡
Dishes,甘蔗萝卜汤
Dishes,黄瓜猪肉羹
Dishes,桔梗甘草茶
Dishes,芙蓉羊肚菌
Dishes,羊肚菌炒松仁
Dishes,百合蜜枣猪蹄汤
Dishes,豆芽猪蹄汤
Dishes,红萝卜海蜇粥
Dishes,海蜇猪骨汤
Dishes,熟地黄芪芡实羹
Dishes,枸杞叶粥
Dishes,炒羊肚丝
Dishes,芝麻豆腐
Dishes,发菜鱼片芫荽汤
Dishes,白萝卜水饺
Dishes,葱油白萝卜
Dishes,清田鸡腿
Dishes,西汁素鸡腿
Dishes,拔丝土豆
Dishes,早餐粥
Dishes,可乐鸡翅
Dishes,紫菜饭卷
Dishes,紫菜豆花羹
Dishes,鹌鹑蛋蔬菜串
Dishes,清蒸红汤鸡翅
Dishes,红枣银耳木耳猪腱汤
Dishes,荔枝桂圆方
Dishes,牛肉焖黄豆
Dishes,草莓西瓜汁
Dishes,豌豆菜花
Dishes,枸杞猪肝蛋花汤
Dishes,山药黄豆肉骨汤
Dishes,果汁白菜
Dishes,蜜汁牛蒡
Dishes,糖水樱桃
Dishes,瑶柱冬瓜海鲜汤
Dishes,葡萄干莲子汤
Dishes,鲢鱼炖豆腐
Dishes,菠菜炖豆腐
Dishes,银鱼仔蟹锅
Dishes,油菜叶拌豆腐丝
Dishes,菠萝水果冻
Dishes,绿豆芽炒菠菜
Dishes,菠菜炒粉丝
Dishes,荔枝鸭粥
Dishes,荔枝芎归炖乌鸡
Dishes,鲅鱼饺子
Dishes,芒果密瓜烩蟹
Dishes,黄豆芽炖豆腐
Dishes,白果包
Dishes,果脯土豆饼
Dishes,拔丝白果
Dishes,凤梨墨鱼
Dishes,川贝杏仁蒸雪梨
Dishes,香菇木耳焖豆腐
Dishes,糖醋圆白菜
Dishes,荔枝鸡翅
Dishes,蛋液鲫鱼羹
Dishes,虾仁鸡丝菠菜汤
Dishes,果仁排骨
Dishes,橘子凉拌蔬菜
Dishes,云耳枸杞蘑菇夜香花汤
Dishes,醋煮木耳
Dishes,乳酪菠菜面包粥
Dishes,凤梨果仁松糕
Dishes,鸡翅炖鳝鱼
Dishes,人参石膏鸡肉汤
Dishes,桂圆草莓炒山药
Dishes,栗子鸡翅
Dishes,桃杞鸡卷
Dishes,核桃豆腐羹
Dishes,羊肉炖柿子
Dishes,荠菜饺
Dishes,果酱蛋卷
Dishes,清汤馄饨
Dishes,墨鱼鸡肉饮
Dishes,牛肉菠菜汤
Dishes,丝瓜蘑菇肉片汤
Dishes,荔枝荷花蒸鸭
Dishes,瓜条拌藕片
Dishes,绿茶番茄汤
Dishes,豆豉鲮鱼油麦菜
Dishes,清蒸合页鱼
Dishes,什锦水果羹
Dishes,口袋豆腐汤
Dishes,鲜虾肉泥
Dishes,水果蛋糕
Dishes,什锦果冻
Dishes,德式土豆饼
Dishes,豆皮饭
Dishes,银耳蒸黄鱼
Dishes,椰蓉豆沙卷
Dishes,红桃蜜
Dishes,藕馅水饺
Dishes,果汁冻
Dishes,荔枝腰花
Dishes,番茄生菜沙拉
Dishes,红油菜花
Dishes,圆白菜墨鱼卷
Dishes,糖拌菜花
Dishes,牛肉热汤面
Dishes,拔丝樱桃肉
Dishes,核桃酪
Dishes,土豆粥
Dishes,雪梨鸡球
Dishes,广州牛肉炒面
Dishes,水果拌豆腐
Dishes,豆沙晶饼
Dishes,什果西米捞
Dishes,蘑菇烧冬瓜
Dishes,三鲜豇豆
Dishes,猪肉炖茄子
Dishes,四宝鸡肉
Dishes,鸡肉烩鱼丝
Dishes,鸭肉杂烩粥
Dishes,百合啤梨白藕汤
Dishes,新藕肉汤
Dishes,豆腐鲤鱼
Dishes,胡萝卜烧牛腩
Dishes,干萝卜丝酱菜
Dishes,香干拌芹菜叶
Dishes,奶油菜花
Dishes,果银耳
Dishes,胡桃粥
Dishes,猪肉焖板栗
Dishes,荠菜家常饼
Dishes,火腿海参木耳排骨汤
Dishes,鲜橙煎牛排
Dishes,砂锅鸡腿菇丸子
Dishes,猪肉大葱锅贴
Dishes,海参蒸饺
Dishes,姜汁炒章鱼
Dishes,红烧章鱼块
Dishes,苹果银耳煲鸭肾汤
Dishes,茭白肉丝面
Dishes,雪菜冬瓜汤
Dishes,壮阳狗肉汤
Dishes,牛鞭壮阳汤
Dishes,枸杞子炖牛肉（一）
Dishes,木耳大枣粥
Dishes,党参莲藕猪蹄汤
Dishes,党参黄羊肉汤
Dishes,马兰炖猪肉
Dishes,上海酱猪肉
Dishes,花芋烧猪蹄
Dishes,鱼香苦瓜丝
Dishes,红烧甲鱼
Dishes,白术猪肚粥
Dishes,清炖甲鱼
Dishes,泥鳅鱼茸粥
Dishes,菠菜炒肉片
Dishes,山药炒肉片
Dishes,南瓜蒸肉
Dishes,西红柿萝卜汤
Dishes,银耳枸杞汤
Dishes,银耳炖雪梨
Dishes,南瓜西芹汁
Dishes,香椿鲐鱼
Dishes,牛奶马铃薯焖猪肉
Dishes,雪花银鱼
Dishes,银耳雪梨膏
Dishes,洋葱拌蚕豆
Dishes,芥蓝沙拉
Dishes,当归炖鸡
Dishes,三丝发菜羹
Dishes,鸡蛋炒苦瓜
Dishes,红烧素大排骨
Dishes,大蒜烧鸭
Dishes,青蒜炒猪肝
Dishes,香菜鸡蛋羹
Dishes,生菜拌腰片
Dishes,圆肉核桃瘦肉汤
Dishes,三丝发菜
Dishes,木耳拌豆芽
Dishes,鸡油菌豆腐
Dishes,川草鱼
Dishes,煎藕饼
Dishes,烧茄子
Dishes,鸡蛋面丝汤
Dishes,蔬香牛肉羹
Dishes,香菇蒸兔肉
Dishes,黄瓜海蜇
Dishes,萝卜丝拌海蜇皮
Dishes,海参笋肉丝汤
Dishes,海参桂圆粥
Dishes,莲子炖猪心
Dishes,桂枣炖猪心
Dishes,羊肉枸杞汤
Dishes,卤火鸡腿
Dishes,豌豆瓣汤
Dishes,茄酱菜花
Dishes,拔丝豆沙
Dishes,口蘑芙蓉蛋汤
Dishes,枇杷银耳
Dishes,油焖武昌鱼
Dishes,海米拌菜花
Dishes,绿豆银耳杂果羹
Dishes,芥菜炒蚕豆
Dishes,木耳鸭肝烩
Dishes,生滚草鱼肠粥
Dishes,珍珠米糊
Dishes,胡萝卜土豆丝
Dishes,生滚牛肉粥
Dishes,冰糖银耳
Dishes,百香木瓜
Dishes,砂锅紫菜汤
Dishes,鲶鱼炖豆腐
Dishes,冬瓜鸭粥
Dishes,炝泥胡菜
Dishes,豇豆粥
Dishes,焖烧豇豆
Dishes,菠菜蛋皮
Dishes,咖喱鸡肉包
Dishes,腊鸭肝肠(鸭肠)
Dishes,川贝百合炖雪梨
Dishes,莲子银耳炖雪梨
Dishes,甜杏仁猪肺汤
Dishes,杏仁拌芥兰
Dishes,苜蓿肉
Dishes,青豌豆拌土豆泥
Dishes,青豌豆浆汤
Dishes,姜韭牛奶羹
Dishes,荠菜饺子
Dishes,滑熘海带
Dishes,红油竹笋
Dishes,红豆花生粥
Dishes,肉末四季豆
Dishes,牡蛎豆腐汤
Dishes,青菜木耳香菇猪血汤
Dishes,紫菜包饭
Dishes,椰子饺
Dishes,腊肉荷兰豆
Dishes,芦笋土豆汁
Dishes,黄豆芽排骨豆腐汤
Dishes,番茄菜花
Dishes,生菜拌蛋片
Dishes,油焖蚕豆
Dishes,卤汁黄豆
Dishes,卤五花肉
Dishes,酱五花肉
Dishes,凉拌鸡翅
Dishes,煮鸡翅拌桃仁
Dishes,贵妃鸡翅
Dishes,荸荠鸡翅
Dishes,瑶柱红枣鸡肉汤
Dishes,蚕豆鲫鱼粥
Dishes,香酥山药
Dishes,白芍麦枣粥
Dishes,参枣米饭
Dishes,菱粉粥
Dishes,卷心菜梨汁
Dishes,枸杞炖乌骨鸡
Dishes,牛肉煎包
Dishes,牛肉灌汤蒸饺
Dishes,芝麻红糖饮
Dishes,核桃芝麻羹
Dishes,莲枣薏仁粥
Dishes,绿豆薏仁海带汤
Dishes,鲫鱼砂仁汤
Dishes,滋补鲫鱼煲
Dishes,五柳青鱼
Dishes,人参鹑蛋
Dishes,杏仁蛋花糊
Dishes,松子豌豆
Dishes,鸡丝豌豆
Dishes,梨荷竹叶饮
Dishes,绿豆茯苓膏
Dishes,芋头豆腐
Dishes,烫面牛肉烧卖
Dishes,腊鸭肝(豉鸭肝)
Dishes,绿菜花猴蘑
Dishes,酱茄子
Dishes,蛋丝拌油菜叶
Dishes,西瓜瘦肉汤
Dishes,桃酥豆泥
Dishes,柠檬银耳冰醋饮
Dishes,土豆拌扁豆
Dishes,大枣牛肝汤
Dishes,蚌肉冬瓜汤
Dishes,归参鸡汤
Dishes,软酥鸡爪
Dishes,花雕鸡爪
Dishes,鱼香鸡爪
Dishes,归芪蒸鸡
Dishes,冰花杏仁燕窝羹
Dishes,花生赤豆羹
Dishes,莲子芡实荷叶粥
Dishes,苦瓜瘦肉煲
Dishes,砂锅菠萝苦瓜鸡腿
Dishes,冰镇甜橙水
Dishes,荷花粥
Dishes,加减竹叶粥
Dishes,鹌鹑蛋汤
Dishes,荸荠豆浆
Dishes,菠菜松
Dishes,素烧茄子
Dishes,茄子沙拉
Dishes,红烧茄子
Dishes,香汁茄子
Dishes,什锦茄子
Dishes,葡汁鲜藕
Dishes,水晶藕
Dishes,红烧带鱼
Dishes,紫菜肉茸汤
Dishes,三吃海蟹
Dishes,牡蛎墨鱼汤
Dishes,鹿角胶粥
Dishes,莲子发菜瘦肉汤
Dishes,荷叶软蒸鱼
Dishes,土豆汤
Dishes,鲍鱼生菜
Dishes,山药炖猪脑
Dishes,淮山枸杞子炖猪脑
Dishes,糯米红枣炖鲤鱼
Dishes,红枣糯米粥
Dishes,茄汁鲢鱼
Dishes,红烧五花肉
Dishes,鸳鸯鹌鹑蛋
Dishes,凉冻菠萝酪
Dishes,鸡蛋索饼
Dishes,发菜鸡卷
Dishes,菠菜拌猪肝
Dishes,橙汁小排
Dishes,奶汁芦笋
Dishes,香椿凉面
Dishes,甜石榴西米粥
Dishes,糖水百合汤
Dishes,猪骨汤
Dishes,墨鱼陈皮瘦肉粥
Dishes,黑木耳炒猪肝
Dishes,小枣窝头
Dishes,韭菜鲫鱼汤
Dishes,柠檬蒸黑鱼
Dishes,拌芹菜花生米
Dishes,蛋茸牛肉羹
Dishes,鱼肚粥
Dishes,菠菜鱼肚
Dishes,栗子炒芹菜
Dishes,芹菜酸枣仁汤
Dishes,白术陈皮鲈鱼汤
Dishes,黄芪桂皮鲈鱼汤
Dishes,苹果蒌
Dishes,红薯粥
Dishes,金针菇炖鸡
Dishes,炖金针蛋汤
Dishes,龙眼百合
Dishes,龙眼肉汤
Dishes,天麻补脑汤
Dishes,天麻炖猪脑
Dishes,天麻脑花
Dishes,天麻炖老鸽
Dishes,天麻蒸蛋羹
Dishes,豆腐香菇蛋花汤
Dishes,凉拌海带木耳芹菜
Dishes,养颜橘子饮
Dishes,黄油菜花
Dishes,苍耳炒鸡蛋
Dishes,韭菜花饺
Dishes,海味冬瓜
Dishes,猪肉黄豆炖豆腐
Dishes,活血首乌参
Dishes,芦笋玉米番茄汤
Dishes,虾米拌圆白菜
Dishes,毛豆榨菜豆腐
Dishes,青椒炒毛豆子
Dishes,茅根竹蔗薏米水
Dishes,雪梨双脆
Dishes,香梨沙拉
Dishes,蘑菇鸡
Dishes,鲜蘑菇炖豆腐
Dishes,当归黄芪竹丝鸡汤
Dishes,三味黄瓜
Dishes,冬瓜滚冲菜汤
Dishes,香菇苦瓜
Dishes,辣油水豆腐
Dishes,豆腐干拌海带丝
Dishes,海带拌粉丝
Dishes,松仁玉米
Dishes,松子鸡骨鸽蛋汤
Dishes,马兰头拌冬笋
Dishes,当归杞子羊肝汤
Dishes,奶香蘑菇
Dishes,桂圆山楂汁
Dishes,鲫鱼炖羊肉
Dishes,鲫鱼氽白玉
Dishes,羊排炖鲫鱼
Dishes,鲫鱼川贝汤
Dishes,鸡蛋煎茄子
Dishes,鲜贝菜心
Dishes,生滚鲜贝粥
Dishes,杏鲍菇猪肉汤
Dishes,脆皮豆腐盒
Dishes,脆皮豆腐
Dishes,鸡丝拌芹菜
Dishes,芝麻芹菜丁
Dishes,小炒香干芹菜
Dishes,蛋白芹菜
Dishes,西芹芦荟
Dishes,芦荟蒸蛋
Dishes,鲜茄蛋花汤
Dishes,白菜蛋花汤
Dishes,果汁肉干
Dishes,酸枣苹果汁
Dishes,南瓜饺
Dishes,栗子鸽肉煲
Dishes,双菇拌鸡肉
Dishes,酱汁鸡肉丸子串
Dishes,补肾充耳汤
Dishes,鸡翅红汤
Dishes,炖鸡翅
Dishes,银耳杏仁汤
Dishes,桑仁粥
Dishes,仙人粥
Dishes,何首乌红枣粥
Dishes,莲子玉米瘦肉羹
Dishes,葫芦粥
Dishes,海米扒油菜
Dishes,鳝丝油菜粥
Dishes,砂锅丝瓜猪肉
Dishes,冬瓜肉末羹
Dishes,带鱼番木瓜汤
Dishes,银耳鸽蛋汤
Dishes,果汁豆腐
Dishes,豌豆莲子瘦肉汤
Dishes,桃仁拌莴笋
Dishes,菠萝拌土豆
Dishes,枸杞菠萝银耳汤
Dishes,大蓟粥
Dishes,杞子叶炒猪心
Dishes,香菇肉圆
Dishes,香菜粥
Dishes,烧冬瓜
Dishes,莲藕小豆猪胰汤
Dishes,莲藕煲脊骨
Dishes,蚝油牛肉
Dishes,牛肉铁锅
Dishes,莲藕发菜红豆汤
Dishes,莲藕红豆牛腱汤
Dishes,银耳杏仁鹌鹑汤
Dishes,淡菜汤
Dishes,芝麻蜜糊
Dishes,金银蛋炒白菜
Dishes,粉丝拌海带丝
Dishes,韭菜老豆腐
Dishes,干煸豇豆
Dishes,锅塌鸡蛋
Dishes,木耳豆腐卷
Dishes,蘑菇烧豆腐
Dishes,莲藕黄豆排骨汤
Dishes,琉璃山药
Dishes,糖醋山药蛋块
Dishes,山药天花粉汤
Dishes,发菜蚝豉粥
Dishes,花生冬菇腐竹汤
Dishes,花生米拌芹菜
Dishes,水萝卜拌菠菜
Dishes,炝圆白菜卷
Dishes,奶油圆白菜
Dishes,冬菜苦瓜
Dishes,冬菜汤
Dishes,海鱼汤
Dishes,大肠扒油菜
Dishes,豆腐炖菜心
Dishes,桂枝人参粥
Dishes,八宝饭
Dishes,淮山猪胰汤
Dishes,花生排骨汤
Dishes,红豆排骨汤
Dishes,清热祛湿海带汤
Dishes,香菇盒子
Dishes,韭菜蛋丝
Dishes,炒胡萝卜片
Dishes,圆白菜炒青椒
Dishes,鱼蓉菠菜粥
Dishes,海参汤
Dishes,莲子瘦肉汤
Dishes,西米木瓜奶露
Dishes,西米栗子羹
Dishes,金针菇菠菜
Dishes,拌金针菇
Dishes,肉末煎茄子
Dishes,家常茄子炖土豆
Dishes,冰糖枸杞炖山药
Dishes,炒山核桃
Dishes,黄芪鲫鱼火锅
Dishes,胡萝卜拌莴笋
Dishes,熘胡萝卜丸子
Dishes,杞菊决明子茶
Dishes,雪菜蚕豆汤
Dishes,鱼米油菜心
Dishes,白醋鸡蛋
Dishes,苋菜水
Dishes,清拌苦瓜丝
Dishes,素烧冬瓜
Dishes,香菇烧淡菜
Dishes,茄子腐竹汤
Dishes,水晶鸡蛋
Dishes,牛乳红茶
Dishes,鸡蓉油菜
Dishes,虫草老鸭汤
Dishes,熘鸭肝
Dishes,紫菜冬瓜肉粒汤
Dishes,桂花赤豆汤
Dishes,萝卜炖鲤鱼
Dishes,肉苁蓉羹
Dishes,鱿鱼蛤蜊粥
Dishes,蛤蜊黄鱼羹
Dishes,凉拌苦瓜丝
Dishes,白玉红油豆腐
Dishes,栗子粥
Dishes,拌韭菜花
Dishes,西红柿莴笋
Dishes,麻雀粥
Dishes,何首乌牛肉汤
Dishes,黄芪蒸乳鸽
Dishes,酱山药
Dishes,糖醋炝圆白菜
Dishes,青椒虾皮
Dishes,生菜大明虾
Dishes,鸭血鲫鱼粥
Dishes,凉拌海蜇皮
Dishes,海米拌海蜇丝
Dishes,菠菜牛骨汤
Dishes,熟地瑶柱牛骨汤
Dishes,银耳排骨汤
Dishes,软熘鲤鱼扇
Dishes,巧克力核桃糕
Dishes,当归炖乌鸡
Dishes,车前草鸡骨草炖鱼头
Dishes,车前草滑石冰糖汤
Dishes,赤豆枸杞猪肝汤
Dishes,雪梨百合冰糖饮
Dishes,灵芝双仁羹
Dishes,糯米灵芝粥
Dishes,豆豉薤白粥
Dishes,薤白粥
Dishes,陈皮黄芪煲猪心
Dishes,奶油菜花色拉
Dishes,仙枣赤豆粥
Dishes,芦笋天门冬粥
Dishes,雪梨黄瓜粥
Dishes,炒花生
Dishes,乌鸡茯苓汤
Dishes,清蒸鲻鱼
Dishes,虾皮豆腐
Dishes,牡蛎虾皮粥
Dishes,龙须面
Dishes,香菜拌黄瓜
Dishes,清拌黄瓜
Dishes,首乌小米粥
Dishes,鲜番茄炒蛋
Dishes,清莲花豆腐
Dishes,青豆鸡卷
Dishes,煮青豆泥
Dishes,砂锅排骨汤
Dishes,核桃虾仁粥
Dishes,猪骨腐竹粥
Dishes,小黄鱼烩豆腐
Dishes,海蜇肉片
Dishes,木耳拌海蜇
Dishes,海蜇粥
Dishes,韭菜炒羊肝
Dishes,肉苁蓉炖羊肾
Dishes,枸杞叶羊肾粥
Dishes,炖狗肉
Dishes,蛋丝韭菜
Dishes,生煸荷兰豆
Dishes,香菇里脊
Dishes,茭白烧香菇
Dishes,五香花生
Dishes,芝麻杞子乌鸡汤
Dishes,猪尾花生木瓜汤
Dishes,银耳芦笋
Dishes,蟹柳豆腐粥
Dishes,冬菜三丝汤
Dishes,枸杞菜猪肝瘦肉汤
Dishes,豉椒炒海蟹
Dishes,酱爆海蟹
Dishes,槟榔糯米粥
Dishes,蛋黄鸭卷
Dishes,扁豆香薷汤
Dishes,丝瓜饺
Dishes,清蒸加吉鱼
Dishes,红焖加吉鱼
Dishes,车前草炖猪小肚
Dishes,参归蒸猪心
Dishes,泽兰红枣茶
Dishes,清蒸红豆鲤鱼
Dishes,荔枝圆肉汤
Dishes,鱿鱼豆腐羹
Dishes,蒲菜粥
Dishes,百花酥鸡
Dishes,白煮鸡粥
Dishes,干贝猪瘦肉汤
Dishes,蛋糕
Dishes,面包布丁
Dishes,五彩鸡肉粒
Dishes,海带木耳蛋汤
Dishes,海带蛋花豆腐汤
Dishes,豆腐乳粥
Dishes,豆腐鸭架汤
Dishes,松花蛋拌青椒
Dishes,莲藕发菜冬菇汤
Dishes,苹果甲鱼汤
Dishes,花椒鸡
Dishes,花椒鸡丁
Dishes,花椒肉
Dishes,苦菜粥
Dishes,蘑菇鸡块
Dishes,怪味兔肉
Dishes,海参肉片汤
Dishes,海参奶汤
Dishes,软熘鲤鱼
Dishes,使君子蒸猪瘦肉
Dishes,桂圆首乌羹
Dishes,淡菜荠菜汤
Dishes,薇菜烧猪肉
Dishes,粟子粥
Dishes,菊芋粥
Dishes,枸杞叶炒鸡蛋
Dishes,桂圆肉蒸蛋
Dishes,清火瓜条蛋花汤
Dishes,番茄豌豆汤
Dishes,蒲公英茶
Dishes,玫瑰花烤羊心
Dishes,栗子大枣炖母鸡
Dishes,红豆米枣粥
Dishes,马蹄海蜇羹
Dishes,金瓜海蜇
Dishes,煎芝麻地瓜饼
Dishes,西芹炒杏仁
Dishes,银杏白菜
Dishes,杏仁排骨
Dishes,冰糖葛仙米
Dishes,烧牛蹄筋
Dishes,清蒸牛蹄筋
Dishes,海蜇炖猪肺
Dishes,竹笋香菇汤
Dishes,赛鲶鱼豆腐
Dishes,红花黑豆鲶鱼汤
Dishes,皮蛋芦笋汤
Dishes,梅子炖鸭
Dishes,凉拌豇豆
Dishes,羊肝胡萝卜粥
Dishes,卤汁香菇
Dishes,青豆莲子泥
Dishes,椒麻茄丝
Dishes,椒麻鸡丁
Dishes,椒麻白肉
Dishes,海参炖鲍鱼
Dishes,冬笋海参羹
Dishes,葱豉黄酒汤
Dishes,葛粉羹
Dishes,金华火腿
Dishes,马齿苋粥
Dishes,烩河虾片
Dishes,粟米香菇排骨汤
Dishes,香菇鸡丝羹
Dishes,栗子冬瓜煲老鸭
Dishes,素烧蚕豆
Dishes,冬笋蚕豆
Dishes,银耳鸽蛋粥
Dishes,梅干莲子粥
Dishes,莲子蛋汤
Dishes,苦瓜鸡汤
Dishes,竹荪莲子汤
Dishes,莲子里脊汤
Dishes,冰糖莲子
Dishes,火腿珍珠银耳羹
Dishes,首乌鲫鱼汤
Dishes,小豆鲤鱼汤
Dishes,杞子田七煲鸡汤
Dishes,桑寄生老母鸡汤
Dishes,葱油海蜇头
Dishes,白菜心拌海蜇皮
Dishes,鱿鱼羹汤饺
Dishes,奶油苹果
Dishes,银耳蜜羹
Dishes,茄子海米汤
Dishes,青萝卜煲鸭汤
Dishes,荔枝带鱼
Dishes,椒油芦笋
Dishes,酱汁茭白
Dishes,益母草粥
Dishes,黄豆炖排骨
Dishes,滑熘鸭肝
Dishes,百合鸡丝
Dishes,百合肉片
Dishes,百合虾片
Dishes,油酥桂花饼
Dishes,玫瑰酥饼
Dishes,糖酥饼
Dishes,鸡蛋炒青豆
Dishes,肝枣补血汤
Dishes,核桃仁枸杞肉丁
Dishes,平菇莲子鸭羹
Dishes,莲藕章鱼煲猪肉
Dishes,酱黄豆
Dishes,蜂蜜菠萝饮
Dishes,墨鱼炒韭菜
Dishes,爆墨鱼花
Dishes,蒸兔肉
Dishes,何首乌煮鸡蛋
Dishes,益母草煮鸡蛋
Dishes,乌鸡糯米粥
Dishes,红花糯米粥
Dishes,蘑菇莲子鸭汤
Dishes,枸杞子炖牛肉（二）
Dishes,黄豆芽烧豆泡
Dishes,凉瓜黄豆猪肉煲
Dishes,油焖黄豆
Dishes,荠菜炒鸡片
Dishes,人参煮羊肉
Dishes,萝卜香菇豆苗汤
Dishes,羊骨大枣粥
Dishes,枇杷银耳粥
Dishes,茭白炒豌豆
Dishes,蜂蜜马齿苋汁
Dishes,干烧冬笋令
Dishes,冬笋土鸡煲
Dishes,冬笋鸡片
Dishes,香豆腐蛤蜊煲
Dishes,青菜蛤蜊汤
Dishes,猪蹄粥
Dishes,胡萝卜荸荠汤
Dishes,煮糟青鱼
Dishes,生地煲鸭蛋
Dishes,木耳蒸鸭蛋
Dishes,人参鸽蛋汤
Dishes,芦笋蛋饼
Dishes,茄汁芦笋
Dishes,香椿炒蛋
Dishes,丝瓜豆腐
Dishes,金菇芽菜肉片汤
Dishes,芽菜节瓜猪舌汤
Dishes,米须芽菜猪红汤
Dishes,蛋花肉丝芽菜汤
Dishes,木耳青菜豆腐虾丸汤
Dishes,生菜心圆蹄汤
Dishes,双莲红豆牛肉汤
Dishes,宫保魔芋豆腐
Dishes,肉片炒菜花
Dishes,芥蓝牛肉
Dishes,黄蘑素鸡
Dishes,莲藕蚝豉肉汤
Dishes,芋艿米豆粥
Dishes,冷甜菜汤
Dishes,花椰菜粥
Dishes,花椰菜虾羹
Dishes,虾米冬瓜火腿鸭汤
Dishes,野鸭山药汤
Dishes,无花果生鱼汤
Dishes,北芪参枣生鱼汤
Dishes,清炖水鱼
Dishes,炒湖蟹
Dishes,紫苏叶汁
Dishes,粟米菜花汤
Dishes,肉炖芸豆粉条
Dishes,蒸芸豆丸子
Dishes,荔枝干大枣汤
Dishes,荔枝煲鸭汤
Dishes,山东羊肉粥
Dishes,海虾白菜鸡蛋煲
Dishes,清蒸大龙虾
Dishes,莼菜银鱼羹
Dishes,双丝银鱼羹
Dishes,炸洋葱
Dishes,洋葱炖牛肉
Dishes,鳜鱼柠檬羹
Dishes,冬笋芥蓝黄鱼汤
Dishes,苹果酱
Dishes,乳鸽银耳汤
Dishes,核桃熘豆腐
Dishes,枸杞子乌肉鸡汤
Dishes,酿枇杷
Dishes,枇杷粥
Dishes,枇杷银耳汤
Dishes,菊花鱼片火锅
Dishes,金针菊花肉片汤
Dishes,银耳西米羹
Dishes,银耳参枣羹
Dishes,番茄焖青豆
Dishes,番茄蛋饺
Dishes,雪里蕻冬瓜汤
Dishes,雪里蕻豆腐汤
Dishes,甘露煮白豌豆
Dishes,卤五香蘑菇
Dishes,猪心莲子汤
Dishes,莲藕黄豆炖排骨
Dishes,紫菜西芹汤
Dishes,柠檬鹌鹑
Dishes,枸杞山药蛋煲瘦肉
Dishes,荸荠猪肚粥
Dishes,人参猪肚
Dishes,鲤鱼首乌汤
Dishes,花菇烧菱角
Dishes,口蘑烧萝卜
Dishes,干贝萝卜汤
Dishes,萝卜火腿粥
Dishes,黄鳝焖饭
Dishes,薏苡仁黄鳝粥
Dishes,当归黄芪羊肉汤
Dishes,排骨煮白萝卜
Dishes,炒鲜黄花菜
Dishes,牛肉豆腐羹
Dishes,黑豆腐皮汤
Dishes,酱南瓜
Dishes,香蕉泥
Dishes,清炖兔肉块
Dishes,蒸兔肉丸子
Dishes,藿香佩兰茶
Dishes,糖醋菜花
Dishes,海带炒肉
Dishes,香糟带鱼
Dishes,蘑菇银耳焖豆腐
Dishes,甜杏仁羹
Dishes,玉米笋饺
Dishes,鱼香蘑菇
Dishes,薄荷茶
Dishes,菜远炒猪肝
Dishes,西芹牛肉卷
Dishes,莲藕炒肉片
Dishes,山药炖鲤鱼
Dishes,香蕉海鲜卷
Dishes,玉米皮酥
Dishes,姜汁牛奶
Dishes,荸荠丸子
Dishes,荸荠炒冬菇
Dishes,荸荠鱼卷
Dishes,莲藕黑豆炖老鸡
Dishes,酱西瓜皮
Dishes,酿羊肚菌
Dishes,拔丝山药
Dishes,豆腐皮拌莴笋
Dishes,芹菜拌豆腐干
Dishes,鲜草菇丝瓜鱼片汤
Dishes,菠菜肉丝汤面
Dishes,米粉蒸南瓜
Dishes,红枣山药炖南瓜
Dishes,酸菜芋头汤
Dishes,夏果炒西芹
Dishes,栗子烧鸡块
Dishes,乌骨鸡汤
Dishes,清煨玉米笋
Dishes,蚝豉煲猪腱汤
Dishes,花生鸡脚节瓜猪骨汤
Dishes,辣油黄瓜
Dishes,栗豆腐
Dishes,干煸牛肉末扁豆
Dishes,莲藕红豆煲羊肉
Dishes,绿菜花鲜虾仁
Dishes,猪肉蛋卷
Dishes,红油拌平菇
Dishes,乌灵参炖鸡
Dishes,党参老鸽汤
Dishes,熏肉玉米饼
Dishes,玉米豌豆羹
Dishes,白萝卜炒猪肝
Dishes,肉片烧莴笋
Dishes,茄汁鸡腿
Dishes,鲜藕素排骨
Dishes,五香西芹
Dishes,杏子粥
Dishes,酸菜猪血汤
Dishes,桃仁炒香菇
Dishes,香菇炒卷心菜
Dishes,黄豆芽豆腐汤
Dishes,蜜制胡萝卜
Dishes,小米擦酥
Dishes,素焖扁豆
Dishes,番茄拌菜花
Dishes,蛋黄菜花汤
Dishes,苦瓜炒肉丝
Dishes,干煸青椒苦瓜
Dishes,花生豆干
Dishes,菊花茄子
Dishes,海米浇菜花
Dishes,银耳番茄羹
Dishes,菠菜鸡蛋肉丝汤
Dishes,胡桃黑豆饮
Dishes,紫菜汆鱼
Dishes,拌虾皮豆腐
Dishes,虾皮豆腐炒蛋
Dishes,苦瓜肉丝汤
Dishes,黄芪鸡汁粥
Dishes,银鱼芥菜粥
Dishes,葱白香菜汤
Dishes,苍耳子辛夷花芥菜汤
Dishes,枸杞蒸蛋
Dishes,香蕉奶冻
Dishes,丝瓜蜜饮
Dishes,清蒸山药炉鸭
Dishes,南瓜壳
Dishes,鸡腿菇炒莴笋
Dishes,苦瓜烘蛋
Dishes,北芪莲藕炖牛腩
Dishes,韭菜杂烩粥
Dishes,马齿苋茶
Dishes,素炝扁豆丝
Dishes,阿胶鸡蛋汤
Dishes,黄芪鲤鱼汤
Dishes,蒸猪蹄筋
Dishes,黄豆莲藕排骨汤
Dishes,银耳樱桃粥
Dishes,马齿苋饮
Dishes,羊肾粥
Dishes,橘皮粥
Dishes,黑豆炖鳝鱼
Dishes,黑豆芝麻泥鳅汤
Dishes,山药鳝糊
Dishes,苋菜芙蓉蛋汤
Dishes,清汤冬苋菜
Dishes,冬笋粥
Dishes,香菇炒冬笋
Dishes,松子核桃膏
Dishes,西红柿拌芦荟
Dishes,菜花三色蛋
Dishes,氽苦瓜豆腐汤
Dishes,南瓜馅水饺
Dishes,陈皮红枣饮
Dishes,陈皮核桃粥
Dishes,灯心草粥
Dishes,丝瓜焖豆腐
Dishes,枸杞叶芹菜鱼片汤
Dishes,地黄鸡
Dishes,核桃肉
Dishes,核桃仁炒韭菜
Dishes,核桃鸡肝鸭片
Dishes,凉拌猪肝
Dishes,油炸麻雀
Dishes,红烧狗肉
Dishes,黄焖泥鳅
Dishes,冰糖莼菜粥
Dishes,小鸡炖蘑菇
Dishes,炝鸡肝
Dishes,炒莴笋
Dishes,红腐菜花
Dishes,鳕鱼花生猪骨汤
Dishes,豉汁鱼云
Dishes,奶香蘑菇汤
Dishes,美味木耳蛋汤
Dishes,香菇鲜肉包
Dishes,牡蛎炖猪肉
Dishes,枸杞蒸鸡
Dishes,芹菜益母汤
Dishes,素炒蘑菇
Dishes,虾米粉丝蒸蛋
Dishes,炒茭白绿蚕豆
Dishes,胡萝卜羊肝粥
Dishes,鳗鱼粥
Dishes,银杞明目汤
Dishes,海蜇羹
Dishes,豆腐海带汤
Dishes,银杏薏米莲子冬菇汤
Dishes,西芹烧腐竹
Dishes,花生焖腐竹
Dishes,蘑菇玉兰片汤
Dishes,葱白香菇人乳汤
Dishes,红枣葱白汤
Dishes,苦瓜芡实羹
Dishes,益母瘦肉汤
Dishes,白糖莲心粥
Dishes,排骨头莲子芡实汤
Dishes,椒盐菠菜
Dishes,青椒墨鱼丝
Dishes,熘墨鱼
Dishes,虾仁韭菜粥
Dishes,肉末烧海参
Dishes,芝麻豆腐块
Dishes,酱苹果
Dishes,炖鸭骨架汤
Dishes,鸭骨雪菜汤
Dishes,鸭骨玉兰片汤
Dishes,鲤鱼赤豆羹
Dishes,山药茯苓果仁包
Dishes,干贝芦笋
Dishes,虾皮糙米粥
Dishes,大枣粥（一）
Dishes,排骨煨藕汤
Dishes,荸荠蒸肉饼
Dishes,排骨蘑菇汤
Dishes,火腿鸡块粥
Dishes,百合柿饼鸽蛋汤
Dishes,山药炖牛肉
Dishes,山药枸杞蒸鸡
Dishes,蛋黄羹
Dishes,虾仁馄饨
Dishes,眉豆煲猪胰汤
Dishes,眉豆猪舌汤
Dishes,慈姑粥
Dishes,草菇白菜奶汤
Dishes,橘香鱼丁
Dishes,木瓜鲤鱼煲
Dishes,玉米须菊明茶
Dishes,玉米须车前饮
Dishes,虫草鸡汤
Dishes,干贝玉米羹
Dishes,鱼腥草饮
Dishes,苎麻根鸡肉汤
Dishes,苎麻根鲈鱼汤
Dishes,核桃羹
Dishes,镜箱豆腐
Dishes,山药西瓜炒百合
Dishes,明珠甲鱼
Dishes,芹菜丝拌土豆
Dishes,清炒茼蒿菜
Dishes,清炒红菜苔
Dishes,番茄荸荠饮
Dishes,人参升麻粥
Dishes,人参茶
Dishes,人参枸杞汤
Dishes,油菜腐丝
Dishes,菠菜腐竹
Dishes,干烧杞麦冬笋
Dishes,鲜冬笋拌鸡丝
Dishes,冬菇松子
Dishes,灵芝三七瘦肉汤
Dishes,炖鸡蛋蹄子
Dishes,茄子焖黄豆
Dishes,咸蛋蒸猪肉
Dishes,白粥
Dishes,清炒肉丝
Dishes,香芹拌腐竹
Dishes,番茄白果
Dishes,山药哈密瓜饺
Dishes,核桃鸡丁
Dishes,油炸菜花
Dishes,鸡胸肉拌菠菜
Dishes,干烧活鲫鱼
Dishes,枸杞叶猪肝汤
Dishes,蛤蜊炖蛋
Dishes,甲鱼杞子女贞汤
Dishes,白果百合炒桂圆
Dishes,葱香豌豆汤
Dishes,茯苓莲子粥
Dishes,红烧猪蹄
Dishes,卤味鲜海带
Dishes,鱼香青豆
Dishes,当归沙参乌鸡汤
Dishes,鳗鱼山药饭
Dishes,芹菜拌腐竹
Dishes,腐竹鲜蘑
Dishes,酱汁春笋
Dishes,西洋参大枣粥
Dishes,黄连白头翁粥
Dishes,茵陈淡竹叶粥
Dishes,冬笋炒毛豆
Dishes,白菜海带丝
Dishes,粉排骨藕
Dishes,翡翠莲藕片
Dishes,枸杞乳鸽汤
Dishes,香炸核桃鸡片
Dishes,虾米茄段
Dishes,芹菜虾米
Dishes,山药乳鸽
Dishes,豆浆炖羊肉
Dishes,百合参耳汤
Dishes,百合炒菠菜
Dishes,百合玉竹粥
Dishes,冬瓜炖鲤鱼
Dishes,樱桃肉
Dishes,猪脾粥
Dishes,猪脊羹
Dishes,黑豆酿梨
Dishes,鲫鱼陈皮枸杞菜
Dishes,豌豆泥肠汤
Dishes,豌豆蛋羹
Dishes,草莓果冻
Dishes,糯米爆谷汤
Dishes,腐竹银杏西米露
Dishes,香干拌芦荟
Dishes,五香干豆腐
Dishes,烤秋刀鱼
Dishes,甜酸芹菜叶
Dishes,山药煲鹌鹑
Dishes,冬瓜煲鹌鹑
Dishes,鲜乳粥
Dishes,长生果粥
Dishes,猪蹄汤
Dishes,烧酿猪大肠
Dishes,青椒里脊片
Dishes,海带柠檬汁
Dishes,八宝番茄
Dishes,蚝油生菜
Dishes,西米牛肉羹
Dishes,金钩菜花汤
Dishes,莲子龙眼汤
Dishes,青豆虾仁
Dishes,多味茄子泥
Dishes,芦笋蛋黄羹
Dishes,海带炖鲫鱼
Dishes,红杞鲫鱼汤
Dishes,萝卜干饺
Dishes,鸡汤小豆腐
Dishes,杏仁萝卜猪肺汤
Dishes,蜜枣猪肺汤
Dishes,沙参玉竹猪肺汤
Dishes,豆腐烧肉泥
Dishes,蛋奶炖杨桃
Dishes,山楂麦芽鸭肾汤
Dishes,鳝鱼强筋健骨汤
Dishes,鱼骨萝卜汤
Dishes,青椒面筋汤
Dishes,樱桃荞麦薄饼卷
Dishes,荞麦白果竹丝鸡汤
Dishes,鹌鹑大枣莲子汤
Dishes,茯苓包子
Dishes,鱼丸清汤
Dishes,烧羊肝
Dishes,蛋麦糊
Dishes,芡实茯苓粥
Dishes,蘑烧冬瓜
Dishes,蜜橘银耳汤
Dishes,银耳乌龙汤
Dishes,大米楱仁粥
Dishes,健脾养血猪骨汤
Dishes,银贝雪梨汤
Dishes,玉米刺梨粥
Dishes,石膏粥
Dishes,灵芝瘦肉汤
Dishes,灵芝银耳茶
Dishes,冬瓜薏米煲鸭
Dishes,鸭梨西米露
Dishes,炸葡萄干蛋奶饼
Dishes,糯米花生麦粥
Dishes,炒鳝鱼丝
Dishes,五香酱色豆腐干
Dishes,松仁香菇
Dishes,蘑菇地栗
Dishes,生菜鲮鱼球汤
Dishes,枣泥薯梨
Dishes,白果秋梨膏
Dishes,半边莲鲫鱼汤
Dishes,淡菜鲫鱼汤
Dishes,川贝炖雪梨
Dishes,川贝杏仁银耳羹
Dishes,银耳豉汁粥
Dishes,桂花鲜栗羹
Dishes,芋头萝卜菜
Dishes,豆蔻陈皮鲫鱼羹
Dishes,炖酥香海带
Dishes,三鲜冻豆腐
Dishes,刀削面
Dishes,拉面
Dishes,珍珠鸡
Dishes,扒三文鱼
Dishes,银丝卷
Dishes,紫沙果美肤汁
Dishes,猪腰核桃
Dishes,红豆粽子
Dishes,山药炖羊肉
Dishes,面疙瘩
Dishes,粉葛银鱼豆腐汤
Dishes,金樱子粥
Dishes,冬笋炖鸡
Dishes,丝瓜炒面筋
Dishes,芹菜牛肝汤
Dishes,慈菇木耳汤
Dishes,白木耳粥
Dishes,青椒鸡丁
Dishes,青椒鸡丝
Dishes,三丝木耳
Dishes,胡萝卜香橙色拉
Dishes,大排煮蘑菇
Dishes,枸杞虾仁
Dishes,山药茶
Dishes,五花肉花生粥
Dishes,萝卜烧蘑菇
Dishes,花生鸡爪汤
Dishes,南瓜腐皮花生冬菇汤
Dishes,冬瓜薏米煲鸭子
Dishes,牛筋花生汤
Dishes,杭式牛肉羹
Dishes,芡实银耳羹
Dishes,荠菜黄豆粥
Dishes,太子参田鸡粥
Dishes,枸杞煲鸡肝
Dishes,奶汤鲜核桃仁
Dishes,大蒜糯米粥
Dishes,玫瑰球拼芝麻鱼条
Dishes,鲜味莴苣丝
Dishes,莴苣叶煎蛋汤
Dishes,扒栗子白菜
Dishes,红枣煲栗子
Dishes,茯苓银耳蛋
Dishes,扁豆泥
Dishes,肉丝干拌面
Dishes,红杞蒸鸡
Dishes,榨菜肉丝粥
Dishes,土豆拌海带丝
Dishes,虾皮粉丝海带汤
Dishes,薄荷粥
Dishes,香椿炒豆腐
Dishes,当归枸杞羊肝汤
Dishes,羊肝萝卜粥
Dishes,水晶鱼片
Dishes,芥茉拌菜花
Dishes,牛乳炖鲤鱼
Dishes,乌梅茵陈蜜露
Dishes,乌梅糕
Dishes,家常馒头
Dishes,醋梨
Dishes,猪腰薏仁粥
Dishes,芝麻酱菜
Dishes,大虾仁蛋炒饭
Dishes,双耳炖猪脑
Dishes,豆苗紫菜汤
Dishes,蜂蜜橘糊
Dishes,蒸煮苹果番薯
Dishes,珊瑚菜花
Dishes,拌草莓糖泥
Dishes,紫苏肉片粥
Dishes,红烧肉饭
Dishes,薏米橘羹
Dishes,黑米鱼
Dishes,鲜虾芦笋
Dishes,栀子粥
Dishes,菠菜拌土豆
Dishes,香脆银鱼
Dishes,菠菜牛肉条
Dishes,黄芪莲子田鸡汤
Dishes,红油莲藕片
Dishes,白灼基围虾
Dishes,滋味斋粥
Dishes,蒜苔炒肉丝
Dishes,蒜苔熘鸡丝
Dishes,普洱冬菜粥
Dishes,玫瑰香干
Dishes,酱汁香干
Dishes,白果猪肚粥
Dishes,山药羊奶羹
Dishes,雪梨仙人掌
Dishes,清蒸凹蛋羹
Dishes,酥香咸蛋黄豆腐
Dishes,蛋黄豆腐
Dishes,素樱桃肉
Dishes,煎夹沙香蕉
Dishes,炖老母鸡
Dishes,猪肉酸菜包
Dishes,土豆烤猪肉
Dishes,焐酥豆糖粥
Dishes,樱桃鱼丁
Dishes,冬菇马蹄苋菜豆腐羹
Dishes,豆腐干拌白菜心
Dishes,黄瓜拌花生米
Dishes,款冬花粥
Dishes,马齿苋包子
Dishes,强健骨骼豆腐丝瓜汤
Dishes,鲜蘑丝瓜汤
Dishes,荠菜炒鸡丁
Dishes,银耳甘笋淡菜猪脚汤
Dishes,百合二仁红枣蜜
Dishes,冬瓜肉蒸包
Dishes,酱菜
Dishes,酱包菜丝
Dishes,五花肉炖干西葫芦条
Dishes,砂锅白菜猪肉丸子
Dishes,辣椒粥
Dishes,百合炖鲍鱼
Dishes,雪菜炒黄豆芽
Dishes,玉米笋炒芥蓝菜
Dishes,薯茸镶什菜
Dishes,青油菜炒银鱼丝
Dishes,玫瑰花茶
Dishes,鲫鱼节瓜汤
Dishes,蜜桃果泥
Dishes,芹菜拌猪心
Dishes,素鸡烧柳松茸
Dishes,韭菜饮
Dishes,肉丸扒油菜
Dishes,拌海蜇头
Dishes,鲍鱼芦笋汤
Dishes,炒面
Dishes,鱼肉酸菜豆腐汤
Dishes,阿拉伯式羊肉菜花饭
Dishes,土人参炖带鱼
Dishes,鱼腥草茶
Dishes,鱼腥草蒸鸡
Dishes,鱼腥草炒鸡蛋
Dishes,桂圆童子鸡
Dishes,广东粥
Dishes,糯米葡萄羹
Dishes,柠檬鸡球
Dishes,香菇豆腐笋
Dishes,百香青木瓜
Dishes,西芹炒腊肉
Dishes,水晶肴肉
Dishes,生菜鸭掌
Dishes,冰镇胡萝卜汁
Dishes,参芪鲤鱼
Dishes,砂仁蒸鲫鱼
Dishes,砂仁鳝鱼丝
Dishes,蛋皮烧肉饭包
Dishes,奶油比目鱼汤
Dishes,佛手白菜
Dishes,陈皮白糖海带粥
Dishes,肉丝榨菜汤
Dishes,川味牛肉面
Dishes,山药炒鱼片
Dishes,紫菜蛋花汤
Dishes,清汤蛋饺
Dishes,氽羊肉菜饭
Dishes,狗肉汤
Dishes,参芪归姜羊肉羹
Dishes,大蒜焖羊肉
Dishes,椰菜花生鸡脚汤
Dishes,烧肉蛋包饭
Dishes,驴肉包
Dishes,二花粥
Dishes,米沙粥
Dishes,肉松面包卷
Dishes,鹅血养阴汤
Dishes,冬虫夏草田鸡腿粥
Dishes,香酥鸡腿
Dishes,茯苓胖头鱼
Dishes,荠菜鲜鲤鱼粥
Dishes,荠菜鲈鱼羹
Dishes,护国菜
Dishes,一品南乳肉
Dishes,炸肉火烧
Dishes,油菜松
Dishes,鲶鱼炖茄子
Dishes,鲜翠荷兰豆烧肉
Dishes,蛋皮炒菠菜
Dishes,口蘑鹌鹑蛋
Dishes,三丝海蟹
Dishes,九味汁烹螃蟹
Dishes,腊味荷兰豆
Dishes,天麻鱼片
Dishes,双宝糙米乳
Dishes,木耳烩豌豆
Dishes,菜茄马铃薯淡菜汤
Dishes,青椒绿豆芽
Dishes,玉米笋清炒芥蓝
Dishes,胡桃龙眼鸡丁
Dishes,山药鱼头汤
Dishes,冬菜蚕豆
Dishes,瓜皮蚕豆汤
Dishes,鳝鱼竹笋汤
Dishes,干菜油酥烧饼
Dishes,槐花猪肚汤
Dishes,菊花黄鱼羹
Dishes,家常熬黄鱼
Dishes,莲藕陈皮乳鸽汤
Dishes,西芹芦笋贝
Dishes,芦笋煎鸡蛋
Dishes,菊花酒
Dishes,虾菇鲜肉水饺
Dishes,荸荠山楂糕
Dishes,蛋花荸荠露
Dishes,豆苗炒荸荠
Dishes,荸荠肝尖
Dishes,黄豆拌蒜苔
Dishes,鹑蛋银耳
Dishes,香菇拌豆角
Dishes,鲜豌豆烩里脊
Dishes,月季花汤
Dishes,姜枣红糖汤
Dishes,益母草红枣瘦肉汤
Dishes,芡实白果糯米粥
Dishes,芡实汤
Dishes,墨鱼炖鸡
Dishes,芝麻拌墨鱼
Dishes,冬笋豆苗
Dishes,乌鸡滋补粥
Dishes,茯苓饼
Dishes,水煮魔芋
Dishes,青椒魔芋丝
Dishes,冬瓜拌西红柿
Dishes,茄汁烘猪肝
Dishes,黄瓜炒猪肝
Dishes,猪肉大葱蒸饺
Dishes,乌豆腐皮汤
Dishes,圆肉乌豆煲羊心
Dishes,首乌豆腐汤
Dishes,豆豉炒茄子
Dishes,泡菜鲫鱼
Dishes,氽汤鲫鱼
Dishes,酸菜炖鲫鱼
Dishes,鲫鱼炖豆腐
Dishes,芹菜拌烤鸭丝
Dishes,蟹肉虾仁羹
Dishes,奶菊蛋
Dishes,菜花炒素虾仁
Dishes,旱莲草红枣汤
Dishes,肉末蒸蛋羹
Dishes,猪肚内金汤
Dishes,蛋黄泥
Dishes,甜瓜西米露
Dishes,鲜甜瓜条
Dishes,荷叶饼
Dishes,菊槐花茶
Dishes,山茱萸肉粥
Dishes,美味鸡粥
Dishes,生地粥
Dishes,龙井菊花鱼
Dishes,枸杞黄精炖白鸽
Dishes,姜丝炒墨鱼
Dishes,冬瓜薏苡仁兔肉汤
Dishes,生地黄粥
Dishes,丁香酸梅汤
Dishes,双决明粥
Dishes,干烧加吉鱼
Dishes,墨鱼炒肉丝
Dishes,墨鱼炖桃仁
Dishes,附片羊肉汤
Dishes,奶汤炖鲈鱼
Dishes,鲜莲子青蟹羹
Dishes,苋菜瘦肉汤
Dishes,桂枝大枣汤
Dishes,耳丝拌凉粉
Dishes,槐花豆腐汤
Dishes,槐花饮
Dishes,豇豆烧肉
Dishes,清炒蕨菜
Dishes,贝母粥
Dishes,丝瓜虾米蛋汤
Dishes,夏枯草煲瘦肉汤
Dishes,夏枯草炖海带
Dishes,姜枣花椒汤
Dishes,水晶蜜桔
Dishes,拔丝蜜桔
Dishes,银耳桔梗苗
Dishes,拌嫩香椿芽
Dishes,车前子粥
Dishes,白果燕窝瘦肉鹧鸪汤
Dishes,白果炖母鸡
Dishes,烤猪肉（一）
Dishes,莼菜虾羹汤
Dishes,笋菇炖海参
Dishes,蘑菇鸭块汤
Dishes,桃子面包粥
Dishes,黑面包
Dishes,黑木耳炒猪肝片
Dishes,天麻鱼头粥
Dishes,天麻鱼头汤
Dishes,猪肝笋尖粥
Dishes,虾仁扒油菜
Dishes,黄芪汽锅鸡
Dishes,当归羊肉火锅
Dishes,杏仁白肺汤
Dishes,萝卜杏仁煮牛肺
Dishes,素笋汤
Dishes,小葱老姜汤
Dishes,红糖姜汤
Dishes,豆苗蘑菇汤
Dishes,葱豉汤
Dishes,五神汤
Dishes,神仙粥
Dishes,韭菜汁姜汁炖牛奶
Dishes,马兰莲子汤
Dishes,红糖生姜汁
Dishes,菊花豆腐
Dishes,茄汁菊花鱼
Dishes,干咸菜包子
Dishes,菠萝双瓜
Dishes,芹菜牛肉
Dishes,葱油苦瓜
Dishes,火腿拌马齿苋
Dishes,清烩虾仁
Dishes,火腿冬瓜球汤
Dishes,冰凉西瓜丁
Dishes,香干拌海带丝
Dishes,飘香荷叶饭
Dishes,菊楂决明饮
Dishes,薄菊粥
Dishes,鸡汁豆干
Dishes,烩豆干丝
Dishes,雪里蕻拌豆干
Dishes,山楂桑葚子煎
Dishes,鱼肉夹火腿
Dishes,鸡腿菇烧蹄筋
Dishes,葱油胡萝卜丝
Dishes,豌豆拌土豆
Dishes,葱油莴笋饺
Dishes,鸭肝馅煎鸡蛋
Dishes,鸭蛋冰糖
Dishes,鸭蛋豆腐
Dishes,芝麻酱拌粉丝
Dishes,鲜莲银耳汤
Dishes,海带丝拌土豆
Dishes,白术陈皮煲鱼汤
Dishes,宫爆墨鱼仔
Dishes,灵芝甘草茶
Dishes,泽泻茯苓鸡
Dishes,蚝汁鸡丝芥蓝芯
Dishes,蚝油扇贝
Dishes,萝卜蛏子汤
Dishes,蛏子炒鸡蛋
Dishes,苜蓿蚬子
Dishes,玉米酱番茄羹
Dishes,冬瓜蒸饺
Dishes,面包托煎蛋
Dishes,花生龙眼肉红枣膏
Dishes,胡萝卜牛肉丝
Dishes,味噌牛肉荞麦面
Dishes,甘草绿豆炖白鸭
Dishes,枸杞炖鸽蛋
Dishes,茯苓益智仁粥
Dishes,银耳鹑蛋
Dishes,干烧四季豆
Dishes,麻酱拌四季豆
Dishes,芦荟肉皮冻
Dishes,豆腐芦荟
Dishes,沙参鸡蛋
Dishes,人参炖乌鸡
Dishes,核桃天麻炖草鱼
Dishes,云片银耳汤
Dishes,花生牛排
Dishes,香油苦瓜
Dishes,桔梗花生米
Dishes,烤鱼
Dishes,荷叶凤尾鱼
Dishes,香菜拌豆芽
Dishes,酱萝卜拌豆芽
Dishes,南瓜豆皮卷
Dishes,白菜炒猪肝
Dishes,荸荠炒猪肝
Dishes,香油柿子椒
Dishes,糖醋红柿子椒
Dishes,蜜饯白果
Dishes,芪归炖鸡汤
Dishes,参芪牛肉
Dishes,砂仁甘草蒸鲫鱼
Dishes,南瓜炖牛肉
Dishes,鹌鹑红豆粥
Dishes,黄芪煲鹌鹑
Dishes,丝瓜炒小鲜
Dishes,冬虫夏草鸡
Dishes,鹿茸炖鸡
Dishes,龙眼鸡片
Dishes,拔丝空心小枣
Dishes,柠檬汁拌水果
Dishes,绿豆茶叶冰糖汤
Dishes,芒果凤尾虾
Dishes,苹果烤肉
Dishes,鸡肝枸杞汤
Dishes,红糖绿豆沙
Dishes,黄连姜汁茶
Dishes,滋补乌骨鸡
Dishes,炒牛肝
Dishes,生姜红糖汤
Dishes,鹌鹑萝卜粥
Dishes,蜜拌鲜藕
Dishes,生鱼红枣汤
Dishes,石膏绿豆粥
Dishes,高丽参附子炖鸡肉
Dishes,菖蒲白术酒
Dishes,蜂蜜香油汤
Dishes,西红柿浆汤
Dishes,西红柿拌菠菜
Dishes,青果薄荷汁
Dishes,银花饮
Dishes,黄芽白蚝豉豆腐瘦肉汤
Dishes,赤豆鹌鹑羹
Dishes,首炖排骨
Dishes,姜茶乌梅饮
Dishes,白术扣烧牛肉
Dishes,鱼茸蒸豆腐
Dishes,茯苓人参糕
Dishes,人参茯苓汤
Dishes,豆花蘑菇银耳汤
Dishes,菠萝明虾片
Dishes,炖明虾豆腐
Dishes,凤尾明虾
Dishes,草决明蒸鸡肝
Dishes,田七红花煮鸽蛋
Dishes,排骨芋头汤
Dishes,大蒜烧茄
Dishes,十全大补汤
Dishes,大蒜豆腐鱼头汤
Dishes,鲜莼鲈鱼羹
Dishes,猪肝番茄汤
Dishes,油煎南瓜饼
Dishes,香椿烧豆腐
Dishes,车前叶苋菜粥
Dishes,酥炸鸭肉卷
Dishes,茄子拌芦荟酱
Dishes,芝麻拌芦荟
Dishes,桂圆炖鹌鹑蛋
Dishes,香葱鹌鹑蛋
Dishes,菠萝麻茸鸽蛋
Dishes,山药软炸兔
Dishes,黄瓜拌西红柿
Dishes,牛柳红木瓜
Dishes,芦荟蜜
Dishes,银花当归茶
Dishes,荔枝花
Dishes,冰糖荔枝
Dishes,芦荟玉米粒
Dishes,生炖鲤鱼豆腐
Dishes,丝瓜毛豆子
Dishes,贝母梨罐
Dishes,香菇炒刀豆
Dishes,包心菜刀豆汤
Dishes,珍菌饺
Dishes,鳝鱼茄子
Dishes,肉末口蘑烧茄子
Dishes,麻仁羊肉
Dishes,麻仁鸽蛋
Dishes,莴苣竹笋
Dishes,甜酸莴苣
Dishes,炝莴苣腐竹
Dishes,油炒荠菜
Dishes,荠菜饮
Dishes,荠菜冬笋
Dishes,口蘑竹荪汤
Dishes,鲜奶扇贝
Dishes,土豆拌西红柿
Dishes,珍珠三鲜汤
Dishes,甲鱼烧冬瓜
Dishes,香椿头饺
Dishes,冰糖枇杷
Dishes,猪骨沙参汤
Dishes,煮花椒童子鸡
Dishes,姜汁奶(姜撞奶)
Dishes,木耳烧黄花鱼
Dishes,香干苋菜
Dishes,银花薄荷饮
Dishes,秋葵炒火腿
Dishes,姜汁苋菜
Dishes,香炒苋菜
Dishes,麻油拌菠菜芹菜
Dishes,香菇凤足汤
Dishes,慢炖猪肚肺
Dishes,鸡爪猪骨奶白汤
Dishes,梅子蒸排骨
Dishes,芋头煮肉丸
Dishes,莲枣薏米鸭
Dishes,熘鹌鹑蛋
Dishes,红煨猪排
Dishes,酱野猪肉
Dishes,蒸瓤茄子
Dishes,桂圆枸杞鸡汤
Dishes,猴头黄瓜片
Dishes,芥末扇贝
Dishes,萝卜烧鲜贝
Dishes,油爆鲜贝
Dishes,鱼生粥
Dishes,仙人掌百合羹
Dishes,干炒牛肉丝
Dishes,百合莲子炒牛肉
Dishes,土茯苓炖猪骨
Dishes,黄瓜拌肚丝
Dishes,鸡翅羊肚菌
Dishes,炒羊肝
Dishes,鸡茸芦笋
Dishes,虾球菜花
Dishes,雪耳炖木瓜
Dishes,干炸带鱼
Dishes,纸包带鱼
Dishes,发菜豆腐汤
Dishes,清炖牛尾汤
Dishes,芝麻炸鸡肝
Dishes,蔗香卤鸭翅
Dishes,卤鸭翅膀
Dishes,竹笋炒牛肉
Dishes,凉拌西瓜皮
Dishes,鳜鱼粥
Dishes,桃花鳜鱼
Dishes,黄芪川芎兔肉汤
Dishes,芪杞鸽
Dishes,赤小豆焖鲤鱼
Dishes,鸽子益肾汤
Dishes,枸杞青豆鸡米
Dishes,凉拌蚕豆
Dishes,香菇鸡蓉羹
Dishes,淮杞花胶煲老鸽
Dishes,麦芽茶
Dishes,茄子肉丁
Dishes,脊骨炖芸豆
Dishes,鲤鱼陈皮煲
Dishes,芥蓝头炒虾仁
Dishes,荠菜荸荠汤
Dishes,蜜汁糯米藕
Dishes,凉拌莴苣丝
Dishes,灵芝大枣汤
Dishes,大豆芽菜蚬肉汤
Dishes,清炖双冬鸡腿
Dishes,毛豆虾仁羹
Dishes,桂花银鱼
Dishes,熏猪肉
Dishes,家制猪肉脯
Dishes,糖拌绿豆芽
Dishes,菜心烧牛蹄筋
Dishes,黄豆大骨汤
Dishes,胡萝卜泥拌松软白干酪
Dishes,蘑菇烩蛋白
Dishes,青笋鱼丁
Dishes,鳖肉滋阴汤
Dishes,油卤豆腐
Dishes,太史豆腐
Dishes,独脚金煲猪瘦肉
Dishes,黄花鱼粥
Dishes,海参虾肉汤
Dishes,海参枸杞炖蛋
Dishes,鱼香槐花
Dishes,椰子红枣鸡肉糯米饭
Dishes,黄精炖猪瘦肉
Dishes,柏子仁炖猪心
Dishes,软炸鸡肝
Dishes,荠菜丸子
Drug,琥乙红霉素片
Drug,琥乙红霉素颗粒
Drug,百咳静糖浆
Drug,穿心莲内酯片
Drug,红霉素肠溶片
Drug,环酯红霉素片
Drug,布美他尼片
Drug,十一味金色丸
Drug,注射用布美他尼
Drug,注射用呋塞米
Drug,盐酸利多卡因注射液
Drug,注射用硫代硫酸钠
Drug,大月晶丸
Drug,仁青芒觉
Drug,注射用鼠神经生长因子
Drug,地塞米松磷酸钠注射液
Drug,枸橼酸喷托维林片
Drug,氨茶碱片
Drug,二羟丙茶碱片
Drug,胸腺肽肠溶片
Drug,硫酸沙丁胺醇气雾剂
Drug,小青龙合剂
Drug,硫酸沙丁胺醇片
Drug,蛇胆川贝液
Drug,小青龙颗粒
Drug,布地奈德气雾剂
Drug,喷托维林氯化铵糖浆
Drug,注射用还原型谷胱甘肽钠
Drug,注射用盐酸氨溴索
Drug,人血白蛋白
Drug,盐酸氨溴索葡萄糖注射液
Drug,注射用盐酸头孢替安
Drug,注射用磺苄西林钠
Drug,托西酸舒他西林胶囊
Drug,头孢泊肟酯胶囊
Drug,头孢氨苄甲氧苄啶片
Drug,阿奇霉素胶囊
Drug,阿奇霉素分散片
Drug,诺氟沙星胶囊
Drug,阿奇霉素片
Drug,乳酸左氧氟沙星片
Drug,注射用盐酸溴己新
Drug,云南花粉片
Drug,甲硝唑片
Drug,甲硝唑维B6片
Drug,替硝唑片
Drug,奥硝唑片
Drug,雷公藤多苷片
Drug,注射用甲泼尼龙琥珀酸钠
Drug,蒺藜药酒
Drug,甲泼尼龙片
Drug,盐酸克林霉素棕榈酸酯分散片
Drug,注射用美洛西林钠舒巴坦钠
Drug,盐酸克林霉素棕榈酸酯颗粒
Drug,盐酸克林霉素胶囊
Drug,硝酸咪康唑乳膏
Drug,盐酸特比萘芬片
Drug,酮康唑乳膏
Drug,环吡酮胺乳膏
Drug,硝酸益康唑溶液
Drug,伊曲康唑胶囊
Drug,克霉唑阴道片
Drug,氟康唑胶囊
Drug,硝酸益康唑乳膏
Drug,盐酸特比萘芬凝胶
Drug,盐酸特比萘芬溶液
Drug,联苯苄唑乳膏
Drug,转移因子口服溶液
Drug,硝酸咪康唑栓
Drug,氯霉素片
Drug,阿奇霉素颗粒
Drug,祛痰止咳胶囊
Drug,如意定喘丸
Drug,硫酸特布他林雾化液
Drug,茶碱缓释片
Drug,噻托溴铵粉吸入剂
Drug,盐酸班布特罗胶囊
Drug,白及颗粒
Drug,氨溴特罗口服溶液
Drug,化痰平喘片
Drug,噻托溴铵粉雾剂
Drug,盐酸妥洛特罗片
Drug,茶碱缓释胶囊
Drug,盐酸班布特罗片
Drug,喘嗽宁片
Drug,硫酸特布他林片
Drug,肺气肿片
Drug,复方蛤青胶囊
Drug,氨苄西林胶囊
Drug,头孢拉定胶囊
Drug,通宣理肺丸
Drug,阿莫西林颗粒
Drug,头孢克洛颗粒
Drug,盐酸左氧氟沙星胶囊
Drug,头孢氨苄胶囊
Drug,依托红霉素片
Drug,蛤蚧定喘丸
Drug,乙酰螺旋霉素片
Drug,注射用头孢唑林钠
Drug,头孢克肟颗粒
Drug,头孢克肟分散片
Drug,麦迪霉素片
Drug,司帕沙星分散片
Drug,头孢丙烯分散片
Drug,头孢拉定分散片
Drug,盐酸克林霉素棕榈酸酯干混悬剂
Drug,回生甘露丸
Drug,桉柠蒎肠溶软胶囊
Drug,4:1分散片
Drug,金荞麦片
Drug,西黄胶囊
Drug,阿莫西林克拉维酸钾片
Drug,阿莫西林克拉维酸钾分散片
Drug,阿莫西林克拉维酸钾(4:1)分散片
Drug,注射用盐酸罂粟碱
Drug,注射用尿激酶
Drug,低分子肝素钠注射液
Drug,注射用降纤酶
Drug,双嘧达莫片
Drug,肝素钠注射液
Drug,罗红霉素胶囊
Drug,桔贝合剂
Drug,加替沙星片
Drug,呋塞米片
Drug,螺内酯片
Drug,茶新那敏片
Drug,盐酸金刚烷胺糖浆
Drug,氟尿嘧啶注射液
Drug,汉防己甲素片
Drug,威麦宁胶囊
Drug,西黄丸
Drug,肿节风胶囊
Drug,消癌平片
Drug,消癌平胶囊
Drug,复方斑蝥胶囊
Drug,阿魏化痞膏
Drug,复方万年青胶囊
Drug,清肺散结丸
Drug,紫龙金片
Drug,鲑降钙素注射液
Drug,鹤蟾片
Drug,注射用米卡芬净钠
Drug,盐酸伊曲康唑胶囊
Drug,注射用两性霉素B
Drug,伊曲康唑颗粒
Drug,伏立康唑片
Drug,注射用氨磷汀
Drug,消癌平糖浆
Drug,槐耳颗粒
Drug,二十九味能消散
Drug,二维葡醛内酯片
Drug,抗病毒口服液
Drug,洛索洛芬钠胶囊
Drug,消炎片
Drug,酚咖片
Drug,愈美胶囊
Drug,蒲公英颗粒
Drug,感冒灵颗粒
Drug,风油精
Drug,洛索洛芬钠片
Drug,穿心莲片
Drug,麻黄止嗽丸
Drug,匹多莫德分散片
Drug,伤风停胶囊
Drug,银芩胶囊
Drug,喉痛灵片
Drug,肺宁片
Drug,利巴韦林颗粒
Drug,盐酸纳洛酮注射液
Drug,生脉注射液
Drug,参附注射液
Drug,氢溴酸东莨菪碱注射液
Drug,盐酸苯海拉明注射液
Drug,盐酸肾上腺素注射液
Drug,盐酸多巴酚丁胺葡萄糖注射液
Drug,氢化泼尼松注射液
Drug,右旋糖酐40葡萄糖注射液
Drug,注射用氢化可的松琥珀酸钠
Drug,醋酸泼尼松片
Drug,清热消炎宁片
Drug,左羟丙哌嗪分散片
Drug,TPSPA
Drug,盐酸多沙普仑注射液
Drug,尼可刹米注射液
Drug,樟脑磺酸钠注射液
Drug,注射用盐酸二甲弗林
Drug,注射用盐酸多沙普仑
Drug,氧化樟脑注射液
Drug,利巴韦林分散片
Drug,利巴韦林片
Drug,利巴韦林含片
Drug,利巴韦林胶囊
Drug,注射用过氧化碳酰胺
Drug,克拉霉素胶囊
Drug,克拉霉素片
Drug,罗红霉素颗粒
Drug,罗红霉素分散片
Drug,利福平胶囊
Drug,克拉霉素分散片
Drug,罗红霉素干混悬剂
Drug,异烟肼片
Drug,头孢氨苄甲氧苄啶胶囊
Drug,头孢泊肟酯片
Drug,头孢羟氨苄甲氧苄啶胶囊
Drug,头孢呋辛酯胶囊
Drug,头孢羟氨苄颗粒
Drug,头孢氨苄缓释胶囊
Drug,头孢克肟胶囊
Drug,盐酸米诺环素胶囊
Drug,司帕沙星片
Drug,头孢克肟干混悬剂
Drug,盐酸氨溴索缓释胶囊
Drug,三七血伤宁散
Drug,盐酸洛美沙星片
Drug,愈酚溴新口服溶液
Drug,止咳橘红口服液
Drug,地红霉素肠溶片
Drug,百合固金片
Drug,地红霉素肠溶胶囊
Drug,养阴清肺膏
Drug,小儿止咳糖浆
Drug,克感额日敦片
Drug,对乙酰氨基酚缓释片
Drug,牛黄解毒片
Drug,维C银翘胶囊
Drug,二天油
Drug,小柴胡颗粒
Drug,藿香正气片
Drug,玉屏风口服液
Drug,注射用盐酸赖氨酸
Drug,脑苷肌肽注射液
Drug,注射用烟酸占替诺
Drug,盐酸甲氯芬酯胶囊
Drug,注射用盐酸甲氯芬酯
Drug,氟康唑片
Drug,伊曲康唑分散片
Drug,盐酸吗啉胍片
Drug,羚羊感冒片
Drug,胸腺肽注射液
Drug,甘露聚糖肽口服溶液
Drug,香菇多糖片
Drug,维生素E软胶囊
Drug,复方碳酸氢钠片
Drug,沙格列汀片
Drug,注射用生长抑素
Drug,碳酸氢钠注射液
Drug,胰岛素注射液
Drug,红草止鼾胶囊
Drug,红草止鼾颗粒
Drug,吡非尼酮胶囊
Drug,注射用甲磺酸帕珠沙星
Drug,甲磺酸帕珠沙星氯化钠注射液
Drug,甲磺酸帕珠沙星注射液
Drug,匹多莫德颗粒剂
Drug,炎立消胶囊
Drug,川贝枇杷糖浆
Drug,羧甲司坦片
Drug,利福喷丁胶囊
Drug,抗痨颗粒
Drug,利肺片
Drug,五海瘿瘤丸
Drug,利肺胶囊
Drug,黄柏胶囊
Drug,洋参保肺胶囊
Drug,麦味地黄口服液
Drug,勒马回胶囊
Drug,盐酸溴己新葡萄糖注射液
Drug,盐酸氨溴索注射液
Drug,猪肺磷脂注射液
Drug,"注射用1,6-二磷酸果糖"
Drug,肺力咳合剂
Drug,氨苄西林丙磺舒胶囊
Drug,小儿热咳口服液
Drug,金振口服液
Drug,小儿牛黄清肺片
Drug,治咳枇杷露
Drug,小儿肺热咳喘口服液
Drug,小儿消咳片
Drug,鲜竹沥
Drug,小儿肺咳颗粒
Drug,小儿珍贝散
Drug,小儿咳喘灵颗粒
Drug,对乙酰氨基酚栓
Drug,对乙酰氨基酚片
Drug,布洛芬混悬滴剂
Drug,复方鱼腥草片
Drug,复方鱼腥草滴丸
Drug,莲芝消炎滴丸
Drug,金栀咽喉袋泡茶
Drug,小儿麻甘颗粒
Drug,儿童装
Drug,成人装
Drug,黄根片
Drug,矽肺宁片
Drug,盐酸洛贝林注射液
Drug,盐酸海索那林片
Drug,注射用细胞色素C
Drug,细胞色素C注射液
Drug,转移因子胶囊
Drug,益心巴迪然吉布亚颗粒
Drug,丙酸倍氯米松气雾剂
Drug,礞石滚痰丸
Drug,盐酸溴己新片
Drug,养肺丸
Drug,盐酸二氧丙嗪片
Drug,孟鲁司特钠咀嚼片
Drug,小儿清肺止咳片
Drug,富马酸酮替芬分散片
Drug,复方小儿退热栓
Drug,小儿咳喘灵口服液
Drug,沙美特罗替卡松粉吸入剂
Drug,小儿肺热平胶囊
Drug,复方桔梗止咳片
Drug,注射用头孢唑肟钠
Drug,泮托拉唑钠肠溶胶囊
Drug,注射用泮托拉唑钠
Drug,注射用盐酸克林霉素
Drug,乙酰麦迪霉素干混悬剂
Drug,阿莫西林胶囊
Drug,盐酸乙胺丁醇片
Drug,吡嗪酰胺片
Drug,硫酸阿托品注射液
Drug,呋塞米注射液
Drug,参麦注射液
Drug,注射用果糖二磷酸钠
Drug,依托红霉素颗粒
Drug,四环素片
Drug,盐酸美他环素片
Drug,阿奇霉素干混悬剂
Drug,土霉素片
Drug,盐酸多西环素片
Drug,注射用氨酪酸
Drug,吡拉西坦葡萄糖注射液
Drug,氨酪酸片
Drug,氨酪酸注射液
Drug,吡拉西坦分散片
Drug,盐酸金刚烷胺片
Drug,乙酰半胱氨酸泡腾片
Drug,红霉素肠溶胶囊
Drug,依托红霉素混悬液
Drug,盐酸氨溴索分散片
Drug,云南白药
Drug,替硝唑胶囊
Drug,三蛇胆川贝糖浆
Drug,止咳枇杷糖浆
Drug,百合固金丸
Drug,雪梨膏
Drug,养阴清肺丸
Drug,养阴清肺口服液
Drug,川贝清肺糖浆
Drug,氧氟沙星片
Drug,复方罗汉果止咳颗粒
Drug,橘红丸
Drug,清肺抑火片
Drug,益脉康软胶囊
Drug,益脉康胶囊
Drug,马来酸氯苯那敏片
Drug,滋心阴胶囊
Drug,地高辛片
Drug,八味沉香丸
Drug,三磷酸腺苷二钠片
Drug,辅酶Q10胶囊
Drug,荣心丸
Drug,复方二氯醋酸二异丙胺片
Drug,辅酶Q10片
Drug,参龙宁心胶囊
Drug,门冬氨酸钾镁片
Drug,软脉灵口服液
Drug,屏风生脉胶囊
Drug,注射用环磷腺苷葡胺
Drug,环磷腺苷葡胺葡萄糖注射液
Drug,灵宝护心丹
Drug,参仙升脉口服液
Drug,环磷腺苷葡胺注射液
Drug,心宝丸
Drug,pH4
Drug,阿司匹林肠溶片
Drug,阿司匹林片
Drug,多磺酸粘多糖乳膏
Drug,迈之灵片
Drug,苯丙氨酯片
Drug,复方七叶皂苷钠凝胶
Drug,毛冬青片
Drug,曲克芦丁片
Drug,羟苯磺酸钙胶囊
Drug,痔根断片
Drug,羟苯磺酸钙分散片
Drug,脂必妥片
Drug,通塞脉片
Drug,脂降宁片
Drug,肌醇烟酸酯片
Drug,辛伐他汀片
Drug,桂利嗪片
Drug,通脉降脂片
Drug,通脉颗粒
Drug,注射用酒石酸美托洛尔
Drug,心肝宝胶囊
Drug,盐酸胺碘酮注射液
Drug,注射用盐酸艾司洛尔
Drug,盐酸艾司洛尔注射液
Drug,注射用硝普钠
Drug,甲磺酸左氧氟沙星氯化钠注射液
Drug,醒脑静注射液
Drug,注射用青霉素钠
Drug,换骨丸
Drug,阿司匹林肠溶胶囊
Drug,青霉素V钾胶囊
Drug,双氯芬酸钠肠溶片
Drug,雷公藤多甙片
Drug,妇科止痒胶囊
Drug,盐酸地尔硫卓片
Drug,盐酸普萘洛尔片
Drug,酒石酸美托洛尔缓释片
Drug,盐酸地尔硫
Drug,酒石酸美托洛尔片
Drug,盐酸普萘洛尔片盐酸地尔硫
Drug,虫草头孢菌胶囊
Drug,硫酸阿托品片
Drug,宁心宝胶囊
Drug,复方天麻蜜环糖肽片
Drug,盐酸乐卡地平片
Drug,马来酸依那普利片
Drug,Ⅰ
Drug,替米沙坦片
Drug,马来酸氨氯地平片
Drug,盐酸拉贝洛尔片
Drug,苯磺酸氨氯地平胶囊
Drug,脑立清丸
Drug,缬沙坦胶囊
Drug,回心康片
Drug,二十五味珊瑚丸
Drug,薯蓣皂苷片
Drug,硝苯地平缓释片Ⅰ
Drug,盐酸贝那普利片
Drug,赖诺普利片
Drug,卡维地洛片
Drug,厄贝沙坦片
Drug,吲达帕胺滴丸
Drug,阿莫西林舒巴坦匹酯片
Drug,青霉素V钾片
Drug,丹参片
Drug,大株红景天胶囊
Drug,大株红景天片
Drug,速效救心丸
Drug,辛伐他汀胶囊
Drug,清心沉香八味丸
Drug,益心酮片
Drug,复方丹参滴丸
Drug,单硝酸异山梨酯胶囊
Drug,康尔心胶囊
Drug,舒心降脂片
Drug,氨氯地平阿托伐他汀钙片
Drug,冠心生脉丸
Drug,丹参益心胶囊
Drug,芪参胶囊
Drug,愈风宁心滴丸
Drug,天王补心丸
Drug,脑心通胶囊
Drug,降脂宁颗粒
Drug,同溢堂
Drug,益安宁丸
Drug,阿替洛尔片
Drug,活血通脉胶囊
Drug,去乙酰毛花苷注射液
Drug,毒毛花苷K注射液
Drug,冻干重组人脑利钠肽
Drug,地高辛酏剂
Drug,氨茶碱氯化钠注射液
Drug,多索茶碱葡萄糖注射液
Drug,注射用硫酸链霉素
Drug,复方苦木消炎片
Drug,盐酸左氧氟沙星眼用凝胶
Drug,硬脂酸红霉素颗粒
Drug,硬脂酸红霉素片
Drug,卡托普利片
Drug,抑亢丸
Drug,丙硫氧嘧啶片
Drug,甲亢灵胶囊
Drug,甲巯咪唑片
Drug,硫唑嘌呤片
Drug,三磷酸腺苷二钠注射液
Drug,维生素C片
Drug,亚硒酸钠片
Drug,维生素C注射液
Drug,注射用盐酸丁咯地尔
Drug,注射用甲磺酸二氢麦角碱
Drug,盐酸丁咯地尔注射液
Drug,尼麦角林片
Drug,麦角隐亭咖啡因口服液
Drug,盐酸丁咯地尔片
Drug,马来酸桂哌齐特注射液
Drug,肌苷注射液
Drug,通脉片
Drug,通脉口服液
Drug,地奥司明片
Drug,非普拉宗片
Drug,甲磺酸二氢麦角碱缓释胶囊
Drug,肝素钠乳膏
Drug,抗栓胶囊
Drug,脉络舒通颗粒
Drug,氢化可的松片
Drug,氯化钠注射液
Drug,鱼肝油酸钠注射液
Drug,注射用盐酸平阳霉素
Drug,皮肤病血毒丸
Drug,防风通圣丸
Drug,脉管复康片
Drug,西洛他唑片
Drug,银杏叶提取物片
Drug,阿魏酸哌嗪片
Drug,柏子养心丸
Drug,归脾丸
Drug,谷维素片
Drug,丹参胶囊
Drug,硝酸甘油片
Drug,苯磺酸氨氯地平片
Drug,灯盏花素片
Drug,冠通片
Drug,盐酸曲美他嗪片
Drug,麝香心脑乐胶囊
Drug,精制冠心颗粒
Drug,鸿茅药酒
Drug,IV
Drug,丹参酮ⅡA磺酸钠注射液
Drug,单硝酸异山梨酯缓释片
Drug,硝酸异山梨酯片
Drug,青霉胺片
Drug,复方盐酸阿米洛利片
Drug,氢氯噻嗪片
Drug,地巴唑片
Drug,盐酸特拉唑嗪胶囊
Drug,可乐定控释贴
Drug,清脑降压胶囊
Drug,氨苯蝶啶片
Drug,金泽冠心胶囊
Drug,左卡尼汀注射液
Drug,健心片
Drug,心荣颗粒
Drug,左卡尼汀口服溶液
Drug,盐酸胺碘酮片
Drug,保心宁片
Drug,养心定悸胶囊
Drug,十全大补丸
Drug,心可舒颗粒
Drug,黄杨宁片
Drug,珊瑚七十味丸
Drug,盐酸普罗帕酮片
Drug,苯妥英钠片
Drug,盐酸美西律片
Drug,盐酸索他洛尔片
Drug,盐酸维拉帕米片
Drug,苦参碱氯化钠注射液
Drug,强力康颗粒
Drug,注射用硫酸长春新碱
Drug,注射用异环磷酰胺
Drug,盐酸异丙嗪片
Drug,臌症丸
Drug,心欣舒胶囊
Drug,芪芳气血颗粒
Drug,归圆口服液
Drug,产妇康洗液
Drug,复方乌鳢口服液
Drug,补血益母丸
Drug,菠萝蛋白酶肠溶片
Drug,烟酸占替诺片
Drug,琥乙红霉素咀嚼片
Drug,酒石酸美托洛尔胶囊
Drug,氯化钾片
Drug,心可舒胶囊
Drug,七叶神安片
Drug,振源胶囊
Drug,氯化钾缓释片
Drug,参芍片
Drug,利心丸
Drug,藿香正气水
Drug,清凉油
Drug,克痢痧胶囊
Drug,藿香正气丸
Drug,六合定中丸
Drug,梅苏颗粒
Drug,广东凉茶颗粒
Drug,保济丸
Drug,十滴水
Drug,龙虎人丹
Drug,加味藿香正气丸
Drug,藿香正气胶囊
Drug,奥硝唑胶囊
Drug,蹄鞘胶囊
Drug,奥美拉唑肠溶片
Drug,盐酸雷尼替丁胶囊
Drug,奥美拉唑肠溶胶囊
Drug,碳酸氢钠片
Drug,大黄碳酸氢钠片
Drug,睾丸片
Drug,葡萄糖酸钙锌口服溶液
Drug,王氏保赤丸
Drug,赖氨肌醇维B12口服溶液
Drug,葡萄糖酸锌颗粒
Drug,赖氨葡锌颗粒
Drug,葡萄糖酸钙口服溶液
Drug,健宝灵颗粒
Drug,甘草锌胶囊
Drug,吡拉西坦片
Drug,葡萄糖酸锌口服溶液
Drug,金酸萍糖浆
Drug,15AA
Drug,谷氨酸钠注射液
Drug,肝复康丸
Drug,阿苯达唑片
Drug,伊维菌素片
Drug,阿苯达唑胶囊
Drug,甲苯咪唑咀嚼片
Drug,二十五味松石丸
Drug,拉米夫定胶囊
Drug,恩替卡韦分散片
Drug,阿德福韦酯片
Drug,盐酸米诺环素片
Drug,注射用葡醛酸钠
Drug,坐珠达西
Drug,二十五味马宝丸
Drug,奥松肚痛泻丸
Drug,复方甘草酸单铵注射液
Drug,硅炭银片
Drug,葡醛酸钠注射液
Drug,复方甘草酸单铵S氯化钠注射液
Drug,(奥松)肚痛泻丸
Drug,肌苷片
Drug,秘诀清凉散
Drug,利肝隆片
Drug,齐墩果酸片
Drug,曲安奈德益康唑乳膏
Drug,咪康唑氯倍他索乳膏
Drug,维生素B6片
Drug,氧化锌软膏
Drug,复方甘草酸苷片
Drug,倍他米松片
Drug,醋酸地塞米松片
Drug,阿托品异丙嗪注射液
Drug,盐酸消旋山莨菪碱氯化钠注射液
Drug,氢溴酸山莨菪碱片
Drug,丙硫异烟胺肠溶片
Drug,去甲斑蝥素片
Drug,抗癌平丸
Drug,鸦胆子油软胶囊
Drug,氟尿嘧啶植入剂
Drug,香菇菌多糖片
Drug,胃复春片
Drug,仙蟾片
Drug,参莲胶囊
Drug,替吉奥胶囊
Drug,消癌平口服液
Drug,胶体果胶铋胶囊
Drug,复方猴头颗粒
Drug,香砂胃痛散
Drug,硫糖铝咀嚼片
Drug,胃膜素胶囊
Drug,马来酸曲美布汀分散片
Drug,参倍固肠胶囊
Drug,匹维溴铵片
Drug,马来酸曲美布汀片
Drug,颠茄片
Drug,固肠胶囊
Drug,马来酸曲美布汀胶囊
Drug,复方谷氨酰胺肠溶胶囊
Drug,鞣酸苦参碱胶囊
Drug,消旋山莨菪碱片
Drug,奥替溴铵片
Drug,复合乳酸菌胶囊
Drug,葡萄糖注射液
Drug,葡萄糖氯化钠注射液
Drug,金胆片
Drug,爱活胆通
Drug,利胆排石片
Drug,胆石通胶囊
Drug,胆石利通片
Drug,复方胆通胶囊
Drug,胆舒软胶囊
Drug,胆炎康胶囊
Drug,金钱草片
Drug,逍遥丸
Drug,胆宁片
Drug,诺氟沙星片
Drug,盐酸左氧氟沙星片
Drug,龙胆泻肝片
Drug,石淋通颗粒
Drug,利胆片
Drug,龙胆泻肝丸
Drug,保和丸
Drug,曲匹布通片
Drug,苯丙醇软胶囊
Drug,阑尾消炎片
Drug,肿节风软胶囊
Drug,妇炎舒片
Drug,妇炎康丸
Drug,注射用亚胺培南西司他丁钠
Drug,阑尾消炎丸
Drug,注射用哌拉西林钠他唑巴坦钠
Drug,阑尾灵颗粒
Drug,肿节风片
Drug,奥美拉唑镁肠溶片
Drug,溴丙胺太林片
Drug,排石利胆颗粒
Drug,熊去氧胆酸片
Drug,复方消化酶胶囊
Drug,利胆石颗粒
Drug,熊去氧胆酸胶囊
Drug,盐酸屈他维林片
Drug,二十五味獐牙菜丸
Drug,注射用丁二磺酸腺苷蛋氨酸
Drug,注射用甲硫氨酸维B1
Drug,丁二磺酸腺苷蛋氨酸肠溶片
Drug,马洛替酯片
Drug,胆胃康胶囊
Drug,铝碳酸镁咀嚼片
Drug,甲氧氯普胺片
Drug,铝碳酸镁片
Drug,氟尿嘧啶口服乳
Drug,甲磺酸托烷司琼片
Drug,慈丹胶囊
Drug,去氧氟尿苷胶囊
Drug,复方氟尿嘧啶口服溶液
Drug,注射用奥沙利铂
Drug,司莫司汀胶囊
Drug,卡培他滨片
Drug,注射用盐酸表柔比星
Drug,甘露聚糖肽胶囊
Drug,六甲蜜胺胶囊
Drug,甲氨蝶呤片
Drug,复方环磷酰胺片
Drug,磷酸氯喹片
Drug,地塞米松片
Drug,狼疮丸
Drug,维生素B4片
Drug,抱龙丸
Drug,婴儿健脾颗粒
Drug,小儿功劳止泻颗粒
Drug,丁桂儿脐贴
Drug,舒腹贴膏
Drug,四磨汤口服液
Drug,薏芽健脾凝胶
Drug,保儿安颗粒
Drug,小儿止泻安颗粒
Drug,婴儿健脾散
Drug,小儿喜食糖浆
Drug,小儿腹泻宁糖浆
Drug,醒脾养儿颗粒
Drug,儿泻停颗粒
Drug,蒙脱石散
Drug,娃娃宁泡腾片
Drug,乳酸菌素片
Drug,四味脾胃舒片
Drug,小儿暖脐膏
Drug,加味逍遥丸
Drug,复方胃蛋白酶颗粒
Drug,理中丸
Drug,多潘立酮片
Drug,大山楂颗粒
Drug,胃灵颗粒
Drug,补中益气丸
Drug,四君子颗粒
Drug,建曲
Drug,猴头菌提取物颗粒
Drug,健儿清解液
Drug,维生素B1丸
Drug,沙棘颗粒
Drug,维生素BT片
Drug,源吉林甘和茶
Drug,呋喃硫胺片
Drug,香砂六君丸
Drug,蛇胆陈皮片
Drug,复方春砂颗粒
Drug,吡喹酮片
Drug,注射用硫酸奈替米星
Drug,解毒散结胶囊
Drug,蒲地蓝消炎片
Drug,清热散结片
Drug,清热散结胶囊
Drug,复方双花口服液
Drug,磷霉素钙片
Drug,天蚕片
Drug,十香暖脐膏
Drug,济生橘核丸
Drug,茴香橘核丸
Drug,十香丸
Drug,参桂理中丸
Drug,复方阿胶补血膏
Drug,伊来西胺片
Drug,癫痫宁片
Drug,医痫丸
Drug,丙戊酸钠缓释片
Drug,镇痫片
Drug,奥卡西平片
Drug,盐酸氟桂利嗪胶囊
Drug,二十五味珊瑚胶囊
Drug,丙戊酸镁片
Drug,细辛脑胶囊
Drug,天麻蜜环菌片
Drug,感冒清胶囊
Drug,清眩片
Drug,对乙酰氨基酚口服溶液
Drug,夏桑菊颗粒
Drug,氯芬黄敏片
Drug,布洛芬缓释胶囊
Drug,甲芬那酸片
Drug,川芎茶调颗粒
Drug,感冒咳嗽颗粒
Drug,牛黄解毒丸
Drug,天麻素胶囊
Drug,元胡止痛胶囊
Drug,硫酸西索米星注射液
Drug,注射用硫酸核糖霉素
Drug,盐酸多西环素胶丸
Drug,注射用头孢哌酮钠
Drug,硫酸奈替米星注射液
Drug,骨刺片
Drug,吡罗昔康片
Drug,吲哚美辛贴片
Drug,注射用重组人Ⅱ型肿瘤坏死因子受体-抗体融合蛋白
Drug,氨糖美辛肠溶片
Drug,骨肽片
Drug,天麻胶囊
Drug,来氟米特片
Drug,调元大补二十五味汤散
Drug,天麻头风灵片
Drug,鹿瓜多肽注射液
Drug,奥沙普秦肠溶片
Drug,酮洛芬缓释胶囊
Drug,通滞苏润江胶囊
Drug,风湿圣药胶囊
Drug,去痛片
Drug,尼美舒利胶囊
Drug,氟氯西林钠胶囊
Drug,地衣芽孢杆菌活菌胶囊
Drug,复方丁香开胃贴
Drug,复方黄连素片
Drug,枯草杆菌二联活菌肠溶胶囊
Drug,枯草杆菌活菌胶囊
Drug,肠泰合剂
Drug,盐酸小檗碱片
Drug,当归腹痛宁滴丸
Drug,金菊五花茶颗粒
Drug,双歧杆菌三联活菌胶囊
Drug,双歧杆菌三联活菌散
Drug,兰索拉唑片
Drug,兰索拉唑肠溶片
Drug,维U颠茄铝镁片
Drug,清泻丸
Drug,止痢宁片
Drug,复方红根草片
Drug,炎宁颗粒
Drug,呋喃唑酮片
Drug,解毒止泻胶囊
Drug,雪胆素胶囊
Drug,左氧氟沙星片
Drug,SP
Drug,苦木注射液
Drug,卵磷脂片
Drug,茵莲清肝颗粒
Drug,三七脂肝丸
Drug,弹性酶肠溶片
Drug,茵芪肝复颗粒
Drug,强肝片
Drug,复方蚂蚁养肝胶囊
Drug,复方牛胎肝提取物片
Drug,水飞蓟宾胶囊
Drug,复方肝水解物片
Drug,强肝胶囊
Drug,复方蛋氨酸胆碱片
Drug,门冬氨酸鸟氨酸注射液
Drug,肝胆舒康胶囊
Drug,大豆磷脂散
Drug,水飞蓟宾葡甲胺片
Drug,壳脂胶囊
Drug,复方苦木消炎分散片
Drug,复方炉甘石外用散
Drug,克癀胶囊
Drug,乙肝扶正胶囊
Drug,蜂胶片
Drug,护肝片
Drug,蚁灵口服液
Drug,肝爽颗粒
Drug,金菌灵胶囊
Drug,清肝利胆胶囊
Drug,甘草酸二铵注射液
Drug,异甘草酸镁注射液
Drug,益肝灵滴丸
Drug,健肝灵胶囊
Drug,云芝肝泰颗粒
Drug,茵栀黄软胶囊
Drug,肾肝宁胶囊
Drug,维肝福泰片
Drug,护肝宁片
Drug,安络化纤丸
Drug,虎驹乙肝胶囊
Drug,8-11
Drug,肝喜乐片
Drug,和络舒肝胶囊
Drug,多烯磷脂酰胆碱胶囊
Drug,多烯磷脂酰胆碱注射液
Drug,谷氨酸片
Drug,苯酰甲硝唑胶囊
Drug,苯酰甲硝唑分散片
Drug,盐酸左旋咪唑丸
Drug,盐酸左旋咪唑宝塔糖
Drug,盐酸左旋咪唑片
Drug,肝复乐胶囊
Drug,艾迪注射液
Drug,楼莲胶囊
Drug,散结片
Drug,安替可胶囊
Drug,养正消积胶囊
Drug,康莱特注射液
Drug,葫芦素片
Drug,金龙胶囊
Drug,蛇莲胶囊
Drug,盐酸林可霉素胶囊
Drug,复方铝酸铋颗粒
Drug,复方铝酸铋片
Drug,阿拉坦五味丸
Drug,陈香露白露片
Drug,丙谷胺片
Drug,香砂养胃丸
Drug,木香顺气丸
Drug,健胃消食片
Drug,盐酸左氧氟沙星软膏
Drug,盐酸左氧氟沙星分散片
Drug,鞣酸蛋白片
Drug,化积口服液
Drug,补中益气颗粒
Drug,泻痢消片
Drug,千喜胶囊
Drug,金胃泰胶囊
Drug,千喜片
Drug,胃乐新胶囊
Drug,甲苯咪唑片
Drug,乌梅丸
Drug,阿苯达唑颗粒
Drug,盐酸多西环素胶囊
Drug,硫化钠薄荷脑溶液
Drug,塞来昔布胶囊
Drug,盐酸丁卡因注射液
Drug,果糖二磷酸钠注射液
Drug,盐酸纳洛酮舌下片
Drug,盐酸硫必利片
Drug,美他多辛胶囊
Drug,乙酰谷酰胺注射液
Drug,注射用还原型谷胱甘肽
Drug,注射用磷霉素钠
Drug,头孢克肟片
Drug,消炎利胆片
Drug,注射用头孢曲松钠
Drug,TP
Drug,短肽型肠内营养剂
Drug,肠内营养乳剂(TP)
Drug,肠内营养混悬液(SP)
Drug,胃康胶囊
Drug,枸橼酸铋雷尼替丁胶囊
Drug,法莫替丁胶囊
Drug,复方尿囊素片
Drug,替普瑞酮胶囊
Drug,安胃胶囊
Drug,片仔癀胶囊
Drug,垂盆草颗粒
Drug,益肝灵片
Drug,甘草酸二铵肠溶胶囊
Drug,葡醛内酯片
Drug,鼻炎宁颗粒
Drug,茵栀黄颗粒
Drug,益肝乐胶囊
Drug,茵栀黄口服液
Drug,利肝隆颗粒
Drug,乳酸左氧氟沙星分散片
Drug,奥利司他片
Drug,消栓通络片
Drug,烟酸片
Drug,心脑清软胶囊
Drug,藻酸双酯钠片
Drug,苯扎贝特片
Drug,阿昔莫司胶囊
Drug,非诺贝特片
Drug,西沙必利片
Drug,利胆排石胶囊
Drug,复方胆通片
Drug,清胰利胆丸
Drug,醋酸甲萘氢醌片
Drug,胰胆炎合剂
Drug,TP-MCT
Drug,清胰利胆颗粒
Drug,茵山莲颗粒
Drug,胰胆舒胶囊
Drug,注射用氨苄西林钠舒巴坦钠
Drug,注射用乌司他丁
Drug,美沙拉秦栓
Drug,硫酸庆大霉素碳酸铋胶囊
Drug,胶体酒石酸铋胶囊
Drug,柳氮磺吡啶肠溶片
Drug,柳氮磺吡啶栓
Drug,固肠止泻丸
Drug,美沙拉秦缓释颗粒剂
Drug,氢溴酸东莨菪碱片
Drug,氯解磷定注射液
Drug,转化糖注射液
Drug,碘解磷定注射液
Drug,盐酸消旋山莨菪碱注射液
Drug,小儿双解止泻颗粒
Drug,苍苓止泻口服液
Drug,小儿石蔻散
Drug,莪术油注射液
Drug,枯草杆菌二联活菌颗粒
Drug,盐酸酚苄明片
Drug,乌拉地尔缓释片
Drug,注射用胰激肽原酶
Drug,注射用帕米膦酸二钠
Drug,鲑鱼降钙素喷鼻剂
Drug,鲑鱼降钙素鼻喷剂
Drug,氯膦酸二钠注射液
Drug,注射用唑来膦酸
Drug,伊班膦酸钠注射液
Drug,布美他尼注射液
Drug,氯膦酸二钠胶囊
Drug,颠茄口腔崩解片
Drug,温胃舒胶囊
Drug,肝苏胶囊
Drug,云芝肝泰胶囊
Drug,参苓白术散
Drug,阿莫西林分散片
Drug,甲磺酸培氟沙星片
Drug,富马酸亚铁咀嚼片
Drug,益血生胶囊
Drug,健脾补血颗粒
Drug,乳酸亚铁胶囊
Drug,复方硫酸亚铁颗粒
Drug,生血宁片
Drug,多糖铁复合物胶囊
Drug,小儿硫酸亚铁糖浆
Drug,多维铁口服溶液
Drug,右旋糖酐铁口服液
Drug,硫酸亚铁片
Drug,复方硫酸亚铁叶酸片
Drug,强骨生血口服液
Drug,小儿生血糖浆
Drug,健脾补血片
Drug,富马酸亚铁胶囊
Drug,富马酸亚铁颗粒
Drug,复方红衣补血口服液
Drug,硫酸亚铁缓释片
Drug,健脾生血片
Drug,再造生血片
Drug,食道平散
Drug,注射用去甲斑蝥酸钠
Drug,榄香烯口服乳
Drug,柘木糖浆
Drug,去甲斑蝥酸钠氯化钠注射液
Drug,去甲斑蝥酸钠注射液
Drug,顺铂注射液
Drug,转移因子注射液
Drug,附子理中丸
Drug,盐酸地芬尼多片
Drug,回春散
Drug,桂附理中丸
Drug,藿香祛暑软胶囊
Drug,参苓健脾胃颗粒
Drug,舒必利片
Drug,奋乃静片
Drug,盐酸氯丙嗪片
Drug,甘露聚糖肽片
Drug,复方天仙胶囊
Drug,珍香胶囊
Drug,可溶性纤维素钠贴膏
Drug,注射用卡络磺钠
Drug,溃平宁颗粒
Drug,卡络磺钠片
Drug,法莫替丁注射液
Drug,酚磺乙胺注射液
Drug,肾上腺色腙片
Drug,三七止血片
Drug,八宝五胆药墨
Drug,注射用西咪替丁
Drug,肾上腺色腙注射液
Drug,颠茄酊
Drug,聚卡波非钙片
Drug,粉剂
Drug,TPF
Drug,肠内营养混悬液(TPF)
Drug,整蛋白型肠内营养剂(粉剂)
Drug,依托泊苷软胶囊
Drug,蓼参胶囊
Drug,尿嘧啶替加氟片
Drug,法莫替丁氯化钠注射液
Drug,景天三七片
Drug,季德胜蛇药片
Drug,二十五味绿绒蒿丸
Drug,维生素C钠胶囊
Drug,安乐片
Drug,珍珠末
Drug,复方溴咖片
Drug,解郁安神颗粒
Drug,鸦胆子油乳注射液
Drug,补中益气口服液
Drug,浓缩丸
Drug,胃痛丸
Drug,升提胶囊
Drug,补中益气合剂
Drug,复合凝乳酶胶囊
Drug,肠胃宁胶囊
Drug,Ⅲ
Drug,丁溴东莨菪碱胶囊
Drug,维U颠茄铝镁片Ⅱ
Drug,注射用复方甘草酸单铵S
Drug,兰索拉唑肠溶胶囊
Drug,酪酸梭菌活菌散
Drug,肠炎宁颗粒
Drug,小儿乳酸菌素片
Drug,强肝糖浆
Drug,苦参碱注射液
Drug,注射用促肝细胞生长素
Drug,珍熊胆丸
Drug,林可霉素利多卡因凝胶
Drug,虎标万金油
Drug,盐酸苯海拉明片
Drug,利多卡因氯己定气雾剂
Drug,维生素E皇浆口服液
Drug,小儿盐酸赖氨酸颗粒
Drug,五维他口服溶液
Drug,甘草锌颗粒
Drug,硫酸锌糖浆
Drug,肥儿糖浆
Drug,驱虫消食片
Drug,健儿消食口服液
Drug,肠炎宁糖浆
Drug,鞣酸蛋白酵母散
Drug,小儿敷脐止泻散
Drug,肠炎宁片
Drug,胃肠宁颗粒
Drug,肠炎宁口服液
Drug,八宝丹胶囊
Drug,消炎利胆软胶囊
Drug,奥硝唑氯化钠注射液
Drug,甲硝唑葡萄糖注射液
Drug,注射用盐酸头孢甲肟
Drug,甲硝唑氯化钠注射液
Drug,止血宝片
Drug,经血宁胶囊
Drug,致康胶囊
Drug,十五味黑药胶囊
Drug,云南白药胶囊
Drug,止血宝颗粒
Drug,新血宝胶囊
Drug,裸花紫珠分散片
Drug,裸花紫珠胶囊
Drug,裸花紫珠片
Drug,三七血伤宁胶囊
Drug,法莫替丁钙镁咀嚼片
Drug,枸橼酸铋钾颗粒
Drug,小儿肠胃康颗粒
Drug,藿阳补肾胶囊
Drug,螺旋藻片
Drug,维生素B2片
Drug,复合维生素B片
Drug,童康片
Drug,维生素B1片
Drug,聚明胶肽注射液
Drug,注射用头孢哌酮钠舒巴坦钠
Drug,注射用头孢他啶
Drug,静注人免疫球蛋白(pH4)
Drug,复方紫参颗粒
Drug,马洛替酯缓释片
Drug,赖氨葡锌片
Drug,葡萄糖酸锌片
Drug,氨甲苯酸片
Drug,眼氨肽注射液
Drug,注射用胞磷胆碱钠肌苷
Drug,硫普罗宁注射液
Drug,注射用硫普罗宁
Drug,茴三硫片
Drug,甘草酸二铵胶囊
Drug,肿节风注射液
Drug,注射用氟尿嘧啶
Drug,替加氟注射液
Drug,注射用核糖核酸Ⅱ
Drug,氟尿嘧啶氯化钠注射液
Drug,注射用丝裂霉素
Drug,亚砷酸氯化钠注射液
Drug,尿嘧啶替加氟胶囊
Drug,注射用盐酸吉西他滨
Drug,三七化痔丸
Drug,Ⅱ
Drug,口服补液盐散(Ⅱ)
Drug,枸橼酸钾颗粒
Drug,门冬氨酸钾镁口服溶液
Drug,生化丸
Drug,乳酸钠林格注射液
Drug,复方氯化钠注射液
Drug,转化糖电解质注射液
Drug,氯化钾注射液
Drug,遗尿停胶囊
Drug,醋酸去氨加压素片
Drug,盐酸丙米嗪片
Drug,倍芪腹泻贴
Drug,健脾止遗片
Drug,夜尿宁丸
Drug,人参卫生丸
Drug,尼群地平片
Drug,磷霉素氨丁三醇散
Drug,盐酸头孢他美酯片
Drug,酒石酸托特罗定片
Drug,桂蒲肾清片
Drug,盐酸环丙沙星片
Drug,萘哌地尔胶囊
Drug,甲硫酸新斯的明注射液
Drug,盐酸黄酮哌酯片
Drug,注射用单磷酸阿糖腺苷
Drug,头孢拉定颗粒
Drug,甲磺酸加替沙星分散片
Drug,盐酸洛美沙星胶囊
Drug,头孢羟氨苄片
Drug,盐酸洛美沙星分散片
Drug,聚苯乙烯磺酸钙散
Drug,甘露醇注射液
Drug,复方甘露醇注射液
Drug,枸橼酸钾缓释片
Drug,复方石韦颗粒
Drug,肾复康胶囊
Drug,肾炎安胶囊
Drug,血尿胶囊
Drug,复方石韦胶囊
Drug,肾炎四味胶囊
Drug,肾炎消肿片
Drug,肾复康片
Drug,至灵菌丝胶囊
Drug,三金片
Drug,萆薢分清丸
Drug,八正合剂
Drug,肾炎舒颗粒
Drug,结石通片
Drug,结石通茶
Drug,肾炎四味片
Drug,利巴韦林注射液
Drug,吗替麦考酚酯胶囊
Drug,他克莫司胶囊
Drug,环孢素口服溶液
Drug,环孢素软胶囊
Drug,注射用头孢美唑钠
Drug,金水宝胶囊
Drug,复方α-酮酸片
Drug,肾衰宁片
Drug,包醛氧淀粉胶囊
Drug,骨化三醇胶丸
Drug,肾衰宁胶囊
Drug,无糖型
Drug,头孢克洛分散片
Drug,肾炎康复片
Drug,益肾康胶囊
Drug,潞党参口服液
Drug,头孢呋辛酯干混悬剂
Drug,十八味诃子丸
Drug,盐酸头孢他美酯干混悬剂
Drug,匹多莫德口服溶液
Drug,替勃龙片
Drug,琥珀酸索利那新片
Drug,天蓉益肾合剂
Drug,雌三醇乳膏
Drug,酒石酸托特罗定缓释片
Drug,西帕依麦孜彼子口服液
Drug,缩泉胶囊
Drug,盐酸奥昔布宁缓释片
Drug,戊酸雌二醇片/雌二醇环丙孕酮片复合包装
Drug,力加寿片
Drug,盐酸米多君片
Drug,首乌延寿片
Drug,鞣酸加压素注射液
Drug,卡马西平片
Drug,金钱草颗粒
Drug,尿路通胶囊
Drug,肾石通颗粒
Drug,金甲排石胶囊
Drug,排石颗粒
Drug,石淋通片
Drug,荡石片
Drug,肾茶袋泡茶
Drug,妇科分清丸
Drug,香菇多糖胶囊
Drug,注射用盐酸吡柔比星
Drug,替尼泊苷注射液
Drug,替加氟片
Drug,净石灵片
Drug,净石灵胶囊
Drug,盐酸奥昔布宁口服溶液
Drug,盐酸丙哌维林片
Drug,盐酸替利定口服溶液
Drug,注射用托拉塞米
Drug,托拉塞米注射液
Drug,冠心丸
Drug,镇脑宁胶囊
Drug,肠多糖片
Drug,脂脉康胶囊
Drug,强力定眩片
Drug,心脑健胶囊
Drug,甘露六烟酯片
Drug,硫酸氢氯吡格雷片
Drug,别嘌醇片
Drug,五苓片
Drug,补中益气片
Drug,补中益气膏
Drug,补中益气丸(浓缩丸)
Drug,硝苯地平片
Drug,醋酸可的松注射液
Drug,醋酸氢化可的松片
Drug,醋酸可的松片
Drug,醋酸泼尼松龙注射液
Drug,醋酸泼尼松龙片
Drug,氢化可的松注射液
Drug,甘草流浸膏
Drug,贞芪扶正颗粒
Drug,托伐普坦片
Drug,呋噻米片
Drug,浓氯化钠注射液
Drug,9AA
Drug,红花清肝十三味丸
Drug,乌兰三味汤散
Drug,甲苯磺酸索拉非尼片
Drug,醋酸甲羟孕酮分散片
Drug,醋酸甲羟孕酮片
Drug,羟基脲片
Drug,醋酸甲地孕酮分散片
Drug,烟酸肌醇酯片
Drug,西洛他唑胶囊
Drug,贝前列素钠片
Drug,盐酸沙格雷酯片
Drug,胰激肽原酶肠溶片
Drug,降糖舒片
Drug,渴络欣胶囊
Drug,当归拈痛丸
Drug,十味诃子片
Drug,小儿七星茶颗粒
Drug,小儿复方磺胺甲噁唑颗粒
Drug,甲硝唑氯己定洗剂
Drug,醋酸去氨加压素注射液
Drug,吡贝地尔缓释片
Drug,盐酸多奈哌齐片
Drug,石杉碱甲片
Drug,氢溴酸加兰他敏缓释片
Drug,复方吡拉西坦脑蛋白水解物片
Drug,复方活脑舒胶囊
Drug,奥拉西坦胶囊
Drug,健脑胶囊
Drug,氟哌啶醇片
Drug,萘普生栓
Drug,贝诺酯片
Drug,普瑞巴林胶囊
Drug,三维B片
Drug,萘普生片
Drug,宁心益智胶囊
Drug,九味益脑颗粒
Drug,参志胶囊
Drug,盐酸赖氨酸葡萄糖注射液
Drug,宁神灵颗粒
Drug,刺五加片
Drug,归脾合剂
Drug,血府逐瘀片
Drug,安神补心丸
Drug,脑灵素片
Drug,养血安神片
Drug,抗衰老片
Drug,更年舒片
Drug,注射用重组人干扰素β-1b
Drug,巴氯芬片
Drug,腺苷钴胺片
Drug,氨咖甘片
Drug,甲钴胺胶囊
Drug,维生素B12片
Drug,甲钴胺片
Drug,盐酸倍他司汀片
Drug,消肿痔疮片
Drug,消痔丸
Drug,三维钙片
Drug,吡拉西坦胶囊
Drug,氯霉素注射液
Drug,平消片
Drug,注射用胸腺肽
Drug,注射用二巯丁二钠
Drug,二巯丁二酸胶囊
Drug,硫酸锌片
Drug,牛黄上清片
Drug,补肾强身胶囊
Drug,十全大补酒
Drug,当归片
Drug,杞菊地黄丸
Drug,补肾强身片
Drug,十全大补膏
Drug,通天口服液
Drug,根痛平片
Drug,骨刺平片
Drug,骨刺胶囊
Drug,抑眩宁胶囊
Drug,颈康胶囊
Drug,骨筋丸胶囊
Drug,颈痛片
Drug,抗骨增生片
Drug,藤黄健骨胶囊
Drug,灵仙跌打片
Drug,抗骨质增生丸
Drug,根痛平颗粒
Drug,腰息痛胶囊
Drug,藤黄健骨丸
Drug,益髓颗粒
Drug,钆双胺注射液
Drug,普卢利沙星胶囊
Drug,盐酸乙哌立松片
Drug,盐酸可乐定片
Drug,苯甲酸利扎曲普坦片
Drug,注射用腺苷钴铵
Drug,注射用腺苷钴胺
Drug,复方当归注射液
Drug,甲硫氨酸维B1注射液
Drug,巴特日七味丸
Drug,安宫牛黄丸
Drug,脑蛋白水解物片
Drug,盐酸吡硫醇片
Drug,盐酸替扎尼定片
Drug,当归龙荟胶囊
Drug,益气聪明丸
Drug,耳聋左慈丸
Drug,耳聋通窍丸
Drug,愈风宁心片
Drug,补肾益脑胶囊
Drug,磁朱丸
Drug,肌氨肽苷注射液
Drug,脑得生片
Drug,脑血康片
Drug,芦丁片
Drug,长春西汀片
Drug,溶栓胶囊
Drug,复方芦丁片
Drug,益脉康片
Drug,心脑康胶囊
Drug,脑络通胶囊
Drug,氯霉素胶囊
Drug,甲硝唑注射液
Drug,银杏叶片
Drug,蚓激酶肠溶胶囊
Drug,丹曲林钠胶囊
Drug,盐酸苯海索片
Drug,左旋多巴片
Drug,盐酸司来吉兰片
Drug,多巴丝肼片
Drug,甲磺酸溴隐亭片
Drug,单唾液酸四己糖神经节苷脂钠注射液
Drug,卡左双多巴控释片
Drug,盐酸普拉克索片
Drug,多潘立酮口腔崩解片
Drug,薄芝糖肽注射液
Drug,解郁安神胶囊
Drug,二十味肉豆蔻丸
Drug,维磷糖浆
Drug,浓维磷糖浆
Drug,复方咖磷颗粒
Drug,明目地黄丸
Drug,杞菊地黄口服液
Drug,肌苷口服溶液
Drug,人参归脾丸
Drug,参芪升阳补血胶囊
Drug,阿咖酚散
Drug,麝香壮骨膏
Drug,布洛芬片
Drug,复方乙酰水杨酸片
Drug,三七伤药片
Drug,止血祛瘀明目片
Drug,和血明目片
Drug,壮腰健肾丸
Drug,脑灵素胶囊
Drug,安神补脑液
Drug,参茸酒
Drug,枣仁安神颗粒
Drug,刺五加颗粒
Drug,参茸卫生丸
Drug,养血安神颗粒
Drug,解郁丸
Drug,消疲灵颗粒
Drug,阿胶
Drug,安眠补脑口服液
Drug,消朦片
Drug,景志安神口服液
Drug,复方首乌补液
Drug,大败毒胶囊
Drug,仁青常觉
Drug,三味清热止痒洗剂
Drug,芪丹通络颗粒
Drug,甲钴胺注射液
Drug,依帕司他胶囊
Drug,硫辛酸注射液
Drug,硫辛酸片
Drug,参灵通络胶囊
Drug,硫辛酸胶囊
Drug,依帕司他片
Drug,呱西替柳干混悬剂
Drug,吲哚美辛肠溶片
Drug,消炎退热颗粒
Drug,心脑健片
Drug,上清丸
Drug,养血清脑丸
Drug,阿胶益寿口服液
Drug,鹿角胶
Drug,六味地黄丸
Drug,复方鲜竹沥液
Drug,活络油
Drug,香荷止痒软膏
Drug,斧标驱风油
Drug,三余神曲
Drug,茶苯海明片
Drug,复方氢溴酸东莨菪碱贴膏
Drug,复方樟柳碱注射液
Drug,氢溴酸樟柳碱注射液
Drug,利培酮片
Drug,氯氮平片
Drug,奥氮平片
Drug,碳酸锂片
Drug,注射用左卡尼汀
Drug,寒痹停片
Drug,复方托吡卡胺滴眼液
Drug,托吡卡胺滴眼液
Drug,溴吡斯的明片
Drug,健步壮骨丸
Drug,注射用石杉碱甲
Drug,氢溴酸加兰他敏注射液
Drug,溴新斯的明片
Drug,天麻素片
Drug,布洛芬颗粒
Drug,复方羊角颗粒
Drug,颅痛宁颗粒
Drug,二十六味通经散
Drug,地屈孕酮片
Drug,鳖甲胶
Drug,调经促孕丸
Drug,大黄
Drug,黄体酮胶囊
Drug,妇科十味胶囊
Drug,百宝丹胶囊
Drug,桂枝茯苓胶囊
Drug,调经至宝丸
Drug,止痛化癥片
Drug,桂枝茯苓丸
Drug,止痛化癥胶囊
Drug,注射用顺铂
Drug,醋酸氢化可的松注射液
Drug,十一酸睾酮胶丸
Drug,注射用重组人生长激素
Drug,美雄酮片
Drug,夏枯草膏
Drug,夏枯草颗粒
Drug,消瘿五海丸
Drug,夏枯草片
Drug,左甲状腺素钠片
Drug,重组促卵泡素β注射液
Drug,注射用重组人促卵泡激素
Drug,注射用尿促卵泡素
Drug,轻身消胖丸
Drug,降脂减肥片
Drug,降脂通便胶囊
Drug,轻身减肥片
Drug,盐酸西布曲明胶囊
Drug,排毒清脂胶囊
Drug,排毒清脂片
Drug,奥利司他胶囊
Drug,葡萄糖酸钙片
Drug,阿法骨化醇胶囊
Drug,阿法骨化醇片
Drug,葡萄糖酸钙含片
Drug,阿法骨化醇软胶囊
Drug,双黄消炎片
Drug,戊酸雌二醇片
Drug,豆腐果苷片
Drug,刺五加脑灵胶囊
Drug,盐酸文拉法辛缓释胶囊
Drug,雌二醇凝胶
Drug,盐酸二甲双胍肠溶片
Drug,降浊健美颗粒
Drug,六味能消片
Drug,复方电解质葡萄糖R2A注射液
Drug,血脂平胶囊
Drug,减肥胶囊
Drug,冠脉康片
Drug,鹿丹芪胶囊
Drug,多烯酸乙酯胶丸
Drug,降脂灵片
Drug,六味壮骨颗粒
Drug,龟芪壮骨颗粒
Drug,骨松宝胶囊
Drug,全鹿丸
Drug,醋酸钙颗粒
Drug,碳酸钙片
Drug,碳酸钙咀嚼片
Drug,三维葡磷钙咀嚼片
Drug,特立帕肽注射液
Drug,乳酸钙颗粒
Drug,牡蛎碳酸钙胶囊
Drug,阿仑膦酸钠片
Drug,枸橼酸钙片
Drug,骨疏康颗粒
Drug,丹杞颗粒
Drug,三合钙咀嚼片
Drug,夏枯草胶囊
Drug,丙硫氧嘧啶肠溶片
Drug,夏枯草口服液
Drug,丙硫氧嘧啶肠溶胶囊
Drug,注射用普罗瑞林
Drug,碘化钾片
Drug,益康胶囊
Drug,甲状腺片
Drug,小金丸
Drug,丹参酮胶囊
Drug,小金胶囊
Drug,乳癖消片
Drug,牛黄清胃丸
Drug,活血解毒丸
Drug,司帕沙星胶囊
Drug,维生素D2注射液
Drug,维生素D3注射液
Drug,维生素D2片
Drug,注射用鲑鱼降钙素
Drug,注射用鲑降钙素
Drug,泛酸钙片
Drug,重组人干扰素α2b注射液
Drug,注射用重组人干扰素α2b
Drug,重组人干扰素α-2b注射液
Drug,酵母
Drug,注射用重组人干扰素α2a
Drug,枸橼酸西地那非片
Drug,芦笋菠萝蛋白酶胶囊
Drug,达那唑胶囊
Drug,散结止痛膏
Drug,乳核散结胶囊
Drug,乳核散结片
Drug,祛瘀散结片
Drug,抑亢散
Drug,氢醌乳膏
Drug,大枫子油
Drug,润肌皮肤膏
Drug,养荣祛斑膏
Drug,乳癖康胶囊
Drug,乳癖舒胶囊
Drug,红金消结片
Drug,乳宁胶囊
Drug,乳块消糖浆
Drug,消肿片
Drug,乳块消颗粒
Drug,乳块消胶囊
Drug,乳疾灵颗粒
Drug,乳癖消胶囊
Drug,乳康片
Drug,乳核内消颗粒
Drug,乳宁片
Drug,乳核内消液
Drug,甲睾酮片
Drug,苯丁酸氮芥片
Drug,己烯雌酚片
Drug,注射用盐酸博莱霉素
Drug,注射用盐酸博来霉素
Drug,哈西奈德乳膏
Drug,醋酸曲安奈德尿素乳膏
Drug,维A酸乳膏
Drug,醋酸氟轻松乳膏
Drug,维胺酯胶囊
Drug,盐酸多塞平乳膏
Drug,复方倍氯米松樟脑乳膏
Drug,丙酸氟替卡松乳膏
Drug,丙酸氯倍他索乳膏
Drug,复方氟米松软膏
Drug,哈西奈德溶液
Drug,注射用盐酸尼莫司汀
Drug,玉泉颗粒
Drug,消渴平片
Drug,消渴灵片
Drug,盐酸二甲双胍缓释片
Drug,渴乐宁胶囊
Drug,米格列醇片
Drug,伏格列波糖片
Drug,降糖宁胶囊
Drug,盐酸二甲双胍片
Drug,十八味诃子利尿胶囊
Drug,天麦消渴片
Drug,抗饥消渴片
Drug,中性胰岛素注射液
Drug,阿卡波糖胶囊
Drug,外用重组人表皮生长因子
Drug,替硝唑氯化钠注射液
Drug,利奈唑胺片
Drug,复方赖氨酸颗粒
Drug,三维鱼肝油乳
Drug,曲安西龙片
Drug,丁硼乳膏
Drug,甲硝唑芬布芬胶囊
Drug,硫酸锌口服溶液
Drug,甲磺酸阿帕替尼片
Drug,氟尿嘧啶软膏
Drug,氟尿嘧啶乳膏
Drug,螺内酯胶囊
Drug,注射用醋酸奥曲肽微球
Drug,注射用醋酸奥曲肽
Drug,醋酸奥曲肽注射液
Drug,锝[99mTc]司它比注射液
Drug,盐酸西那卡塞片
Drug,盐酸小檗胺片
Drug,生血宝合剂
Drug,血复生片
Drug,维血宁
Drug,叶绿素铜钠片
Drug,复方皂矾丸
Drug,施保利通片
Drug,升血调元汤
Drug,参芪十一味颗粒
Drug,增抗宁片
Drug,养阴生血合剂
Drug,芪枣颗粒
Drug,芪鹿补血颗粒
Drug,十一味参芪胶囊
Drug,血复生胶囊
Drug,乌苯美司胶囊
Drug,乌苯美司片
Drug,三七胶囊
Drug,荷叶丸
Drug,氨甲环酸片
Drug,痛血康胶囊
Drug,固元胶囊
Drug,血宝胶囊
Drug,氨肽素片
Drug,生血丸
Drug,重组人粒细胞刺激因子注射液
Drug,小牛脾提取物注射液
Drug,归芪口服液
Drug,脱氧核苷酸钠注射液
Drug,小儿四维葡钙颗粒
Drug,复方碳酸钙泡腾颗粒
Drug,醋酸钙胶囊
Drug,赖氨酸磷酸氢钙颗粒
Drug,乳酸钙口服溶液
Drug,维磷葡钙片
Drug,复方碳酸钙颗粒
Drug,维D2乳酸钙片
Drug,维D2磷酸氢钙片
Drug,地拉罗司分散片
Drug,注射用甲磺酸去铁胺
Drug,去铁酮片
Drug,卡莫司汀注射液
Drug,来那度胺胶囊
Drug,注射用甲氨蝶呤
Drug,环磷酰胺片
Drug,杞枣口服液
Drug,当归调经颗粒
Drug,新生化颗粒
Drug,益气养血口服液
Drug,桂龙药膏
Drug,龟甲胶
Drug,养血当归糖浆
Drug,注射用依那西普
Drug,注射用重组人干扰素γ
Drug,高三尖杉酯碱氯化钠注射液
Drug,高三尖杉酯碱注射液
Drug,血康口服液
Drug,维血宁颗粒
Drug,血宁胶囊
Drug,利可君片
Drug,血宁片
Drug,人凝血因子VIII
Drug,血宁糖浆
Drug,人凝血因子Ⅷ
Drug,注射用氨甲环酸
Drug,注射用重组人凝血因子VIII
Drug,注射用重组人凝血因子VIIa
Drug,氨甲环酸注射液
Drug,阿莫西林双氯西林钠胶囊
Drug,骨炎灵片
Drug,八味秦皮丸
Drug,大蒜素软胶囊
Drug,苯酰甲硝唑干混悬剂
Drug,硫酸阿米卡星注射液
Drug,大蒜肠溶片
Drug,氟康唑颗粒
Drug,大蒜素胶囊
Drug,叶酸片
Drug,鲨肝醇片
Drug,角鲨烯胶丸
Drug,尼洛替尼胶囊
Drug,胎宝胶囊
Drug,阿胶补血膏
Drug,八珍颗粒
Drug,黄芪精
Drug,八珍益母丸
Drug,氨甲苯酸注射液
Drug,藻酸双酯钠注射液
Drug,甲磺酸左氧氟沙星片
Drug,妇科养荣丸
Drug,朱砂安神丸
Drug,人参养荣丸
Drug,当归养血口服液
Drug,肿痛安胶囊
Drug,天然型
Drug,重酒石酸去甲肾上腺素注射液
Drug,注射用肌氨肽苷
Drug,断血流胶囊
Drug,断血流分散片
Drug,维生素K1注射液
Drug,人凝血酶原复合物
Drug,亚硫酸氢钠甲萘醌注射液
Drug,苹果酸舒尼替尼胶囊
Drug,硫酸长春碱注射液
Drug,注射用放线菌素D
Drug,盐酸多柔比星注射液
Drug,新福菌素注射液
Drug,白消安片
Drug,脱氧核苷酸钠片
Drug,十一酸睾酮软胶囊
Drug,赖氨酸维B12颗粒
Drug,抗人T细胞猪免疫球蛋白
Drug,心脑欣片
Drug,三尖杉酯碱注射液
Drug,心脑欣丸
Drug,羟基脲胶囊
Drug,复方黄黛片
Drug,注射用高三尖杉酯碱
Drug,双花百合片
Drug,通窍鼻炎片
Drug,盐酸萘甲唑啉滴鼻液
Drug,滴通鼻炎水
Drug,鼻通丸
Drug,鼻舒适片
Drug,辛芳鼻炎胶囊
Drug,小儿鼻炎片
Drug,盐酸羟甲唑啉喷雾剂
Drug,盐酸赛洛唑啉鼻用喷雾剂
Drug,鼻渊片
Drug,千柏鼻炎片
Drug,苍夷滴鼻剂
Drug,胆香鼻炎片
Drug,脉络宁注射液
Drug,灵孢多糖注射液
Drug,骨质宁搽剂
Drug,威灵骨刺膏
Drug,骨刺消痛胶囊
Drug,雪山金罗汉止痛涂膜剂
Drug,骨刺消痛液
Drug,骨增生镇痛膏
Drug,双氯芬酸钠缓释片
Drug,氯雷他定胶囊
Drug,盐酸非索非那定片
Drug,盐酸西替利嗪片
Drug,氯雷他定片
Drug,肤痒颗粒
Drug,盐酸西替利嗪滴剂
Drug,盐酸二氧丙嗪颗粒
Drug,富马酸酮替芬胶囊
Drug,富马酸酮替芬片
Drug,粉尘螨滴剂
Drug,参棘软膏
Drug,参皇软膏
Drug,玻璃酸钠滴眼液
Drug,擦癣药水
Drug,硫酸氨基葡萄糖片
Drug,硫酸氨基葡萄糖胶囊
Drug,双氯芬酸钠凝胶
Drug,清热化毒丸
Drug,硫酸羟氯喹片
Drug,布洛芬缓释混悬液
Drug,萘丁美酮胶囊
Drug,右旋布洛芬片
Drug,双氯芬酸钠盐酸利多卡因注射液
Drug,萘普生钠氯化钠注射液
Drug,双氯芬酸二乙胺凝胶
Drug,双氯芬酸钠肠溶胶囊
Drug,姜酚胶丸
Drug,酮洛芬凝胶
Drug,双氯芬酸钠肠溶缓释胶囊
Drug,骨痛灵酊
Drug,解痉镇痛酊
Drug,青鹏软膏
Drug,消炎镇痛膏
Drug,头孢地尼分散片
Drug,消炎灵胶囊
Drug,匹多莫德片
Drug,鼻炎灵片
Drug,鼻通宁滴剂
Drug,益鼻喷雾剂
Drug,藿胆滴丸
Drug,鱼腥草素钠片
Drug,双蚁祛湿通络胶囊
Drug,痹祺胶囊
Drug,曲安奈德注射液
Drug,右旋酮洛芬氨丁三醇片
Drug,风湿定胶囊
Drug,祖师麻片
Drug,醋酸曲安奈德尿素软膏
Drug,氯雷他定糖浆
Drug,盐酸氯环利嗪片
Drug,复方樟脑乳膏
Drug,醋酸曲安奈德乳膏
Drug,氟轻松维B6乳膏
Drug,复方曲安奈德乳膏
Drug,奥沙普秦肠溶胶囊
Drug,依托芬那酯凝胶
Drug,风湿骨痛丸
Drug,复方独活吲哚美辛胶囊
Drug,吲哚美辛栓
Drug,酮洛芬胶囊
Drug,安络痛胶囊
Drug,复方水杨酸甲酯苯海拉明喷雾剂
Drug,牛痘疫苗接种家兔炎症皮肤提取物片
Drug,金骨莲片
Drug,关节克痹丸
Drug,小活络丸
Drug,磷霉素钙甲氧苄啶胶囊
Drug,祛瘀散结胶囊
Drug,乳癖清胶囊
Drug,注射用卡铂
Drug,注射用培美曲塞二钠
Drug,麝香接骨胶囊
Drug,氯唑沙宗片
Drug,复方水杨酸甲酯乳膏
Drug,四妙丸
Drug,盐酸左卡巴斯汀鼻喷雾剂
Drug,祛风止痒口服液
Drug,丹皮酚软膏
Drug,孟鲁司特钠片
Drug,富马酸酮替芬滴鼻液
Drug,盐酸氮卓斯汀鼻喷剂
Drug,吡嘧司特钾片
Drug,伤痛酊
Drug,阿西美辛缓释胶囊
Drug,盐酸左旋咪唑搽剂
Drug,琥乙红霉素胶囊
Drug,注射用重组人白介素-2(Ⅰ)
Drug,注射用胸腺五肽
Drug,注射用转移因子
Drug,胸腺五肽注射液
Drug,脾氨肽口服冻干粉
Drug,注射用更昔洛韦
Drug,多糖蛋白片
Drug,吡罗昔康软膏
Drug,柳氮磺吡啶结肠溶胶囊
Drug,滑膜炎颗粒
Drug,阿咖片
Drug,吡罗昔康胶囊
Drug,昆明山海棠片
Drug,丁酸氢化可的松乳膏
Drug,复方青黛胶囊
Drug,复方青黛丸
Drug,五维甘草那敏胶囊
Drug,薄芝片
Drug,脉管复康胶囊
Drug,积雪苷片
Drug,积雪苷霜软膏
Drug,逐瘀消肿膏
Drug,治伤胶囊
Drug,氟罗沙星分散片
Drug,热毒宁注射液
Drug,急支糖浆
Drug,头孢克洛缓释胶囊
Drug,阿胶牡蛎口服液
Drug,伤科接骨片
Drug,跌打丸
Drug,止血镇痛胶囊
Drug,梁财信跌打丸
Drug,伤科跌打丸
Drug,复方骨肽注射液
Drug,接骨续筋片
Drug,固本咳喘片
Drug,盐酸氨溴索口服溶液
Drug,盐酸氨溴索胶囊
Drug,供口服用
Drug,芪苈强心胶囊
Drug,单硝酸异山梨酯片
Drug,乌龙养血胶囊
Drug,甘油果糖氯化钠注射液
Drug,甘油氯化钠注射液
Drug,甘油果糖注射液
Drug,洛莫司汀胶囊
Drug,替莫唑胺胶囊
Drug,消瘀康片
Drug,脑血康滴丸
Drug,二乙酰氨乙酸乙二胺氯化钠注射液
Drug,脑血康丸
Drug,脑血康口服液
Drug,消瘀康胶囊
Drug,脑血康胶囊
Drug,蜡样芽孢杆菌活菌胶囊
Drug,七叶皂苷钠片
Drug,注射用七叶皂苷钠
Drug,局方
Drug,清脑降压片
Drug,骨折挫伤胶囊
Drug,复方三七胶囊
Drug,接骨丸
Drug,双虎肿痛宁
Drug,独一味颗粒
Drug,伤科七味片
Drug,舒筋活血片
Drug,三七片
Drug,接骨七厘片
Drug,伤科跌打片
Drug,舒筋活血胶囊
Drug,跌打损伤丸
Drug,复方氨基酸胶囊(8-11)
Drug,对氨基水杨酸异烟肼片
Drug,阿昔洛韦片
Drug,注射用盐酸丁卡因
Drug,盐酸乙哌立松颗粒
Drug,元胡止痛片
Drug,复方羊角片
Drug,甲钴胺分散片
Drug,硫酸庆大霉素注射液
Drug,硫酸妥布霉素注射液
Drug,尼莫地平片
Drug,脑蛋白水解物注射液
Drug,头痛定糖浆
Drug,七十味珍珠丸
Drug,大活络丸
Drug,夏天无胶囊
Drug,活血壮筋胶囊
Drug,银杏达莫注射液
Drug,脑塞通丸
Drug,脑血栓片
Drug,血府逐瘀丸
Drug,复方氨基丁酸维E胶囊
Drug,结核丸
Drug,利福定胶囊
Drug,甘露聚糖肽注射液
Drug,注射用香菇多糖
Drug,芪蓝扶正颗粒
Drug,生理氯化钠溶液
Drug,丙戊酸钠糖浆
Drug,扑米酮片
Drug,华法林钠片
Drug,双红活血胶囊
Drug,甜梦胶囊
Drug,磷酸川芎嗪片
Drug,艾地苯醌片
Drug,血府逐瘀颗粒
Drug,七厘散
Drug,胞磷胆碱钠片
Drug,胞磷胆碱钠葡萄糖注射液
Drug,胞磷胆碱钠氯化钠注射液
Drug,鸦胆子油口服乳液
Drug,丁苯酞软胶囊
Drug,朴实颗粒
Drug,乌军治胆胶囊
Drug,舒胆胶囊
Drug,胆石通利胶囊
Drug,烂积丸
Drug,盐酸奈福泮片
Drug,胆石片
Drug,十五味赛尔斗丸
Drug,西咪替丁片
Drug,重组人生长激素注射液
Drug,消石利胆胶囊
Drug,复方磺胺嘧啶锌凝胶
Drug,肾石通丸
Drug,十六味马蔺子丸
Drug,益胆片
Drug,消石片
Drug,尿石通丸
Drug,前列舒乐颗粒
Drug,前列通片
Drug,癃闭舒片
Drug,前列舒乐胶囊
Drug,尿塞通片
Drug,前列舒丸
Drug,前列癃闭通片
Drug,非那雄胺片
Drug,癃闭舒胶囊
Drug,盐酸坦洛新缓释胶囊
Drug,前列欣胶囊
Drug,泽桂癃爽片
Drug,前列安通胶囊
Drug,翁沥通胶囊
Drug,前列舒乐片
Drug,前列桂黄片
Drug,翁沥通颗粒
Drug,前列康舒胶囊
Drug,前列泰胶囊
Drug,丹益片
Drug,尿清舒颗粒
Drug,化瘀固精合剂
Drug,注射用醋酸曲普瑞林
Drug,结合雌激素片
Drug,醋酸戈舍瑞林缓释植入剂
Drug,比卡鲁胺片
Drug,氟他胺片
Drug,健阳片
Drug,回春酒
Drug,蚕蛾公补片
Drug,疏肝益阳胶囊
Drug,生力雄丸
Drug,海马巴戟胶囊
Drug,益肾灵颗粒
Drug,盐酸阿扑吗啡舌下片
Drug,三肾丸
Drug,金蚧片
Drug,补肾益气胶囊
Drug,五子衍宗丸
Drug,补肾斑龙片
Drug,注射用绒促性素
Drug,注射用重组人绒促性素
Drug,金匮肾气丸
Drug,益肾液
Drug,胚宝胶囊
Drug,固本回元口服液
Drug,还少丹
Drug,七鞭回春乐胶囊
Drug,固肾合剂
Drug,九味健肾胶囊
Drug,强阳保肾丸
Drug,龟鹿补肾口服液
Drug,复方苁蓉补肾合剂
Drug,甲磺酸酚妥拉明颗粒
Drug,甲磺酸酚妥拉明分散片
Drug,肤芩洗剂
Drug,阴痒康洗剂
Drug,复方黄藤洗液
Drug,苦柏止痒洗液
Drug,甲硝唑乳膏
Drug,妇炎平胶囊
Drug,聚甲酚磺醛栓
Drug,阿娜尔妇洁液
Drug,妇肤康喷雾剂
Drug,妇洁舒洗液
Drug,复方黄松湿巾
Drug,妇炎清洗剂
Drug,复方黄松洗液
Drug,三维制霉素栓
Drug,克比热提片
Drug,美辛唑酮栓
Drug,赛霉安乳膏
Drug,赛霉安散
Drug,吲哚美辛呋喃唑酮栓
Drug,金蝉止痒胶囊
Drug,马应龙麝香痔疮膏
Drug,京万红软膏
Drug,曲咪新乳膏
Drug,醋酸氟轻松冰片乳膏
Drug,头孢地尼胶囊
Drug,痔速宁胶囊
Drug,痔疮片
Drug,麝香痔疮栓
Drug,复方硫酸氢黄连素软膏
Drug,京万红痔疮膏
Drug,痔炎消颗粒
Drug,痔速宁片
Drug,美辛唑酮红古豆醇酯栓
Drug,痔疮胶囊
Drug,秘治胶囊
Drug,锡类散
Drug,美沙拉嗪肠溶片
Drug,苦参软膏
Drug,比沙可啶肠溶片
Drug,润肠通秘茶
Drug,栀子金花丸
Drug,麻仁丸
Drug,便秘通软膏
Drug,连翘败毒丸
Drug,一清颗粒
Drug,通便灵胶囊
Drug,槐杞黄颗粒
Drug,便乃通茶
Drug,复方聚乙二醇电解质散
Drug,八味锡类散
Drug,参苓白术片
Drug,19AA-Ⅰ
Drug,注射用青霉素钾
Drug,消痔栓
Drug,化痔栓
Drug,肛泰栓
Drug,肛泰
Drug,肛泰软膏
Drug,复方角菜酸酯栓
Drug,复方消痔栓
Drug,醋酸氯己定痔疮栓
Drug,普济痔疮栓
Drug,复方片仔癀痔疮软膏
Drug,熊胆痔灵膏
Drug,一清片
Drug,肤痔清软膏
Drug,磷酸哌嗪宝塔糖
Drug,金玄痔科熏洗散
Drug,125Ala注射液
Drug,沙溪金菊五花茶颗粒
Drug,江西京通美联一清颗粒
Drug,槐角丸
Drug,熊胆痔疮膏
Drug,痔疮外洗药
Drug,葛泰地奥司明片
Drug,痔宁片
Drug,复方双金痔疮膏
Drug,活血止痛胶囊
Drug,关节止痛膏
Drug,伤痛宁膏
Drug,龙血竭胶囊
Drug,七厘胶囊
Drug,腰痛宁胶囊
Drug,根痛平胶囊
Drug,跳骨片
Drug,盐酸氨基葡萄糖胶囊
Drug,速溶
Drug,注射用环磷酰胺
Drug,甲氨蝶呤注射液
Drug,注射用盐酸多柔比星
Drug,维生素AD滴剂
Drug,胆维丁乳
Drug,胶囊型
Drug,碳酸钙颗粒
Drug,注射用头孢呋辛钠
Drug,抗骨髓炎片
Drug,龙牡壮骨颗粒
Drug,维B1乳酸钙片
Drug,恒古骨伤愈合剂
Drug,正骨膏
Drug,归芍活血胶囊
Drug,丹郁骨康丸
Drug,仙灵骨葆片
Drug,骨苓通痹丸
Drug,通络生骨胶囊
Drug,吲哚美辛软膏
Drug,吲哚美辛凝胶
Drug,右旋布洛芬口服混悬液
Drug,健骨生丸
Drug,注射用头孢噻肟钠
Drug,骨友灵搽剂
Drug,骨刺丸
Drug,筋骨痛消丸
Drug,盐酸氨基葡萄糖颗粒
Drug,附桂骨痛颗粒
Drug,吲哚美辛胶囊
Drug,注射用头孢尼西钠
Drug,氟氯西林钠阿莫西林胶囊
Drug,滑膜炎片
Drug,愈伤灵胶囊
Drug,注射用依托泊苷
Drug,依托泊苷注射液
Drug,复方硫酸软骨素片
Drug,伤湿解痛膏
Drug,单唾液酸四己糖神经节苷脂钠盐注射液
Drug,单唾液酸四已糖神经节苷脂钠注射液
Drug,利鲁唑片
Drug,红药片
Drug,活血跌打丸
Drug,布洛芬凝胶
Drug,生三七散
Drug,关节镇痛膏
Drug,腰痛片
Drug,硫酸镁葡萄糖注射液
Drug,注射用乙酰谷酰胺
Drug,双醋瑞因胶囊
Drug,对乙酰氨基酚颗粒
Drug,阿米卡星洗剂
Drug,乳酸依沙吖啶溶液
Drug,环孢素滴眼液
Drug,保胎无忧胶囊
Drug,保胎无忧散
Drug,盐酸罗哌卡因注射液
Drug,注射用盐酸罗哌卡因
Drug,保胎无忧片
Drug,麝香镇痛膏
Drug,跌打扭伤灵酊
Drug,辣椒碱乳膏
Drug,狗皮膏
Drug,独一味片
Drug,伸筋丹胶囊
Drug,独一味软胶囊
Drug,活血止痛散
Drug,元七骨痛酊
Drug,附桂骨痛胶囊
Drug,盐酸沙丙蝶呤片
Drug,阿仑膦酸钠肠溶片
Drug,接骨片
Drug,牛痘疫苗致炎兔皮提取物注射液
Drug,复方雪莲胶囊
Drug,玻璃酸钠注射液
Drug,双氯芬酸二乙胺乳胶剂
Drug,双氯芬酸钠缓释胶囊
Drug,芩连片
Drug,三黄片
Drug,如意金黄散
Drug,四季三黄片
Drug,鱼石脂软膏
Drug,芩连丸
Drug,补肾丸
Drug,人参鹿茸丸
Drug,黄连上清片
Drug,清火栀麦片
Drug,知柏地黄丸
Drug,复方氯己定含漱液
Drug,清胃黄连丸
Drug,度米芬含片
Drug,溶菌酶含片
Drug,小儿化毒散
Drug,复方鱼肝油氧化锌软膏
Drug,创灼膏
Drug,聚甲酚磺醛溶液
Drug,烫伤油
Drug,红霉素软膏
Drug,依诺沙星乳膏
Drug,甲紫溶液
Drug,三黄珍珠膏
Drug,解毒烧伤软膏
Drug,聚维酮碘溶液
Drug,冻疮膏
Drug,辣椒风湿膏
Drug,云香精
Drug,氧氟沙星凝胶
Drug,消肿止痛酊
Drug,风痛灵
Drug,匹多莫德胶囊
Drug,胞磷胆碱钠胶囊
Drug,精制狗皮膏
Drug,碘酊
Drug,酊剂
Drug,硫软膏
Drug,盐酸萘替芬乳膏
Drug,酞丁安乳膏
Drug,水杨酸软膏
Drug,克霉唑乳膏
Drug,云南白药酊
Drug,乳酸左氧氟沙星氯化钠注射液
Drug,盐酸左氧氟沙星氯化钠注射液
Drug,尿素贴膏
Drug,水杨酸苯酚贴膏
Drug,麝香回阳膏
Drug,复方金银花颗粒
Drug,己酮可可碱缓释片
Drug,乳康丸
Drug,天芝草胶囊
Drug,鼻咽灵片
Drug,巯嘌呤片
Drug,复方氟尿嘧啶片
Drug,注射用达卡巴嗪
Drug,125Ala
Drug,注射用盐酸米托蒽醌
Drug,注射用硫酸长春地辛
Drug,注射用重组人白介素-2
Drug,假单胞菌
Drug,埃希
Drug,紫杉醇注射液
Drug,欧文
Drug,甲磺酸-a-二氢麦角隐亭片
Drug,重组人干扰素α2а栓
Drug,阿司待因片
Drug,卡铂注射液
Drug,马蔺子素胶囊
Drug,注射用硼替佐米
Drug,锝[99mTc]甲氧乙腈注射液
Drug,西达本胺片
Drug,重组人干扰素α1b注射液
Drug,注射用去水卫矛醇
Drug,注射用重组人干扰素α1b
Drug,鼻咽清毒颗粒
Drug,植物萃取抑菌剂
Drug,保胎灵胶囊
Drug,安阳固本膏
Drug,和血胶囊
Drug,人胎盘片
Drug,培坤丸
Drug,枸橼酸氯米芬胶囊
Drug,枸橼酸氯米芬片
Drug,散结镇痛胶囊
Drug,坤灵丸
Drug,宫颈癌栓
Drug,宫颈癌片
Drug,抗宫炎片
Drug,参坤养血颗粒
Drug,金鸡胶囊
Drug,复方杏香兔耳风颗粒
Drug,苦参凝胶
Drug,蹄甲多肽片
Drug,复方醋酸棉酚片
Drug,断血流滴丸
Drug,妇科断红饮胶囊
Drug,妇科止血灵胶囊
Drug,炔诺酮片
Drug,止血宁胶囊
Drug,宫血宁胶囊
Drug,更年安胶囊
Drug,益坤宁片
Drug,妇康宁片
Drug,加味逍遥胶囊
Drug,舒神灵胶囊
Drug,莉芙敏片
Drug,谷维素双维B片
Drug,康媛颗粒
Drug,妇科十味片
Drug,妇乐冲剂
Drug,妇科止带片
Drug,妇科千金胶囊
Drug,康妇炎胶囊
Drug,妇科千金片
Drug,艾附暖宫丸
Drug,妇科止带胶囊
Drug,妇乐颗粒
Drug,复方八维甲睾酮胶囊
Drug,妇炎平阴道泡腾片
Drug,保妇康栓
Drug,保妇康凝胶
Drug,塞克硝唑片
Drug,苦参碱栓
Drug,复方甲硝唑阴道栓
Drug,红金消结浓缩丸
Drug,金刚藤软胶囊
Drug,金刚藤口服液
Drug,消结安胶囊
Drug,消结安口服液
Drug,止痛化癥颗粒
Drug,红金消结胶囊
Drug,复方莪术油栓
Drug,鱼腥草素钠栓
Drug,抗宫炎软胶囊
Drug,醋酸氯己定栓
Drug,苦参栓
Drug,杏香兔耳风胶囊
Drug,强力碘溶液
Drug,妇炎康复咀嚼片
Drug,金刚藤咀嚼片
Drug,黄藤素软胶囊
Drug,千金止带丸
Drug,天紫红女金胶囊
Drug,黄藤素分散片
Drug,抗妇炎胶囊
Drug,白带丸
Drug,经带宁胶囊
Drug,黄藤素片
Drug,妇炎康分散片
Drug,宫炎平滴丸
Drug,宫炎康颗粒
Drug,大黄蛰虫丸
Drug,丹鳖胶囊
Drug,坤复康胶囊
Drug,妇炎康复胶囊
Drug,头孢妥仑匹酯片
Drug,法罗培南钠片
Drug,30R
Drug,重组赖脯胰岛素注射液
Drug,精蛋白锌胰岛素注射液(30R)
Drug,杜仲颗粒
Drug,硫酸镁注射液
Drug,制霉素阴道栓
Drug,茯蒲洗液
Drug,妇炎灵栓
Drug,聚维酮碘乳膏
Drug,聚甲酚磺醛阴道栓
Drug,氨甲环酸氯化钠注射液
Drug,少腹逐瘀丸
Drug,妇科调经片
Drug,桂枝茯苓片
Drug,武力拔寒散
Drug,宁坤丸
Drug,气血和胶囊
Drug,益母草颗粒
Drug,金刚藤糖浆
Drug,人胎盘组织液
Drug,洁阴止痒洗液
Drug,肤阴洁液
Drug,短棒状杆菌制剂
Drug,益母草膏
Drug,妇康片
Drug,妇康宝口服液
Drug,四物颗粒
Drug,鹿胎胶囊
Drug,暖宫七味丸
Drug,妇月康胶囊
Drug,广誉远定坤丹
Drug,盐酸伐地那非片
Drug,他达拉非片
Drug,柏栀祛湿喷雾剂
Drug,复方岗松止痒洗液
Drug,甲硝唑阴道泡腾片
Drug,氯喹那多/普罗雌烯阴道片
Drug,妇科白带片
Drug,双唑泰泡腾片
Drug,硝呋太尔阴道片
Drug,消糜栓
Drug,替硝唑阴道泡腾片
Drug,柏栀祛湿洗液
Drug,塞克硝唑胶囊
Drug,产后逐瘀片
Drug,断血流片
Drug,双橘颗粒
Drug,宫瘤宁胶囊
Drug,宫瘤清片
Drug,平消胶囊
Drug,宫瘤消胶囊
Drug,卡前列甲酯栓
Drug,注射用醋酸亮丙瑞林微球
Drug,孕三烯酮胶囊
Drug,醋酸甲地孕酮片
Drug,注射用醋酸亮丙瑞林缓释微球
Drug,北芪片
Drug,黄芪片
Drug,鲜益母草胶囊
Drug,益母草软胶囊
Drug,产妇安颗粒
Drug,参芪首乌补汁
Drug,千金保孕丸
Drug,安胎丸
Drug,安胎益母丸
Drug,地诺前列酮栓
Drug,螺旋霉素胶囊
Drug,妇康宝颗粒
Drug,孕康颗粒
Drug,保胎灵片
Drug,孕康口服液
Drug,固肾安胎丸
Drug,保胎丸
Drug,滋肾育胎丸
Drug,保胎灵
Drug,乐孕宁颗粒
Drug,盐酸利托君注射液
Drug,盐酸利托君片
Drug,醋酸阿托西班注射液
Drug,烯丙雌醇片
Drug,注射用盐酸利托君
Drug,维生素E胶丸
Drug,维生素E胶丸(天然型)
Drug,体外培育牛黄
Drug,小儿脐风散
Drug,醒脑安神片
Drug,痫愈胶囊
Drug,羚羊清肺散
Drug,静灵口服液
Drug,牛黄清心丸
Drug,紫雪
Drug,伊曲康唑口服液
Drug,上清胶囊
Drug,地牡宁神口服液
Drug,千金藤啶碱片
Drug,多动宁胶囊
Drug,盐酸哌甲酯缓释片
Drug,盐酸托莫西汀胶囊
Drug,盐酸哌甲酯片
Drug,舒眠胶囊
Drug,盐酸帕罗西汀片
Drug,盐酸舍曲林片
Drug,盐酸氟西汀胶囊
Drug,盐酸氯米帕明片
Drug,盐酸文拉法辛胶囊
Drug,马来酸氟伏沙明片
Drug,氟哌噻吨美利曲辛片
Drug,脑力静胶囊
Drug,富马酸喹硫平片
Drug,重楼解毒酊
Drug,蒲地蓝消炎口服液
Drug,抗病毒软胶囊
Drug,喉疾灵片
Drug,板蓝根颗粒
Drug,清瘟解毒片
Drug,止痒消炎水
Drug,C14～24
Drug,丁酸氯倍他松乳膏
Drug,糠酸莫米松凝胶
Drug,脂肪乳注射液[C14-24]
Drug,儿肤康搽剂
Drug,炎琥宁氯化钠注射液
Drug,婴儿保肺宁
Drug,鱼肝油乳
Drug,29
Drug,小儿维生素咀嚼片
Drug,善存银片
Drug,23
Drug,21
Drug,多维元素片
Drug,小儿善存片
Drug,鱼肝油
Drug,氧氟沙星眼膏
Drug,氧氟沙星滴眼液
Drug,妥布霉素滴眼液
Drug,盐酸洛美沙星滴眼液
Drug,盐酸洛美沙星眼用凝胶
Drug,地塞米松磷酸钠滴眼液
Drug,妥布霉素地塞米松滴眼液
Drug,肝浸膏片
Drug,潞党参膏滋
Drug,复方肝浸膏片
Drug,右旋糖酐铁注射液
Drug,富马酸亚铁片
Drug,克林霉素磷酸酯溶液
Drug,莫匹罗星软膏
Drug,阿达帕林凝胶
Drug,赖氨酸磷酸氢钙片
Drug,复方锌铁钙口服溶液
Drug,复方锌铁钙颗粒
Drug,葡萄糖酸锌咀嚼片
Drug,法可林滴眼液
Drug,维A酸片
Drug,异维A酸软胶囊
Drug,复方青黛片
Drug,肿节风分散片
Drug,头孢氨苄缓释片
Drug,肥儿丸
Drug,小儿奇应丸
Drug,肥儿宝颗粒
Drug,甲硝唑氯己定软膏
Drug,新癀片
Drug,二维钙赖氨酸片
Drug,马来酸噻吗洛尔滴眼液
Drug,醋甲唑胺片
Drug,拉坦前列素滴眼液
Drug,石斛夜光丸
Drug,复明胶囊
Drug,酒石酸溴莫尼定滴眼液
Drug,珍视明滴眼液
Drug,盐酸卡替洛尔滴眼液
Drug,复方硫酸新霉素滴眼液
Drug,布林佐胺滴眼液
Drug,妥布霉素眼膏
Drug,吡诺克辛滴眼液
Drug,拨云散眼药
Drug,吡诺克辛钠滴眼液
Drug,麝珠明目滴眼液
Drug,十五味萝蒂明目丸
Drug,氨碘肽滴眼液
Drug,牛磺酸滴眼液
Drug,双氯芬酸钠滴眼液
Drug,苄达赖氨酸滴眼液
Drug,冰珍去翳滴眼液
Drug,消朦胶囊
Drug,明目蒺藜丸
Drug,制剂中间体
Drug,泼尼松龙片
Drug,卵磷脂络合碘胶囊
Drug,卵磷脂络合碘片
Drug,注射用普罗碘铵
Drug,卡波姆滴眼液
Drug,维生素A棕榈酸酯眼用凝胶
Drug,依诺沙星滴眼液
Drug,诺氟沙星滴眼液
Drug,盐酸环丙沙星滴眼液
Drug,盐酸左氧氟沙星滴眼液
Drug,退障眼膏
Drug,小牛血清去蛋白眼用凝胶
Drug,重组牛碱性成纤维细胞生长因子凝胶
Drug,氯霉素滴眼液
Drug,更昔洛韦滴眼液
Drug,阿昔洛韦滴眼液
Drug,利巴韦林滴眼液
Drug,更昔洛韦眼用凝胶
Drug,注射用A型肉毒毒素
Drug,普拉洛芬滴眼液
Drug,阿米卡星滴眼液
Drug,大七厘片
Drug,氯替泼诺混悬滴眼液
Drug,熊胆开明片
Drug,硫酸阿托品眼用凝胶
Drug,醋酸氢化可的松滴眼液
Drug,益视颗粒
Drug,益肝活血明目丸
Drug,复方决明片
Drug,冰珍清目滴眼液
Drug,眼氨肽滴眼液
Drug,消旋山莨菪碱滴眼液
Drug,增光胶囊
Drug,近视乐眼药水
Drug,夏天无滴眼液
Drug,色甘酸钠滴眼液
Drug,吡嘧司特钾滴眼液
Drug,萘敏维滴眼液
Drug,妥布霉素地塞米松眼膏
Drug,聚乙二醇滴眼液
Drug,复方氯化钠滴眼液
Drug,复方硫酸软骨素滴眼液
Drug,重组人表皮生长因子衍生物滴眼液
Drug,羟糖甘滴眼液
Drug,重组牛碱性成纤维细胞生长因子滴眼液
Drug,维生素A软胶囊
Drug,复方右旋糖酐70滴眼液
Drug,氯化钠滴眼液
Drug,右旋糖酐羟丙甲纤维素滴眼液
Drug,重组牛碱性成纤维细胞生长因子眼用凝胶
Drug,硫酸软骨素滴眼液
Drug,红霉素眼膏
Drug,维生素AE胶丸
Drug,盐酸仑氨西林片
Drug,丙酸交沙霉素颗粒
Drug,小牛血去蛋白提取物眼用凝胶
Drug,复方磺胺甲噁唑钠滴眼液
Drug,左氧氟沙星滴眼液
Drug,熊胆黄芩滴眼液
Drug,盐酸金霉素眼膏
Drug,磷霉素钙胶囊
Drug,硫酸卡那霉素滴眼液
Drug,七叶洋地黄双苷滴眼液
Drug,富马酸依美斯汀滴眼液
Drug,咪唑斯汀缓释片
Drug,盐酸曲普利啶胶囊
Drug,复方消旋山莨菪碱滴眼液
Drug,金叶滴眼剂
Drug,罗红霉素片
Drug,硫酸锌尿囊素滴眼液
Drug,酞丁安滴眼液
Drug,冻干
Drug,葛根素注射液
Drug,血栓通注射液
Drug,复方血栓通滴丸
Drug,复方血栓通片
Drug,丹红化瘀口服液
Drug,血塞通注射液
Drug,复方血栓通软胶囊
Drug,葛根素葡萄糖注射液
Drug,葛根素氯化钠注射液
Drug,注射用葛根素
Drug,注射用己酮可可碱
Drug,己酮可可碱氯化钠注射液
Drug,乙酰唑胺片
Drug,复方尿维氨滴眼液
Drug,盐酸林可霉素滴眼液
Drug,熊胆丸
Drug,泛昔洛韦片
Drug,阿昔洛韦分散片
Drug,阿昔洛韦乳膏
Drug,阿昔洛韦凝胶
Drug,酞丁安搽剂
Drug,阿昔洛韦缓释片
Drug,炉甘石洗剂
Drug,无极膏
Drug,黄蒲洁肤洗剂
Drug,除湿止痒洗液
Drug,七参连软膏
Drug,氟芬那酸丁酯软膏
Drug,乙氧苯柳胺软膏
Drug,除翳明目片
Drug,八宝拨云散
Drug,六锐胶囊
Drug,重组人表皮生长因子滴眼液
Drug,黄连羊肝丸
Drug,金牛眼药
Drug,拨云复光散
Drug,拨云眼膏
Drug,毛冬青注射液
Drug,氟康唑滴眼液
Drug,咳特灵胶囊
Drug,止咳片
Drug,橘红痰咳颗粒
Drug,羧甲司坦口服溶液
Drug,盐酸丙卡特罗片
Drug,二母宁嗽丸
Drug,沙丁胺醇气雾剂
Drug,鼻渊丸
Drug,维C银翘片
Drug,右美沙芬缓释混悬液
Drug,鼻窦炎口服液
Drug,吉他霉素片
Drug,清咽片
Drug,嘎日迪五味丸
Drug,盐酸环丙沙星滴耳液
Drug,盐酸洛美沙星滴耳液
Drug,氧氟沙星滴耳液
Drug,过氧化氢溶液
Drug,复方磺胺甲噁唑片
Drug,三七活血丸
Drug,复方磺胺甲噁唑口服混悬液
Drug,溶菌酶肠溶片
Drug,曲安奈德氯霉素溶液
Drug,板蓝根茶
Drug,牛磺酸颗粒
Drug,冰矾清毒生肌散
Drug,慢严舒柠
Drug,清喉利咽颗粒
Drug,复方青橄榄利咽含片
Drug,喉症丸
Drug,双花草珊瑚含片
Drug,丙酸氟替卡松鼻喷雾剂
Drug,克林霉素甲硝唑搽剂
Drug,化瘀祛斑胶囊
Drug,甲硝唑凝胶
Drug,当归苦参丸
Drug,维生素B6软膏
Drug,肾骨颗粒
Drug,晕可平糖浆
Drug,晕可平颗粒
Drug,盐酸倍他司汀口服液
Drug,甲磺酸倍他司汀片
Drug,天麻眩晕宁合剂
Drug,咽炎片
Drug,银黄口服液
Drug,银黄颗粒
Drug,藏青果颗粒
Drug,银黄胶囊
Drug,荆菊感冒片
Drug,黄氏响声含片
Drug,西地碘含片
Drug,众生片
Drug,地喹氯铵含片
Drug,百蕊片
Drug,藏青果喉片
Drug,金鸣片
Drug,金嗓散结丸
Drug,克林霉素磷酸酯注射液
Drug,糠酸莫米松乳膏
Drug,金嗓散结片
Drug,金嗓散结胶囊
Drug,甘桔冰梅片
Drug,玉簪清咽十五味散
Drug,金嗓散结颗粒
Drug,喉舒宁胶囊
Drug,沙利度胺片
Drug,十八味党参丸
Drug,葡萄糖酸氯己定软膏
Drug,复方薄荷脑软膏
Drug,紫花烧伤膏
Drug,伤科灵喷雾剂
Drug,龙珠软膏
Drug,万宝油
Drug,跌打万花油
Drug,湿润烧伤膏
Drug,烧烫伤膏
Drug,尿素软膏
Drug,维胺酯胶丸
Drug,穿心莲软胶囊
Drug,热炎宁合剂
Drug,蒲地蓝消炎胶囊
Drug,一清胶囊
Drug,核黄素磷酸钠注射液
Drug,注射用核黄素磷酸钠
Drug,四维他胶囊
Drug,维生素B2注射液
Drug,复方四环素泼尼松膜
Drug,肝素钠维E乳膏
Drug,三乙醇胺乳膏
Drug,门冬氨酸钙口服溶液
Drug,甲硝唑口颊片
Drug,甲硝唑口腔粘贴片
Drug,人工牛黄甲硝唑胶囊
Drug,复方蒲芩胶囊
Drug,朱砂莲胶囊
Drug,双料喉风散
Drug,化毒丹
Drug,西瓜霜润喉片
Drug,菊蓝抗流感片
Drug,咽炎清片
Drug,口炎清片
Drug,头孢呋辛酯颗粒
Drug,头孢呋辛酯片
Drug,复方盐酸阿替卡因注射液
Drug,氨基比林咖啡因片
Drug,丁细牙痛胶囊
Drug,速效牙痛宁酊
Drug,痤疮软膏
Drug,盐酸奥布卡因凝胶
Drug,复方牙痛宁搽剂
Drug,复方延胡索喷雾剂
Drug,糠甾醇片
Drug,金砂五淋丸
Drug,盐酸左氧氟沙星注射液
Drug,盐酸阿夫唑嗪缓释片
Drug,泽桂癃爽胶囊
Drug,仙乐雄胶囊
Drug,生精片
Drug,五子衍宗片
Drug,生精胶囊
Drug,龙鹿丸
Drug,黄精赞育胶囊
Drug,唐草片
Drug,盐酸缬更昔洛韦片
Drug,齐多拉米双夫定片
Drug,更昔洛韦胶囊
Drug,富马酸替诺福韦二吡呋酯片
Drug,肝加欣片
Drug,当飞利肝宁片
Drug,盐酸美他环素胶囊
Drug,芪斛楂颗粒
Drug,复方聚维酮碘搽剂
Drug,复方紫荆皮水杨酸溶液
Drug,乌洛托品溶液
Drug,五味安神颗粒
Drug,生脉饮
Drug,复方氢氧化铝片
Drug,格列齐特胶囊
Drug,格列齐特缓释片
Drug,参花消渴茶
Drug,参芪降糖颗粒
Drug,格列吡嗪控释片
Drug,格列吡嗪片
Drug,参芪降糖片
Drug,芪蛭降糖片
Drug,格列美脲片
Drug,酒石酸罗格列酮片
Drug,格列吡嗪分散片
Drug,格列吡嗪缓释片
Drug,二甲双胍格列本脲片(Ⅰ)
Drug,氢溴酸加兰他敏分散片
Drug,氟哌啶醇注射液
Drug,克拉霉素干混悬剂
Drug,复方片仔癀软膏
Drug,喷昔洛韦乳膏
Drug,青蒿琥酯阿莫地喹片
Drug,蒿甲醚注射液
Drug,复方磷酸萘酚喹片
Drug,青蒿琥酯片
Drug,磺胺甲噁唑片
Drug,磺胺嘧啶片
Drug,磷酸伯氨喹片
Drug,柴胡注射液
Drug,复方奎宁注射液
Drug,双氢青蒿素哌喹片
Drug,十三味红花丸
Drug,赛庚啶乳膏
Drug,克痒敏醑
Drug,白金丸
Drug,左乙拉西坦片
Drug,牛黄宁宫片
Drug,拉莫三嗪片
Drug,注射用醋酸兰瑞肽
Drug,防风通圣颗粒
Drug,内消瘰疬丸
Drug,猫爪草胶囊
Drug,内消瘰疬片
Drug,荣发胶囊
Drug,米诺地尔搽剂
Drug,滋补生发片
Drug,斑秃丸
Drug,固肾生发丸
Drug,养血生发胶囊
Drug,除脂生发片
Drug,生发丸
Drug,参归生发酊
Drug,胱氨酸片
Drug,复方甘草酸苷胶囊
Drug,尼可地尔片
Drug,曲克芦丁口服溶液
Drug,马栗种子提取物片
Drug,盐酸氨溴索片
Drug,细辛脑片
Drug,盐酸氨溴索糖浆
Drug,福多司坦片
Drug,福多司坦胶囊
Drug,盐酸丁氯喘片
Drug,福多司坦颗粒
Drug,奥美沙坦酯片
Drug,氯沙坦钾氢氯噻嗪片
Drug,复方利血平片
Drug,缬沙坦分散片
Drug,氯沙坦钾片
Drug,轻身减肥胶囊
Drug,盐酸多塞平片
Drug,盐酸丁螺环酮片
Drug,金黄抱龙丸
Drug,盐酸曲唑酮片
Drug,清开灵注射液
Drug,葡萄糖酸锑钠注射液
Drug,康肾颗粒
Drug,注射用复合辅酶
Drug,海昆肾喜胶囊
Drug,盐酸舍曲林胶囊
Drug,茴拉西坦胶囊
Drug,硒酵母片
Drug,氢溴酸加兰他敏片
Drug,维生素C咀嚼片
Drug,咪喹莫特乳膏
Drug,鬼臼毒素酊
Drug,维U颠茄铝分散片
Drug,金明和胃胶囊
Drug,复方田七胃痛胶囊
Drug,枸橼酸莫沙必利分散片
Drug,阿那日十四味散
Drug,金红片
Drug,左金丸
Drug,参梅养胃颗粒
Drug,颠茄磺苄啶片
Drug,越鞠保和丸
Drug,口腔炎喷雾剂
Drug,咽炎含片
Drug,双羊喉痹通颗粒
Drug,复方鱼腥草合剂
Drug,喉疾灵胶囊
Drug,抗狂犬病血清
Drug,地鼠肾细胞
Drug,人二倍体细胞
Drug,鸡胚细胞
Drug,狂犬病人免疫球蛋白
Drug,Vero细胞
Drug,人用狂犬病疫苗(鸡胚细胞)
Drug,人用狂犬病疫苗(Vero细胞)
Drug,当归龙荟片
Drug,熊胆粉
Drug,盐酸芦氟沙星胶囊
Drug,麒麟丸
Drug,仙鹿口服液
Drug,头孢泊肟酯干混悬剂
Drug,克拉霉素缓释片
Drug,连翘败毒片
Drug,二妙丸
Drug,注射用盐酸头孢吡肟
Drug,黄体酮阴道缓释凝胶
Drug,黄体酮栓
Drug,黄体酮注射液
Drug,盐酸赖氨酸氯化钠注射液
Drug,豨蛭络达胶囊
Drug,益脉康分散片
Drug,斑蝥素乳膏
Drug,参地益肾口服液
Drug,参茯胶囊
Drug,枣参安神胶囊
Drug,脑灵胶囊
Drug,参南星口服液
Drug,微达康颗粒
Drug,参归养血片
Drug,五加参颗粒
Drug,枣椹安神口服液
Drug,贞蓉丹合剂
Drug,参龟固本酒
Drug,白癜风丸
Drug,祛白酊
Drug,复方卡力孜然酊
Drug,苏孜阿甫片
Drug,复方驱虫斑鸠菊丸
Drug,桃红清血丸
Drug,消白软膏
Drug,外搽白灵酊
Drug,白癜风胶囊
Drug,盐酸氮芥酊
Drug,驱白巴布期片
Drug,桃红清血片
Drug,复方白芷酊
Drug,乌龙散
Drug,白蚀丸
Drug,复方醋酸地塞米松乳膏
Drug,5-氨基水杨酸肠溶片
Drug,注射用英夫利西单抗
Drug,美沙拉秦肠溶片
Drug,美沙拉秦缓释片
Drug,美沙拉秦栓剂
Drug,奥沙拉秦钠胶囊
Drug,散结灵胶囊
Drug,乙胺嘧啶片
Drug,注射用硫酸头孢匹罗
Drug,去氧氟尿苷片
Drug,酮康唑洗剂
Drug,林可霉素维B6乳膏
Drug,清热安宫丸
Drug,利培酮胶囊
Drug,氯氮平口腔崩解片
Drug,卡介菌多糖核酸注射液
Drug,羧甲淀粉钠溶液
Drug,复方菠萝蛋白酶肠溶片
Drug,硫酸沙丁胺醇雾化吸入溶液
Drug,阿莫西林克拉维酸钾干混悬剂
Drug,曲安奈德新霉素贴膏
Drug,丁苯羟酸乳膏
Drug,阿昔洛韦胶囊
Drug,青鹏膏剂
Drug,吉祥安坤丸
Drug,连蒲双清片
Drug,盐酸伐昔洛韦缓释片
Drug,泛昔洛韦分散片
Drug,盐酸伐昔洛韦胶囊
Drug,乳结泰胶囊
Drug,芪珍胶囊
Drug,康力欣胶囊
Drug,黄连上清丸
Drug,金栀洁龈含漱液
Drug,碘甘油
Drug,牙痛停滴丸
Drug,浓替硝唑含漱液
Drug,血塞通软胶囊
Drug,灯银脑通胶囊
Drug,血塞通片
Drug,脑脉泰胶囊
Drug,复方丹蛭片
Drug,厄贝沙坦分散片
Drug,复方甘菊利多卡因凝胶
Drug,银屑颗粒
Drug,银屑灵
Drug,复方地蒽酚软膏
Drug,冰黄肤乐软膏
Drug,软皂
Drug,卡泊三醇软膏
Drug,他卡西醇软膏
Drug,复方酮康唑乳膏
Drug,盐酸布替萘芬乳膏
Drug,复方酮康唑软膏
Drug,喉康散
Drug,复方片仔癀含片
Drug,复方熊胆薄荷含片
Drug,羚珠散
Drug,盐酸伐昔洛韦片
Drug,麝香抗栓胶囊
Drug,疏风再造丸
Drug,麝香抗栓丸
Drug,云芝胞内糖肽胶囊
Drug,注射用阿洛西林钠
Drug,石膏二十五味散
Drug,清肺十八味丸
Drug,复方甲苯咪唑片
Drug,对氨基水杨酸钙片
Drug,千里光片
Drug,白花蛇舌草注射液
Drug,盐酸硫必利注射液
Drug,注射用盐酸硫必利
Drug,盐酸硫必利氯化钠注射液
Drug,脾胃舒丸
Drug,温胃舒泡腾片
Drug,复方甘铋镁片
Drug,足光散
Drug,阿维A胶囊
Drug,云南红药胶囊
Drug,注射用血凝酶
Drug,重组人干扰素α2a栓
Drug,奋乃静注射液
Drug,盐酸阿米替林片
Drug,六神丸
Drug,六神胶囊
Drug,雌二醇屈螺酮片
Drug,解郁安神片
Drug,姜颗粒
Drug,盐酸伊达比星胶囊
Drug,伤湿祛痛膏
Drug,冠脉宁片
Drug,银杏蜜环口服溶液
Drug,六合维生素丸
Drug,九维片
Drug,口服五维葡萄糖
Drug,五维赖氨酸口服溶液
Drug,小儿五维赖氨酸糖浆
Drug,十味诃子丸
Drug,复方金钱草颗粒
Drug,枸橼酸氢钾钠颗粒
Drug,琥珀消石颗粒
Drug,叶金排石胶囊
Drug,氟胞嘧啶片
Drug,两性霉素B阴道泡腾片
Drug,氟康唑分散片
Drug,灭菌结晶磺胺
Drug,复方地西泮片
Drug,盐酸阿罗洛尔片
Drug,注射用酚磺乙胺
Drug,酚磺乙胺氯化钠注射液
Drug,香菊片
Drug,小金片
Drug,滴耳油
Drug,愈风宁心胶囊
Drug,龙胆泻肝口服液
Drug,通窍耳聋丸
Drug,左氧氟沙星氯化钠注射液
Drug,补肾益脑丸
Drug,参茸补肾片
Drug,海马补肾丸
Drug,八味益肾丸
Drug,酮康唑胶囊
Drug,枸橼酸莫沙必利胶囊
Drug,法莫替丁片
Drug,苏黄止咳胶囊
Drug,复方愈创木酚磺酸钾口服溶液
Drug,肾康宁片
Drug,六味地黄胶囊
Drug,洛伐他汀胶囊
Drug,洛伐他汀片
Drug,氟伐他汀钠胶囊
Drug,非诺贝特胶囊
Drug,舒心宁片
Drug,匹伐他汀钙片
Drug,依折麦布片
Drug,阿托伐他汀钙分散片
Drug,速效止泻胶囊
Drug,黄芩素铝胶囊
Drug,碘化油软胶囊
Drug,依卡倍特钠颗粒
Drug,氨茶碱缓释片
Drug,消银颗粒
Drug,复方人参间苯二酚搽剂
Drug,生尔发糖浆
Drug,益肾生发丸
Drug,醋酸泼尼松龙滴眼液
Drug,金刚片
Drug,加味青娥丸
Drug,癃清胶囊
Drug,黄莪胶囊
Drug,银参通络胶囊
Drug,益脑宁片
Drug,通脉养心丸
Drug,硝苯地平控释片
Drug,板蓝根滴眼液
Drug,盐酸吗啉胍滴眼液
Drug,醋酸可的松滴眼液
Drug,盐酸羟苄唑滴眼液
Drug,磺胺醋酰钠滴眼液
Drug,过氧苯甲酰凝胶
Drug,凉血解毒颗粒
Drug,姜黄消痤搽剂
Drug,夫西地酸乳膏
Drug,金花消痤丸
Drug,克林霉素磷酸酯凝胶
Drug,玫芦消痤膏
Drug,维胺酯维E乳膏
Drug,解毒凉血合剂
Drug,成膜型
Drug,复方吲哚美辛酊
Drug,己酮可可碱肠溶片
Drug,罗红霉素软胶囊
Drug,氧氟沙星栓
Drug,硝呋太尔制霉素阴道软胶囊
Drug,乳酸菌阴道胶囊
Drug,双唑泰阴道泡腾片
Drug,原百仙妇炎清栓
Drug,克林霉素磷酸酯阴道泡腾片
Drug,尿素乳膏
Drug,复方珍珠解毒口服液
Drug,金银花露
Drug,复方醋酸氯己定喷剂
Drug,维儿康洗液
Drug,小儿复方麝香草酚撒粉
Drug,烧伤肤康液
Drug,达沙替尼片
Drug,盐酸度洛西汀肠溶胶囊
Drug,脑乐静
Drug,健身全鹿丸
Drug,参茸强肾片
Drug,颐和春胶囊
Drug,脉络宁口服液
Drug,复方酮康唑发用洗剂
Drug,复方乳酸乳膏
Drug,鱼鳞病片
Drug,参归润燥搽剂
Drug,红花逍遥颗粒
Drug,润伊容胶囊
Drug,丝白祛斑软膏
Drug,景天祛斑胶囊
Drug,调经祛斑片
Drug,红花逍遥片
Drug,理气化瘀口服液
Drug,排毒养颜片
Drug,舒肝颗粒
Drug,景天祛斑片
Drug,祛斑调经胶囊
Drug,排毒养颜胶囊
Drug,调经祛斑胶囊
Drug,五维牛磺酸口服溶液
Drug,多酶片
Drug,大山楂丸
Drug,舒肝和胃丸
Drug,注射用氨苄西林钠
Drug,珊瑚癣净
Drug,调经养颜片
Drug,五妙水仙膏
Drug,水牛角浓缩粉
Drug,四圣散
Drug,花藤子颗粒
Drug,盐酸依匹斯汀胶囊
Drug,盐酸依匹斯汀片
Drug,富马酸依美斯汀缓释胶囊
Drug,复方水杨酸樟碘溶液Ⅰ
Drug,清凉止痒搽剂
Drug,盐酸奥洛他定片
Drug,乌蛇止痒丸
Drug,血美安胶囊
Drug,复方大红袍止血胶囊
Drug,克霉唑溶液
Drug,醋酸曲安奈德益康唑乳膏
Drug,复方克霉唑乳膏
Drug,4:1
Drug,2∶1
Drug,碳酸锂缓释片
Drug,盐酸氯丙嗪注射液
Drug,大花红景天口服液
Drug,盐酸环丙沙星凝胶
Drug,小败毒膏
Drug,复方硫黄乳膏
Drug,异维A酸胶丸
Drug,四环素软膏
Drug,复方珍珠暗疮胶囊
Drug,维生素E烟酸酯胶囊
Drug,硼酸软膏
Drug,冻疮消酊
Drug,硼酸氧化锌冰片软膏
Drug,小牛血去蛋白提取物注射液
Drug,外用重组人碱性成纤维细胞生长因子
Drug,康复新液
Drug,橡皮生肌膏
Drug,玄麦甘桔颗粒
Drug,复方硼砂含漱液
Drug,珍珠层粉
Drug,西吡氯铵含漱液
Drug,冬凌草片
Drug,日晒防治膏
Drug,盐酸左西替利嗪口服溶液
Drug,米诺地尔喷雾剂
Drug,醋酸环丙孕酮片
Drug,复方斯亚旦生发酊
Drug,六味防脱生发酊
Drug,舒心通脉胶囊
Drug,精制冠心片
Drug,银蜜片
Drug,复方丹参片
Drug,地奥心血康胶囊
Drug,果糖二磷酸钙片
Drug,复方银杏叶萃取物胶囊
Drug,肝苏软胶囊
Drug,盐酸奥洛他定胶囊
Drug,甲磺酸双氢麦角毒碱片
Drug,盐酸拓扑替康胶囊
Drug,注射用奈达铂
Drug,注射用盐酸多西环素
Drug,硫酸链霉素注射液
Drug,妇宁康胶囊
Drug,小儿复方磺胺甲噁唑片
Drug,小儿止泻灵颗粒
Drug,吡拉西坦注射液
Drug,益安回生口服液
Drug,参附脱毒胶囊
Drug,盐酸安非他酮缓释片
Drug,酒石酸伐尼克兰片
Drug,盐酸洛非西定片
Drug,尼古丁咀嚼胶
Drug,重酒石酸卡巴拉汀胶囊
Drug,盐酸美金刚片
Drug,注射用奥拉西坦
Drug,盐酸多奈哌齐胶囊
Drug,吡拉西坦颗粒
Drug,中风回春胶囊
Drug,盐酸多奈哌齐口腔崩解片
Drug,暖宫孕子丸
Drug,五氟利多片
Drug,嗣育保胎丸
Drug,烟酰胺注射液
Drug,酒石酸美托洛尔注射液
Drug,痛风舒片
Drug,天麻丸
Drug,酚氨咖敏颗粒
Drug,天麻片
Drug,理气舒心片
Drug,丙戊酸钠片
Drug,左乙拉西坦口服溶液
Drug,盐酸舍曲林分散片
Drug,牛黄抱龙丸
Drug,红芪口服液
Drug,长春胺缓释胶囊
Drug,甲苯磺酸妥舒沙星片
Drug,暖宫孕子片
Drug,乌鸡桂圆养血口服液
Drug,香茯益血口服液
Drug,卡马西平胶囊
Drug,盐酸阿普林定片
Drug,维生素AD软胶囊
Drug,复方银耳鱼肝油
Drug,维生素AD滴剂(胶囊型)
Drug,四季抗病毒胶囊
Drug,盐酸金刚烷胺颗粒
Drug,金归洗液
Drug,新霉素氟轻松乳膏
Drug,日舒安洗液
Drug,十八味欧曲丸
Drug,注射用阿魏酸钠
Drug,波生坦片
Drug,阿魏酸钠片
Drug,吸入用伊洛前列素溶液
Drug,阿魏酸钠注射液
Drug,小儿感冒宁合剂
Drug,小儿肺炎散
Drug,小儿消积止咳口服液
Drug,罗汉果止咳糖浆
Drug,舒筋通络颗粒
Drug,颈痛灵药酒
Drug,乳酶生片
Drug,小儿广朴止泻口服液
Drug,儿泻康贴膜
Drug,婴儿健脾口服液
Drug,小儿泻止散
Drug,复方丁香罗勒口服混悬液
Drug,吐泻肚痛胶囊
Drug,小儿泄泻停颗粒
Drug,儿宝颗粒
Drug,消旋卡多曲颗粒
Drug,小儿止泻片
Drug,芪枣健胃茶
Drug,健儿糖浆
Drug,宝宝乐
Drug,胰酶肠溶胶囊
Drug,小儿复方鸡内金散
Drug,温经活血片
Drug,八珍片
Drug,田七痛经胶囊
Drug,妇女痛经颗粒
Drug,调经止痛胶囊
Drug,促肝细胞生长素注射液
Drug,盐酸异丙肾上腺素注射液
Drug,钻山风糖浆
Drug,木瓜丸
Drug,依马打正红花油
Drug,追风舒经活血片
Drug,风湿痛药酒
Drug,麝香祛痛搽剂
Drug,追风药酒
Drug,盐酸胺碘酮胶囊
Drug,复方雪胆呋喃唑酮胶囊
Drug,胆汁槟榔维B1胶囊
Drug,注射用抑肽酶
Drug,顽癣净
Drug,疤痕止痒软化膏
Drug,疤痕止痒软化乳膏
Drug,除疤膏
Drug,复方肝素钠尿囊素凝胶
Drug,积雪苷胶囊
Drug,18注射液
Drug,TPF-FOS
Drug,肠内营养混悬液(TP-MCT)
Drug,法罗培南钠胶囊
Drug,小儿解感片
Drug,消食退热糖浆
Drug,小儿解表止咳口服液
Drug,普伐他汀钠片
Drug,盐酸苯乙双胍片
Drug,百癣夏塔热片
Drug,樟脑醑
Drug,萘普生分散片
Drug,盐酸普罗帕酮注射液
Drug,板蓝根注射液
Drug,人免疫球蛋白
Drug,板蓝根软胶囊
Drug,五粒回春丸
Drug,桔梗八味颗粒
Drug,小儿化毒胶囊
Drug,板蓝根滴丸
Drug,儿童回春丸
Drug,板蓝大青颗粒
Drug,重组人干扰素α2a注射液
Drug,甲磺酸伊马替尼片
Drug,阿奇霉素肠溶片
Drug,齿痛消炎灵颗粒
Drug,救急散
Drug,复方氨酚烷胺胶囊
Drug,利巴韦林泡腾颗粒
Drug,利巴韦林气雾剂
Drug,头孢氨苄颗粒
Drug,小儿咽扁颗粒
Drug,外伤如意膏
Drug,注射用硝卡芥
Drug,骨刺宁片
Drug,腰痹通胶囊
Drug,胃蛋白酶颗粒
Drug,元和正胃片
Drug,益肾养元颗粒
Drug,干酵母片
Drug,丹佛胃尔康颗粒
Drug,参芪健胃颗粒
Drug,维酶素片
Drug,猴头菌片
Drug,亮菌口服溶液
Drug,胃乐舒口服液
Drug,蛋氨酸重酒石酸胆碱片
Drug,注射用维生素B6
Drug,维生素B6注射液
Drug,吗替麦考酚酯分散片
Drug,西罗莫司片
Drug,仲景胃灵胶囊
Drug,温胃舒颗粒
Drug,苯噻啶片
Drug,天麻素注射液
Drug,热痱搽剂
Drug,伤湿止痛膏
Drug,麝香狗皮膏
Drug,注射用尿促卵泡激素
Drug,普卢利沙星片
Drug,丹参川芎嗪注射液
Drug,甜梦口服液
Drug,硝酸布康唑阴道乳膏
Drug,小儿感冒颗粒
Drug,氨咖黄敏胶囊
Drug,脑安滴丸
Drug,注射用伏立康唑
Drug,伏立康唑胶囊
Drug,伊曲康唑注射液
Drug,注射用醋酸卡泊芬净
Drug,草乌甲素片
Drug,云南白药创可贴
Drug,舒筋定痛片
Drug,妇炎康软胶囊
Drug,苯磺贝他斯汀片
Drug,智杞颗粒
Drug,苯甲酸雌二醇注射液
Drug,坤泰胶囊
Drug,复方川芎吲哚美辛胶囊
Drug,芎菊上清丸
Drug,牙痛一粒丸
Drug,抗菌消炎胶囊
Drug,樟脑水合氯醛酊
Drug,盐酸氨溴索口腔崩解片
Drug,聚维酮碘栓
Drug,双唑泰栓
Drug,银贝止咳颗粒
Drug,新雪颗粒
Drug,羚羊角口服液
Drug,瓜霜退热灵胶囊
Drug,安脑牛黄片
Drug,八宝惊风散
Drug,儿童清热口服液
Drug,小儿牛黄散
Drug,羟丙甲纤维素滴眼液
Drug,紫草婴儿软膏
Drug,硝酸咪康唑散
Drug,苯西卤铵乳膏
Drug,注射用特利加压素
Drug,他克莫司缓释胶囊
Drug,吗替麦考酚酯片
Drug,小儿健脾散
Drug,小儿腹泻散
Drug,小儿喜食片
Drug,乳酸菌素颗粒
Drug,健胃固肠散
Drug,倍他胡萝卜素咀嚼片
Drug,倍他胡萝卜素胶囊
Drug,天然胡萝卜素胶丸
Drug,倍他胡萝卜素胶丸
Drug,盐酸四环素醋酸可的松眼膏
Drug,特灵眼药
Drug,马应龙八宝眼膏
Drug,林旦乳膏
Drug,苯甲酸苄酯搽剂
Drug,苯甲酸苄酯凝胶
Drug,盐酸氟西汀分散片
Drug,门冬胰岛素注射液
Drug,甘露消渴胶囊
Drug,糖尿乐胶囊
Drug,右旋糖酐20葡萄糖注射液
Drug,磷酸川芎嗪氯化钠注射液
Drug,硝酸甘油软膏
Drug,血栓心脉宁胶囊
Drug,尼莫地平缓释胶囊
Drug,珍芪降糖胶囊
Drug,碘酸钾片
Drug,碘化油咀嚼片
Drug,碘酸钾颗粒
Drug,碘糖丸
Drug,肌注
Drug,清热醒脑灵丸
Drug,森林脑炎灭活疫苗
Drug,氯美扎酮片
Drug,参芪五味子糖浆
Drug,小儿双磺甲氧苄啶颗粒
Drug,参术儿康糖浆
Drug,盐酸特比萘芬乳膏
Drug,麝香活血化瘀膏
Drug,盐酸布比卡因注射液
Drug,愈裂贴膏
Drug,尿素维E乳膏
Drug,稀甘油
Drug,紫归治裂膏
Drug,注射用克林霉素磷酸酯
Drug,盐酸克林霉素氯化钠注射液
Drug,腋臭粉
Drug,癣灵药水
Drug,糠酸莫米松洗剂
Drug,复方硝酸溶液
Drug,阿伐斯汀胶囊
Drug,磷酸奥司他韦胶囊
Drug,磷酸奥司他韦颗粒
Drug,复方杜仲健骨颗粒
Drug,芬布芬片
Drug,布洛芬软胶囊
Drug,盐酸莫西沙星氯化钠注射液
Drug,注射用胰蛋白酶
Drug,复方甘草酸铵注射液
Drug,膦甲酸钠氯化钠注射液
Drug,盐酸左旋咪唑糖浆
Drug,化风丹
Drug,沉香十七味丸
Drug,盐酸维拉帕米注射液
Drug,盐酸特比萘芬阴道泡腾片
Drug,单糖浆
Drug,18AA-Ⅰ
Drug,口服葡萄糖
Drug,小儿复方氨基酸注射液(18AA-Ⅰ)
Drug,硫酸软骨素片
Drug,毛冬青胶囊
Drug,心通颗粒
Drug,红霉素肠溶微丸胶囊
Drug,氯化氨基汞软膏
Drug,心速宁胶囊
Drug,参三七伤药胶囊
Drug,注射用糜蛋白酶
Drug,十味活血丸
Drug,双参补肾助阳胶囊
Drug,舒肝益脾胶囊
Drug,维血康糖浆
Drug,维血康颗粒
Drug,右旋糖酐铁片
Drug,烟酰胺片
Drug,多维元素片(21)
Drug,无敌药酒
Drug,乙肝清热解毒胶囊
Drug,甲芪肝纤颗粒
Drug,肝必复胶囊
Drug,骨刺宁胶囊
Drug,颈痛胶囊
Drug,龙骨颈椎胶囊
Drug,芪葛口服液
Drug,颈痛颗粒
Drug,芪葛颗粒
Drug,注射用甲硝唑磷酸二钠
Drug,参皇乳膏
Drug,磷[32P]酸钠盐口服溶液
Drug,妇科调经颗粒
Drug,七制香附丸
Drug,坤宁颗粒
Drug,小儿智力糖浆
Drug,小儿葫芦散
Drug,小儿至宝丸
Drug,小儿健脾丸
Drug,龙鹿胶囊
Drug,醋酸曲普瑞林注射液
Drug,人纤维蛋白原
Drug,鞣柳硼三酸散
Drug,天草颗粒
Drug,盐酸可乐定滴丸
Drug,济泰片
Drug,福康片
Drug,盐酸苯氨咪唑啉片
Drug,灵益胶囊
Drug,盐酸纳曲酮片
Drug,扶正康颗粒
Drug,氟米龙滴眼液
Drug,复方倍他米松注射液
Drug,破伤风人免疫球蛋白
Drug,高锰酸钾外用片
Drug,小牛血去蛋白提取物滴眼液
Drug,灰黄霉素片
Drug,尼麦角林胶囊
Drug,天智颗粒
Drug,冠心康胶囊
Drug,复方苁蓉益智胶囊
Drug,脑蛋白水解物口服液
Drug,金花明目丸
Drug,还原型谷胱甘肽滴眼液
Drug,障眼明片
Drug,障翳散
Drug,美诺平颗粒
Drug,克痤隐酮乳膏
Drug,坤宝丸
Drug,龙凤宝胶囊
Drug,复方胚肝铁铵片
Drug,盐酸多奈哌齐分散片
Drug,胆石清片
Drug,补肾健骨胶囊
Drug,复方磺胺甲噁唑分散片
Drug,宫瘤清胶囊
Drug,低分子量肝素钠注射液
Drug,巴曲酶注射液
Drug,肝素钙注射液
Drug,注射用替卡西林钠-克拉维酸钾
Drug,溃疡胶囊
Drug,维U铝镁双层片
Drug,胃康灵胶囊
Drug,盐酸倍他洛尔滴眼液
Drug,贝美前列素滴眼液
Drug,葛根素滴眼液
Drug,盐酸地匹福林滴眼液
Drug,盐酸左布诺洛尔滴眼液
Drug,小儿抗痫胶囊
Drug,牛痘疫苗接种家兔炎症皮肤提取物注射液
Drug,珍宝解毒胶囊
Drug,注射用六氟化硫微泡
Drug,维生素E、C颗粒
Drug,丹鹿通督片
Drug,血塞通颗粒
Drug,复方灵芝颗粒
Drug,茵莲清肝合剂
Drug,加替沙星滴眼液
Drug,乳酸左氧氟沙星滴眼液
Drug,肾康注射液
Drug,降糖舒胶囊
Drug,咪唑立宾片
Drug,麦考酚钠肠溶片
Drug,复方感冒灵颗粒
Drug,补肺活血胶囊
Drug,丹红注射液
Drug,祛痰止咳颗粒
Drug,复方丹参含片
Drug,如意定喘片
Drug,补金片
Drug,十一味甘露胶囊
Drug,聚磺苯乙烯钠散
Drug,地仲强骨胶囊
Drug,降糖胶囊
Drug,门冬胰岛素30注射液
Drug,盐酸异可利定片
Drug,马来酸氟吡汀胶囊
Drug,枸橼酸莫沙必利片
Drug,泮托拉唑钠肠溶片
Drug,冰硼咽喉散
Drug,西帕依固龈液
Drug,甲磺酸伊马替尼胶囊
Drug,虚寒胃痛颗粒
Drug,保和颗粒
Drug,酒石酸托特罗定胶囊
Drug,注射用缩宫素
Drug,米索前列醇片
Drug,复方大红袍止血片
Drug,米非司酮片
Drug,米非司酮胶囊
Drug,卡前列素氨丁三醇注射液
Drug,伊血安颗粒
Drug,复方米非司酮片
Drug,125Ser
Drug,注射用门冬酰胺酶
Drug,参松养心胶囊
Drug,心律宁片
Drug,盐酸莫雷西嗪片
Drug,硝酸毛果芸香碱滴眼液
Drug,拉坦噻吗滴眼液
Drug,曲伏前列素滴眼液
Drug,益心丸
Drug,硝酸奥昔康唑乳膏
Drug,盐酸金刚乙胺口服溶液
Drug,重组人白介素-2注射液
Drug,塞替派注射液
Drug,聚甲酚磺醛凝胶
Drug,头孢特仑新戊酯胶囊
Drug,玄七通痹胶囊
Drug,硫酸庆大霉素颗粒
Drug,缩宫素鼻喷雾剂
Drug,神农镇痛膏
Drug,腰腿痛丸
Drug,产后康膏
Drug,妇康丸
Drug,曲克芦丁氯化钠注射液
Drug,莱葛颗粒
Drug,肺力咳胶囊
Drug,咳特灵片
Drug,阿奇霉素软胶囊
Drug,复方紫龙片
Drug,十味龙胆花颗粒
Drug,养肝胶囊
Drug,齐多夫定胶囊
Drug,消风止痒颗粒
Drug,盐酸赛庚啶片
Drug,汉防己甲素注射液
Drug,拉米夫定片
Drug,齐墩果酸胶囊
Drug,恩替卡韦片
Drug,注射用替卡西林钠克拉维酸钾
Drug,五维B颗粒
Drug,格列吡嗪胶囊
Drug,活力源片
Drug,肛安栓
Drug,消痔灵注射液
Drug,化痔片
Drug,化痔胶囊
Drug,达那唑软胶囊
Drug,囊虫丸
Drug,甘油醇溶液
Drug,红花逍遥胶囊
Drug,舒肝丸
Drug,复方枸橼酸铁铵糖浆
Drug,前列地尔注射液
Drug,华蟾素口服液
Drug,肝维康片
Drug,肝毒净颗粒
Drug,双环醇片
Drug,替比夫定片
Drug,谷丙甘氨酸胶囊
Drug,前列舒乐软胶囊
Drug,前列通栓
Drug,前列倍喜胶囊
Drug,前列泰片
Drug,止血宁片
Drug,卤米松乳膏
Drug,倍他米松乳膏
Drug,卤米松/三氯生乳膏
Drug,丙酸倍氯米松乳膏
Drug,克霉唑倍他米松乳膏
Drug,尼莫地平软胶囊
Drug,甲磺酸阿米三嗪萝巴新片
Drug,开塞露
Drug,安那度尔注射液
Drug,胸腺肽肠溶胶囊
Drug,洛芬待因片
Drug,酮洛芬肠溶胶囊
Drug,氟比洛芬酯注射液
Drug,科洛曲片
Drug,氨酚羟考酮片
Drug,洛芬待因缓释片
Drug,九味熄风颗粒
Drug,可乐定透皮贴片
Drug,菖麻熄风片
Drug,牛黄清热胶囊
Drug,金蝉止痒颗粒
Drug,银翘解毒颗粒
Drug,感冒清热颗粒
Drug,小儿清解颗粒
Drug,小儿豉翘清热颗粒
Drug,复方氨酚烷胺片
Drug,小儿肺热咳喘颗粒
Drug,小儿氨酚黄那敏颗粒
Drug,清热解毒颗粒
Drug,芪麝丸
Drug,秋水仙碱片
Drug,氯诺昔康片
Drug,高乌甲素贴片
Drug,甲芬那酸胶囊
Drug,辅酶Q10软胶囊
Drug,复方曲马多片
Drug,食母生片
Drug,黄体酮胶丸
Drug,产妇安胶囊
Drug,心脉安片
Drug,注射用氯化钾
Drug,脑乐静口服液
Drug,安康颗粒
Drug,半水合雌二醇贴片
Drug,宁神丸
Drug,睡安胶囊
Drug,异氟烷
Drug,羚羊角滴丸
Drug,注射用硫酸镁
Drug,羚羊角散
Drug,金药膏
Drug,白蚁巢胶囊
Drug,疏风活络片
Drug,强筋健骨胶囊
Drug,骨增消片
Drug,羟苯磺酸钙片
Drug,银杏叶提取物滴剂
Drug,止渴养阴胶囊
Drug,银杏叶提取物注射液
Drug,递法明片
Drug,九制大黄丸
Drug,腹可安片
Drug,消炎止痢灵片
Drug,止泻颗粒
Drug,枫蓼肠胃康颗粒
Drug,妇炎净片
Drug,金鸡颗粒
Drug,盆炎清栓
Drug,甲硝唑呋喃唑酮栓
Drug,康妇消炎栓
Drug,丹桃合剂
Food,南瓜子仁
Food,圆白菜
Food,樱桃番茄
Food,小白菜
Food,螃蟹
Food,海蟹
Food,海虾
Food,海螺
Food,鸡蛋
Food,大豆
Food,猪肉(瘦)
Food,海参（水浸）
Food,辣椒(青、尖)
Food,海蚌
Food,赤贝
Food,猪肉(肥瘦)
Food,莲子
Food,生菜
Food,山药
Food,空心菜
Food,啤酒
Food,白酒
Food,洋葱
Food,辣椒(红、尖、干)
Food,栗子（熟）
Food,鲫鱼
Food,油菜
Food,韭菜
Food,南瓜
Food,苦瓜
Food,茄子
Food,茭白
Food,番茄
Food,竹笋
Food,狗肉
Food,鲤鱼
Food,油麦菜
Food,豆浆
Food,大蒜
Food,鸡蛋清
Food,鸡
Food,杏仁
Food,核桃
Food,奶油
Food,鲈鱼
Food,鲢鱼
Food,咖啡
Food,鹿肉
Food,鸡肝
Food,松子仁
Food,带鱼
Food,羊肉(瘦)
Food,鱼腥草
Food,香菜
Food,海参
Food,蜂蜜
Food,芝麻
Food,鸭肉
Food,鸡心
Food,腰果
Food,腐竹
Food,白扁豆
Food,猪油（板油）
Food,油豆腐
Food,花生
Food,羊肉(后腿)
Food,鸡肉
Food,甜杏仁
Food,鹌鹑蛋
Food,咸鱼
Food,油条
Food,桃仁
Food,田螺
Food,河蚌
Food,葵花子仁
Food,沙丁鱼
Food,猪小排（猪肋排）
Food,蟹黄
Food,猪里脊肉
Food,咸鸭蛋
Food,烤鸭
Food,鸡蛋黄
Food,麦芽糖
Food,赤砂糖
Food,白砂糖
Food,燕窝
Food,猪大肠
Food,鸭
Food,白果（干）
Food,猪蹄
Food,黄酒
Food,鸭肝
Food,鲮鱼罐头
Food,松子（炒）
Food,鸡腿
Food,栗子（鲜）
Food,干腌菜
Food,油皮
Food,淡菜(鲜)
Food,银鱼
Food,墨鱼
Food,草鱼
Food,虾皮
Food,冰糖
Food,羊油
Food,鹅肝
Food,泥鳅
Food,猪肚
Food,鸭血(白鸭)
Food,鹅蛋
Food,花生仁（炸）
Food,黑豆
Food,鸡翅
Food,绿豆
Food,红葡萄酒
Food,松花蛋（鸭蛋）
Food,江米酒
Food,鹅肉
Food,赤小豆
Food,白果（鲜）
Food,鸽蛋
Food,小龙虾
Food,鳕鱼
Food,腊肉（烟肉）
Food,青豆
Food,豆腐
Food,鳜鱼
Food,猪心
Food,蛏子
Food,咸肉
Food,腊肉(生)
Food,罗非鱼
Food,银鱼干
Food,鸡内金
Food,鸭掌
Food,羊肝
Food,火腿
Food,兔肉
Food,木耳菜
Food,乌骨鸡
Food,泡打粉
Food,鲶鱼
Food,西瓜子仁
Food,豆腐干
Food,茼蒿
Food,武昌鱼
Food,鸭蛋
Food,虾米
Food,猪肉(肥)
Food,猪脑
Food,花生仁（生）
Food,三文鱼
Food,黄豆粉
Food,田鸡
Food,孢子甘蓝
Food,甲鱼
Food,黑芝麻
Food,燕麦片
Food,鱼肉
Food,鸡爪
Food,猪头肉
Food,龙虾
Food,荸荠粉
Food,河虾
Food,乌龟
Food,公鸡
Food,猪肺
Food,鸭翅
Food,红豆沙
Food,母鸡
Food,绿豆沙
Food,糖桂花
Food,鸭骨
Food,猪网油
Food,鱿鱼(鲜)
Food,香肠
Food,鸭肫
Food,蟹肉
Food,海蜇皮
Food,鸽肉
Food,荠菜根
Food,芡实米
Food,螺丝菜
Food,鸡血
Food,芡实米（鲜）
Food,虾仁
Food,面肥
Food,鸡肠
Food,薇菜
Food,鹌鹑肉
Food,淡菜（干）
Food,蚝豉
Food,泥胡菜
Food,蛤蜊
Food,鳝鱼
Food,葱白
Food,鲟鱼
Food,苜蓿
Food,花椒
Food,姜
Food,蒜苔
Food,蒜黄
Food,青蒜
Food,红花
Food,莴笋
Food,小葱
Food,青葱
Food,肥膘肉
Food,胡萝卜
Food,白菜
Food,火腿肠
Food,小米面
Food,香米
Food,牛奶
Food,大葱
Food,苹果脯
Food,西兰花
Food,豇豆
Food,猪肉皮
Food,苏打粉
Food,绿豆面
Food,章鱼
Food,干贝
Food,香椿
Food,红辣椒
Food,鹅
Food,猪腰子
Food,火鸡肝
Food,羊骨
Food,芥菜
Food,鱼皮
Food,牡蛎(鲜)
Food,芝麻叶
Food,麻雀
Food,墨鱼(干)
Food,猫肉
Food,羊肉(肥瘦)
Food,猪肝
Food,鲜贝
Food,扇贝(鲜)
Food,海蜇头
Food,冬瓜
Food,花生（炒）
Food,鸭心
Food,豆腐脑
Food,西瓜
Food,鲍鱼
Food,葵花子（生）
Food,鲐鱼
Food,猪排骨(大排)
Food,牛肉（瘦）
Food,豌豆
Food,雏鸽
Food,罗汉果
Food,杨桃
Food,无花果
Food,小米
Food,梨
Food,葡萄
Food,酸奶
Food,苹果
Food,菠菜
Food,黄豆芽
Food,绿豆芽
Food,羊血
Food,木耳(水发)
Food,枣（干）
Food,木耳(干)
Food,茴香
Food,小麦面粉
Food,韭黄
Food,猕猴桃
Food,西葫芦
Food,大白菜(青口)
Food,冰淇淋
Food,玉米面（黄）
Food,糯米(紫)
Food,芋头
Food,毛豆
Food,大黄鱼
Food,海鳗
Food,黄瓜
Food,萝卜
Food,芒果
Food,春笋
Food,芹菜
Food,菜花
Food,薏米
Food,鸭梨
Food,咖喱
Food,油菜心
Food,黑米
Food,猪脾
Food,桂圆
Food,茶叶
Food,羊肚
Food,芹菜叶
Food,芸豆
Food,莲藕
Food,杏鲍菇
Food,冻豆腐
Food,海狗
Food,红萝卜
Food,面条(干切面)
Food,馒头
Food,牛肉(肥瘦)
Food,泡椒
Food,海带(鲜)
Food,银耳(干)
Food,丝瓜
Food,百合
Food,白萝卜
Food,苋菜(紫)
Food,柿子
Food,海白菜
Food,对虾
Food,野葱
Food,桂皮
Food,枣（鲜）
Food,大白菜(小白口)
Food,大白菜(白梗)
Food,猪小肠
Food,菠萝
Food,桑葚（紫、红）
Food,玉米（鲜）
Food,木瓜
Food,香菇（鲜）
Food,芥菜(小叶)
Food,菜瓜
Food,茯苓
Food,豌豆苗
Food,香菇（干）
Food,黑鱼
Food,猪肋条肉（五花肉）
Food,蘑菇（干）
Food,鸡骨架
Food,腌芥菜头
Food,西米
Food,鸡肫
Food,草虾
Food,韭菜花
Food,花生仁（炒）
Food,山楂
Food,羊肥肠(大肠)
Food,香蕉
Food,鸭胰
Food,油菜薹
Food,年糕
Food,子姜
Food,猪血
Food,狗肝菜
Food,腌雪里蕻
Food,粳米
Food,甜菜根
Food,腌韭菜花
Food,荠菜
Food,羊奶
Food,奶酪
Food,石榴
Food,橘饼
Food,酸白菜
Food,小黄鱼
Food,青椒
Food,四季豆
Food,驴肉
Food,泥蚶
Symptom,紫绀
Symptom,胸痛
Symptom,呼吸困难
Symptom,乏力
Symptom,毓卓
Symptom,吸气时有蝉鸣音
Symptom,痉挛性咳嗽
Symptom,胸闷
Symptom,肺阴虚
Symptom,抽搐
Symptom,低热
Symptom,闫鹏辉
Symptom,惊厥
Symptom,恶心
Symptom,感觉障碍
Symptom,耸肩喘息
Symptom,哮鸣音
Symptom,纤毛上皮细胞损伤脱落
Symptom,变应性咳嗽
Symptom,化学性支气管炎
Symptom,喘息
Symptom,冬春季的慢性咳...
Symptom,咳嗽伴哮鸣音
Symptom,心源性呼吸窘迫
Symptom,面色青紫
Symptom,口唇青紫
Symptom,肺纹理增粗
Symptom,出生后即有持续青紫
Symptom,口唇和甲床略带青紫
Symptom,气急
Symptom,嗜酸性粒细胞增多
Symptom,咽部异物感
Symptom,胸闷憋气
Symptom,咯血伴发热
Symptom,湿啰音
Symptom,发烧
Symptom,咳铁锈色痰
Symptom,急性面容
Symptom,呼吸音减弱
Symptom,紧张性头晕
Symptom,紧张性头痛
Symptom,间歇性头晕
Symptom,鼻塞
Symptom,头晕
Symptom,眼睛痒
Symptom,目赤
Symptom,间歇性头痛
Symptom,昏迷
Symptom,腱反射消失
Symptom,呕吐
Symptom,谵妄
Symptom,多发性神经炎
Symptom,浅感觉减退或缺失
Symptom,盗汗
Symptom,腹泻
Symptom,发热伴咳嗽、咯...
Symptom,肺部出血
Symptom,咯血
Symptom,气短
Symptom,蛋白尿
Symptom,骨膜炎
Symptom,体重减轻
Symptom,肺泡炎症
Symptom,肺泡灌洗液可见...
Symptom,咳出棕色痰栓
Symptom,闫铁
Symptom,肺纤维化
Symptom,痰呈粘液脓性
Symptom,肺部啰音
Symptom,痰中带血丝
Symptom,咳嗽伴胸痛
Symptom,纵隔浊音界扩大
Symptom,桶状胸
Symptom,小支气管粘膜水肿
Symptom,黏稠或脓性痰伴...
Symptom,横膈低平
Symptom,呼气音延长
Symptom,畏寒
Symptom,肺内圆形实质性...
Symptom,肺部疼痛
Symptom,脓痰
Symptom,要利琴
Symptom,咳嗽伴杵状指
Symptom,肺内空洞
Symptom,右心衰竭
Symptom,低血糖性低温症
Symptom,心律失常
Symptom,发绀
Symptom,大咯血
Symptom,恶性胸水
Symptom,心肺栓塞
Symptom,呼气时两颊鼓起和缩唇
Symptom,咳泡沫黏液痰
Symptom,咳痰
Symptom,咳嗽
Symptom,持续性发热
Symptom,发热伴寒战
Symptom,心血管堵塞
Symptom,肺通气一血流比例失调
Symptom,肺功能失常
Symptom,肺门阴影增多
Symptom,混合型酸碱平衡紊乱
Symptom,咳嗽伴呼吸困难
Symptom,端坐呼吸
Symptom,吐血痰
Symptom,驻站医
Symptom,隐球菌囊膜多糖堆积
Symptom,咳嗽伴体重减轻
Symptom,咯血伴胸痛
Symptom,肺部小结节
Symptom,种植播散
Symptom,胸腔疼痛
Symptom,指、趾甲显现苍...
Symptom,消化不良
Symptom,头痛
Symptom,浑身忽冷忽热
Symptom,咽痛
Symptom,咽喉干燥及灼热感
Symptom,流鼻涕
Symptom,情绪性感冒
Symptom,低温性昏迷
Symptom,感染诱发昏迷
Symptom,脉搏细弱甚至不...
Symptom,面色苍白
Symptom,尿偏碱
Symptom,甲皱毛细血管袢数减少
Symptom,烦躁不安
Symptom,肢端湿冷
Symptom,低血压
Symptom,口唇苍白
Symptom,晕厥
Symptom,意识模糊
Symptom,风团
Symptom,意识障碍
Symptom,心慌
Symptom,血尿
Symptom,肾衰竭
Symptom,无尿
Symptom,少尿
Symptom,无力
Symptom,食欲减退
Symptom,汞毒性震颤
Symptom,眼晶体前房棕色光反射
Symptom,腹痛
Symptom,齿龈肿胀
Symptom,头昏
Symptom,酩酊感
Symptom,脸红
Symptom,呼吸道狭窄
Symptom,声音嘶哑
Symptom,吞咽困难
Symptom,指甲特大有纵纹...
Symptom,甲状软骨下可触...
Symptom,呛咳
Symptom,疲劳
Symptom,呼吸衰竭
Symptom,蜂窝肺
Symptom,捻发音
Symptom,上肺纤维化明显
Symptom,心脏功能突然失代偿
Symptom,扑翼样震颤
Symptom,鼻翼扇动
Symptom,丘疹
Symptom,瘙痒
Symptom,肌肉酸痛
Symptom,心脏停搏
Symptom,无名指指甲凹陷
Symptom,心率增快
Symptom,呼吸性碱中毒
Symptom,气体弥散障碍
Symptom,烂桃样血痰
Symptom,痰黏稠或脓性可...
Symptom,痰呈白色黏稠胶冻状
Symptom,休克
Symptom,肌痛
Symptom,神志不清
Symptom,低氧血症
Symptom,肺纹理增多
Symptom,抬肩以助呼吸
Symptom,口唇发绀
Symptom,二氧化碳潴留
Symptom,血沉增快
Symptom,眩晕
Symptom,肋间隙变窄
Symptom,胸腔积液
Symptom,心脏压塞征象
Symptom,脓胸
Symptom,毒血症
Symptom,脓肿
Symptom,血压下降
Symptom,耳鸣
Symptom,尿意窘迫
Symptom,气胸
Symptom,消瘦
Symptom,淋巴结肿大
Symptom,咯血伴黄疸
Symptom,咯血伴呛咳
Symptom,窒息
Symptom,咯血伴有皮肤粘膜出血
Symptom,啰音
Symptom,结膜充血
Symptom,咽喉部干燥刺痒
Symptom,发热伴有腹痛、...
Symptom,痰多
Symptom,咳嗽痰多
Symptom,老人剧烈咳嗽
Symptom,铁锈色痰
Symptom,扁桃体充血
Symptom,咳声嘶哑
Symptom,打喷嚏
Symptom,肺栓塞
Symptom,免疫缺陷
Symptom,结节
Symptom,疱疹
Symptom,肉芽肿
Symptom,肾损害
Symptom,拥抱反射消失
Symptom,嗜睡
Symptom,呼吸不规则
Symptom,新生儿反应低下
Symptom,四肢肌张力增强
Symptom,吸吮反射消失
Symptom,肢体震颤
Symptom,反应迟钝
Symptom,睁眼昏迷
Symptom,液气胸
Symptom,肺泡破裂
Symptom,胸膜增厚
Symptom,胸痛伴呼吸困难
Symptom,胸膜休克
Symptom,胸膜粘连
Symptom,慢性咳嗽
Symptom,中性粒细胞增高
Symptom,一过性的流感样症状
Symptom,夜间盗汗
Symptom,血丝痰
Symptom,喂食困难
Symptom,食管瘘
Symptom,新生儿喉喘鸣
Symptom,三凹征
Symptom,呼吸音低
Symptom,气喘
Symptom,心脏毒性作用
Symptom,木僵
Symptom,神志模糊
Symptom,肺部可闻及干湿...
Symptom,手术创伤
Symptom,术后发热
Symptom,打呼噜
Symptom,睡眠节律紊乱
Symptom,睡眠呼吸暂停
Symptom,睡眠猝死
Symptom,一侧胸廓塌陷
Symptom,食欲不振
Symptom,心力衰竭
Symptom,肺源性呼吸困难
Symptom,含铁血黄素沉着症
Symptom,内出血
Symptom,肺间质纤维化
Symptom,心动过速
Symptom,结核中毒
Symptom,淋巴结结核
Symptom,鼻部结核
Symptom,新生儿青紫
Symptom,口鼻周围发绀
Symptom,急性呼吸困难
Symptom,新生儿发绀
Symptom,唇部发绀
Symptom,中度吸入性损伤
Symptom,粘膜充血
Symptom,官爵银
Symptom,呼吸道阻塞
Symptom,气管隆突以上的损伤
Symptom,喉头水肿
Symptom,猩红热样皮疹
Symptom,疖肿
Symptom,细菌感染
Symptom,小儿鼻塞
Symptom,小儿发烧后身上起红点
Symptom,发炎
Symptom,心音低钝
Symptom,犬吠样咳嗽
Symptom,咽喉部充血
Symptom,出生后“四凹征”
Symptom,呼吸抑制
Symptom,新生儿抽搐
Symptom,呼吸浅慢
Symptom,新生儿心力衰竭
Symptom,心包炎
Symptom,厌食
Symptom,心悸
Symptom,扁桃体发炎
Symptom,两肺弥漫或散在...
Symptom,肺过度充气
Symptom,气管阻塞
Symptom,衣玉品
Symptom,痰饮
Symptom,气道高反应性
Symptom,说话时字词不能连续
Symptom,痰鸣音
Symptom,中枢性呼吸暂停
Symptom,败血症
Symptom,猝死
Symptom,呼吸减慢而不规则
Symptom,心率过缓
Symptom,腹痛伴休克
Symptom,脉搏细速
Symptom,看不到脚尖步行困难
Symptom,逆行性细菌感染
Symptom,代谢性酸中毒
Symptom,弛张热
Symptom,柠檬色痰
Symptom,骨质破坏
Symptom,继发感染
Symptom,恶心与呕吐
Symptom,体温过低
Symptom,瞳孔异常
Symptom,口及咽部烧灼感
Symptom,口鼻血性分泌物
Symptom,胎粪污染
Symptom,呼吸急促
Symptom,疲乏
Symptom,过度通气
Symptom,脑缺氧
Symptom,斑丘疹
Symptom,月经推迟
Symptom,湿罗音
Symptom,两下肺纹理增粗
Symptom,小血管纤维性坏死
Symptom,复视
Symptom,心悸伴消瘦、腹泻
Symptom,心跳过速
Symptom,心脏左室舒张功能减退
Symptom,心排血量增多
Symptom,心尖搏动弥散
Symptom,失眠
Symptom,胸痛伴胸闷、心悸
Symptom,心悸伴乏力、面色苍白
Symptom,运动或情绪激动...
Symptom,记忆力障碍
Symptom,心动过缓
Symptom,特征性趾端大片状脱皮
Symptom,上肢水肿
Symptom,口唇潮红
Symptom,指甲可见横沟纺
Symptom,脉搏加速
Symptom,口唇皲裂
Symptom,踝部及足背水肿
Symptom,心肌缺血
Symptom,心包内出血
Symptom,心包破损伤
Symptom,心脏僵硬
Symptom,奇脉
Symptom,黑蒙
Symptom,收缩期杂音
Symptom,杵状指（趾）
Symptom,兰瑞
Symptom,下肢负重障碍
Symptom,下肢发凉
Symptom,下肢浅静脉曲张
Symptom,下肢肿胀和乏力
Symptom,脉压增宽
Symptom,血压高
Symptom,动脉粥样硬化
Symptom,脑缺血
Symptom,下肢或周身软瘫
Symptom,脑干梗塞
Symptom,心脏排血受阻
Symptom,股动脉枪击音
Symptom,心血管造影见双球征
Symptom,升主动脉根部环状缩窄
Symptom,一过性意识蒙眬
Symptom,血流动力学障碍
Symptom,致死性上呼吸道出血
Symptom,动脉血氧饱和度降低
Symptom,主动脉环扩张
Symptom,“E”字征
Symptom,三叉神经分布区麻木感
Symptom,静脉曲张
Symptom,下肢血压偏低
Symptom,下肢水肿
Symptom,肝脏肿大
Symptom,瓣膜增厚
Symptom,心脏结构异常
Symptom,二尖瓣返流
Symptom,第一心音亢进
Symptom,心脏震颤
Symptom,卵圆孔闭合不全
Symptom,心包积液
Symptom,心尖部第1心音亢进
Symptom,叹气后舒服
Symptom,心绞痛
Symptom,粉红色泡沫痰
Symptom,腱索断裂
Symptom,紧张
Symptom,不典型胸痛
Symptom,二尖瓣脱垂
Symptom,第三心音奔马律
Symptom,传导阻滞
Symptom,精神障碍
Symptom,昏睡
Symptom,心瓣膜穿孔
Symptom,起搏频率增高
Symptom,心肌灰白而松弛
Symptom,内脏梗阻
Symptom,震颤
Symptom,心房内形成混合血
Symptom,室间隔缺损
Symptom,动脉导管未闭
Symptom,心脏增大
Symptom,大动脉错位
Symptom,感染性赘生物
Symptom,紫绀和血缺氧
Symptom,心源性呼吸困难
Symptom,收缩期震颤
Symptom,不明原因发热
Symptom,颈静脉怒张
Symptom,心窝部隐痛
Symptom,频发房性早搏
Symptom,代脉
Symptom,一过性昏厥
Symptom,动作样壁
Symptom,视力障碍
Symptom,颈部搏动
Symptom,头痛并呕吐
Symptom,视乳头水肿
Symptom,基底节出血
Symptom,心悸伴高血压
Symptom,重压感、紧箍感...
Symptom,神经性呕吐
Symptom,眼花
Symptom,头晕目眩
Symptom,心脏主动脉瓣返流
Symptom,心脏杂音
Symptom,侧支循环发育不充
Symptom,肝肿大
Symptom,生长缓慢
Symptom,心脏扩大
Symptom,慢性房颤
Symptom,三尖瓣下移
Symptom,下腹胀痛
Symptom,肢体局部的皮肤...
Symptom,肌性肌无力
Symptom,眼压升高
Symptom,上睑下垂
Symptom,眼球内陷
Symptom,眼外转移
Symptom,心肌坏死广泛
Symptom,心肌细胞的浊肿
Symptom,手术时伤口不再出血
Symptom,心房对心室收缩...
Symptom,肌红蛋白偏高
Symptom,酒精性心肌
Symptom,共济失调
Symptom,去首高血压
Symptom,冠状动脉痉挛
Symptom,中心静脉压偏高
Symptom,心源性晕厥
Symptom,心力贮备减少
Symptom,寒战
Symptom,衰弱
Symptom,心包膜发炎
Symptom,心包纤维增厚
Symptom,收缩期和舒张期杂音
Symptom,肩部牵涉痛
Symptom,四肢抽搐
Symptom,呼吸暂停样现象
Symptom,甲状腺肿大
Symptom,甲状腺过氧化物...
Symptom,突眼症
Symptom,碘甲亢
Symptom,新陈代谢旺盛
Symptom,甲状腺肿
Symptom,甲状腺激素偏高
Symptom,特别容易饿
Symptom,交替脉
Symptom,腹部不适
Symptom,潮式呼吸
Symptom,右心功能不全
Symptom,面色灰暗
Symptom,上腹不适
Symptom,帅海林
Symptom,指甲床发绀
Symptom,手皮肤发紫
Symptom,手背部皮肤发红肿胀
Symptom,指甲呈现青紫色
Symptom,手指发绀或坏死
Symptom,睡后手指出现麻...
Symptom,心肌顿抑
Symptom,心肌梗死
Symptom,心肌营养障碍
Symptom,小腿下部色素沉...
Symptom,局部静脉压痛
Symptom,血管搏动或波形的改变
Symptom,肢体忽冷忽热，...
Symptom,主动脉和肺动脉影偏小
Symptom,三尖瓣狭窄
Symptom,触诊无肺动脉关闭感
Symptom,肺动脉狭窄
Symptom,胃肠道淤血
Symptom,心瓣膜病变
Symptom,心室肥大
Symptom,三尖瓣脱垂
Symptom,胀痛
Symptom,蹲踞现象
Symptom,肺血流量很多
Symptom,隔膜孔道狭小
Symptom,进行性颈部肿块
Symptom,颈部粗
Symptom,抬举性搏动
Symptom,心脏畸形
Symptom,静脉内持续性血流
Symptom,血管畸形
Symptom,表情淡漠
Symptom,肌张力降低
Symptom,前囟饱满
Symptom,正弦胎心率
Symptom,硬肿症
Symptom,肢端凉
Symptom,硬化
Symptom,拇、食、中三指...
Symptom,弥漫性血管角化
Symptom,肝淤血
Symptom,吞咽障碍
Symptom,朴玉顺
Symptom,肝脾肿大
Symptom,色素斑
Symptom,耳聋
Symptom,小眼球
Symptom,血小板减少
Symptom,岳俊卿
Symptom,角膜混浊
Symptom,下肢久立时出现...
Symptom,急性下肢缺血
Symptom,小腿溃疡
Symptom,下肢皮肤营养性改变
Symptom,四肢麻木
Symptom,肌肉萎缩
Symptom,钝痛
Symptom,持续性胸部疼痛...
Symptom,血管杂音
Symptom,心包压塞
Symptom,剧烈疼痛
Symptom,神经失用
Symptom,不偏向一侧，无...
Symptom,小指不明原因痛
Symptom,四肢湿冷
Symptom,拒食
Symptom,心脑供血不足
Symptom,胸背痛
Symptom,心源性胸痛
Symptom,肢端发绀
Symptom,胸骨后疼痛
Symptom,上腹部疼痛
Symptom,胸闷气短
Symptom,心前区隐痛
Symptom,心电图异常
Symptom,抽风
Symptom,食欲下降
Symptom,瘀斑
Symptom,多尿
Symptom,体重增加
Symptom,前胸压迫性疼痛
Symptom,心肌肥厚
Symptom,钙化
Symptom,近迫性心肌梗塞
Symptom,反向搏动
Symptom,创伤
Symptom,呼吸音粗糙
Symptom,梗噎
Symptom,持续性咳嗽
Symptom,气管受压
Symptom,先天性心脏传导
Symptom,收缩早期喀喇音
Symptom,主动脉钙化
Symptom,下颌后缩
Symptom,智力发育迟缓
Symptom,长段升主动脉发育不全
Symptom,压迫瘘口试验
Symptom,下腰部疼痛
Symptom,活动后气促
Symptom,心脏肥大
Symptom,无法数清每分钟...
Symptom,饭后心跳加快
Symptom,面色青灰
Symptom,薄建国
Symptom,急性房颤
Symptom,心慌气短
Symptom,心悸伴心率异常
Symptom,血性渗液
Symptom,脉压小
Symptom,息肉
Symptom,变应性鼻炎
Symptom,过强反向性鼻炎
Symptom,胸水
Symptom,突肤挺胸
Symptom,胸膜摩擦音
Symptom,年轻女性心悸胸闷
Symptom,极速型心率
Symptom,工作倦怠
Symptom,发作性眩晕
Symptom,球蛋白异常
Symptom,胎盘早剥
Symptom,产后出血
Symptom,便秘
Symptom,妊高征
Symptom,胎位异常
Symptom,小腿酸痛
Symptom,下肢动作沉重，...
Symptom,下腹部钝痛和酸胀感
Symptom,指或趾甲下裂片状出血
Symptom,菌血症
Symptom,间歇热
Symptom,精神萎靡
Symptom,颈部疼痛
Symptom,低血容量休克
Symptom,血胸
Symptom,脉搏快而弱
Symptom,代超
Symptom,四肢血压脉搏不对称
Symptom,卵圆窝未闭
Symptom,心内膜弹力纤维增生
Symptom,肋膜腔积水
Symptom,心搏漏跳
Symptom,心脏“偷停”感
Symptom,QRS波宽大畸形
Symptom,主动脉硬化
Symptom,额区感觉减退
Symptom,血栓脱落
Symptom,锁骨上的搏动性肿块
Symptom,阵发性夜间呼吸困难
Symptom,意识丧失
Symptom,不稳定性心绞痛
Symptom,室颤
Symptom,热衰竭
Symptom,循环衰竭
Symptom,虚脱
Symptom,热痉挛
Symptom,非感染性发热
Symptom,肝转移
Symptom,粪便脓血
Symptom,低热消疲
Symptom,肝部疼痛
Symptom,毒蕈碱样症状
Symptom,流涎
Symptom,呈泡沫样有腥臭味稀便
Symptom,肠出血
Symptom,脓液为巧克力色...
Symptom,幻想失去时间和...
Symptom,毒物致肝损害
Symptom,角弓反张
Symptom,肝静脉回流障碍
Symptom,腹水
Symptom,静脉血栓
Symptom,脐周疼痛
Symptom,下腹部反跳痛
Symptom,右下腹痛
Symptom,溃疡穿孔或出血
Symptom,便血
Symptom,烧心
Symptom,低血糖症
Symptom,乳糖耐受不良
Symptom,半乳糖血症
Symptom,先天性乳糖酶缺乏
Symptom,β-氨基酸尿
Symptom,先天性乳糖不耐受
Symptom,肠鸣音消失
Symptom,持续发烧
Symptom,呃逆
Symptom,肠麻痹
Symptom,痢疾
Symptom,里急后重
Symptom,肝功能衰竭
Symptom,肝细胞坏死
Symptom,肝功能受损
Symptom,进行性肝缩小
Symptom,便鲜红血呈点滴...
Symptom,便秘伴腹部包块
Symptom,粪便量少
Symptom,继发性便秘
Symptom,泻药性便秘
Symptom,大便干结呈算盘珠状
Symptom,大便习惯改变
Symptom,肠易激综合征
Symptom,津亏血燥
Symptom,慈彦华
Symptom,进食困难
Symptom,口唇周围麻木感刺痛
Symptom,肠痉挛
Symptom,大便粘腻
Symptom,毒性表现
Symptom,腹痛伴恶心、呕吐
Symptom,脱水
Symptom,蓖麻子便中常见...
Symptom,对铋盐过敏
Symptom,齿龈有蓝线
Symptom,黑便
Symptom,肝脏病变弥漫
Symptom,HBV与HCV...
Symptom,肝功检查胆红素...
Symptom,肝被膜紧张
Symptom,肝大而硬
Symptom,结痂
Symptom,舌炎
Symptom,胃肠道症状
Symptom,稀便
Symptom,真菌感染
Symptom,腹鸣
Symptom,大便酸臭
Symptom,肠鸣
Symptom,粪便嵌塞
Symptom,粪样呕吐物
Symptom,肠套叠
Symptom,囊肿
Symptom,下腹疼痛
Symptom,肠囊性积气
Symptom,腹部肿块
Symptom,机械性压迫
Symptom,便秘伴剧烈腹痛
Symptom,急腹症
Symptom,肠道功能紊乱
Symptom,剧痛
Symptom,腹膜刺激征
Symptom,血运障碍
Symptom,腹部压痛
Symptom,腹膜炎
Symptom,癌症晚期胃肠道症状
Symptom,胃纳减退
Symptom,贫血貌
Symptom,食欲较差
Symptom,持续性疼痛
Symptom,粪便黑色并带有血液
Symptom,覃迅云
Symptom,胃酸过多
Symptom,胃灼热
Symptom,嗳气
Symptom,胀感
Symptom,黏液便
Symptom,肚脐疼
Symptom,粪便排出过程异常
Symptom,肠胀气
Symptom,排气障碍
Symptom,肠鸣音亢进
Symptom,腹肌紧张
Symptom,胃肠动力差
Symptom,口吐白沫
Symptom,斑疹
Symptom,移动性浊音
Symptom,Doc
Symptom,Irl
Symptom,吸收不良综合征
Symptom,肠壁坏死
Symptom,餐后血糖过低
Symptom,颤抖
Symptom,倾倒综合征
Symptom,出冷汗
Symptom,回盲部结核
Symptom,不规则热
Symptom,恶病质面容
Symptom,肠穿孔
Symptom,肠外结核
Symptom,小肠扩张充气
Symptom,板状腹
Symptom,腹部有局部或广...
Symptom,四肢发冷
Symptom,胆囊的超敏反应
Symptom,胆道运动功能障碍
Symptom,右上腹痛
Symptom,胆囊增大
Symptom,胆囊收缩功能不良
Symptom,胆囊壁纤维化
Symptom,胆囊体积缩小
Symptom,胆绞痛
Symptom,腹胀
Symptom,胆囊触痛征
Symptom,胆道梗阻
Symptom,胸部瘙痒
Symptom,低蛋白血症
Symptom,岳亚庆
Symptom,肝外胆管结石
Symptom,胆管梗阻
Symptom,胆汁排泄受阻
Symptom,色素性胆结石
Symptom,胆囊积脓
Symptom,胆囊积水
Symptom,对多脂饮食不能耐受
Symptom,排便频率异常
Symptom,大肠黑变
Symptom,维生素缺乏
Symptom,气过水声
Symptom,蛔虫性肠梗阻
Symptom,停止排气
Symptom,门静脉血流郁滞
Symptom,肝叶萎缩
Symptom,肝掌
Symptom,角膜色膜环
Symptom,胆汁潴留
Symptom,胆结石
Symptom,碱性磷酸酶增高
Symptom,肝内HDAg仅...
Symptom,食欲缺乏
Symptom,中上腹痛
Symptom,胆汁返流
Symptom,发热伴关节肿痛
Symptom,腹泻与便秘交替
Symptom,便血且血与粪便混合
Symptom,出血倾向
Symptom,肝窦扩张
Symptom,肝细胞索支架塌陷
Symptom,齿龈出血
Symptom,尿血
Symptom,鼻衄
Symptom,大便变细形似铅笔
Symptom,粪柱变形变细
Symptom,上消化道出血
Symptom,粒细胞减少
Symptom,粥样泻
Symptom,骨髓的发育异常
Symptom,消化性溃疡
Symptom,回盲瓣功能不全
Symptom,放射性疼痛
Symptom,情绪性腹痛
Symptom,排气多
Symptom,胃部隐痛
Symptom,顽固性呃逆
Symptom,放屁过臭
Symptom,气上沖心
Symptom,尿胆原排泻增加
Symptom,恶息、多泡味的...
Symptom,先天性腹壁发育不全
Symptom,腹肌严重发育不良
Symptom,肾功能衰竭
Symptom,突发性绞痛
Symptom,胁部肿胀
Symptom,十二指肠有切迹或狭窄
Symptom,急性肠扭转
Symptom,弥漫性腹部骨化
Symptom,腹内压升高
Symptom,腹壁不自主轴动
Symptom,绿视
Symptom,偏头痛
Symptom,牵涉性头痛
Symptom,覃初丹
Symptom,电击样痛或刺痛的头痛
Symptom,儿童头痛
Symptom,脾肿大
Symptom,产后腹痛
Symptom,粪便中查见虫卵...
Symptom,会阴瘘管或窦道形成
Symptom,反酸
Symptom,进食后出现弥漫...
Symptom,经前期膝痛
Symptom,剧烈运动后呕吐
Symptom,剧烈运动后头晕
Symptom,右腹痛
Symptom,弥漫性脐周疼痛
Symptom,弥漫性系膜硬化
Symptom,肠道吸收水分增加
Symptom,食指不明原因疼痛
Symptom,反胃
Symptom,心口灼热痛
Symptom,食管痉挛
Symptom,噎痛感
Symptom,稽留热
Symptom,腭舌咽呼吸肌呈...
Symptom,肝细胞内脂肪堆积过多
Symptom,内脏性肥胖
Symptom,脂肪浸润
Symptom,肛区为皮肤覆盖
Symptom,儿童大便失禁
Symptom,手震颤
Symptom,肌肉纤维震颤
Symptom,肌张力过高
Symptom,一过性红斑狼疮样
Symptom,门脉高压
Symptom,蜘蛛痣
Symptom,腹痛伴黄疸
Symptom,上腹部肿块及腹胀
Symptom,肝星状细胞增生
Symptom,肝纤维化
Symptom,上腹部包块
Symptom,肝结节
Symptom,门体侧支循环
Symptom,埋藏齿
Symptom,结肠息肉
Symptom,进食异常
Symptom,早孕反应重
Symptom,纳差
Symptom,肝功能异常
Symptom,肝病容
Symptom,逐渐加重的右侧...
Symptom,肝病面容
Symptom,核心抗体（抗H...
Symptom,面容呈灰色
Symptom,头胀
Symptom,多梦
Symptom,反复肺炎
Symptom,智能障碍
Symptom,定向力障碍
Symptom,微循环障碍
Symptom,肝肾综合征
Symptom,难治性腹水
Symptom,植物血凝素的淋...
Symptom,唾液臭
Symptom,点状出血
Symptom,痰检或可找到丝状蚴
Symptom,胆管断裂
Symptom,脉氧合不足
Symptom,肝细胞脂肪性变
Symptom,囊性肿块
Symptom,冬雪峰
Symptom,膈下感染
Symptom,凝血障碍
Symptom,异嗜酸癖
Symptom,胸痛伴冷汗
Symptom,上腹壁的中央线缺损
Symptom,肛管狭窄
Symptom,肛乳头肥大
Symptom,直肠狭窄
Symptom,肛裂
Symptom,腹痛伴腹泻
Symptom,脓性分泌物
Symptom,脓疱
Symptom,淋巴结疼痛
Symptom,右下腹压痛
Symptom,背痛
Symptom,吞气
Symptom,肩痛
Symptom,手掌呈黄色
Symptom,突发性右上腹绞痛
Symptom,蛔虫感染
Symptom,结肠黑变
Symptom,结肠粪性穿孔
Symptom,一侧性下腹剧烈疼痛
Symptom,持续性下腹疼痛
Symptom,尿频
Symptom,盆腔肿块
Symptom,视神经萎缩
Symptom,视野缺损
Symptom,视神经乳头苍白
Symptom,阵挛
Symptom,肌张力减低
Symptom,眼-头反射消失
Symptom,光反射消失
Symptom,肠粘连
Symptom,腹部“柔韧感”体征
Symptom,急性腹痛
Symptom,震水音
Symptom,急性胃扩张
Symptom,胃移位
Symptom,低血钾
Symptom,胆囊运动障碍
Symptom,腹痛，发热及黄疸
Symptom,腹痛伴便血
Symptom,胶冻状便
Symptom,结肠内形成坚硬的粪石
Symptom,下腹痛
Symptom,肠闭锁
Symptom,亓红菲
Symptom,结肠血管发育不良
Symptom,消化道穿孔
Symptom,腹部伤口流出粪便样物
Symptom,腹腔感染
Symptom,腹部“气串样”肿块
Symptom,慢性腹痛
Symptom,消化道激惹
Symptom,胃粘膜充血
Symptom,幽门瘢痕性狭窄
Symptom,下腹绞痛
Symptom,衣雪源
Symptom,中毒性巨结肠
Symptom,腹肌肌肉抽搐
Symptom,酒精性肝硬化
Symptom,指甲呈扇形
Symptom,睾丸萎缩
Symptom,大块肝细胞坏死
Symptom,总胆红素高
Symptom,肝郁气滞
Symptom,转肽酶偏高
Symptom,大便不成形
Symptom,深黄色或带绿色...
Symptom,腹泻为水样带黏...
Symptom,小儿前囟凹陷
Symptom,胃粘膜损伤
Symptom,指甲有黄色细点
Symptom,阑尾壁缺血坏死
Symptom,阑尾缺血充血
Symptom,腹肌强直
Symptom,泌尿系感染
Symptom,巨大膀胱
Symptom,腹部可触及巨大...
Symptom,肠壁水肿增厚
Symptom,小指指甲有凹陷
Symptom,胆囊壁厚
Symptom,突发性疼痛
Symptom,右背部痛
Symptom,溶血性黄疸
Symptom,胆红素钙结石
Symptom,脐周围褪色
Symptom,细胞酶活性异常
Symptom,气腹征
Symptom,听力减退
Symptom,肝昏迷
Symptom,中枢神经抑制药...
Symptom,类似荨麻疹的皮...
Symptom,牙关紧闭
Symptom,胀坠感
Symptom,指甲上起小细粒
Symptom,脐周阵发性绞痛
Symptom,非对称性关节痛
Symptom,三联征
Symptom,角膜炎
Symptom,尿痛
Symptom,尿急
Symptom,阑尾组织纤维化
Symptom,反复出血
Symptom,牙龈出血
Symptom,内脏出血
Symptom,胰腺纤维化
Symptom,糖尿
Symptom,代谢性碱中毒
Symptom,夜尿增多
Symptom,骨软化
Symptom,骨痛
Symptom,骨质疏松
Symptom,夜盲
Symptom,肌肉压痛
Symptom,吞咽时发生晕厥
Symptom,吞咽痛
Symptom,食管反流症状
Symptom,胃痛
Symptom,胃慢性出血
Symptom,外周围血淋巴细...
Symptom,SM累积量升高
Symptom,核上性垂直性眼肌瘫痪
Symptom,进食呕吐
Symptom,过敏性皮炎
Symptom,脑细胞出现营养...
Symptom,中毒严重
Symptom,面部畸形
Symptom,肝功能不全
Symptom,肝衰竭
Symptom,牵涉痛
Symptom,腹腔出血
Symptom,脱皮
Symptom,剥脱性皮炎
Symptom,脾肾阳虚
Symptom,鼻子黄色或棕色
Symptom,脏腑功能失调
Symptom,匙状指（趾）
Symptom,恶性贫血
Symptom,缺铁性贫血
Symptom,脱发
Symptom,幽门狭窄
Symptom,喉头痉挛
Symptom,排尿疼痛
Symptom,神志恍惚
Symptom,消化道狭窄
Symptom,剧烈头痛
Symptom,舞蹈病样动作
Symptom,结肠膨胀
Symptom,结肠梗阻
Symptom,餐后综合征
Symptom,隐睾
Symptom,巨舌
Symptom,小头
Symptom,阴蒂肥大
Symptom,膈肌缺损
Symptom,肢体远端出现腕垂踝垂
Symptom,口腔幻触
Symptom,角回受损
Symptom,齿龈铅线
Symptom,口炎
Symptom,脂肪泻
Symptom,指甲异常
Symptom,指（趾）甲颜色改变
Symptom,指甲失去光泽和...
Symptom,胃肠道出血
Symptom,口咽异物
Symptom,肠狭窄
Symptom,食管体平滑肌部...
Symptom,迷走神经兴奋
Symptom,指甲突然变白
Symptom,呕血
Symptom,十二指肠扩张
Symptom,肠壅积
Symptom,泪腺汗腺及涎腺...
Symptom,食物过敏
Symptom,肩胛带“模拟瘫痪”
Symptom,气道和食管之间的瘘管
Symptom,恶病质
Symptom,肺不张
Symptom,咽部有异物感
Symptom,反复呕血
Symptom,吞咽时胸痛
Symptom,阵发性肠绞痛
Symptom,持续性肠绞痛
Symptom,血红蛋白尿
Symptom,输尿管狭窄
Symptom,抑郁
Symptom,球后视神经炎
Symptom,放屁频频
Symptom,手掌呈黑色
Symptom,胃壁增厚
Symptom,胃丢失蛋白
Symptom,胃肠粘膜的通透性增高
Symptom,肝浊音界缩小或消失
Symptom,横结肠下垂
Symptom,忧郁
Symptom,肝下垂
Symptom,胃容纳性减弱
Symptom,轻瘫
Symptom,早饱
Symptom,胃排空延缓
Symptom,胃窦动力低下
Symptom,溃疡龛影
Symptom,瘤细胞浸润
Symptom,瘤体坚硬
Symptom,胃扭转梗阻症状
Symptom,十二指肠高度扩张
Symptom,小胃综合征
Symptom,远端胃窦产生异位节律
Symptom,饥饿时上腹痛
Symptom,球后溃疡
Symptom,WUJ
Symptom,血管性水肿
Symptom,恶食凉物
Symptom,恶食酸物
Symptom,粪便量多
Symptom,丛伊可
Symptom,胃粘膜脱垂
Symptom,术后腹胀
Symptom,胃酸缺乏
Symptom,胃糜烂
Symptom,急性胃痛
Symptom,胃黏膜充血水肿
Symptom,胃阴虚
Symptom,失水
Symptom,淋巴管淤积
Symptom,肠绒毛萎缩
Symptom,分泌性腹泻
Symptom,胃肠淋巴回流受阻
Symptom,大便色浅
Symptom,腹部逐渐胀大
Symptom,非血性腹水
Symptom,感觉过敏
Symptom,血性腹水
Symptom,耳顶线以下至发...
Symptom,细胞感染增大
Symptom,肠系膜囊肿
Symptom,涂锐
Symptom,吞酸
Symptom,溢乳
Symptom,流泪
Symptom,血糖升高
Symptom,溃疡疼痛
Symptom,难治性溃疡
Symptom,胆汁性肝硬化
Symptom,维生素D缺乏
Symptom,肝内淤胆
Symptom,食管重复
Symptom,胃重复畸形
Symptom,涂友宝
Symptom,小肠损伤
Symptom,听觉障碍
Symptom,眼球震颤
Symptom,绿牙或棕褐色牙
Symptom,新生儿手足徐动
Symptom,幽门肿块
Symptom,胃扩张
Symptom,颊部脂肪消失呈...
Symptom,情绪性厌食
Symptom,甲状腺功能低下
Symptom,厌奶
Symptom,生理性厌食
Symptom,不排胎便
Symptom,脑积水
Symptom,蛙形腹
Symptom,巨肠症
Symptom,吐酸
Symptom,急性病容
Symptom,脉率增快
Symptom,肺部感染
Symptom,憩室出血
Symptom,肠道血管畸形
Symptom,血缺氧
Symptom,脐周皮肤青紫色斑
Symptom,第二性征改变
Symptom,腹壁静脉怒张
Symptom,胆汁淤滞
Symptom,鼻出血
Symptom,痤疮样皮疹
Symptom,对光反射迟钝
Symptom,痢疾样大便
Symptom,粪内或直肠乙状...
Symptom,肢端缺血
Symptom,大便黑色粘稠
Symptom,大便呈青黑色
Symptom,肠管出血
Symptom,频吐白沫
Symptom,食管闭锁
Symptom,健忘
Symptom,手足麻木
Symptom,流产
Symptom,闭经
Symptom,结肠憩室
Symptom,儿童期消化性溃疡
Symptom,肛管括约肌横断
Symptom,肛门畸形
Symptom,没有肛门
Symptom,顽固性便秘
Symptom,巨大的结肠
Symptom,反复抽搐
Symptom,食物在胃的通过障碍
Symptom,肝区摩擦音
Symptom,帅冬怡
Symptom,颅神经麻痹
Symptom,幻觉
Symptom,腱反射亢进
Symptom,尿淀粉酶升高
Symptom,横结肠移位
Symptom,肝脏轻度脂肪变性
Symptom,肝质地硬
Symptom,四肢无力
Symptom,瘫痪
Symptom,鼻子发黑
Symptom,肝静脉病变
Symptom,大三阳
Symptom,肥胖
Symptom,餐后血糖高
Symptom,颅内出血
Symptom,瘀血
Symptom,心跳加快
Symptom,脑膜刺激症状
Symptom,恶寒
Symptom,尿蛋白
Symptom,青红肤色
Symptom,癌性发热
Symptom,骨盆损伤
Symptom,直肠重复畸形
Symptom,血管伤
Symptom,直肠危象
Symptom,脂质沉积症
Symptom,脂肪痢
Symptom,血脂异常
Symptom,不典型增生
Symptom,肛门坠胀
Symptom,第5指短小弯曲
Symptom,孕妇胃痛
Symptom,岳淑芹
Symptom,饱食后胸痛
Symptom,甲状旁腺功能亢进
Symptom,粪便带绿色
Symptom,低钾血症
Symptom,多饮
Symptom,腰部酸胀及无力
Symptom,腰痛伴肾区叩击痛
Symptom,伤口感染
Symptom,恶露
Symptom,郅书芬
Symptom,产褥期恶露
Symptom,产后发热
Symptom,脓性分泌物增多
Symptom,产后恶露不净有臭味
Symptom,脓尿
Symptom,膀胱刺激征
Symptom,肾前性肾功能不全
Symptom,液体平衡失调
Symptom,尿比重增高
Symptom,血液呈现浓缩
Symptom,低钠血症
Symptom,肌肉痉挛性疼痛
Symptom,排钾过多
Symptom,肠蠕动减慢
Symptom,代谢性低钾
Symptom,遗尿
Symptom,逼尿肌无反射
Symptom,尿流变细或中断
Symptom,儿童尿床
Symptom,小儿遗尿
Symptom,眼底出血和渗出
Symptom,血尿伴蛋白尿
Symptom,肾脏受累
Symptom,尿道刺痒
Symptom,尿流中断
Symptom,尿道口痒
Symptom,尿道分泌粘液或...
Symptom,尿道流出分泌物
Symptom,脱水热
Symptom,脑细胞脱水
Symptom,躁狂
Symptom,唇干舌燥
Symptom,腰背痛
Symptom,尿常规异常
Symptom,肾病综合征
Symptom,小管间质性肾炎
Symptom,血清中高水平的...
Symptom,发热伴尿频、尿...
Symptom,肾内动脉变细或阻塞
Symptom,男性小腹坠痛
Symptom,面色潮红
Symptom,局限性肾坏死
Symptom,肾小管坏死
Symptom,氮质血症
Symptom,免疫性肾炎
Symptom,面部蝶形红斑
Symptom,尿渗透压下降
Symptom,尿钙增多
Symptom,尿酸化异常
Symptom,肾钙化
Symptom,肾结石
Symptom,肾区钝痛
Symptom,妊娠蛋白尿
Symptom,痱疹样皮疹
Symptom,伴高血压
Symptom,肾病性浮肿面容
Symptom,肾小球硬化
Symptom,肾小球旁器增生
Symptom,视网膜出血
Symptom,肾脏缩小
Symptom,面颊及上胸部充血
Symptom,口腔溃疡
Symptom,眼眶疼痛
Symptom,颈部淋巴结肿大
Symptom,肢端硬化
Symptom,注意力不集中
Symptom,呼吸反射调节受损
Symptom,免疫力下降
Symptom,尿酸代谢亢进
Symptom,尿滤过分数明显下降
Symptom,血浆白蛋白降低
Symptom,尿中磷酸盐排出增多
Symptom,尿比重下降
Symptom,腰酸
Symptom,尿隐血
Symptom,腰痛伴尿频、尿...
Symptom,腰膝酸软
Symptom,网状青斑和坏疽
Symptom,尿液混浊
Symptom,腊肠趾
Symptom,大小便潴留
Symptom,肾异位伴随输尿管异位
Symptom,前列腺增生
Symptom,尿失禁
Symptom,龟头异味
Symptom,尿道弥漫性浸润
Symptom,尿无力
Symptom,小便刺痛
Symptom,经常口渴
Symptom,肾性尿崩
Symptom,肾上腺皮质激素不足
Symptom,口渴
Symptom,尿崩
Symptom,男性小便刺痛
Symptom,排尿异物感
Symptom,泌尿道阻塞
Symptom,尿道变粗变硬
Symptom,尿流呈波动状
Symptom,尿潴留
Symptom,泌尿道狭窄
Symptom,尿不尽
Symptom,间歇性尿蛋白
Symptom,膀胱容量的减少
Symptom,膀胱纤维化
Symptom,反复不愈的感染
Symptom,尿泡沫
Symptom,排尿障碍
Symptom,尿道内口呈漏斗样改变
Symptom,骶骨发育不良
Symptom,排尿不畅
Symptom,尿流缓慢
Symptom,排尿前后膀胱区痛
Symptom,无痛性尿血
Symptom,间歇性血尿
Symptom,静脉萎陷
Symptom,口干渴难忍
Symptom,上尿路结构和功能损害
Symptom,逼尿肌反射亢进
Symptom,尿外渗
Symptom,输尿管痉挛
Symptom,孤立肾
Symptom,腰骶部或下腰部疼痛
Symptom,慢性肾功能不全
Symptom,腰痛
Symptom,输精管变粗
Symptom,肾盂扩张
Symptom,TOM
Symptom,输尿管疼痛
Symptom,腹痛伴血尿
Symptom,膀胱结核
Symptom,肾小球内“三高”
Symptom,肾外梗阻
Symptom,肾小球基底膜蛾噬现象
Symptom,肾后性肾衰
Symptom,指甲呈半圆形
Symptom,尿液有油
Symptom,腰背的持续隐痛
Symptom,腰背刺痛
Symptom,继发性高血压
Symptom,腹部血管杂音
Symptom,肾上腺皮质良性...
Symptom,男性化
Symptom,睾丸增大和变硬
Symptom,肾上腺增生
Symptom,青春期后无精液
Symptom,两性畸形
Symptom,腋毛和阴毛脱落
Symptom,近曲小管受累
Symptom,肾动脉阻塞
Symptom,肾动脉硬化
Symptom,肾缺血
Symptom,下腹部包块
Symptom,咳血
Symptom,肾乳头及肾盂出血
Symptom,直立性尿蛋白
Symptom,肾脓肿
Symptom,入球小动脉玻璃样变
Symptom,肾区叩击痛
Symptom,大动脉供血障碍
Symptom,肾区压痛
Symptom,胰岛细胞破坏
Symptom,肾小球滤过率下降
Symptom,肾间质水肿
Symptom,血管硬化
Symptom,一过性肉眼血尿
Symptom,肾皮质坏死
Symptom,肾脏破裂
Symptom,一侧腰腹突发“...
Symptom,肾区压痛和叩痛
Symptom,低补体血症
Symptom,低钙血症
Symptom,排尿时外阴灼热...
Symptom,阴道分泌物增多
Symptom,外阴烧灼刺激感
Symptom,外阴肿胀
Symptom,婴幼儿外阴疼痛
Symptom,阴茎硬结
Symptom,痛性阴茎勃起
Symptom,性交困难
Symptom,阴茎疼痛
Symptom,发热伴有皮疹
Symptom,保密
Symptom,肾小球有病理形态改变
Symptom,不自主运动
Symptom,深感觉障碍
Symptom,面肌无力
Symptom,肌阵挛
Symptom,对光反应消失
Symptom,记忆力消失
Symptom,呼吸速率减慢且规则
Symptom,肩部运动受限
Symptom,肩胛带和上肢疼痛
Symptom,神经痛
Symptom,凝肩
Symptom,Moro反应迟钝
Symptom,进行性痴呆
Symptom,痴呆
Symptom,健忘性失语
Symptom,烟酸缺乏
Symptom,近事遗忘现象
Symptom,小步态
Symptom,肌无力危象
Symptom,认知神经功能丧失
Symptom,眼部胀痛
Symptom,固定于一侧眼及...
Symptom,始于眼部，扩张...
Symptom,中度或轻度头痛
Symptom,儿童偏头痛
Symptom,眼充血
Symptom,脑白质变性
Symptom,口唇常无力而不能鼓气
Symptom,病理性发笑和哭喊
Symptom,眶上裂综合征
Symptom,眼肌瘫痪
Symptom,凝视麻痹
Symptom,颅神经损害
Symptom,位置觉、震动觉减退
Symptom,跨阈步态
Symptom,骨间肌和鱼际肌萎缩
Symptom,男子性功能障碍
Symptom,肌束震颤
Symptom,感觉过度
Symptom,手套或短袜子式...
Symptom,猝倒
Symptom,动脉呈多处伸长扭曲状
Symptom,偏盲
Symptom,肛门括约肌松弛
Symptom,肛门松弛
Symptom,肛周皮肤有湿疹
Symptom,骶部可有皮赘，...
Symptom,恶臭便
Symptom,学习障碍
Symptom,学习困难
Symptom,发音障碍
Symptom,口吃
Symptom,睡眠障碍
Symptom,脑脓肿
Symptom,脑膜刺激征
Symptom,颅内压增高
Symptom,脑膜炎
Symptom,足和足趾不能背屈
Symptom,小腿外侧及足背...
Symptom,肠蠕动减少
Symptom,体温调节紊乱
Symptom,排痰无力
Symptom,肌肉跳动
Symptom,植物神经功能障碍
Symptom,肝豆状核变性
Symptom,知觉消失
Symptom,耳后乳突水肿
Symptom,静脉回流障碍
Symptom,眼球突出
Symptom,腹壁反射减弱或消失
Symptom,颅内感染
Symptom,觉醒状态丧失
Symptom,恐惧
Symptom,舌咬伤
Symptom,脖子扭痛
Symptom,右腿麻木
Symptom,颈心综合症
Symptom,手臂发麻
Symptom,肩背部沉重感
Symptom,颈椎生理曲度变直
Symptom,颈椎反弓
Symptom,面部闪电疼痛
Symptom,手脚发麻
Symptom,足内翻
Symptom,面肌强直
Symptom,脊髓休克
Symptom,仝超
Symptom,截瘫
Symptom,构音障碍
Symptom,括约肌功能障碍
Symptom,感觉分离
Symptom,舌肌萎缩
Symptom,构音不清
Symptom,咽反射
Symptom,胸部丘疹
Symptom,癫痫和癫痫样发作
Symptom,智能减退
Symptom,蹒跚步态
Symptom,痉挛性截瘫步态
Symptom,痉挛性的肌张力增高
Symptom,感觉性共济失调
Symptom,脊髓受压
Symptom,间歇性跛行
Symptom,脊髓梗死
Symptom,看东西变远
Symptom,颈部僵硬
Symptom,面、头、颈、肩...
Symptom,考试综合症
Symptom,紧箍咒一样头紧
Symptom,肩背痛
Symptom,慢性腰痛伴下肢麻痛
Symptom,下肢的感觉，肌...
Symptom,足的放射性疼痛
Symptom,呼吸气为酒味
Symptom,不可克制的饮酒冲动
Symptom,酒精成瘾
Symptom,酒精中毒性幻觉症
Symptom,视物变形
Symptom,脑脊液白细胞增加
Symptom,病态欣快感
Symptom,痴呆面容
Symptom,老年性眩晕
Symptom,耳前庭功能受损
Symptom,旋转性眩晕
Symptom,剧烈眩晕，站立不稳
Symptom,音调韵律的异常
Symptom,发作性不自主运动
Symptom,异常粗大的舞蹈样动作
Symptom,手的歪扭畸形
Symptom,上肢外展上举困难
Symptom,臂丛神经受累
Symptom,肩胛带肌肉萎缩
Symptom,鼓腮和吹口哨漏气
Symptom,进食流泪
Symptom,面纹消失
Symptom,听觉过敏
Symptom,鼻唇沟变浅
Symptom,口角下垂
Symptom,面部肌肉痉挛
Symptom,脸部肌肉酸痛
Symptom,口角肌肉的抽搐
Symptom,反复鼻出血
Symptom,偏身麻木
Symptom,言语功能的部分丧失
Symptom,脑死亡
Symptom,脚趾发麻
Symptom,偏身肌张力障碍
Symptom,老年人腿抽筋
Symptom,脑功能不全
Symptom,新生儿两眼上翻凝视
Symptom,新生儿中性粒细胞增多
Symptom,脑占位性病变
Symptom,血管堵塞
Symptom,上行性皮肤麻木
Symptom,跖反射伸性
Symptom,鳞屑
Symptom,光过敏
Symptom,色素脱失
Symptom,抗Jo-1抗体阳性
Symptom,剧烈运动后头痛
Symptom,夜间头痛
Symptom,头昏脑胀四肢无力
Symptom,功能性震颤
Symptom,目光呆滞
Symptom,小脑体征
Symptom,肢体不自主震颤
Symptom,面颊明显内陷
Symptom,饮水呛咳
Symptom,头昏想睡觉
Symptom,饭后困倦
Symptom,前庭神经受损
Symptom,乳突炎
Symptom,星迹步态
Symptom,上肢无力
Symptom,反射弧中断
Symptom,垂腕
Symptom,肢体或躯干麻木
Symptom,腕下垂
Symptom,上肢麻木
Symptom,写字或拿小物品困难
Symptom,烧伤创面焦痂提...
Symptom,癫痫发作
Symptom,搏动性头痛
Symptom,苦笑面容
Symptom,扭转痉挛
Symptom,手变短
Symptom,眼球压痛
Symptom,早晨上下眼睑粘连
Symptom,自发性球内出血
Symptom,盲点
Symptom,大量饮酒后突然...
Symptom,视力常呈雾状模糊感
Symptom,生理性萎缩
Symptom,视空间功能受损
Symptom,眼底点状或火焰状出血
Symptom,眼底改变
Symptom,内容难以听清的...
Symptom,职业神经症
Symptom,内向性思维
Symptom,脾气变坏
Symptom,场所恐惧
Symptom,枕叶受损
Symptom,一侧颜面肥大
Symptom,虹膜缺损
Symptom,偏身萎缩
Symptom,癫痫的失神发作
Symptom,晶状体混浊
Symptom,血管痣
Symptom,耳痛
Symptom,喉部痉挛
Symptom,舌头震颤
Symptom,颅外头痛
Symptom,同向偏盲
Symptom,面肌抽搐
Symptom,运动功能障碍
Symptom,轴性遗忘症
Symptom,忘性大
Symptom,肌肉紧张性疼痛
Symptom,指甲上有直线
Symptom,生殖泌尿道危象
Symptom,动眼神经麻痹
Symptom,低血糖性昏迷
Symptom,慢性头痛
Symptom,太阳穴胀痛
Symptom,太阳穴痛
Symptom,晕机
Symptom,体位性眩晕
Symptom,颈部强硬
Symptom,婴幼儿抽风
Symptom,轻度中毒
Symptom,婴儿痉挛症
Symptom,闫锋
Symptom,非对称性紧张性颈反射
Symptom,小脑性共济失调
Symptom,脑发育缓慢
Symptom,无动性缄默
Symptom,思维不连贯
Symptom,图形定向障碍
Symptom,呼吸气为蒜臭味
Symptom,四肢近端肌肉和...
Symptom,舌咽神经痛或其...
Symptom,外眼源性眩晕
Symptom,假日心脏综合征
Symptom,排尿过程中发生晕厥
Symptom,情景性晕厥
Symptom,说话带鼻音
Symptom,讷吃
Symptom,鼻腔不能关闭引...
Symptom,食物返流至鼻腔
Symptom,大写症
Symptom,肢体运动不协调
Symptom,运动性兴奋或抑制
Symptom,唾液分泌增多
Symptom,听力下降
Symptom,腭部穿孔
Symptom,咽喉疼痛
Symptom,眼痛
Symptom,眼角膜反射消失
Symptom,神经束内神经纤维损伤
Symptom,神经束损伤断裂
Symptom,开放性损伤
Symptom,前臂有旋前畸形
Symptom,拇指和食指不能...
Symptom,食指感觉消失
Symptom,神经干断裂
Symptom,不能伸展拇指
Symptom,情绪起伏大
Symptom,控制不住的联想
Symptom,技术狂躁症
Symptom,行为及情绪异常
Symptom,心境高涨
Symptom,思维奔逸
Symptom,攻击行为
Symptom,瞳子高
Symptom,色觉异常
Symptom,直立性脱虚
Symptom,蹲下起来后眼前发黑
Symptom,氧分压低
Symptom,假期综合症
Symptom,打嗝
Symptom,四肢对称性软瘫
Symptom,醉酒
Symptom,肌肉肥大
Symptom,肾间质受损
Symptom,胆碱能危象
Symptom,流行性肌痛
Symptom,肌肉假肥大
Symptom,睡眠时睑闭合不全
Symptom,肌体张力异常
Symptom,手无力不自觉的...
Symptom,面下部头痛
Symptom,枕部疼痛
Symptom,枕部和颈后疼痛
Symptom,不能转颈
Symptom,前额针刺样痛或烧灼感
Symptom,脊髓压迫
Symptom,蛛网膜增厚
Symptom,多囊卵巢
Symptom,子宫性闭经
Symptom,继发性闭经
Symptom,运动性闭经
Symptom,垂体功能减退
Symptom,产后无乳汁分泌
Symptom,垂体性闭经
Symptom,绝经过渡期及绝...
Symptom,产后月经不再来潮
Symptom,交感神经代偿性亢进
Symptom,异常高大
Symptom,男性不育
Symptom,闭经-乳溢-不...
Symptom,产后垂体坏死
Symptom,生命体征改变
Symptom,颅压增高
Symptom,垂体切除术后昏迷
Symptom,垂体危象
Symptom,声调似小孩
Symptom,无腋毛
Symptom,子宫小
Symptom,外阴幼稚
Symptom,生长激素分泌过少
Symptom,无胡须
Symptom,甲状腺扪及光滑...
Symptom,不排卵
Symptom,痛经
Symptom,脸部汗毛明显
Symptom,滤泡增大
Symptom,出现喉结
Symptom,虚胖
Symptom,男性型肥胖
Symptom,女性型肥胖
Symptom,青春期肥胖
Symptom,产后肥胖
Symptom,上半身肥胖型
Symptom,体型异常
Symptom,内分泌功能减退
Symptom,垂体功能紊乱
Symptom,出汗异常
Symptom,新陈代谢低下
Symptom,舞蹈样手足徐动
Symptom,酮症酸中毒
Symptom,夜惊
Symptom,病理性REM睡眠
Symptom,小儿睡眠不好
Symptom,紧张性疲劳
Symptom,保持睡眠障碍性失眠
Symptom,继发性失眠
Symptom,梦游症
Symptom,婴儿睡眠少
Symptom,婴儿睡觉不踏实
Symptom,磨牙
Symptom,脂肪代谢障碍
Symptom,糖代谢紊乱
Symptom,继发性肥胖
Symptom,烦渴多饮
Symptom,呼吸中可有烂苹果味
Symptom,动脉造影异常
Symptom,重度肥胖
Symptom,肥胖纹
Symptom,血清HDL-C...
Symptom,手抽筋
Symptom,骨代谢减低
Symptom,胸腰椎压缩性骨折
Symptom,脊柱骨质改变
Symptom,驼背
Symptom,女性腰痛
Symptom,门齿间距增宽
Symptom,腓肠肌痉挛性疼痛
Symptom,四肢长骨和肌肉...
Symptom,弥漫性骨质疏松
Symptom,多汗症
Symptom,喜凉怕热
Symptom,环状肉芽肿
Symptom,睑黄瘤
Symptom,过度换气综合征
Symptom,促甲状腺激素偏高
Symptom,外阴干涩
Symptom,情感淡漠
Symptom,搏动性肿块
Symptom,眼睑松弛和上唇增厚
Symptom,凉结节
Symptom,喉结下方有肿块
Symptom,舌头上有长时间...
Symptom,舌根部脓肿
Symptom,舌骨区有肿胀压痛
Symptom,肾上腺危象
Symptom,颌下腺导管口有...
Symptom,硬腭呈半圆形隆起
Symptom,额部疼痛
Symptom,颌下腺疼痛、压痛
Symptom,岳晗
Symptom,颌下腺肿大
Symptom,乳汁分泌减少
Symptom,乳头皲裂
Symptom,乳汁淤积
Symptom,泌乳障碍
Symptom,乳房胀痛
Symptom,腋部肿块
Symptom,淋巴结穿刺有草...
Symptom,低磷血症
Symptom,血中钙离子过高
Symptom,腹腔积液
Symptom,尿磷
Symptom,头颅增大
Symptom,肢体过度肥大
Symptom,异源性ACTH
Symptom,构音不良-手笨...
Symptom,慢性溃疡
Symptom,颈部肿瘤
Symptom,指甲呈扁平形
Symptom,长期使用糖皮质...
Symptom,多血质
Symptom,男性乳房大
Symptom,智力减低
Symptom,乳溢一高泌乳素血症
Symptom,腋区疼痛
Symptom,透明血管型
Symptom,口腔黏膜溃疡
Symptom,咽炎、舌炎、龈炎
Symptom,乳房肥大
Symptom,反复生殖器溃疡
Symptom,睾丸发育不全
Symptom,睾丸微小
Symptom,颈短
Symptom,角膜溃疡
Symptom,面部斑点
Symptom,妊娠性黄褐斑
Symptom,雀斑
Symptom,黑色素沉淀
Symptom,额头长痘
Symptom,颧骨斑
Symptom,妊娠斑
Symptom,脸上长斑
Symptom,乳房疼痛
Symptom,乳头溢液
Symptom,停经
Symptom,乳房肿块
Symptom,乳头内陷
Symptom,乳头破碎
Symptom,乳腺癌的远处转移
Symptom,外阴萎缩
Symptom,月经稀少
Symptom,库欣综合征
Symptom,乳房红肿热痛
Symptom,胆囊壁变薄
Symptom,乳房内光滑质韧...
Symptom,镜面舌
Symptom,口腔粘膜弥漫充血
Symptom,测试
Symptom,腮腺无痛性肿块
Symptom,儿茶酚胺分泌过量
Symptom,呼气中有甜臭味
Symptom,指趾端干性坏死
Symptom,肢端易发生不易...
Symptom,糖尿病足部病变
Symptom,趾端干枯发黑
Symptom,骨皮质变薄
Symptom,齿龈炎
Symptom,头发分叉
Symptom,溶血性贫血
Symptom,维生素E缺乏
Symptom,牙齿发黄
Symptom,前列腺肥大
Symptom,囊肿性痤疮
Symptom,黑头粉刺
Symptom,口腔血泡
Symptom,涎瘘
Symptom,反复感染
Symptom,光感性皮肤损害
Symptom,死产
Symptom,男性性早熟
Symptom,表情迟钝
Symptom,性受虐癖
Symptom,恋尸型性变态
Symptom,性施虐癖
Symptom,恋兽型性变态
Symptom,窥淫癖
Symptom,露阴癖
Symptom,恋毛巾被癖
Symptom,异性装扮癖
Symptom,性窒息
Symptom,腺样体面容
Symptom,运动失调
Symptom,面部麻木
Symptom,面部皮肤有结节状增生
Symptom,颞骨隆起
Symptom,眼结膜水肿及角膜溃疡
Symptom,腮腺肿胀
Symptom,眉弓疼痛
Symptom,淋巴结退化
Symptom,面神经瘫痪
Symptom,甲状腺机能亢进
Symptom,颅内占位性病变
Symptom,脾大
Symptom,眉毛外侧脱落稀疏而细
Symptom,耳壳的干性坏死
Symptom,月经量多
Symptom,低镁血症
Symptom,地图样骨缺损
Symptom,骨骼肿块
Symptom,心脏淤积淀粉样物质
Symptom,穿凿样改变颅骨破坏
Symptom,衰老加快
Symptom,骨髓抑制
Symptom,浅表淋巴结进行性肿大
Symptom,淋巴管破裂
Symptom,纵隔淋巴结增生
Symptom,腹部凹陷呈舟状
Symptom,呼吸性酸中毒
Symptom,骨硬化
Symptom,呼吸功能衰竭
Symptom,尿赤
Symptom,淋巴液流出
Symptom,免疫性溶血
Symptom,血液粘滞度增高
Symptom,末梢神经炎
Symptom,舌痛
Symptom,湿疹
Symptom,指(趾)骨梗死
Symptom,颌下淋巴结肿大压痛
Symptom,眼睑肿胀且呈淡绿色
Symptom,骨髓象改变
Symptom,凝血因子功能的障碍
Symptom,继发性纤溶功能增强
Symptom,手部急性化脓性感染
Symptom,骨髓损害
Symptom,颅骨增生
Symptom,咖啡斑
Symptom,泌尿生殖窦
Symptom,耻骨联合分离
Symptom,持续性头晕
Symptom,鼻子颜色苍白
Symptom,角弓反张位
Symptom,痉笑面容
Symptom,手术后破伤风
Symptom,食指指甲凹陷
Symptom,指甲翘起
Symptom,钩蚴性皮炎
Symptom,脾功能亢进
Symptom,肺动脉楔压（P...
Symptom,外周静脉充勇
Symptom,静脉血氧饱和度...
Symptom,血清钠增高
Symptom,血小板寿命缩短
Symptom,骨髓巨核细胞成熟障碍
Symptom,营养不良
Symptom,维生素K缺乏
Symptom,脂溶性维生素缺乏
Symptom,呆滞
Symptom,HIV感染
Symptom,异常子宫出血
Symptom,三峰热型
Symptom,败血症的征象
Symptom,呻吟
Symptom,母婴ABO血型不合
Symptom,胎儿水肿
Symptom,生理性黄疸
Symptom,溶血
Symptom,占思乔
Symptom,血瘀体质
Symptom,脾栓塞
Symptom,骨髓造血细胞再生障碍
Symptom,贫血
Symptom,造血功能障碍
Symptom,气滞血瘀
Symptom,腰背酸痛
Symptom,低分子蛋白尿
Symptom,闫会星
Symptom,鼻孔干疼
Symptom,侧卧时位于下侧...
Symptom,回吸性涕血
Symptom,鼻分泌物增多
Symptom,眼前发黑
Symptom,颈动脉痛
Symptom,三角肌疼痛
Symptom,上臂短于前臂，...
Symptom,骨端增大
Symptom,手小形方
Symptom,膝内翻
Symptom,骨密度增加
Symptom,指(趾)和小腿...
Symptom,髋内翻
Symptom,顽固性心功能不全
Symptom,热痛
Symptom,晨僵
Symptom,尿酸盐在关节内...
Symptom,痛风结节
Symptom,面部脱皮
Symptom,骨赘大量增生
Symptom,代偿性腰椎前凸
Symptom,骨质磨损有骨赘增生
Symptom,儿童髋部疼痛
Symptom,网状青斑
Symptom,盘状红斑
Symptom,钙化灶
Symptom,钙沉积
Symptom,骨刺形成
Symptom,眼睑下垂
Symptom,无脉症
Symptom,睾丸疼痛
Symptom,掌心凹消失或稍隆起
Symptom,冻疮
Symptom,死骨
Symptom,软组织肿胀
Symptom,发热伴淋巴结肿...
Symptom,鼻塞及反射性头痛
Symptom,手指僵硬
Symptom,脚趾关节痛
Symptom,类风湿结节
Symptom,甲营养不良
Symptom,黏膜稍苍白
Symptom,卵巢功能障碍
Symptom,胃窦狭窄
Symptom,食管蠕动差扩张...
Symptom,脂膜炎
Symptom,小儿臀部瘙痒
Symptom,大腿长红疙瘩
Symptom,突发、无痛的局部水肿
Symptom,面部皮肤过敏
Symptom,碘伏过敏
Symptom,脊柱生理弯曲消失
Symptom,卧床不起
Symptom,持续性腰痛伴有晨僵
Symptom,椎管大小变化
Symptom,坐骨神经痛
Symptom,背脊痛
Symptom,肌腱端炎
Symptom,肩关节活动受限
Symptom,筋膜疼痛
Symptom,坏死性筋膜炎
Symptom,候亚益
Symptom,神志淡漠
Symptom,下肢湿性坏疽
Symptom,小阴唇及前庭也...
Symptom,尿道口有红斑和水肿
Symptom,淋巴道转移
Symptom,瘤体牵拉
Symptom,浅筋膜炎
Symptom,蜂窝组织炎
Symptom,脚趾痛风
Symptom,指根部疼
Symptom,过劳
Symptom,血偏酸
Symptom,日光照射引起皮肤过敏
Symptom,肋间神经痛
Symptom,类风湿关节炎
Symptom,眼距宽阔
Symptom,跖部纤维痛
Symptom,正常免疫球蛋白减少
Symptom,顽固性口腔溃疡
Symptom,指(趾)甲点状凹陷
Symptom,员如玲
Symptom,旅行者水肿
Symptom,身体的低垂部位水肿
Symptom,药疹
Symptom,缺氧缺血性神经损伤
Symptom,念珠菌感染
Symptom,鼻粘膜苍白水肿
Symptom,表皮角化
Symptom,出汗减少
Symptom,多根肋骨骨折
Symptom,胸部有过度回响
Symptom,营养障碍
Symptom,体肺循环栓塞
Symptom,突发的右侧心衰
Symptom,肺纹理减少
Symptom,钙化影
Symptom,第２肋软骨痛
Symptom,心脏刺痛
Symptom,膈麻痹
Symptom,胸廓畸形
Symptom,传导性腹痛
Symptom,脊柱侧弯
Symptom,黏液脓性痰
Symptom,反复肺不张
Symptom,纤毛清除功能障碍
Symptom,块状痰
Symptom,缩窄性心包炎
Symptom,肝-颈静脉回流征阳性
Symptom,肺淤血
Symptom,“多音律”心音
Symptom,点头征
Symptom,面部浮肿
Symptom,极重度精神发育迟滞
Symptom,乳头肌断裂
Symptom,食管蠕动功能减弱
Symptom,胃嵌顿
Symptom,脉压缩小
Symptom,重力休克
Symptom,乳糜胸
Symptom,收缩压下降
Symptom,医师
Symptom,呼吸异常
Symptom,胸骨裂
Symptom,右胸痛
Symptom,轩存旺
Symptom,胸廓塌陷畸形
Symptom,肩臂外侧的感觉...
Symptom,腕管综合征
Symptom,手麻
Symptom,心脏穿透性损伤
Symptom,心包填塞
Symptom,心脏破裂
Symptom,兰甜甜
Symptom,室上性心律失常
Symptom,气管移位
Symptom,胸腺高度萎缩
Symptom,渗出性胸水
Symptom,膀胱功能障碍
Symptom,XYW
Symptom,脑疝
Symptom,失读
Symptom,短颈
Symptom,四肢瘫痪
Symptom,头颈部活动受限
Symptom,挤压伤
Symptom,颅骨连续性中断
Symptom,蝶鞍变形
Symptom,蝶鞍空泡
Symptom,眼球内斜
Symptom,鳞状细胞癌
Symptom,耳源性眩晕
Symptom,深昏迷
Symptom,脑叶出血
Symptom,桥脑出血
Symptom,丘脑出血
Symptom,颈强直
Symptom,韧带断裂
Symptom,指端及指(趾)...
Symptom,病理性脱发
Symptom,头或颈部发胀及跳动感
Symptom,颈椎骨折脱位
Symptom,胸椎腰化
Symptom,踝阵挛
Symptom,大小便失禁
Symptom,颈部酸痛
Symptom,颈肩痛
Symptom,颈椎椎节已有明...
Symptom,颈部可前屈，怕仰伸
Symptom,脊髓病变
Symptom,韧带骨化
Symptom,颈椎间盘突出
Symptom,脊柱裂
Symptom,口唇疱疹
Symptom,颈根部斜方肌及...
Symptom,隋静
Symptom,脊神经根受损
Symptom,颈部扭伤
Symptom,颈髓脱髓鞘性病变
Symptom,脊柱退变
Symptom,脊柱破坏
Symptom,脊髓内胶质增生
Symptom,椎间隙变化
Symptom,节段性分离性感觉障碍
Symptom,良性假肥大型肌...
Symptom,不能露齿及突唇
Symptom,两臂不能上举而成垂肩
Symptom,氮负平衡
Symptom,血肿形成
Symptom,大脑发育障碍
Symptom,耳漏
Symptom,脑脊液鼻漏
Symptom,颈内动脉创伤性血栓
Symptom,鼻中隔或鼻腔内...
Symptom,局部头痛
Symptom,脑血管动静脉畸形
Symptom,嗅觉障碍
Symptom,头枕部慢性疼痛
Symptom,继发性视神经萎缩
Symptom,颅内头痛
Symptom,弥漫性头痛
Symptom,头皮触痛
Symptom,眼睑浮肿
Symptom,面肌及颈肌紧张
Symptom,口角歪斜，无法说话
Symptom,怪笑
Symptom,颅内高压
Symptom,侧脑室增宽
Symptom,久病亏损
Symptom,脑疝危象
Symptom,记忆受损
Symptom,偏盲偏身感觉障碍
Symptom,畏光
Symptom,蛛网膜腔内囊肿
Symptom,震荡性神经受累
Symptom,头部撞伤
Symptom,血液粘度增高
Symptom,动静脉短路现象
Symptom,嗅觉丧失
Symptom,眼结膜上出现瘀点
Symptom,新生儿脓漏眼
Symptom,脑脊液蛋白量增高
Symptom,脑灰质移位
Symptom,脑灰质异常
Symptom,头痛头晕
Symptom,人中圆凸
Symptom,局灶症状
Symptom,乳房和生殖器萎缩
Symptom,额部肿块
Symptom,耳垂里有硬疙瘩
Symptom,镇静、麻醉剂所致昏迷
Symptom,缄默症
Symptom,丘脑下部损害
Symptom,努嘴伸舌
Symptom,中枢性发热
Symptom,伤寒面容
Symptom,意识改变状态
Symptom,视网膜水肿
Symptom,进食样自动症
Symptom,癫痫性人格改变
Symptom,癫痫的植物神经性发作
Symptom,头皮撕裂伤
Symptom,血压偏低
Symptom,情绪性头痛
Symptom,脑沟变宽
Symptom,巨痣症
Symptom,面部一侧出汗另...
Symptom,口眼歪斜
Symptom,Todd瘫痪（...
Symptom,偏瘫
Symptom,伸舌偏斜
Symptom,对侧肢体偏瘫
Symptom,胆囊壁毛糙
Symptom,胆囊结石
Symptom,胆总管结石
Symptom,结石
Symptom,静止性结石
Symptom,灰白大便
Symptom,肝内管梗阻
Symptom,指甲类似云母
Symptom,尿中有较多尿卟啉
Symptom,肝内钙化
Symptom,右上腹持续性剧...
Symptom,胆心综合征
Symptom,肝积水
Symptom,背部酸痛
Symptom,粘膜萎缩
Symptom,胰源性腹痛
Symptom,组织坏死
Symptom,腹腔积血
Symptom,失血过多
Symptom,反复高热
Symptom,龟头出血
Symptom,龟头潮红
Symptom,尿道痒感
Symptom,龟头发黑
Symptom,阴茎瘙痒
Symptom,阴茎萎缩
Symptom,阴囊坠胀痛
Symptom,腹股沟疼痛
Symptom,阴囊肿胀
Symptom,腹股沟淋巴结肿大
Symptom,阴囊肿大
Symptom,前列腺素合成减少
Symptom,前列腺钙化
Symptom,排尿困难及尿潴留
Symptom,等渗尿
Symptom,睾丸静脉曲张
Symptom,睾丸下垂
Symptom,尿失禁与遗尿
Symptom,尿道烧灼感
Symptom,精索增粗肿胀
Symptom,精子质量差
Symptom,精液发黄
Symptom,精索静脉曲张
Symptom,血精
Symptom,泌尿道破裂
Symptom,巨阴症
Symptom,阴茎样尿道
Symptom,阴茎短
Symptom,胱氨酸储积症
Symptom,尿分叉
Symptom,尿道黏膜外翻
Symptom,尿道流血
Symptom,尿道结石
Symptom,尿道口出现结节...
Symptom,尿道瘘
Symptom,尿道局部肿胀
Symptom,膀胱阴道瘘
Symptom,尿瘘
Symptom,息子龙
Symptom,耻骨上痛
Symptom,膀胱憩室...
Symptom,急性尿潴留
Symptom,尿等待
Symptom,尿液臭味
Symptom,鳞状上皮
Symptom,摇摆步态
Symptom,脐尿管残余
Symptom,脐部有一半球形肿块
Symptom,一侧阴囊内逐渐...
Symptom,膀胱排空不全
Symptom,前列腺痛
Symptom,输尿管间脊肥大
Symptom,尿滴白
Symptom,男性小腹痛
Symptom,射精疼
Symptom,精液少
Symptom,精液稀
Symptom,遗精
Symptom,器质性早泄
Symptom,肾上腺皮质功能亢进
Symptom,盐类皮质激素分泌过多
Symptom,低位腰痛
Symptom,腰大肌阴影消失
Symptom,腰部包块
Symptom,输尿管梗阻
Symptom,胎儿肾盂分离
Symptom,下腹部压痛
Symptom,血清睾酮浓度低下
Symptom,无睾丸
Symptom,雄激素过少
Symptom,排便困难
Symptom,阴茎异常
Symptom,阴茎勃起不硬
Symptom,腹部中线处肿块
Symptom,脐周明显红肿变硬
Symptom,脐窝内有樱红色...
Symptom,大便失禁
Symptom,排便障碍
Symptom,反射性腰痛
Symptom,阔韧带内形成血肿
Symptom,股三角区压痛
Symptom,腹壁切口处有肿物突出
Symptom,便稀时经阴道排出
Symptom,结缔组织性外痔
Symptom,肛门瘙痒
Symptom,肛内轻微隐痛坠...
Symptom,肛管息肉
Symptom,肛门疼痛
Symptom,肛腺分泌减少
Symptom,老年大便失禁
Symptom,直肠肛门内胀痛不适
Symptom,排粪时肛门灼痛
Symptom,肛门短时间阵发性钝痛
Symptom,肛旁脓肿
Symptom,肛周皮肤潮红
Symptom,肛门会阴区潮湿不洁
Symptom,肛内分泌物多
Symptom,肛门外括约肌断裂
Symptom,肛管反射消失
Symptom,肛门湿疹瘙痒
Symptom,肛门反射减弱或消失
Symptom,肛门剧痛
Symptom,肛门或肛管窄小
Symptom,静脉曲张性外痔
Symptom,肛门夜间奇痒
Symptom,直肠疼痛
Symptom,产后便血
Symptom,脓血便
Symptom,坐立不安
Symptom,血痂
Symptom,鳞屑样痂皮
Symptom,肛门区红肿及痛性硬块
Symptom,阴道入口粘膜撕裂
Symptom,阴道裂伤
Symptom,产后大便失禁
Symptom,闫维
Symptom,会阴部牵引痛
Symptom,会阴部撕裂感
Symptom,中心静脉压偏低
Symptom,芤脉
Symptom,右下腹可触及柔...
Symptom,炎性肉芽肿
Symptom,感染性肉芽肿
Symptom,低位小肠梗阻
Symptom,盲肠阿米巴肉芽肿
Symptom,痔核
Symptom,痔出血
Symptom,小儿的异嗜症状
Symptom,小儿夜惊咬指
Symptom,小便不易排空
Symptom,脏器变小
Symptom,息肉样损害
Symptom,直肠与肛门狭窄
Symptom,尾骶部疼痛
Symptom,盆腔内有较广泛浸润
Symptom,肛门出血
Symptom,痉挛性便秘
Symptom,足部肿胀压痛
Symptom,八字脚步态
Symptom,足掌痛
Symptom,膝关节疼痛
Symptom,足底和足背浮肿
Symptom,足底凸起
Symptom,Q角异常
Symptom,推髌抗阻痛
Symptom,手腕骨折
Symptom,髌下疼痛
Symptom,膝关节肿胀积血
Symptom,髌骨疼痛
Symptom,软骨内骨化
Symptom,髌骨软化
Symptom,肾性骨质软化
Symptom,髌骨劳损
Symptom,异位钙化
Symptom,肢体疼痛
Symptom,顽固性疼痛
Symptom,髌骨骨裂
Symptom,鼻小柱缺损
Symptom,鼻端缺损
Symptom,鼻裂
Symptom,歪鼻
Symptom,鼻孔外露
Symptom,鼻端形态不佳
Symptom,鼻翼上方缺损
Symptom,孕妇耻骨痛
Symptom,前臂旋转痛
Symptom,桡骨茎突部局限性疼痛
Symptom,前臂旋后功能受限
Symptom,桡骨茎突剧痛
Symptom,前臂外伤后疼痛
Symptom,儿童反复骨折
Symptom,骨脆
Symptom,扁平足
Symptom,耳硬化症
Symptom,串珠肋
Symptom,腕关节内积血及...
Symptom,肘关节脱位
Symptom,肘部剧烈疼痛，...
Symptom,前臂短缩
Symptom,前臂和腕部的疼痛
Symptom,斜形骨折
Symptom,青枝骨折
Symptom,骨斑点
Symptom,肢骨纹状肥大
Symptom,肘外侧夜间痛
Symptom,肘关节疼痛
Symptom,粉碎性骨折
Symptom,肘关节不能屈曲
Symptom,撕脱骨折
Symptom,肺部转移
Symptom,肩关节痛
Symptom,腰椎膨出
Symptom,肌肉撕裂
Symptom,第3腰椎横突的...
Symptom,指(趾)肿胀
Symptom,手指发僵疼痛
Symptom,脊柱后突
Symptom,髋关节痛
Symptom,扁脸
Symptom,髋、膝、肘部呈...
Symptom,鼻梁平塌
Symptom,青年白内障
Symptom,颈部怕前屈，怕仰伸
Symptom,神经根损伤
Symptom,骶椎腰化
Symptom,骶髂部剧烈疼痛
Symptom,骶髂关节疼痛
Symptom,臀部放射痛
Symptom,下肢放射痛
Symptom,风寒湿痹
Symptom,腿痛
Symptom,腓肠肌撕裂
Symptom,小腿腓部肌肉疼...
Symptom,腓肠肌拉伤
Symptom,腓骨肌对称萎缩...
Symptom,感觉性共济失调步态
Symptom,肌肉的失用性萎缩
Symptom,猿手畸形
Symptom,骨膜反应
Symptom,骨囊肿
Symptom,闫敏
Symptom,纵行骨折
Symptom,增生性骨膜炎
Symptom,舌型骨折
Symptom,HGX
Symptom,第1跖趾关节疼...
Symptom,搭肩试验阳性
Symptom,脚外侧疼
Symptom,残株型骨折
Symptom,扭伤
Symptom,足跟淤血
Symptom,足跟痛
Symptom,脚后跟长骨刺
Symptom,上肢半屈状
Symptom,肘关节畸形
Symptom,肘部外翻角增大
Symptom,前臂及手部肌群...
Symptom,缺血性挛缩
Symptom,肾小管酸化功能障碍
Symptom,扁平型骨盆
Symptom,新生儿低血磷
Symptom,脊柱弯曲
Symptom,骨软化症
Symptom,下腹局部疼痛
Symptom,老人髋部疼痛
Symptom,髋关节脱位
Symptom,蝶形骨折
Symptom,大腿局部肿胀变形
Symptom,下肢短缩
Symptom,斜视
Symptom,脱髓
Symptom,牙痛
Symptom,颈背部肌肉痉挛
Symptom,颈部肌肉肿胀变硬
Symptom,胫骨疼痛
Symptom,肌腱囊肿
Symptom,颈背疼痛
Symptom,脊柱病变性骨盆畸形
Symptom,骨产道异常
Symptom,大腿以下或膝以...
Symptom,骶骨处持续性疼痛
Symptom,眼球移位
Symptom,肌纤维大小不等
Symptom,传导性耳聋
Symptom,缴健菲
Symptom,外耳道狭窄
Symptom,骨骼表面向外突出
Symptom,栗东
Symptom,软骨发育不良与...
Symptom,肘部的肿胀压痛
Symptom,胸骨压痛
Symptom,脊柱和四肢畸形
Symptom,骶骨囊肿
Symptom,眉弓凹陷
Symptom,骨髓水肿
Symptom,儿童不敢平卧睡觉
Symptom,肘外侧肿痛及功能障碍
Symptom,肘痛
Symptom,膝关节内侧肿胀...
Symptom,膝关节肿大
Symptom,膝关节不能完全伸直
Symptom,踝关节肿胀
Symptom,踝关节疼痛
Symptom,弥漫性骨膜增厚
Symptom,髋外侧肿胀压痛
Symptom,上肢突然出现肿胀酸痛
Symptom,足底溃疡
Symptom,爪状趾
Symptom,鸡眼
Symptom,足畸形
Symptom,足不能跖屈和内翻
Symptom,跖纹中拇趾球区...
Symptom,线状骨折
Symptom,外展型骨折
Symptom,内收型骨折
Symptom,胯骨痛
Symptom,下蹲困难
Symptom,大腿肌肉萎缩
Symptom,大转子叩痛
Symptom,股四头肌损伤
Symptom,足跟的后上方疼...
Symptom,足跟后凸
Symptom,咬合关系错乱
Symptom,颌骨关节痛
Symptom,颌骨错位
Symptom,手指或手臂部刺...
Symptom,手与手指胀满感
Symptom,寰枢脱位
Symptom,痉挛性斜颈
Symptom,鼻泪管阻塞
Symptom,牙移位
Symptom,颌骨膨隆
Symptom,下唇麻木
Symptom,踝膝关节积液
Symptom,踝关节屈曲挛缩畸形
Symptom,内踝下区域疼痛肿胀
Symptom,足踝捩伤
Symptom,外踝前下方肿胀和疼痛
Symptom,手腕部米粒大小...
Symptom,钩骨附近的压痛
Symptom,伸臂握手疼痛
Symptom,伸指无力
Symptom,膝关节积液
Symptom,肌肉挛缩
Symptom,阴道血性分泌物
Symptom,折刀现象
Symptom,耳、鼻、软骨变成蓝色
Symptom,指甲、耳软骨出...
Symptom,前列腺结石
Symptom,黑尿
Symptom,牙齿松动和脱落
Symptom,模糊不定，情绪性面痛
Symptom,足外翻
Symptom,纤维膜包裹
Symptom,侵蚀性骨破坏
Symptom,距骨坏死
Symptom,踝及足麻木和有灼痛感
Symptom,胳膊疼痛
Symptom,上肢及肩向下牵...
Symptom,侧肋骨痛
Symptom,手酸
Symptom,弥漫性下腰痛
Symptom,躯干畸形弯曲
Symptom,脊柱的成角畸形
Symptom,脊髓马尾受累
Symptom,种宗雷
Symptom,腰部僵硬及腰前凸消失
Symptom,定位神经体征
Symptom,脊髓内空洞形成
Symptom,出生时小头
Symptom,肘关节伸直位内...
Symptom,骨盆痛
Symptom,手臂肌肉萎缩
Symptom,上肢周围性瘫痪
Symptom,下肢中枢性瘫痪
Symptom,腰部钝痛
Symptom,腰大肌肿胀
Symptom,肩胛骨酸痛
Symptom,腰大肌脓肿
Symptom,上颈髓区病变
Symptom,脊髓半切综合征
Symptom,脊突叩痛
Symptom,锥体外系损害
Symptom,儿童型肌张力障碍
Symptom,小书写症
Symptom,头部震颤
Symptom,扭转动作
Symptom,局限性肌张力障碍
Symptom,书写痉挛
Symptom,头部偏向一侧做...
Symptom,椎动脉迂曲痉挛
Symptom,肌腱粘连
Symptom,产后手指痛
Symptom,腱鞘变干
Symptom,胸锁乳突肌附着处压痛
Symptom,拇指不明原因疼痛
Symptom,腕关节囊状的突起
Symptom,脊髓前角病变
Symptom,胫骨干骨不连
Symptom,胫骨压痛
Symptom,胫骨粗隆肿胀
Symptom,胫骨结节处的酸...
Symptom,腓肠肌强直收缩...
Symptom,脊髓性肌萎缩
Symptom,前额及颧骨突出
Symptom,婴儿出牙延迟
Symptom,甲亢面容
Symptom,脊椎僵直
Symptom,棘突压痛
Symptom,持续高烧
Symptom,小腿肿胀疼痛
Symptom,外踝呈现凹陷
Symptom,南朝霞
Symptom,眶底爆折
Symptom,眼眶内持续性、...
Symptom,髋部酸胀不适
Symptom,髋外侧可见皮下瘀血斑
Symptom,臀沟展平和下垂
Symptom,颈后及肩部皮肤发硬
Symptom,产道裂伤
Symptom,骨软化症骨盆
Symptom,扁平骨盆
Symptom,臀产式
Symptom,中骨盆狭窄
Symptom,下颌前突
Symptom,呈开口状态而不能闭合
Symptom,咬肌肥大
Symptom,颧面部塌陷
Symptom,颧骨额骨下陷
Symptom,回肠重复畸形
Symptom,肌肉坏死
Symptom,肌腱断裂
Symptom,指间关节不能屈曲
Symptom,肌肉完全断裂
Symptom,肌腱拉伤
Symptom,肌肉拉伤
Symptom,肌肉砸伤
Symptom,肌肉挫伤
Symptom,肩胛带的肌肉不发达
Symptom,小指感觉消失
Symptom,下垂肩
Symptom,腕部肿胀压痛
Symptom,腕关节扭挫伤
Symptom,腕部疼痛
Symptom,腕关节桡侧部位的疼痛
Symptom,前臂外侧和手指...
Symptom,肘部扭伤
Symptom,纤维结构不良
Symptom,膝内翻膝外翻或髋内翻
Symptom,多指（趾）畸形
Symptom,手部功能完全丧失
Symptom,肢体短缩畸形
Symptom,手腕肿痛及掌屈...
Symptom,腕关节向尺侧偏...
Symptom,手指歪斜
Symptom,指节垫
Symptom,胸廓狭窄而扁
Symptom,肩胛骨突出
Symptom,冠状动脉栓塞
Symptom,尿中有特殊鼠臭味
Symptom,听力缺陷
Symptom,耳前庭听觉失衡
Symptom,髋关节发育不良
Symptom,婴儿脊柱侧凸
Symptom,神经根刺激
Symptom,手腕在大拇指侧的疼痛
Symptom,手指麻痛
Symptom,食指和中指僵硬痛麻
Symptom,手腕长骨刺
Symptom,腕背侧或掌侧的...
Symptom,足痛
Symptom,拇趾与二趾趾间距大
Symptom,胸骨隆凸
Symptom,锁骨上及前斜角...
Symptom,下肢外展
Symptom,臀肌萎缩
Symptom,胫骨假关节形成
Symptom,头颈部剧痛
Symptom,颈椎痛
Symptom,髌前空虚感
Symptom,桡骨头发育不良
Symptom,迁移性脓肿
Symptom,发育性骨盆异常
Symptom,佟新竹
Symptom,胸腰段及腰椎前凸消失
Symptom,胸椎畸形
Symptom,椎节分裂
Symptom,偏斜骨盆
Symptom,股骨近侧端变宽
Symptom,肌肉发育不良
Symptom,足趾屈曲挛缩
Symptom,膝后肿胀疼痛，...
Symptom,病理性神经损伤
Symptom,感染性发热
Symptom,青少年膝痛
Symptom,不能屈膝
Symptom,膝及小腿部有广...
Symptom,膝盖扭伤
Symptom,膝盖砸伤肿痛
Symptom,膝关节间隙弹响和疼痛
Symptom,肩节后脱位
Symptom,上肢呈迟缓性麻痹
Symptom,指、拇、脘的伸...
Symptom,臀部酸痛
Symptom,腰部的不稳交锁现象
Symptom,腰椎退化
Symptom,产育过多后腰痛
Symptom,腰大肌痉挛
Symptom,腰肌痉挛
Symptom,骨无菌性坏死
Symptom,弯腰时腰痛
Symptom,腰软不能直起
Symptom,肌肉硬结
Symptom,侧腹壁或后腰部有压痛
Symptom,剧烈运动后腰痛
Symptom,眼球不能随意动
Symptom,眉下垂或位置低
Symptom,臀部闪电疼痛
Symptom,长时间或剧烈运...
Symptom,情绪性疲劳
Symptom,足跟步行
Symptom,烧灼性疼痛
Symptom,脊髓丘脑束受压
Symptom,趾短小
Symptom,足趾伸屈时足部疼痛
Symptom,神经伤
Symptom,髓质增生
Symptom,椎体结核
Symptom,肩周区弥散的钝...
Symptom,足底烧灼感
Symptom,肘管综合征
Symptom,手内肌萎缩
Symptom,起点
Symptom,大腿酸痛
Symptom,大腿疼痛
Symptom,中心性钙化
Symptom,运动损伤
Symptom,鼻窦压痛
Symptom,鼻根部水肿
Symptom,鼻窦气压伤
Symptom,鼻内痛
Symptom,气压伤
Symptom,鼓膜充血
Symptom,喉部刺痛
Symptom,伤口愈合发痒
Symptom,血疱
Symptom,不能向尺侧屈腕...
Symptom,鼻中隔向一侧或...
Symptom,鼻粘膜干燥发痒
Symptom,鼻中隔穿孔
Symptom,鼻翼边缘缺损
Symptom,手冻伤
Symptom,脸裂
Symptom,脚冻伤
Symptom,耳溢液
Symptom,讲话频率小，不...
Symptom,发音改变
Symptom,心排血量减少
Symptom,失血过多后贫血
Symptom,局部压痛
Symptom,近视散光
Symptom,血压波动大
Symptom,外伤性出血
Symptom,拇食指捏物功能障碍
Symptom,手指撞伤
Symptom,腿前内侧出现感觉异常
Symptom,手指尖痛或触痛
Symptom,耳内闭塞感
Symptom,耳鼓膜破裂
Symptom,尿闭
Symptom,紫斑
Symptom,坏疽
Symptom,组织液渗出
Symptom,头皮血肿
Symptom,耳后淋巴结肿大
Symptom,头皮痒
Symptom,头皮下血肿
Symptom,头皮平直裂口
Symptom,头皮不规则裂口
Symptom,头皮撕脱伤
Symptom,神经根激惹症状
Symptom,右腿酸痛
Symptom,背部有隐约麻痛不适
Symptom,大腿刺痛
Symptom,假声现象
Symptom,脸冻伤
Symptom,湿性坏疽
Symptom,烧伤后恶心与呕吐
Symptom,烧伤创面浅咖啡...
Symptom,拳状手畸形
Symptom,烧伤后尿量减少
Symptom,烧伤创面淡黄色...
Symptom,烧伤创面暗灰或...
Symptom,磷烧伤合并中毒
Symptom,挛缩性疤痕
Symptom,手掌疤痕畸形
Symptom,酸烧伤
Symptom,轻度烧伤
Symptom,免疫力降低
Symptom,烧伤后脉搏增速
Symptom,烧伤创面甜腥气...
Symptom,烧伤创面粪臭味分泌物
Symptom,烧伤后口渴
Symptom,角膜烧伤
Symptom,疤痕形成
Symptom,舌口及咽部烧灼感
Symptom,烫伤
Symptom,臭汗
Symptom,手足多汗
Symptom,痣细胞
Symptom,鼻衂
Symptom,电机械分离现象
Symptom,小腿或前臂间隙综合征
Symptom,组织细胞增生
Symptom,血管增生
Symptom,低血磷
Symptom,糖耐量降低
Symptom,疼痛性股青肿
Symptom,腓肠肌压痛
Symptom,拇指仅存软组织...
Symptom,拇指三节
Symptom,拇指内收畸形
Symptom,剧痒
Symptom,乳晕深部可扪及肿块
Symptom,乳腺随月经出现胀痛
Symptom,乳腺胀痛
Symptom,乳汁郁结
Symptom,丹毒
Symptom,输乳管阻塞
Symptom,乳房组织大块坏死
Symptom,女性乳房表浅质...
Symptom,乳痛症
Symptom,乳腺囊性增生
Symptom,乳腺内无痛单发...
Symptom,乳腺隐痛
Symptom,鼻和喉部灼热感
Symptom,鼻咽腔狭窄
Symptom,鼻咽癌的远处转移
Symptom,咽鼓管堵塞
Symptom,鼻内似有擤不出的鼻涕
Symptom,耳闷
Symptom,长骨肿胀疼痛
Symptom,骨外团块
Symptom,子宫穿孔
Symptom,耳廓痛
Symptom,耳廓放射性痛
Symptom,间歇性耳痛
Symptom,梦幻觉
Symptom,钩回发作
Symptom,色素性皮损
Symptom,前房色素沉积
Symptom,纵膈淋巴结肿大
Symptom,视网膜静脉纡曲怒张
Symptom,巨乳
Symptom,接触性出血
Symptom,鳞状细胞化生
Symptom,晕眩
Symptom,面长耳大
Symptom,巨口
Symptom,黑痣
Symptom,骨髓浆细胞增多
Symptom,淀粉样变性
Symptom,食量增加
Symptom,热结节
Symptom,甲状腺结节
Symptom,囊性坏死
Symptom,颈部囊性病变
Symptom,青红丘疹
Symptom,上唇附近，鼻旁...
Symptom,咽部溃疡
Symptom,铁宝刚
Symptom,眼眶异物
Symptom,绝经
Symptom,绝经后子宫内膜增厚
Symptom,阴道转移
Symptom,妊娠反应
Symptom,子痫
Symptom,阵发性腹痛
Symptom,肥大结节纤维组织增生
Symptom,肝源性水肿
Symptom,淋巴发育不全
Symptom,新月状溶骨性缺损
Symptom,血性胸水
Symptom,骨转移
Symptom,胸壁塌陷
Symptom,纵隔增宽
Symptom,胸膜转移
Symptom,闫丽
Symptom,面部皮肤皱纹增多
Symptom,久不消退的红色皮肤疤
Symptom,伤口结疤
Symptom,虹膜根部离断
Symptom,中心暗点以及屈...
Symptom,葡萄膜炎
Symptom,脉络膜凹陷
Symptom,赫丽杰
Symptom,乳腺刺痛
Symptom,软腭运动不对称
Symptom,软腭疼痛
Symptom,颞部疼痛
Symptom,阴道流血过多
Symptom,自发性骨折
Symptom,腮腺区肿大
Symptom,舌运动受限
Symptom,舌背中后部黑色丛毛
Symptom,环咽部运动障碍
Symptom,舌齿龈疼痛性粟...
Symptom,进行性肉芽性溃疡坏死
Symptom,髓样癌变
Symptom,肢体麻痛
Symptom,肢体远侧常有麻痛
Symptom,断续的肌收缩
Symptom,趾蹼间隙麻木
Symptom,牙龈肿胀
Symptom,泪溢
Symptom,顽固性头痛
Symptom,假性前房积脓
Symptom,大角膜
Symptom,视网膜脱离
Symptom,瞳孔出现黄白色反光
Symptom,虹膜表面形成灰...
Symptom,外阴痛
Symptom,外阴皮肤肿胀
Symptom,外阴溃疡
Symptom,耳道异物
Symptom,挖耳出血
Symptom,腕关节圆形的软包块
Symptom,腿外侧质软半球形包块
Symptom,足踝部光滑圆形的包块
Symptom,腿外侧质软、半...
Symptom,软腭浅表溃疡
Symptom,牙龈深红或暗红色
Symptom,颌骨内似牙的硬组织
Symptom,牙齿异常
Symptom,牙龈痛
Symptom,运动传导束受累
Symptom,脊髓横贯损害
Symptom,打鼾
Symptom,磨牙后垫红肿
Symptom,牙齿萌出疼痛
Symptom,颌骨呈“扇形”...
Symptom,拔牙后伤口经久不愈
Symptom,纤维性钙化结节
Symptom,月经周期改变
Symptom,阴道出血
Symptom,腰骶疼痛
Symptom,阴道排液呈黑水样
Symptom,子宫内膜增生性病变
Symptom,无痛性硬实结节
Symptom,血性耳分泌物
Symptom,带血性分泌物
Symptom,视觉失认
Symptom,色觉丧失
Symptom,象限性偏盲
Symptom,同向性偏盲
Symptom,会阴痒
Symptom,子宫移位
Symptom,子宫后位
Symptom,继发性不孕
Symptom,子宫粘连
Symptom,抗精子抗体阳性
Symptom,月经量少
Symptom,处女膜无孔
Symptom,阴道横隔
Symptom,先天性无阴道
Symptom,下体异味
Symptom,卵巢积液
Symptom,慢性盆腔疼痛
Symptom,女性小腹疼痛
Symptom,蜕膜残留
Symptom,阴道不规则出血
Symptom,孕早期腹痛
Symptom,子宫直肠窝积液
Symptom,子宫颈有举痛
Symptom,粘膜乳突状生长
Symptom,子宫内膜脱落
Symptom,经期出血
Symptom,青春期功血
Symptom,子宫出血
Symptom,回经
Symptom,晚发月经
Symptom,经前出血
Symptom,迫害妄想
Symptom,睡觉后全身大汗淋漓
Symptom,多疑
Symptom,抗内膜抗体阳性
Symptom,反应性细胞改变
Symptom,急性宫颈炎
Symptom,阴道粘连甚至闭锁
Symptom,卵巢性闭经
Symptom,卵巢增大
Symptom,盆腔沉重感
Symptom,性交疼痛
Symptom,下腹坠胀
Symptom,原发性痛经
Symptom,腰骶部酸痛
Symptom,输卵管粘连
Symptom,卵巢囊肿
Symptom,卵泡囊肿
Symptom,妊娠期间甲亢
Symptom,妊娠时伴有腹痛...
Symptom,产后小腹坠痛
Symptom,性感不快
Symptom,瘀血积聚
Symptom,瘀血性痛经
Symptom,瘀血斑
Symptom,累及整个腹腔的腹膜炎
Symptom,子宫前位
Symptom,妊娠晚期或临产...
Symptom,胎盘前置
Symptom,外阴瘙痒
Symptom,血糖值升高
Symptom,妊娠期血糖高
Symptom,小腿水肿
Symptom,踝部凹陷性水肿
Symptom,先兆子痫
Symptom,子痫症状
Symptom,下腹坠痛
Symptom,子宫硬如板状
Symptom,妊娠时持续性腹...
Symptom,凝血功能障碍
Symptom,胎盘母体面上有...
Symptom,胎动改变
Symptom,子宫压痛
Symptom,会阴溃疡
Symptom,所淑芳
Symptom,外阴损伤
Symptom,外阴起疙瘩
Symptom,子宫内膜异位
Symptom,湿疣
Symptom,经期小腹坠痛
Symptom,经期提前
Symptom,经期前后小腹坠痛
Symptom,经期推迟
Symptom,月经发黑
Symptom,经期延长
Symptom,月经血块过多
Symptom,撤退性出血
Symptom,经前综合症
Symptom,情感高涨
Symptom,阴道闭锁
Symptom,励银智
Symptom,急性阴道感染
Symptom,经间期出血
Symptom,月经骤停
Symptom,月经不调
Symptom,临产后胎头衔接较晚
Symptom,排便感
Symptom,产后全身酸痛
Symptom,胎动频繁
Symptom,子宫增大明显（...
Symptom,脐带血循环障碍
Symptom,孕妇非妊娠原因的腹痛
Symptom,子宫高度低于妊娠周数
Symptom,盆腔下垂感
Symptom,孕妇小腹痛
Symptom,尿妊娠试验阳性
Symptom,深痱
Symptom,假临产
Symptom,胎膜破裂
Symptom,胎儿窘迫
Symptom,脐带脱落后伤口...
Symptom,脐带过短或相对过短
Symptom,胎心率异常
Symptom,胎心音消失（无...
Symptom,死胎
Symptom,胸膜增厚粘连
Symptom,畏热
Symptom,黏液性水肿
Symptom,青春期甲亢
Symptom,肝臭
Symptom,前期妊娠反应
Symptom,胎儿不完全臀先露
Symptom,胎儿单臂先露
Symptom,胎膜早破
Symptom,异常体位所致的窒息
Symptom,子宫颈扩张
Symptom,子宫痉挛性狭窄环
Symptom,孕中期腹痛
Symptom,先兆子宫破裂
Symptom,人工流产术后出血
Symptom,胎心不规则
Symptom,假性宫缩
Symptom,孕妇腹部硬块
Symptom,子宫破裂征象
Symptom,先兆早产
Symptom,难免早产
Symptom,跖纹
Symptom,核黄疸
Symptom,低颅压综合征
Symptom,肝被膜血肿破裂
Symptom,脑血管痉挛
Symptom,睡觉时小腿抽筋
Symptom,局部肢体抽动
Symptom,口唇刺痛
Symptom,口腔粘膜有形似...
Symptom,粘膜有粘着性白斑
Symptom,品行障碍
Symptom,不断眨眼
Symptom,抽动障碍
Symptom,医生
Symptom,儿童行为孤僻
Symptom,婴儿说话晚
Symptom,Asperge...
Symptom,儿童退缩行为
Symptom,语言发育迟缓
Symptom,孤独症
Symptom,儿童精神运动发育异常
Symptom,儿童性别偏差
Symptom,情绪低落
Symptom,儿童联想和情感障碍
Symptom,色情行为
Symptom,紧张性木僵
Symptom,胎盘钙化
Symptom,胎盘植入
Symptom,骨溶解
Symptom,胆红素升高
Symptom,新生儿母乳喂养...
Symptom,局部淋巴结肿大
Symptom,新生儿气促
Symptom,小儿哭闹不安
Symptom,脐带绕颈
Symptom,胎盘老化
Symptom,胎心率改变
Symptom,胎儿宫内窒息
Symptom,胎动过频
Symptom,胎盘血液灌注不良
Symptom,胎儿心动过缓
Symptom,维生素B1缺乏
Symptom,戒断反应
Symptom,婴儿需要较大量...
Symptom,眼干
Symptom,结膜干燥斑
Symptom,“鸡盲”或“雀盲”
Symptom,扁桃体小或缺如
Symptom,脂肪过多
Symptom,情绪性进食
Symptom,遗传性肥胖
Symptom,婴儿体重增长过快
Symptom,新生儿眼屎多
Symptom,眼睛发红
Symptom,眼屎多
Symptom,筛窦泪囊瘘
Symptom,急性贫血
Symptom,儿童偏食
Symptom,惊跳
Symptom,婴儿睡觉摇头
Symptom,流感样症状
Symptom,胆道闭锁
Symptom,声门运动障碍
Symptom,喉咙痒
Symptom,剥夺性弱视
Symptom,玻璃体经瞳孔向...
Symptom,小儿面部皮疹
Symptom,阑尾感染
Symptom,婴幼儿脐部有肿物突出
Symptom,脐周肿胀
Symptom,脐窝湿润有臭味
Symptom,脐周脓性分泌物较多
Symptom,歪斜指
Symptom,吸气困难
Symptom,睡觉时突然抽搐一下
Symptom,爆发性水泻
Symptom,婴儿褐色或暗绿...
Symptom,牙齿缝隙大
Symptom,牙列拥挤
Symptom,牙缝增宽
Symptom,牙齿数目不足
Symptom,扁桃体肥大
Symptom,“老练”外貌
Symptom,心理伤害
Symptom,自我残伤行为
Symptom,宝宝缺乏安全感
Symptom,雾视
Symptom,虹视
Symptom,玻璃体内可见球形囊体
Symptom,眼前黑影
Symptom,非玻璃体的病变...
Symptom,瞳孔中能见到白色反光
Symptom,眼球调节功能减...
Symptom,中心暗点扩大
Symptom,眼裂歪斜
Symptom,眼部烧伤感
Symptom,先天性无虹膜
Symptom,晶状体皱缩
Symptom,受伤后易产生瘢痕
Symptom,蹼状瘢痕
Symptom,耳孔处长出的肿物
Symptom,角膜大小不等的...
Symptom,玻璃体有血迹
Symptom,眼底无红光反射
Symptom,眼胀
Symptom,耳前淋巴结肿大
Symptom,结膜异物
Symptom,眼部感染
Symptom,睑结膜的巨大乳头
Symptom,角膜上点状暗灰色混浊
Symptom,角膜上皮糜烂
Symptom,睑结膜硬而扁平的乳头
Symptom,角膜糜烂
Symptom,虹膜节段性萎缩
Symptom,迎风流泪
Symptom,绿色弱
Symptom,角膜灼伤刮伤
Symptom,睫状充血
Symptom,前房下方有红色血平面
Symptom,远视屈光度数增加
Symptom,外斜V征
Symptom,眼发胀、发干
Symptom,角膜干燥斑
Symptom,两眼干涩
Symptom,灰白色结节
Symptom,交叉注视
Symptom,斜眼抑制
Symptom,斜视性弱视
Symptom,耀光感
Symptom,结膜出血
Symptom,目痛
Symptom,碱烧伤
Symptom,虹膜蓝色
Symptom,泪腺发炎
Symptom,泪腺肿大
Symptom,晶状体突出
Symptom,漆裂样纹
Symptom,豹纹状眼底
Symptom,晶状体脱位或半脱位
Symptom,阿罗瞳孔
Symptom,近视弧
Symptom,近视
Symptom,角膜异物
Symptom,角膜瘘
Symptom,滴状角膜
Symptom,角膜晶状体粘连
Symptom,菱形-现象
Symptom,眼皮下垂
Symptom,眼睑部有明显的...
Symptom,目垢增多
Symptom,霰粒肿
Symptom,角结膜干燥症
Symptom,眼干涩酸胀，易疲劳
Symptom,眼睑闭合不全
Symptom,睑外翻
Symptom,眼睑痉挛
Symptom,睑结膜充血露出...
Symptom,生理盲点扩大
Symptom,下睑外翻
Symptom,结膜乳头增生
Symptom,愚型样睑裂歪曲
Symptom,鞍鼻
Symptom,角膜知觉减少
Symptom,角膜反射迟钝
Symptom,巨登伟
Symptom,虹膜发炎
Symptom,前额头痛
Symptom,泪膜消失
Symptom,眼睛刺痛
Symptom,老年性白斑
Symptom,视力视野改变
Symptom,咽部充血
Symptom,上睑黄白色小点
Symptom,眼睑呈紫红色
Symptom,眼睛红肿
Symptom,眼睑脓肿
Symptom,腮腺肿大
Symptom,睑缘呈横“S”形下垂
Symptom,瞳孔缘色素外翻
Symptom,展峰
Symptom,烂眼边
Symptom,老年人流泪多
Symptom,眼前冒火花或眼前闪光
Symptom,青光眼斑
Symptom,角膜有菌苔或溃疡
Symptom,Y-现象和菱形现象
Symptom,X-现象
Symptom,视力下降
Symptom,小儿青盲
Symptom,视野缩小
Symptom,眼压突然迅速升高
Symptom,器质性弱视
Symptom,读小字和辨色困难
Symptom,中心暗点或弓形暗点
Symptom,视网膜动脉阻塞
Symptom,视网膜Roth斑
Symptom,角膜树枝状改变
Symptom,眼球不同轴
Symptom,眼睑松弛
Symptom,上眼睑增厚松弛
Symptom,器质性神经损害
Symptom,眼球穿孔
Symptom,眼睑异物
Symptom,赫晓
Symptom,XV-现象
Symptom,XA-现象
Symptom,外斜A征
Symptom,眼球偏斜
Symptom,眼肌麻痹
Symptom,视近困难
Symptom,格子样变性
Symptom,代林彦
Symptom,眼球浮动现象
Symptom,瞳孔变形
Symptom,眼张不开
Symptom,眼嘴的细小皱纹
Symptom,额头皱纹突然增加
Symptom,带状疱疹样外观
Symptom,绿色盲
Symptom,生理性震颤
Symptom,缩瞳、眼睑下垂...
Symptom,眼球会聚功能麻...
Symptom,前庭反射消失
Symptom,眼球挫伤
Symptom,眦部缺损或眦缺损
Symptom,慢性湿疹样变
Symptom,角膜表面三角形胬肉
Symptom,对红绿颜色分辨不清
Symptom,废用性弱视
Symptom,鼻粘膜溃疡
Symptom,动脉出血
Symptom,咳巧克力色痰
Symptom,鼻腔前部出血
Symptom,挖鼻孔
Symptom,带血粘脓鼻涕
Symptom,鼻溢液
Symptom,深侧鼻塞
Symptom,蛙状鼻
Symptom,鼻甲肿胀
Symptom,舌苔厚腻
Symptom,鼻前庭部发痒
Symptom,鼻毛脱落
Symptom,鼻毛变白
Symptom,鼻黏膜溃疡
Symptom,鼻腔干燥及结痂
Symptom,鼻粘膜出血
Symptom,鼻痒
Symptom,鼻前庭皮肤红肿疼痛
Symptom,鼻子红血丝
Symptom,鼻黏膜可呈颗粒...
Symptom,鼻塞排出脓性或...
Symptom,吸气时鼻腔阻塞
Symptom,咽喉干燥充血
Symptom,咽部灼热疼痛
Symptom,咽部粘膜弥漫充血
Symptom,上颌窦囊肿
Symptom,脓鼻涕增多且不易擤尽
Symptom,清晨或上午头痛
Symptom,阵发性鼻塞
Symptom,增殖腺肥大
Symptom,鼻外部膨胀隆起
Symptom,间歇性鼻阻塞
Symptom,鼻粘膜肿胀
Symptom,扁桃体上有灰色膜
Symptom,外耳道疼痛
Symptom,鼓膜发红，耳后红肿
Symptom,耳道流血
Symptom,局部灼热
Symptom,软腭有疤痕
Symptom,血性耳漏
Symptom,鼻端出火
Symptom,鼻屎多
Symptom,鼻干
Symptom,鼻黏膜和鼻甲萎缩
Symptom,鼻干燥
Symptom,鼓膜瘢痕化
Symptom,立毛反射减弱
Symptom,鼻腔中后部出血
Symptom,牙疼
Symptom,耳廓红肿
Symptom,耳廓耳道撕裂伤
Symptom,耳廓腹侧面局限性囊肿
Symptom,耳廓变大
Symptom,喉鸣声
Symptom,喉头发紧
Symptom,喉部堵塞感
Symptom,咽喉及口内刺痒
Symptom,扁桃体充血肥大
Symptom,迟明华
Symptom,扁桃体变小而坚韧
Symptom,耳鼓膜穿孔
Symptom,喉咙冒黏液
Symptom,鼻咽异物
Symptom,鼻孔流脓
Symptom,喉咙痛
Symptom,会厌炎
Symptom,失音
Symptom,呼吸气为腐臭味
Symptom,耳后长包
Symptom,鼻唇沟发红皲裂
Symptom,鼻翼发红
Symptom,鼻端肥大
Symptom,鼻端弥漫性潮红
Symptom,鼻尖上翘呈马鞍状
Symptom,增殖体肥大
Symptom,面部叩击征
Symptom,眼皮跳
Symptom,不能持续睁眼
Symptom,神经性耳鸣
Symptom,脑干病变
Symptom,痛性红舌
Symptom,咽部慢性充血
Symptom,舌乳头增生
Symptom,晨起前额疼，午后减轻
Symptom,流黄鼻涕
Symptom,面痛
Symptom,咳出带臭味的干痂
Symptom,咽异感症
Symptom,重听
Symptom,耳垂过大
Symptom,耳流脓
Symptom,悬雍垂下垂
Symptom,喉部有痰
Symptom,鼻甲肥大
Symptom,淋巴滤泡增生
Symptom,刷牙时恶心
Symptom,喉部淋巴滤泡增生
Symptom,神经纤维过度生长
Symptom,耳廓擦伤
Symptom,气管处可听到异...
Symptom,进食过硬的食物...
Symptom,耳内流脓
Symptom,口臭
Symptom,化脓性腮腺炎
Symptom,耳堵
Symptom,耳屎多
Symptom,副耳
Symptom,听骨畸形
Symptom,鼻粘膜溃疡和萎缩
Symptom,鼻脓涕有臭味
Symptom,鼻甲萎缩
Symptom,鼻臭症
Symptom,耳痒
Symptom,外耳道癣
Symptom,耳围凹陷
Symptom,耳廓癣
Symptom,声带肥厚
Symptom,声带萎缩
Symptom,声音异常
Symptom,嗓音粗
Symptom,悬雍垂松弛细长
Symptom,声门短而窄
Symptom,鼻孔闭锁
Symptom,咽部肌肉运动障碍
Symptom,咽部苹果酱样结节
Symptom,喉头增大
Symptom,南康立
Symptom,视觉识别障碍性眩晕
Symptom,药物中毒
Symptom,异常鱼鳞癣
Symptom,扁平苔癣
Symptom,唇外翻
Symptom,兔唇
Symptom,唇腭裂
Symptom,口腔痛
Symptom,淋巴增生
Symptom,唇红干燥
Symptom,牙槽突型
Symptom,牙周袋形成
Symptom,裂腭
Symptom,儿童骨缺损
Symptom,牙齿呈黄色浅灰...
Symptom,牙齿上白垩色到...
Symptom,牙有伸长感及触痛
Symptom,牙龈痒胀
Symptom,色素异常
Symptom,泛发性红色斑块
Symptom,颌骨囊肿
Symptom,牙齿萌出异常
Symptom,口咸
Symptom,舌头溃疡
Symptom,口腔难愈的白色片状物
Symptom,口腔粘膜上白色...
Symptom,口腔黏膜白斑
Symptom,口腔黏膜纤维化
Symptom,咬嘴唇或舌
Symptom,睑裂狭小
Symptom,眶周水肿
Symptom,口腔黏膜脱落
Symptom,口痛
Symptom,舌苔发黑
Symptom,颌骨发育过度
Symptom,牙龈上发生黑线
Symptom,牙齿遇冷热痛
Symptom,牙体损伤
Symptom,牙龈萎缩
Symptom,牙齿颈部黄斑
Symptom,牙齿黑斑
Symptom,牙釉质腐蚀
Symptom,牙齿臭
Symptom,舌淡体胖
Symptom,炎性细胞浸润
Symptom,舌两侧边缘毛状白斑
Symptom,过早丧失咀嚼功能
Symptom,锁合畸形
Symptom,颌突畸形
Symptom,舌裂
Symptom,舌乳头消失
Symptom,舌下垂
Symptom,口腔念珠菌感染
Symptom,黏膜损害
Symptom,脉缓
Symptom,牙根外露
Symptom,牙龈长脓包
Symptom,牙的咀嚼磨损
Symptom,牙列稀疏
Symptom,假牙疼痛
Symptom,牙脱位
Symptom,牙齿数目过剩
Symptom,口腔唇系带粗大
Symptom,牙齿拥挤错位排列不齐
Symptom,牙齿小而稀疏
Symptom,牙齿发黑
Symptom,咬痛
Symptom,牙冠呈半透明乳光色
Symptom,新生儿绿牙或棕褐色牙
Symptom,牙齿小且无光泽
Symptom,咀嚼肌肥大
Symptom,结小
Symptom,缺智齿
Symptom,性欲减退
Symptom,前列腺分泌物含...
Symptom,睾丸胀痛
Symptom,睾丸触痛
Symptom,尿后滴沥
Symptom,脱肛
Symptom,精子凝集
Symptom,精子大头畸形
Symptom,精血不足
Symptom,指甲宽而短(宽...
Symptom,输精管堵塞
Symptom,死精子过多
Symptom,精子存活率低
Symptom,精子异常
Symptom,颧红盗汗
Symptom,身体“福态”
Symptom,性欲亢进
Symptom,尿道下裂
Symptom,尿液有白色沉淀物
Symptom,快感缺乏
Symptom,勃起时间短
Symptom,舌苔黄
Symptom,软产道异常
Symptom,产道扁平型狭窄
Symptom,临产后俯屈不良
Symptom,绝汗
Symptom,色汗
Symptom,脾胃湿热
Symptom,食管梗阻
Symptom,胃肠道排空表现
Symptom,情感麻痹
Symptom,过分地惊跳反应
Symptom,难入睡或易惊醒
Symptom,噩梦
Symptom,下半身无汗或少汗
Symptom,婴儿睡觉出汗
Symptom,压力和体位性多汗
Symptom,上半身热刺激性多汗
Symptom,胆道蛔虫症
Symptom,大疱（含脓性液体）
Symptom,耳后红斑
Symptom,气血失和
Symptom,圆形或卵圆形丘...
Symptom,缓脉
Symptom,多发性针尖样瘀点
Symptom,腭部可见小出血点
Symptom,疥疮
Symptom,丹毒样外观
Symptom,口、眼、生殖器损害
Symptom,口咽部水疱状损害
Symptom,“蝴蝶状”阴影
Symptom,创伤性湿肺
Symptom,肺实变
Symptom,无汗腺导管角质...
Symptom,胸片示肺内孤立结节
Symptom,呼气困难
Symptom,粘液腺体肥大
Symptom,反复发作的带状疱疹
Symptom,疱疹后神经痛
Symptom,鼻尖或鼻翼出现...
Symptom,被害妄想
Symptom,结核杆菌血行播散
Symptom,婴儿睡觉打鼾
Symptom,脑炎样改变
Symptom,手掌硬性水肿
Symptom,肾盂积水
Symptom,辗转体位
Symptom,肠麻痹软瘫
Symptom,下巴关节疼
Symptom,生长激素分泌过多
Symptom,阻塞性黄疸
Symptom,尿路结石
Symptom,胸腹呈矛盾运动
Symptom,腹壁广泛性钙质沉着
Symptom,肺中叶纤维灶
Symptom,梳头或洗头时头...
Symptom,头发枯黄稀疏
Symptom,普秃
Symptom,代树芳
Symptom,心室扑动
Symptom,Q-T间期延长
Symptom,小腿乏力
Symptom,膝后疼痛
Symptom,静脉血流滞缓
Symptom,腋窝痛
Symptom,胸壁疼痛
Symptom,小腿和踝关节周...
Symptom,肢端溃疡
Symptom,静脉出血
Symptom,静脉曲张性溃疡
Symptom,猜疑
Symptom,气道陷闭
Symptom,缺乏深睡眠
Symptom,炎性损害
Symptom,发作性咳嗽
Symptom,铅管样强直
Symptom,肢体或躯干姿势异常
Symptom,齿轮样强直
Symptom,震颤性肌强直，...
Symptom,异常矮小
Symptom,反复上呼吸道感染
Symptom,低射血分数
Symptom,心房游走性节律
Symptom,脉搏脱漏
Symptom,日常生活能力减...
Symptom,肢体僵硬感
Symptom,复杂性尿路感染
Symptom,外周血管减少
Symptom,粉红色泡沫样痰
Symptom,指甲营养障碍
Symptom,指甲细长
Symptom,先天性铜代谢障碍
Symptom,尿色酱红或呈酱油色
Symptom,血管内凝血
Symptom,脓毒性血栓
Symptom,无月经来潮
Symptom,冲动毁物
Symptom,儿童离别焦虑
Symptom,小指半月甲呈粉红色
Symptom,缺乏自控能力
Symptom,认知功能损害
Symptom,身痛
Symptom,体内水钠潴留
Symptom,消化道内毛石或...
Symptom,斑秃
Symptom,断毛癖
Symptom,“红光满面”
Symptom,促脉
Symptom,浮肿
Symptom,心肾阳虚
Symptom,无菌性赘生物
Symptom,头皮瘙痒剧烈并有血痂
Symptom,肌肉撞伤
Symptom,肌肉神经痛
Symptom,臀中肌损伤
Symptom,肌肉疼痛
Symptom,上腹及腰背部有...
Symptom,口齿不清
Symptom,附睾结石
Symptom,阴囊下坠
Symptom,颅骨骨折
Symptom,体循环淤血
Symptom,投掷动作(颤搐)
Symptom,伴皮膜粘膜出血
Symptom,分娩后甲状腺肿大
Symptom,看东西有小黑点
Symptom,眼内有异物感
Symptom,畏光及流泪
Symptom,声带麻痹
Symptom,食物下咽时颈部...
Symptom,吞咽发呛
Symptom,腰臀部广泛性疼...
Symptom,臀沟下垂状跛行步态
Symptom,臀中肌麻痹步态
Symptom,臀沟内似夹着异...
Symptom,偏执状态
Symptom,喜怒无常
Symptom,偏执性妄想
Symptom,认知功能障碍
Symptom,赔偿神经症
Symptom,漏斗骨盆
Symptom,临产后阵痛剧烈
Symptom,食道粘膜水肿充血
Symptom,油腻性鳞屑
Symptom,眼底发现黄斑呈...
Symptom,抗-HCVAg阳性
Symptom,头颈分离感
Symptom,排便不尽感
Symptom,胃肠道胀气
Symptom,吐黄水
Symptom,胃阳虚
Symptom,肝内胆管结石
Symptom,脑实质的浸润
Symptom,肋痛
Symptom,脑实质出血
Symptom,脑软化
Symptom,咬伤愈合的伤口...
Symptom,“三怕”(水声...
Symptom,反射性呕吐
Symptom,气机不畅
Symptom,耳后疼痛
Symptom,耳道流脓
Symptom,下垂乳房
Symptom,产后胸部下垂
Symptom,眼睛上火
Symptom,晒伤
Symptom,龟头瘙痒
Symptom,尿频伴尿急和尿痛
Symptom,绝经后白带增多
Symptom,赤白带下
Symptom,阴道粘连
Symptom,闫红梅
Symptom,频繁遗精
Symptom,月经前水肿
Symptom,经期缩短
Symptom,女性不孕
Symptom,输卵管迂曲
Symptom,多发性结节
Symptom,核分裂象增多
Symptom,肺含水量增加
Symptom,附睾囊肿
Symptom,月经时多时少且...
Symptom,月经期间腰疼
Symptom,耻区肿块
Symptom,下颌角外翻
Symptom,内斜A征
Symptom,嗜酒
Symptom,酒精性震颤
Symptom,惧站立，喜依托
Symptom,颈软不能抬头
Symptom,眼球垂直运动障碍
Symptom,横结肠息肉
Symptom,腱反射异常
Symptom,硬斑
Symptom,小儿流口水
Symptom,前庭性共济失调
Symptom,网状色素沉着斑
Symptom,岳军
Symptom,疣状增殖
Symptom,口唇出血
Symptom,绿色尿
Symptom,结肠袋半月襞消失
Symptom,溃疡外观呈菜花样
Symptom,类癌面红
Symptom,类癌综合征
Symptom,结节性硬化
Symptom,种植性结节
Symptom,痛性溃疡和渗出...
Symptom,脂肪瘤
Symptom,蜕膜反应
Symptom,盆腔坠痛
Symptom,脓血性白带
Symptom,手背长斑
Symptom,小儿脸上有白斑
Symptom,额部白斑
Symptom,色素沉着与色素减退
Symptom,面部白斑
Symptom,经期前乳房痛
Symptom,指纹皱瘪
Symptom,口唇泛黑
Symptom,睑结膜出现灰白色膜
Symptom,乳头脱皮
Symptom,甲下出血
Symptom,尿暗黑色
Symptom,肾寒
Symptom,盲袋阴道
Symptom,上列牙痛
Symptom,蚁走感
Symptom,剑突压痛
Symptom,重度贫血
Symptom,重度黄疸
Symptom,脐血
Symptom,假结核结节
Symptom,指（趾）麻木
Symptom,四肢远端麻木、...
Symptom,足背及胫后动脉...
Symptom,持续性尿蛋白
Symptom,舌体肥大
Symptom,血骨髓或痰涂片...
Symptom,间歇性寒颤
Symptom,良性反应性改变
Symptom,尿道口疼
Symptom,脓苔
Symptom,细菌性心内膜炎
Symptom,外阴白斑
Symptom,浑身酸痛
Symptom,外阴下坠感
Symptom,慢性静脉功能不全
Symptom,上腔静脉回流受阻
Symptom,静脉逗
Symptom,输尿管囊肿
Symptom,阴道口局部红肿热痛
Symptom,粘膜疹
Symptom,微炎症状态
Symptom,肾间质纤维化
Symptom,顽固性高血压
Symptom,阵发性狂笑
Symptom,言语凌乱
Symptom,神经质性格
Symptom,人格改变
Symptom,精神依赖性
Symptom,肺部或支气管周...
Symptom,肠道转运障碍
Symptom,吡咯烷及呱啶尿
Symptom,氨基酸尿症
Symptom,二羧基氨基酸尿
Symptom,二碱基氨基酸尿症
Symptom,肾血管畸形
Symptom,大阴唇或肛门大...
Symptom,阴部皮肤潮红
Symptom,外阴压痛
Symptom,代开明
Symptom,进行性消瘦
Symptom,阴茎龟头橡皮肿
Symptom,阴部溃疡
Symptom,口角和鼻周出现...
Symptom,唇水疱
Symptom,增生性瘢痕
Symptom,大腿毛细血管明显
Symptom,鲜红斑痣
Symptom,莦锵新
Symptom,杯状耳
Symptom,肝腹水
Symptom,牙龈肿痛
Symptom,黏膜白斑
Symptom,牙齿裂纹
Symptom,去质状态
Symptom,阴道溃疡
Symptom,乳白色尿
Symptom,内斜V征
Symptom,眼疲劳
Symptom,唇角脱屑
Symptom,嘴唇肿
Symptom,虚火牙痛
Symptom,齿龈增生
Symptom,小儿长牙发烧
Symptom,晋波
Symptom,反拗危象
Symptom,喉痒咳嗽
Symptom,喉咙溃疡
Symptom,血小板增多
Symptom,牙举欢
Symptom,门体侧支循环的形成
Symptom,呼气时胸口痛
Symptom,胸口痛
Symptom,胸前区疼痛
Symptom,打喷嚏时胸口疼
Symptom,粪便中发现白色节片
Symptom,指甲出现条纹或斑点
Symptom,凹陷瘢痕
Symptom,糖类皮质激素分泌过少
Symptom,眼睑震颤
Symptom,肾火旺
Symptom,肝肾阴虚
Symptom,腰酸背痛
Symptom,肝肾亏虚
Symptom,肝肾阳虚
Symptom,儿童期过度生长
Symptom,面部长癣
Symptom,头皮结痂
Symptom,头皮屑多
Symptom,永久性秃发
Symptom,腺体结节
Symptom,胃脘饱胀
Symptom,黑斑
Symptom,女阴会阴出现红...
Symptom,出血性丘疹
Symptom,肾小管萎陷
Symptom,味觉减退
Symptom,昼盲
Symptom,甲状旁腺机能减退
Symptom,发热伴眼睛充血
Symptom,遗传性出血性毛...
Symptom,乳腺小叶增生
Symptom,骨髓象左移现象
Symptom,异食癖
Symptom,病理性赌博
Symptom,抱癖
Symptom,立卧心率差数
Symptom,一过性心尖部收...
Symptom,纵隔囊肿
Symptom,蔷薇疹样皮疹
Symptom,血热
Symptom,表情恐惧症
Symptom,惊恐发作
Symptom,紧张性手抖
Symptom,性兴趣减退感
Symptom,烦热
Symptom,潮红潮热
Symptom,不协调性兴奋
Symptom,围产期心肌病变
Symptom,沮丧
Symptom,思维破裂
Symptom,术后急性精神障碍
Symptom,言语增多
Symptom,胸腰段背部或臀...
Symptom,睑内翻
Symptom,头胀痛
Symptom,重度痛
Symptom,失眠头痛
Symptom,口唇干燥
Symptom,黏液分泌亢进
Symptom,口角生疮
Symptom,唇干裂
Symptom,维生素B族缺乏
Symptom,阴囊瘙痒
Symptom,神经衰弱综合症
Symptom,尾部中线有细小...
Symptom,尾骨压痛及异常活动
Symptom,食管对称性膨大
Symptom,口角皲裂
Symptom,突然出现剧烈的腰痛
Symptom,急性溶血性尿毒综合征
Symptom,体位性震颤
Symptom,老人行动迟缓
Symptom,手的搓丸样动作
Symptom,新生儿震颤
Symptom,静止性震颤
Symptom,膨胀性萎缩纹
Symptom,眉间皱纹
Symptom,腹部皮肤出现白...
Symptom,胃区包块
Symptom,肩带肌、上肢和...
Symptom,肌肉出血
Symptom,硬下疳
Symptom,淋巴结充血
Symptom,菌尿
Symptom,革兰阴性杆菌感染
Symptom,鼻唇沟加深
Symptom,鸟嘴样尖鼻
Symptom,流鼻血
Symptom,脚底干裂
Symptom,多形红斑样皮疹
Symptom,搏动性耳鸣
Symptom,传导性耳鸣
Symptom,慢性肾损害
Symptom,食管下括约肌张力下降
Symptom,良性溃疡改变
Symptom,胃痉挛
Symptom,溃疡分泌物恶臭
Symptom,脑电波的改变
Symptom,血脑屏障通透性高
Symptom,癫痫的复杂部分性发作
Symptom,寂静腹
Symptom,胃肠扩张与脱肛
Symptom,小肠内的低pH
Symptom,继发性癫痫
Symptom,排卵期腹痛
Symptom,溃疡
Symptom,肢体增长、增粗过度
Symptom,痉挛性偏瘫步态
Symptom,骶骨裂
Symptom,下肢拖曳步态
Symptom,来鑫
Symptom,酒精性胃黏膜损伤
Symptom,心脏性猝死
Symptom,免疫功能障碍
Symptom,胃石形成
Symptom,脑室受压移位
Symptom,脑实质深部出血
Symptom,脑痉挛
Symptom,定位体征
Symptom,胃内压增加
Symptom,剧烈运动后哮喘
Symptom,小脑出血
Symptom,青少年白发
Symptom,骨蒸潮热
Symptom,禚炬
Symptom,溃疡外观呈火山口样
Symptom,髓鞘化延迟
Symptom,咽喉炎
Symptom,过早衰老
Symptom,面容憔悴早老
Symptom,前臂细小
Symptom,并指（趾）畸形
Symptom,巨脚
Symptom,拇外翻
Symptom,胸锁乳突肌肿大
Symptom,异型网织细胞
Symptom,中暑
Symptom,消耗性体重下降
Symptom,指(趾)甲脆软萎缩
Symptom,化学性皮肤灼伤
Symptom,紧脉
Symptom,肝气郁结
Symptom,老年人高粘血症
Symptom,精虚血弱
Symptom,先天性少白头
Symptom,脾湿
Symptom,退离休综合症
Symptom,顽固性失眠
Symptom,儿童恐怖障碍
Symptom,入睡幻觉
Symptom,风盛血燥
Symptom,牙齿结构异常
Symptom,睡觉时心跳加快
Symptom,“三偏”症
Symptom,血管性痴呆
Symptom,假性延髓性麻痹
Symptom,脑干损害体征
Symptom,微血管心绞痛
Symptom,腭异常
Symptom,颈椎分节异常
Symptom,骶尾部急性脓肿
Symptom,外斐氏试验阴性
Symptom,肾上腺转移
Symptom,手、足部厚壁水疱
Symptom,手足肿胀
Symptom,仪平
Symptom,类戒断反应
Symptom,维生素D中毒
Symptom,血管过敏性炎症
Symptom,系统性血管炎
Symptom,玫瑰疹
Symptom,竹节脊柱
Symptom,萎缩性痤疮
Symptom,下巴长痘
Symptom,恶病性痤疮
Symptom,脓疱性痤疮
Symptom,脓包型痘痘
Symptom,入睡困难
Symptom,幻听
Symptom,器质性精神障碍
Symptom,膝关节软弱无力
Symptom,膝盖撞伤
Symptom,打软腿
Symptom,醛固酮分泌增多
Symptom,延髓性麻痹
Symptom,卵巢缺如或发育不全
Symptom,输尿管扩张
Symptom,盆腔包块
Symptom,面部血管纤维瘤
Symptom,痘疮
Symptom,子宫颈变大
Symptom,子宫呈葫芦状
Symptom,手指冻肿
Symptom,气血凝滞
Symptom,指甲冻伤
Symptom,“冻僵”现象
Symptom,啤酒肚
Symptom,肝脂肪变
Symptom,霉菌感染
Symptom,颅脑损伤后头痛
Symptom,巨大颅骨缺损
Symptom,粘液便
Symptom,性早熟
Symptom,绝经后出血
Symptom,中耳和耳咽管纤毛异常
Symptom,耳内疼痛
Symptom,耳源性破伤风
Symptom,热痱
Symptom,脓痱
Symptom,小儿湿疹
Symptom,食欲异常
Symptom,情绪性失眠
Symptom,妊娠期高血压
Symptom,南建广
Symptom,眼睑外翻
Symptom,产后下腹坠痛或...
Symptom,血性恶露
Symptom,经期浮肿
Symptom,跌倒发作
Symptom,发作性傻笑
Symptom,痴笑
Symptom,运动气喘
Symptom,上半身代偿性多汗症
Symptom,面、颈部味觉性多汗
Symptom,交感神经高度紧张
Symptom,先兆流产
Symptom,难免流产或不可...
Symptom,足癣
Symptom,唇圆或椭圆形红斑
Symptom,淀粉样蛋白沉积
Symptom,超雌
Symptom,直腿伸踝试验阳性
Symptom,小腿发胀
Symptom,站立久后的浮肿
Symptom,小儿双下肢蜷曲
Symptom,浅静脉有一发红...
Symptom,迁徙性浅静脉血栓形成
Symptom,儿童抽动症
Symptom,喜讲秽语
Symptom,小孩频繁眨眼
Symptom,头皮坏死
Symptom,黏液尿
Symptom,腹股沟痒
Symptom,背部出现小水泡
Symptom,层状鱼鳞癣
Symptom,掌趾皮肤黄色角化物
Symptom,褐青斑
Symptom,胃食管反流症状
Symptom,食管腔狭窄
Symptom,肺动静脉瘘
Symptom,缺碘
Symptom,神经性厌食
Symptom,青春期身体发育缓慢
Symptom,口腔粘膜色素沉着
Symptom,呼吸窘迫综合症
Symptom,膀胱结石
Symptom,骶尾部窦道形成
Symptom,脓包
Symptom,脐湿
Symptom,腹部皮肤梅干样皱纹
Symptom,囊肿样改变
Symptom,囊肿壁薄且内含...
Symptom,糖类皮质激素分泌过多
Symptom,指甲呈现黑色
Symptom,甲身凹沟
Symptom,指甲变软或发生变形
Symptom,浅棕色斑点
Symptom,幻肢痛
Symptom,感觉倒错
Symptom,思维紊乱
Symptom,肛门直肠畸形
Symptom,直肠脱垂
Symptom,无胡须腋毛和阴毛
Symptom,精子稀少
Symptom,牙齿神经痛
Symptom,指甲很短
Symptom,脚趾甲内长
Symptom,指甲与肉分离
Symptom,指甲倒刺
Symptom,指甲嵌入肉
Symptom,掌跖角化过度
Symptom,足底脱皮
Symptom,饮酒性面红
Symptom,绝经期面红
Symptom,组胺性面红
Symptom,出现毒性颗粒
Symptom,角质增厚
Symptom,肾部积水现象
Symptom,巨输尿管症
Symptom,倒睫
Symptom,小儿曳足而行
Symptom,病理性黄疸
Symptom,耳孔处肿物
Symptom,尿中组织胺排泄增加
Symptom,先天性虹膜缺乏
Symptom,限局性巩膜膨隆肿物
Symptom,日轻夜重的瘙痒
Symptom,冬季皮肤瘙痒
Symptom,疥疮结节
Symptom,粟粒样丘疹
Symptom,疥疮恐惧
Symptom,手上有小水泡
Symptom,癫痫的全身强直...
Symptom,手表皮深处的水疱
Symptom,抽筋
Symptom,牙齿咬合无力
Symptom,牙齿颜色异常
Symptom,牙齿呈棕黑色
Symptom,化妆品的毛发损害
Symptom,眉毛变白
Symptom,腠理不固
Symptom,吸气时出现连枷胸
Symptom,逯长平
Symptom,妙存帅
Symptom,触觉失调
Symptom,眼球运动偏斜扭转
Symptom,不良建筑综合征
Symptom,骨骼停止发育
Symptom,口腔黏膜黄豆大...
Symptom,味觉异常
Symptom,喉管阻塞
Symptom,帕里诺眼-腺综合征
Symptom,气息异常
Symptom,腘动脉搏动减弱或消失
Symptom,疤痕处破损后出现溃疡
Symptom,乳头样增生变化
Symptom,风丘疹
Symptom,肋骨痛
Symptom,神经性耳聋
Symptom,骨痹
Symptom,风湿性血管炎
Symptom,腰背部有皮毛窦
Symptom,腹壁外侧包块...
Symptom,疝区的疼痛或坠胀感
Symptom,囟门跳动
Symptom,感染性鼻炎
Symptom,面部水肿
Symptom,阴唇融合
Symptom,汗毛过多
Symptom,少儿脊柱侧凸
Symptom,青少年脊柱侧凸
Symptom,注意力缺乏多动症
Symptom,颈髓完全性损伤
Symptom,痛觉与温度觉减...
Symptom,骨骼变形缩短
Symptom,手足发抖
Symptom,胃肠道功能不好
Symptom,颈动脉搏动减弱或消失
Symptom,心音及脉搏消失
Symptom,脑白质脱髓鞘
Symptom,大便黑绿色
Symptom,大便频繁
Symptom,上吐下泻
Symptom,大便色深
Symptom,尺动脉或桡动脉...
Symptom,细网状到斑片状...
Symptom,婴儿头皮结血痂
Symptom,婴儿湿疹
Symptom,背胀
Symptom,阴囊水肿
Symptom,一侧下腹坠痛
Symptom,卵巢萎缩
Symptom,Howship...
Symptom,闭孔神经损害
Symptom,小支气管痉挛
Symptom,刷牙出血
Symptom,巨脾症
Symptom,黏膜出现出血点
Symptom,慢性贫血
Symptom,肢体内翻
Symptom,手指不能屈伸
Symptom,胎痣
Symptom,四肢震颤
Symptom,视盘倾斜
Symptom,脉搏短绌
Symptom,背部长痘
Symptom,肚脐痒
Symptom,糖激素依赖
Symptom,逆向型房室折返...
Symptom,大腿内侧红斑
Symptom,手脚痒
Symptom,生理性肥胖
Symptom,输卵管肿块
Symptom,日晒斑
Symptom,手足皲裂
Symptom,指甲有红色或黑色斑点
Symptom,妊娠时皮肤皱褶...
Symptom,婴儿热痱
Symptom,淋巴阻塞
Symptom,胸腺缺如
Symptom,下肢红斑结节
Symptom,髌周指压痛
Symptom,髌后疼痛
Symptom,髌后捻发音
Symptom,小儿生理性贫血
Symptom,膝前疼痛
Symptom,鼻梁低
Symptom,尿胆原增加
Symptom,面部多毛
Symptom,短头畸形
Symptom,虹膜异色
Symptom,发热伴出血
Symptom,肿瘤性脱发
Symptom,膝腱反射消失
Symptom,食管出血
Symptom,无晶状体眼
Symptom,颌小
Symptom,食管气管瘘
Symptom,血虚
Symptom,视野向心性缩小
Symptom,髋关节积液
Symptom,附睾肿大发硬
Symptom,食管溃疡
Symptom,大量皮肤脱屑
Symptom,阴茎损伤
Symptom,心音微弱
Symptom,软组织感染
Symptom,脐带感染
Symptom,睡眠中周期性腿动
Symptom,两条腿不一样长
Symptom,骨痒
Symptom,脑桥小脑角综合征
Symptom,糙皮病样皮疹
Symptom,股二头肌损伤
Symptom,膀胱残余尿量增多
Symptom,纤毛结构缺陷
Symptom,小儿进食易呕吐
Symptom,粪便中排出的粪...
Symptom,过荣华
Symptom,肝气犯脾
Symptom,酮尿
Symptom,新生儿便秘
Symptom,怪异步态
Symptom,节段性肌张力障碍
Symptom,心脑血管意外
Symptom,流清涕
Symptom,胸式呼吸
Symptom,小儿痒疹
Symptom,失用步态
Symptom,慌张步态
Symptom,闭眼站立不能
Symptom,癔症步态
Symptom,苑玉梅
Symptom,鼻翼两侧脱皮
Symptom,婴儿头皮有黄色结痂
Symptom,表皮全层坏死及...
Symptom,胸部大片斑块
Symptom,眼底黄斑部的樱...
Symptom,喉弥漫性黏膜肥...
Symptom,虎眼征
Symptom,心前区隆起
Symptom,浆液脓性分泌物
Symptom,臀肌挛缩
Symptom,产褥期躁狂状态
Symptom,产褥期幻觉妄想状态
Symptom,产褥期谵妄状态
Symptom,病理性纵火
Symptom,指(趾)甲缺失
Symptom,婴儿睡觉前哭闹
Symptom,排水样血性大便
Symptom,镇静药中毒
Symptom,决断困难感
Symptom,气郁体质
Symptom,产后极端行为
Symptom,思虑伤脾
Symptom,鼠疫样皮损
Symptom,脉速而无力
Symptom,心境不良
Symptom,自杀行为
Symptom,哭泣样尖叫
Symptom,无助感
Symptom,愉快感缺乏
Symptom,阵发性子宫收缩
Symptom,产力异常
Symptom,类人猿型骨盆
Symptom,无宫缩间歇
Symptom,对生活丧失兴趣
Symptom,肠管变形
Symptom,阵发性或强直性惊厥
Symptom,眨眼不止
Symptom,摇头转颈
Symptom,新生儿呕血和便血
Symptom,腹股沟处或闭孔处肿胀
Symptom,神经官能症状
Symptom,嗜红细胞综合征
Symptom,行为动作幼稚愚蠢
Symptom,依赖公式化
Symptom,耳朵位置低
Symptom,小指单一褶纹
Symptom,喃喃重复自语
Symptom,模仿言语
Symptom,脸部疼痛
Symptom,桥脑梗塞
Symptom,躯体性疾病所致...
Symptom,额叶癫痫的“击...
Symptom,倒地笑
Symptom,发作时精神障碍
Symptom,发作间精神障碍
Symptom,发作后精神障碍
Symptom,嗳气时有腐败鸡...
Symptom,重度精神发育迟滞
Symptom,轻度精神发育迟滞
Symptom,心理年龄小于生理年龄
Symptom,中度精神发育迟滞
Symptom,粪便中见到褐红...
Symptom,血清铜氧化酶吸...
Symptom,哭笑失常
Symptom,病理性偷窃
Symptom,思维控制异常
Symptom,毫无情感反应
Symptom,心理老化
Symptom,意识朦胧状态
Symptom,精神创伤
Symptom,类偏狂
Symptom,子宫下垂
Symptom,子宫收缩不良
Symptom,精神活性物质所...
Symptom,恋爱挫折综合征
Symptom,毒品依赖
Symptom,精神过敏
Symptom,鼻翼长痘
Symptom,排便时间过长
Symptom,鼻头长痘
Symptom,小儿便秘
Symptom,大便成颗粒
Symptom,考试焦虑
Symptom,血清酶学改变
Symptom,顺行性遗忘
Symptom,一过性全面性遗忘
Symptom,逆行性遗忘
Symptom,间歇性失忆
Symptom,脑器质性精神障碍
Symptom,身体摇晃征
Symptom,无痛性阴囊内肿块
Symptom,肺动脉瓣区可听...
Symptom,末指短小向内弯...
Symptom,岳嗣凤
Symptom,阴道排出碎块组织
Symptom,自发性流产
Symptom,完全流产
Symptom,溶骨性损害
Symptom,嗜酸细胞增加
Symptom,违拗症
Symptom,无目的咀嚼舐唇
Symptom,控制能力丧失
Symptom,弥漫性鼓音
Symptom,乳房巨大
Symptom,胃寒疼痛
Symptom,酒精依赖
Symptom,酒精性幻觉症
Symptom,复杂性醉酒
Symptom,病理性醉酒
Symptom,狂笑
Symptom,精神运动性兴奋
Symptom,骨增粗
Symptom,喉结增大
Symptom,“淡漠型”甲亢
Symptom,呛奶
Symptom,脑干出血
Symptom,脑室出血
Symptom,手肌肉萎缩
Symptom,手臂肌肉拉伤
Symptom,小腿肌肉萎缩
Symptom,面肌萎缩
Symptom,重症肌无力
Symptom,舌震颤
Symptom,捕蝇舌征
Symptom,节律性刻板重复...
Symptom,社交恐惧
Symptom,尿道内虫咬感或...
Symptom,尿酸结晶
Symptom,儿童恐怖症
Symptom,异位妊娠
Symptom,耳轮发育不全
Symptom,纵沟短
Symptom,肺动脉闭锁
Symptom,迷恋足部或鞋袜
Symptom,对女性物品的非...
Symptom,男型骨盆
Symptom,头盆不称
Symptom,心理性性功能障碍
Symptom,灌肠癖
Symptom,南晓
Symptom,颅面骨畸形
Symptom,克汀病面容
Symptom,频繁发笑
Symptom,钙离子内流
Symptom,闪回
Symptom,乳房早发育
Symptom,乳房或乳头未发育
Symptom,诉讼狂
Symptom,偏执型人格障碍
Symptom,乳房硬化
Symptom,耻骨直肠肌痉挛性肥大
Symptom,剧痒的疣状结节
Symptom,机械地重复周围...
Symptom,分裂型人格障碍
Symptom,儿童行动迟缓
Symptom,口干
Symptom,自觉汗臭
Symptom,腋窝有异味
Symptom,多汗且臭味较浓
Symptom,口舌生疮
Symptom,冲动型人格障碍
Symptom,社交敏感性障碍
Symptom,表演型人格障碍
Symptom,岳素荣
Symptom,胸腰椎损伤
Symptom,胸段或腰段脊髓伤
Symptom,对声音敏感
Symptom,浅眠
Symptom,下肢神经性疼痛
Symptom,消瘦严重者呈”...
Symptom,角膜脱落
Symptom,眼底异常
Symptom,新生儿嗜睡
Symptom,发作性嗜睡和食欲亢进
Symptom,意向性震颤
Symptom,晚霞样或夕照样眼底
Symptom,瞳孔固定
Symptom,内毒素血症
Symptom,点状痤疮
Symptom,月经期长痘
Symptom,面部脂肪粒
Symptom,乳头肥大
Symptom,缺乏性的兴趣和...
Symptom,电脑失写症
Symptom,指甲厚脆且多裂纹
Symptom,指甲干瘪
Symptom,“鸭步”步态
Symptom,静脉侧支循环建立
Symptom,女性腰骶生理性...
Symptom,Korsako...
Symptom,外伤性遗忘症
Symptom,分离性漫游症
Symptom,完全性遗忘症
Symptom,分离性遗忘
Symptom,睡瘫症
Symptom,丧偶后适应性障碍
Symptom,功能性头痛
Symptom,反复发作抑郁症
Symptom,思考困难感
Symptom,躁郁样
Symptom,急性呼吸窘迫综合征
Symptom,躁狂与昏睡交替
Symptom,疑病症
Symptom,尿锰粪锰
Symptom,神经症性反应
Symptom,假笑
Symptom,卵泡黄素化
Symptom,雌激素不足
Symptom,以偷窥为快感源...
Symptom,复听
Symptom,手脚冰凉
Symptom,弱脉
Symptom,小腹冷痛
Symptom,情感暴发
Symptom,自恋
Symptom,身体变形障碍
Symptom,性发育慢
Symptom,骨龄延迟
Symptom,交替性暴食厌食
Symptom,婴儿过胖
Symptom,闭目难立征
Symptom,晶状体膨胀增大
Symptom,瞳孔变白
Symptom,阴囊潮湿有异味
Symptom,小儿尿血
Symptom,小便恐惧
Symptom,尿道口粘连
Symptom,肺容量减小
Symptom,肺气压伤
Symptom,小儿剧烈咳嗽
Symptom,阴囊脱皮
Symptom,股部内侧靠近阴...
Symptom,颈部不稳感
Symptom,精液稠
Symptom,选择性缄默症
Symptom,腹股沟区可复性肿块
Symptom,发育性畸形
Symptom,浑身发冷
Symptom,寒气重
Symptom,四肢酸痛无力
Symptom,病毒性腹泻
Symptom,侵蚀性水疱
Symptom,胃肠气胀
Symptom,股神经损害
Symptom,脊柱前突变直局部叩痛
Symptom,转氨酶增高
Symptom,肾性糖尿
Symptom,外阴鳞状上皮疣状增生
Symptom,阴茎表浅性溃疡
Symptom,静脉栓塞
Symptom,微血栓形成
Symptom,喉肌无力
Symptom,对称性肌无力
Symptom,瓣膜小叶增厚
Symptom,主动脉瓣上膈膜型狭窄
Symptom,岳亮
Symptom,甲胎蛋白增高
Symptom,肝区血管杂音
Symptom,胰腺内钙化
Symptom,眼睑畸形
Symptom,四肢畸形
Symptom,肝大
Symptom,腹部型肥胖
Symptom,蠕动感
Symptom,眼前冒金花
Symptom,直立性低血压晕厥
Symptom,肺受累
Symptom,主动脉弓右位
Symptom,主动脉弓迂曲
Symptom,身体下部短于上部
Symptom,新生儿打嗝
Symptom,腭部有黑色焦痂
Symptom,潜在中毒
Symptom,注视快速运动的...
Symptom,弥漫性出血
Symptom,耳内发胀
Symptom,额叶癫痫的眶额区发作
Symptom,神经元移行异常
Symptom,言语自动症
Symptom,额叶癫痫岛盖发作
Symptom,癫痫伴发的神经症
Symptom,阵发性痴笑
Symptom,走动性自动症
Symptom,产后腰痛
Symptom,恐风
Symptom,X型腿
Symptom,闫新慈
Symptom,过渡区R波递增不良
Symptom,病理性Q波
Symptom,眼眶缩小
Symptom,疤痕奇痒
Symptom,疤痕增生
Symptom,疤痕体质
Symptom,疤痕萎缩凹陷
Symptom,凹陷性疤痕
Symptom,浅表性疤痕
Symptom,尿黑酸
Symptom,小腿瘙痒干燥
Symptom,川字纹
Symptom,中枢性耳聋
Symptom,血管壁及周围有...
Symptom,不完全性房内阻滞
Symptom,耳郭突出
Symptom,体内湿热
Symptom,痰中或可找到蛔...
Symptom,耳冻伤
Symptom,耳道划伤
Symptom,胸椎疼痛
Symptom,肢端接连出现苍...
Symptom,粘膜增生性炎症
Symptom,肾源性水肿
Symptom,腰脊椎疼痛
Symptom,苟飞
Symptom,血液改变
Symptom,自动症
Symptom,黏液囊肿
Symptom,眼前异常闪光，...
Symptom,肺动脉瓣狭窄杂音
Symptom,肺动脉杂音
Symptom,心音异常
Symptom,腹壁红斑
Symptom,颈动脉窦性晕厥
Symptom,血管迷走性晕厥
Symptom,过度换气引起晕厥
Symptom,右侧束支传导阻滞
Symptom,肾盏变钝
Symptom,肾盏结石
Symptom,脑神经麻痹
Symptom,小儿干咳
Symptom,鼻煽
Symptom,逸搏出现
Symptom,乳糜尿
Symptom,用药过程中出现...
Symptom,无嗅脑
Symptom,悬垂型心脏
Symptom,前囟张力增高
Symptom,额叶癫痫的前额...
Symptom,手势性自动症
Symptom,频繁呕吐及便秘
Symptom,大腿外侧痛
Symptom,颈椎间盘退变
Symptom,牟连芳
Symptom,C
Symptom,颈性高血压
Symptom,门诊高血压
Symptom,瘤块压迫
Symptom,头昏眼花
Symptom,足背部肿胀
Symptom,迟强强
Symptom,神经性尿频
Symptom,婴儿枕秃
Symptom,冠状动脉供血不足
Symptom,两肺满布粟粒状阴影
Symptom,掌骨和跖骨短
Symptom,人格解体
Symptom,视物变小
Symptom,心脏骤停
Symptom,夜间肩痛
Symptom,阴雨天颈肩背部酸痛
Symptom,颅缝过早闭合
Symptom,尖头并指
Symptom,一咳嗽胸口就疼
Symptom,气管和纵隔移位
Symptom,睡行症
Symptom,肺内病变
Symptom,吸吮反射阳性
Symptom,咽反射亢进
Symptom,妊娠后期水肿
Symptom,角栓
Symptom,网球肘
Symptom,肩部劳损
Symptom,长骨粗大
Symptom,婴儿步行晚
Symptom,脸颊出现红血丝
Symptom,瞳孔不对称
Symptom,肋骨融合
Symptom,颈椎关节的根性疼痛
Symptom,长头巨脑
Symptom,心率不齐
Symptom,大腿内侧痛
Symptom,指节增粗
Symptom,抗利尿激素(A...
Symptom,胃纳差症状
Symptom,栓塞性肾炎
Symptom,肾动脉狭窄
Symptom,肠梗死
Symptom,骨裂
Symptom,心包缩窄
Symptom,电生理异常
Symptom,肌纤维颤搐
Symptom,放射后的臂丛神...
Symptom,舌咽神经损伤
Symptom,恐水症
Symptom,肺积水
Symptom,小儿尿色发蓝
Symptom,商建磊
Symptom,脑动脉痉挛
Symptom,胎儿生长发育迟缓
Symptom,性腺发育不良
Symptom,唾液腺肿大
Symptom,肝糖异生增加
Symptom,肺下叶周围呈节...
Symptom,肺门增宽
Symptom,咽部有散在灰白...
Symptom,肥胖并痛性结节...
Symptom,弥漫性脂肪变性
Symptom,肥胖前期
Symptom,顽固性肥胖
Symptom,颅底畸形
Symptom,三角头畸形
Symptom,胎儿酒精影响
Symptom,氰化物烧伤及合并中毒
Symptom,鼠尾征
Symptom,反复发作性头痛
Symptom,尿中雌激素增高
Symptom,小肠危象
Symptom,脊髓出血
Symptom,贪食
Symptom,两眼上视障碍
Symptom,出血利坏死
Symptom,灼痛
Symptom,食管下段静脉曲张
Symptom,血沉增速
Symptom,儿童胸廓变形
Symptom,肝气犯胃
Symptom,腰背部窦道
Symptom,眼面痛
Symptom,血清免疫球蛋白可升高
Symptom,血离脉络
Symptom,肝缩小
Symptom,不宁腿综合征
Symptom,呼吸气为尿臭味
Symptom,指甲-骨四联征
Symptom,耳垂小
Symptom,肾结晶
Symptom,下肢肌肉瘫痪
Symptom,脊髓缺血
Symptom,免疫损害
Symptom,泪腺囊肿
Symptom,酒精中毒性偏执状态
Symptom,情感倒错
Symptom,酒精中毒性嫉妒妄想
Symptom,女性性早熟
Symptom,模仿性自动症
Symptom,掌纹atd角大...
Symptom,癫痫持续发作
Symptom,病理性赘述
Symptom,腿脚抽筋
Symptom,波动性听力减退
Symptom,耳骨外翻
Symptom,上呼吸道卡他症状
Symptom,肺泡出血
Symptom,血管炎
Symptom,睫毛掉落
Symptom,卵巢性多毛
Symptom,腰骶部皮肤多毛...
Symptom,佟靓
Symptom,妊娠时出现的多毛
Symptom,半侧面部发育不良
Symptom,脑白质萎缩
Symptom,舌肌麻痹
Symptom,巨指(趾)
Symptom,尿中持续性排钠
Symptom,去大脑强直
Symptom,婴儿喂养困难
Symptom,部位不定的疼痛
Symptom,心理年龄大于生理年龄
Symptom,阴毛早发育
Symptom,婴儿黑头粉刺
Symptom,粪类圆线虫病
Symptom,下肢呈剪刀步态
Symptom,骨缝分开
Symptom,化脓结痂
Symptom,看东西有重影
Symptom,产褥感染
Symptom,先天性弓形体
Symptom,鼻前庭囊肿
Symptom,阴唇发黑
Symptom,手指甲周围起皮
Symptom,眼底樱桃红斑
Symptom,脑缺血灶
Symptom,一过性脑缺血
Symptom,醉汉步态
Symptom,内分泌功能亢进
Symptom,脆性X综合征
Symptom,输精管疼痛
Symptom,唾液粘稠
Symptom,口腔出血
Symptom,口腔起泡
Symptom,摸空症
Symptom,睾丸一大一小
Symptom,幻味
Symptom,眼裂细小
Symptom,眼睑肥厚
Symptom,骨骺提前闭合
Symptom,肥达反应阳性
Symptom,下肢无力
Symptom,腰长骨刺
Symptom,十二指肠狭窄
Symptom,露出骨头的骨折
Symptom,口唇泛红
Symptom,进行性肌麻痹
Symptom,韧带扭伤
Symptom,手指扭伤
Symptom,手掌及足趾皮肤...
Symptom,腕枪刺状畸形
Symptom,耳垂粘连
Symptom,脊肋角膨隆
Symptom,冠状动脉窃血现象
Symptom,维生素B12吸收不良
Symptom,胸腹壁浅在条索...
Symptom,阑尾腔闭塞
Symptom,血栓外痔
Symptom,上腹囊性肿块
Symptom,阑尾周围脓肿
Symptom,真皮侵袭性生长
Symptom,耳下区的韧实肿块
Symptom,丘疹性痤疮
Symptom,持物不稳
Symptom,口中有金属甜味
Symptom,肺部化脓性感染
Symptom,涂明
Symptom,交叉腿
Symptom,腹直肌触及边界...
Symptom,下腹剧痛并渐向...
Symptom,亢丽芳
Symptom,女性第二性征消失
Symptom,抗卵巢抗体阳性
Symptom,伤口形成一个搏...
Symptom,低烧
Symptom,持续低烧
Symptom,阴道异味
Symptom,胎儿宫内发育迟缓
Symptom,足部坏疽
Symptom,枕横位入盆
Symptom,婴儿臀部红
Symptom,肝淀粉样变性
Symptom,小儿发热
Symptom,脸部大小不一
Symptom,肝气犯肺
Symptom,初生婴儿即出现...
Symptom,长骨骨骺端钙化不全
Symptom,瞳孔大小不等
Symptom,上腹弥漫性压痛
Symptom,萌牙延迟
Symptom,栓状齿
Symptom,耳道堵塞
Symptom,开放性神经管缺陷
Symptom,腹围增大
Symptom,假菊形团结构
Symptom,眶周青紫
Symptom,病理性听觉适应
Symptom,肿瘤钙化
Symptom,气道变窄
Symptom,数目较多的咖啡牛奶斑
Symptom,先天性骨发育不良
Symptom,眶周瘀斑
Symptom,贪食行为
Symptom,尿糖
Symptom,小儿疳积
Symptom,体象障碍
Symptom,脾紫癜
Symptom,紫癜
Symptom,声带老化
Symptom,无运动或感觉障...
Symptom,复聪现象
Symptom,耳蜗性耳聋
Symptom,面部半球形蓝黑色结节
Symptom,招风耳
Symptom,听阈上升
Symptom,肛门有黑色肿块脱出
Symptom,信息成瘾
Symptom,豆瑞克
Symptom,慢性肾衰竭
Symptom,舌体深裂
Symptom,口干舌燥
Symptom,舌干苔厚
Symptom,脸色发黑
Symptom,龟头珍珠疹
Symptom,珍珠丘疹
Symptom,胸骨后异物阻塞...
Symptom,对听、视、触觉...
Symptom,精子不液化
Symptom,精囊增大
Symptom,精液量多
Symptom,生殖器外伤
Symptom,精液带血
Symptom,精子活力低
Symptom,血浆胆固醇水平高
Symptom,精囊缩小
Symptom,精神变态
Symptom,枕大神经痛
Symptom,外阴呈幼稚型无阴毛
Symptom,阴道流出黄色或...
Symptom,慢性盆腔痛
Symptom,输卵管肿大
Symptom,阴囊起疙瘩
Symptom,阴囊上有白色小疙瘩
Symptom,右心室流出道
Symptom,吮乳困难
Symptom,兰红霞
Symptom,耐热力降低
Symptom,手凉
Symptom,巨痕症
Symptom,肾小球体积增大
Symptom,小儿咳嗽
Symptom,蚊虫刺咬炎症
Symptom,健康线异常
Symptom,反复感冒
Symptom,血管痉挛
Symptom,上半身消瘦，下...
Symptom,汗出如油
Symptom,躯体或颜面某一...
Symptom,排出结石
Symptom,反复发烧
Symptom,甲周炎
Symptom,指(趾)甲横断
Symptom,凹甲
Symptom,脚气
Symptom,无名指半月甲呈粉红色
Symptom,冻结肩
Symptom,下唇肿胀外翻
Symptom,嘴角降肌发育不良
Symptom,呼正江
Symptom,囟门闭合晚
Symptom,脚脱皮
Symptom,出脚汗
Symptom,脚痒
Symptom,舌苔薄白
Symptom,脾虚
Symptom,小脑畸形
Symptom,乳酸蓄积过多
Symptom,足背动脉搏动消失
Symptom,泪腺不发达
Symptom,泪道阻塞
Symptom,髂窝部疼痛
Symptom,伸膝障碍
Symptom,酒糟鼻
Symptom,横纹肌溶解
Symptom,小腿内侧感觉丧失
Symptom,股前内侧及小腿...
Symptom,以头昏为主的眩晕
Symptom,意识短暂中断
Symptom,中度昏迷
Symptom,脚后跟裂
Symptom,手脱皮
Symptom,股前外侧麻木、蚁行感
Symptom,手足长水泡
Symptom,烫伤后汗腺受损
Symptom,烫伤水泡破了
Symptom,烫伤起泡
Symptom,血虚脱发
Symptom,产后脱发
Symptom,汗腺分泌体味
Symptom,腋部掌心出汗
Symptom,郏帮芹
Symptom,股沟及大腿内侧...
Symptom,大腿内侧瘙痒
Symptom,睑结膜泪阜区灰...
Symptom,碰撞后皮肤容易青紫
Symptom,南慧
Symptom,肢端角化
Symptom,角质化
Symptom,新生儿贫血
Symptom,髓质海绵肾
Symptom,蜘蛛指
Symptom,肢体障碍
Symptom,椎前旁软组织肿...
Symptom,婴儿湿疹结痂
Symptom,继发性痛经
Symptom,自我定向障碍
Symptom,PAS染色阳性
Symptom,夹层血肿
Symptom,手足脱皮
Symptom,药物依赖
Symptom,癌细胞逆行播散
Symptom,腋窝多汗
Symptom,掌跖多汗
Symptom,下肢感应痛或放...
Symptom,眼球上翻并固定
Symptom,小儿维生素D缺乏
Symptom,非怀孕的下腹增大
Symptom,小脑-视网膜综合征
Symptom,龟头溃疡
Symptom,囊样斑块
Symptom,尿黄似浓茶
Symptom,肢体发凉
Symptom,臀部疼痛
Symptom,豆瑞
Symptom,手掌和足底角化伴多汗
Symptom,半年或1岁以后...
Symptom,酪氨酸血症
Symptom,小腿以下缺血
Symptom,频繁性惊醒
Symptom,产后极度虚弱
Symptom,产后乳房萎缩
Symptom,体毛脱落
Symptom,阴道脓性分泌物
Symptom,肺外症状
Symptom,老人便秘
Symptom,经期便血
Symptom,失声
Symptom,肠淤滞
Symptom,老年人非病变性...
Symptom,足趾痛
Symptom,褐色尿
Symptom,新生儿少哭
Symptom,新生儿少吃
Symptom,小颌
Symptom,眼外肌运动无力
Symptom,雄激素过多
Symptom,胚胎停止发育
Symptom,胚胎发育障碍
Symptom,拇指征
Symptom,孕妇腿抽筋
Symptom,闫利霞
Symptom,新生儿皮肤褶皱
Symptom,妊娠痒疹
Symptom,溃疡外观呈虫蚀样
Symptom,小儿声带损伤
Symptom,声门水肿
Symptom,黏膜干燥
Symptom,子宫呈横椭圆形
Symptom,胎势异常
Symptom,右室肥厚
Symptom,酒精过敏
Symptom,耳根部疼痛
Symptom,婴儿肋骨外翻
Symptom,虹膜新生血管与...
Symptom,指尖边缘指甲有凹陷
Symptom,闫肇良
Symptom,奔马律心音
Symptom,孕妇胸闷气短
Symptom,妊娠纹
Symptom,结脉
Symptom,早搏
Symptom,食管壁纤维化
Symptom,肋间隙可有压痛
Symptom,阑尾脓肿
Symptom,血尿伴排尿不畅
Symptom,年轻人的眼袋
Symptom,指甲夹伤
Symptom,室性早搏
Symptom,心室纤颤
Symptom,骨及软组织肥大
Symptom,骶尾椎融合
Symptom,被动体位
Symptom,藏毛窦
Symptom,膀胱膨隆
Symptom,挛缩性瘢痕
Symptom,血管神经性水肿
Symptom,牙齿较小呈半透明状
Symptom,牙齿形态异常
Symptom,耳垂缺损
Symptom,小儿明显瘦小
Symptom,持续性弛张热
Symptom,器质性木僵
Symptom,均小型狭窄
Symptom,尿内出现蛋白及管型
Symptom,尿液氨水味
Symptom,集合管或乳头弥...
Symptom,尿道口有白膜形成
Symptom,癫痫性头痛
Symptom,听不懂别人及自...
Symptom,颈部皱纹多
Symptom,胸椎侧弯
Symptom,吞咽干食物时胸...
Symptom,唇厚舌大
Symptom,头大畸形
Symptom,鼻孔朝天或鼻孔前倾
Symptom,药物过敏反应
Symptom,新生儿脐部出血
Symptom,脐疮
Symptom,脐轮红肿
Symptom,脐窝内有肉芽组织增生
Symptom,拥抱反射减弱或消失
Symptom,舌质红绛
Symptom,妊娠期的生理变化
Symptom,停经并溢乳
Symptom,胸部挫伤
Symptom,持续的肌肉收缩
Symptom,血清甲胎蛋白升高
Symptom,遗传性果糖不耐受
Symptom,外伤性低位截瘫
Symptom,髋外侧酸胀
Symptom,椎节后缘有骨刺形成
Symptom,腰椎椎管狭窄
Symptom,脊神经压迫
Symptom,摸索反射
Symptom,胫前指压性水肿
Symptom,乙肝表面抗体（...
Symptom,纸样胎儿
Symptom,脑白质偏少
Symptom,脑白质稀疏
Symptom,脊髓性间歇破行
Symptom,闫未娟
Symptom,胸部紧迫或束带感
Symptom,口酸
Symptom,热痰口臭
Symptom,食积口臭
Symptom,口涩
Symptom,口淡无味
Symptom,虚热口臭
Symptom,胃火口臭
Symptom,颈部缺血性跳痛
Symptom,肩膀酸疼
Symptom,颈交感链受累
Symptom,挑剔嘴
Symptom,胃肠感冒
Symptom,局部皮肤变紧
Symptom,手部震颤
Symptom,佟玉涛
Symptom,瞳孔放大
Symptom,眼球斑点
Symptom,唾液及汗液减少
Symptom,泪液、唾液及汗...
Symptom,中度痛
Symptom,上呼吸道和口腔...
Symptom,沟裂增宽
Symptom,匐行疹
Symptom,腿脚浮肿
Symptom,蔗糖-异麦芽糖...
Symptom,海藻糖酶缺乏
Symptom,角膜中央后部典...
Symptom,肾痛
Symptom,肺性肥大
Symptom,肛门外翻
Symptom,腹满
Symptom,阴道持续流血不停
Symptom,外貌苍老
Symptom,无瘙痒，无肝胆...
Symptom,脊髓的浸润
Symptom,痉挛性截瘫期
Symptom,足跟蓝黑色或黑色斑点
Symptom,大便异常
Symptom,腰部缓慢增大的软肿块
Symptom,角形甲弧影
Symptom,轻压指甲，指头...
Symptom,髌骨缺失或发育不良
Symptom,臀部可触及上移...
Symptom,咽部和喉部危象
Symptom,女性体毛多
Symptom,下背部僵硬和疼痛
Symptom,狭窄骨盆
Symptom,产道血肿
Symptom,口齿含糊
Symptom,急性非化脓性一...
Symptom,舌位于口腔底不能外伸
Symptom,无痛性口腔溃疡
Symptom,乳腺肥大
Symptom,乳头瘙痒
Symptom,夜间咳嗽
Symptom,椎间盘脱出
Symptom,肤色赤红
Symptom,手指甲有白色斑点
Symptom,血崩
Symptom,女性周期性鼻塞和鼻衄
Symptom,淋巴结节
Symptom,眼缺陷
Symptom,指鼻不准
Symptom,指骨节肥大
Symptom,状颅皮
Symptom,额横纹增深
Symptom,苑长青
Symptom,运动性疲劳
Symptom,岔气
Symptom,偏侧空间忽略症
Symptom,运动性忽略症
Symptom,偏侧不注意
Symptom,垂直性忽略症
Symptom,髓性纤维化
Symptom,坏疽脓皮
Symptom,眼球内积脓而失明
Symptom,经常说梦话
Symptom,心脏复苏
Symptom,心脏重量增加
Symptom,脱症
Symptom,产后抑郁
Symptom,褪黑色素增多
Symptom,局部可摸到肌腹...
Symptom,灾难反应
Symptom,发作性睡眠
Symptom,自动Babin...
Symptom,T波低平或倒置
Symptom,腓肠肌痉挛
Symptom,期外收缩
Symptom,舌头出血
Symptom,短缩舌
Symptom,心音遥远
Symptom,心跳很乱
Symptom,手唇震颤
Symptom,酒悖
Symptom,营养师
Symptom,睡眠麻痹
Symptom,情绪性高血压
Symptom,颈髓硬膜外病变
Symptom,心脏失代偿
Symptom,心脏转移
Symptom,心包转移
Symptom,撞击征
Symptom,肩胛骨痛
Symptom,肺血增多
Symptom,营养不良性水肿
Symptom,乳腺发育不良
Symptom,腱或腱止点处增...
Symptom,口唇渗液
Symptom,细胞外液减少
Symptom,疼痛弧征
Symptom,浅昏迷
Symptom,手指和足趾无痛...
Symptom,腕关节结节样的突起
Symptom,下鼻甲或中鼻甲肥大
Symptom,晶状体铁质沉着
Symptom,晶状体蛋白逸出
Symptom,前房中肿胀的晶...
Symptom,晶状体青光眼斑
Symptom,晶状体囊壁破裂
Symptom,立毛反射亢进
Symptom,胸口紧绷
Symptom,生长过快
Symptom,稽留流产
Symptom,门静脉积气
Symptom,乳头状肿物
Symptom,脚上血泡
Symptom,湿脚气
Symptom,脚臭
Symptom,落枕
Symptom,颈肩疲劳和软组织疼痛
Symptom,上唇疖肿
Symptom,下唇微痒增大如...
Symptom,新生儿蛋白尿
Symptom,右下腹痛伴呕吐
Symptom,掌颏反射
Symptom,胫前和足部坚硬...
Symptom,无胆汁粪便
Symptom,胸部沉重感
Symptom,口腔黏膜呈现青紫色
Symptom,自主神经危象
Symptom,两肺毛玻璃样粟...
Symptom,喉结痛
Symptom,声带发炎
Symptom,眼结膜黑变
Symptom,婴儿脸色发黄
Symptom,蛋氨酸吸收不良综合征
Symptom,帆状胎盘
Symptom,语音震颤增强
Symptom,头颅向上生长呈塔形
Symptom,阴唇肥大
Symptom,肩背部肌肉痛
Symptom,搓手顿足
Symptom,晶状体移位
Symptom,嗜酒性幻觉性精神错乱
Symptom,戒断性痫性发作
Symptom,尿胆红素阴性
Symptom,小三阳
Symptom,手脚发热
Symptom,胃肠功能不良
Symptom,铺路石样变性
Symptom,病理性近视
Symptom,假性近视
Symptom,食管扩张
Symptom,性心理不成熟
Symptom,下半身消瘦型
Symptom,两侧颊部及颞部凹入
Symptom,女性性器官反应缺乏
Symptom,压缩型骨折
Symptom,腰部僵直感
Symptom,颅内钙化
Symptom,淤青
Symptom,小肠细菌过度生长
Symptom,吸气时胸口痛
Symptom,胸廓异常
Symptom,腹式反常呼吸
Symptom,思维缓慢
Symptom,病理性钙化
Symptom,胸壁浸润
Symptom,尿液中有稠厚胶样物
Symptom,产妇颈背酸痛
Symptom,胸膜钙化
Symptom,胸腔出口综合征
Symptom,颈部有擦伤痕迹或肿胀
Symptom,上肢及面部血管...
Symptom,咽反射消失
Symptom,手下垂时皮肤呈灰蓝色
Symptom,肋间肩胛带疼痛
Symptom,颈部呈僵直状
Symptom,颈椎退化
Symptom,被迫体位
Symptom,颈椎增生
Symptom,腰椎间盘突出
Symptom,体癣
Symptom,一侧乳头萎缩，...
Symptom,嗅觉过敏
Symptom,嗅觉倒错
Symptom,三角韧带损伤
Symptom,乳头湿疹
Symptom,网眼样痴呆
Symptom,呈红色条索，游...
Symptom,局部静脉硬索状
Symptom,面具脸
Symptom,两手颤抖
Symptom,胎儿酒精综合征
Symptom,镜子征
Symptom,排卵期头晕
Symptom,排卵期腹胀
Symptom,尿道结节
Symptom,疼痛性股白肿
Symptom,下肢弥漫性水肿
Symptom,岳加峰
Symptom,骨内损害
Symptom,隐性产后出血
Symptom,拔牙后出血不止
Symptom,腺性或囊性膀胱炎
Symptom,移行病变
Symptom,齿痕舌
Symptom,注射针眼和手术...
Symptom,运动时膝前疼痛加剧
Symptom,寒冷刺激下皮损...
Symptom,痘疤
Symptom,鼻子长痘
Symptom,聚合性痤疮
Symptom,鼻子糜烂
Symptom,血清降钙素水平增高
Symptom,小腿肚抽筋
Symptom,上额窦囊肿
Symptom,慢性面容
Symptom,肾无功能
Symptom,泡样水肿
Symptom,膀胱痉挛
Symptom,乳头发炎
Symptom,乳腺外上象限腺体增厚
Symptom,脐周腹壁缺损
Symptom,术后疼痛
Symptom,反复发作右肺感染
Symptom,粘液性水肿面容
Symptom,腘窝囊肿
Symptom,锥体束病损
Symptom,口苦
Symptom,交替使用双眼
Symptom,躯体化障碍
Symptom,吟诗样语言
Symptom,运动性失语
Symptom,腹膜后纤维化
Symptom,胃酸减少
Symptom,腕银叉状畸形
Symptom,婴儿含吮时乳头...
Symptom,扁桃体上有白点
Symptom,乳晕痒
Symptom,情绪性哮喘
Symptom,老年男性乳房无...
Symptom,脑水肿
Symptom,头跳痛
Symptom,两眼下视不能
Symptom,神经肌肉症状
Symptom,动眼危象
Symptom,前列腺快感
Symptom,思维中断
Symptom,闫芹
Symptom,静脉石
Symptom,臂痛
Symptom,局部游走性红斑
Symptom,眉弓囊肿
Symptom,透明隔腔增宽
Symptom,气体弥散功能下降
Symptom,晨起肥皮肿
Symptom,眶静脉回流障碍
Symptom,腋下淋巴肿大
Symptom,手指小关节痛肿
Symptom,扳机指的弹响
Symptom,乳糜泻
Symptom,阑尾穿孔
Symptom,四肢呈对称性下...
Symptom,鼻子上火
Symptom,不能眨眼
Symptom,脸上黑斑
Symptom,龟头红点
Symptom,结肠性便秘
Symptom,大便干燥
Symptom,粪便硬结如羊粪状
Symptom,角质层过度增厚
Symptom,翻身困难
Symptom,“5P”征
Symptom,运动后尿血
Symptom,下背部酸痛
Symptom,腰痛卧床加重
Symptom,血栓后综合征
Symptom,下腔静脉血栓形成
Symptom,痛阈降低
Symptom,指甲易碎
Symptom,女性膀胱颈梗阻
Symptom,四叠体受压
Symptom,哭泣晕厥
Symptom,口唇发黄
Symptom,心肌耗氧量增加
Symptom,手热
Symptom,胰石阻塞
Symptom,基因融合
Symptom,胰腺功能不足
Symptom,懒胆囊
Symptom,心内分流为右向左
Symptom,腰椎骶化
Symptom,背心冷
Symptom,绳攀
Symptom,抗感染能力下降
Symptom,胃壁肌层缺损
Symptom,龟头疼
Symptom,肥厚瘢痕
Symptom,中指指甲凹陷
Symptom,虚汗
Symptom,头晕耳鸣
Symptom,唇皱褶增多畸形
Symptom,先天性X因子缺乏
Symptom,类彦超
Symptom,上唇肥厚
Symptom,脓肿破入胸腔
Symptom,膈穹窿变为扁平
Symptom,肺火
Symptom,颈静脉充盈
Symptom,新生儿皮肤薄
Symptom,猩红热面容
Symptom,摩擦型性变态
Symptom,肢体的非凹性水肿
Symptom,输尿管向心偏移
Symptom,乙肝表面抗原（...
Symptom,口粘腻
Symptom,乙肝e抗原（H...
Symptom,弹钢琴指(趾)征
Symptom,声门以上的损伤
Symptom,腋毛毛干上有微小结节
Symptom,腋毛变稀少
Symptom,阴道黏膜膨胀
Symptom,阴道持续少量流血
Symptom,阴道内出现粪质...
Symptom,血管壁变薄
Symptom,上颚疼
Symptom,维生素C缺乏
Symptom,阴道后穹窿触痛
Symptom,无法引出moro反应
Symptom,肝郁脾虚
Symptom,睾丸受浸润
Symptom,指甲呈筒形
Symptom,风湿性多发性肌痛症
Symptom,胸骨下端压痛
Symptom,指甲脱落
Symptom,卵泡刺激素(F...
Symptom,老来瘦
Symptom,腕骨发育不全变...
Symptom,甲亢危象
Symptom,肺弥散功能障碍
Symptom,小儿腿抽筋
Symptom,阵挛-强直型
Symptom,被窃或疑病妄想
Symptom,颈性眩晕
Symptom,手指香肠型
Symptom,韧带拉伤
Symptom,寰枢关节不稳定
Symptom,脑转移
Symptom,三叉神经一二支...
Symptom,无名指不明原因疼痛
Symptom,肾浓缩功能障碍
Symptom,胚胎发育慢
Symptom,口淡黏腻
Symptom,认识能力缺失
Symptom,注意障碍
Symptom,雄激素依赖
Symptom,院博
Symptom,神经疼痛
Symptom,深部性头痛
Symptom,唇上长有小水泡
Symptom,一氧化碳中毒
Symptom,联合瓣膜脱垂
Symptom,迷走神经张力增高
Symptom,肛裂三联征
Symptom,痔块脱垂
Symptom,假孕
Symptom,青春前期闭经
Symptom,逼尿肌不稳定
Symptom,豆纹动脉闭塞
Symptom,视物模糊
Symptom,大便呈褐色
Symptom,胸壁血管充盈
Symptom,闪电样痛
Symptom,醒后不解乏
Symptom,尿钠排出量极低
Symptom,频繁吐黏液
Symptom,阴茎和阴囊水肿
Symptom,盖迎男
Symptom,异性蛋白反应
Symptom,入睡障碍性失眠
Symptom,胼胝体发育不良
Symptom,不良睡眠卫生
Symptom,糖尿病酮症酸中毒
Symptom,神经性头痛
Symptom,自主神经反射
Symptom,多克隆型冷球蛋白血症
Symptom,言语紊乱
Symptom,夕阳综合征
Symptom,螺旋形骨折
Symptom,嗜盐
Symptom,老年人小腿浮肿
Symptom,血小板聚集增强
Symptom,食管腔梗阻
Symptom,经期头痛
Symptom,动脉盗血
Symptom,食指半月甲呈粉红色
Symptom,网络综合症
Symptom,情感依赖
Symptom,网络依赖
Symptom,手机依赖症
Symptom,急性肾衰竭
Symptom,视近不能持久
Symptom,血压为零
Symptom,胚胎发育供血不足
Symptom,商艳红
Symptom,脐带过短
Symptom,室颤阈值降低
Symptom,望诊无明显心前区搏动
Symptom,运动不足综合征
Symptom,运动耐力降低
Symptom,凸甲
Symptom,乳腺组织肥厚
Symptom,额叶癫痫的扣带回发作
Symptom,老年妇女乳房增大
Symptom,气管纵隔和心脏...
Symptom,听觉疲劳
Symptom,弱视眼的拥挤现象
Symptom,不真实感
Symptom,无用感
Symptom,精神运动性活动变坏
Symptom,骨气臌
Symptom,食管恶性病变
Symptom,代偿作用
Symptom,四肢电击感
Symptom,咳嗽反射
Symptom,意志丧失性格
Symptom,四边孔处的局限压痛
Symptom,难治性贫血
Symptom,局部软组织浸润
Symptom,特殊面痣
Symptom,持续颅内杂音
Symptom,与脉搏相一致的...
Symptom,血小板减少性紫癜
Symptom,锑性皮炎
Symptom,过敏性血管水肿
Symptom,手指淤血
Symptom,老年性震颤
Symptom,心肌冬眠现象
Symptom,咳嗽性晕厥
Symptom,情绪性多汗症
Symptom,炎性外痔
Symptom,新生儿低体温
Symptom,舞蹈样步态
Symptom,心源性水肿
Symptom,新生儿全身水肿
Symptom,收缩期反流性杂音
Symptom,浅表淋巴结肿大
Symptom,先天性无子宫
Symptom,煤尘或胆固醇结...
Symptom,苔黄腻
Symptom,泪腺脱垂
Symptom,迟脉
Symptom,非依赖性物质所...
Symptom,分离性恍惚状态...
Symptom,分离性身份障碍
Symptom,血道播散
Symptom,原发灶不明的转移灶
Symptom,长期使用皮质类...
Symptom,表皮发生钙化
Symptom,前斜角肌肥厚痉挛
Symptom,脚趾皮肤黄泡后紫黑
Symptom,剧烈神经根性痛
Symptom,血性恶露持续时间延长
Symptom,恶露不净
Symptom,产后血气痛
Symptom,椎间盘退行性变
Symptom,锥虫性“下疳”
Symptom,子宫内膜梗阻
Symptom,坐骨大小孔区出现压痛
Symptom,舌体大且表面有沟纹
Symptom,趾(指)环状缩窄带
Symptom,趾远端呈球形
Symptom,延髓出血
Symptom,吸烟胸痛
Symptom,散脉
Symptom,回声阴影
Symptom,气管间隙形成肿块
Symptom,斜头畸形
Symptom,硬脊膜膨出
Symptom,纵隔病变
Symptom,肾包膜过度膨胀
Symptom,膈膨升
Symptom,眼白蓝灰色或黑色斑点
Symptom,汗闭现象
Symptom,出血性梗死
Symptom,肩胛放射性疼痛
Symptom,肩部或肩胛区持...
Symptom,呈马蜂螫型游走性水肿
Symptom,绝经年龄过早
Symptom,绝经年龄过迟
Symptom,尾部疼痛而拒坐
Symptom,燥狂相
Symptom,肩周酸痛不适
Symptom,眼白出现红点
Symptom,生化妊娠
Symptom,脉数
Symptom,腹腔种植
Symptom,子宫附件肿块
Symptom,盆腔脊膜膨出
Symptom,食管壁增厚
Symptom,颈椎肥大
Symptom,革脉
Symptom,生理性闭经
Symptom,内脏痛
Symptom,四肢苔藓样变
Symptom,阴虚胃痛
Symptom,肝阴虚
Symptom,孕产妇腰痛
Symptom,产后头痛
Symptom,产后血晕
Symptom,产后便秘
Symptom,肋骨及胸骨下吸...
Symptom,产后口渴
Symptom,乳腺退化不全
Symptom,嗳腐
Symptom,气虚体质
Symptom,气血虚弱
Symptom,阴阳气血失衡
Symptom,软产道裂伤
Symptom,头摇
Symptom,言语中断
Symptom,足穿孔
Symptom,腕征
Symptom,幽门前区溃疡
Symptom,幽门肌肥大
Symptom,药物性水肿
Symptom,经期肿胀
Symptom,心火
Symptom,眼白发红
Symptom,眼神异常
Symptom,睑结膜沙粒外观
Symptom,角膜后胚胎环
Symptom,子宫有局限性轻压痛
Symptom,纵隔纤维化
Symptom,酒后四肢酸痛
Symptom,行走后小腿肌肉痉挛
Symptom,超量饮酒后两下...
Symptom,胸骨后烧灼样痛
Symptom,夸大狂
Symptom,脉沉缓或沉细
Symptom,痛性脸抽搐
Symptom,耳垂长痘
Symptom,耳朵长痘
Symptom,菜花耳
Symptom,新生儿期癫痫持续状态
Symptom,额叶癫痫的运动...
Symptom,无羞惭感
Symptom,行为无计划性
Symptom,肢体栓塞
Symptom,闫宇邱
Symptom,脸颊发灰
Symptom,气机失调
Symptom,声音变低
Symptom,五心烦热
Symptom,舌轻度外吐
Symptom,咳出黄色痰液
Symptom,风寒咳嗽
Symptom,外寒内热
Symptom,失盐
Symptom,受凉头疼
Symptom,濡脉
Symptom,胃镜下表现出广...
Symptom,瘀斑性环
Symptom,浮脉
Symptom,数脉
Symptom,脑衰弱综合征
Symptom,混浊尿
Symptom,真性菌尿
Symptom,右边脸颊长痘
Symptom,肝火
Symptom,五志化火
Symptom,口鼻生疮
Symptom,肝内形成嗜酸性肉芽肿
Symptom,胸膜肥厚
Symptom,弦脉
Symptom,短暂性眩晕
Symptom,实脉
Symptom,口酸伴有口苦烧心
Symptom,中指半月甲呈粉红色
Symptom,肝虚
Symptom,肝气不足
Symptom,脐突
Symptom,晕动症
Symptom,脸色发黄
Symptom,鼻旁窦发育不良
Symptom,长头畸形
Symptom,手握物无力
Symptom,吐白沫痰
Symptom,痰湿体质
Symptom,导水管周围受损
Symptom,涩脉
Symptom,气滞湿阻
Symptom,晚上睡觉出冷汗
Symptom,休克性神经受累
Symptom,溶酶体酶缺陷
Symptom,齿龈肥厚
Symptom,脑膜增厚
Symptom,脓毒性血症或多...
Symptom,血管萎缩性白斑
Symptom,气血不通
Symptom,胰酶分泌或排出量降低
Symptom,胰腺外分泌功能不良
Symptom,眼前冒紫烟
Symptom,微脉
Symptom,鲜红色乳头状赘...
Symptom,尿道的条索状肿块
Symptom,黑色鼻涕
Symptom,心包积液体征
Symptom,创伤性宫腔粘连
Symptom,电击样剧痛
Symptom,有机磷中毒
Symptom,头皮松垂
Symptom,脘痞
Symptom,脾气虚
Symptom,睡觉流口水
Symptom,虚火
Symptom,牵引性头痛
Symptom,头痛为搏动性
Symptom,四肢屈侧出现橘...
Symptom,持续性剧烈的肩痛
Symptom,婴儿睡觉惊跳
Symptom,精子质量下降
Symptom,酒后便血
Symptom,涂春银
Symptom,乙肝e抗体（抗...
Symptom,爪甲和甲床表现...
Symptom,口唇麻木
Symptom,口唇严重充血呈红色
Symptom,反复舔吮口唇
Symptom,口唇周围有炎性...
Symptom,口有溴味及咸味
Symptom,药物性肥胖
Symptom,颈性头痛
Symptom,胸口闪电疼痛
Symptom,胸大肌痛
Symptom,有排卵性功血
Symptom,脸颊潮红
Symptom,颈部潮红
Symptom,产前征兆
Symptom,足趾皮肤发黑
Symptom,脑穿通畸形
Symptom,婴儿厌食
Symptom,掌骨指数及指骨...
Symptom,长脉
Symptom,脾胃虚寒
Symptom,脾阳虚
Symptom,肾阴阳两虚
Symptom,掌跖发红
Symptom,肝弥漫性病变
Symptom,老化松弛性眼袋
Symptom,猫喘音
Symptom,上焦火
Symptom,实火
Symptom,青春期胸部发育缓慢
Symptom,猥亵行为
Symptom,头部及眼后部疼...
Symptom,失用性综合征
Symptom,尿道瓣
Symptom,叹息样呼吸
Symptom,环甲肌失去收缩...
Symptom,隋海燕
Symptom,背部痉挛
Symptom,粘性渗出性薄膜
Symptom,口甜
Symptom,虚寒体质
Symptom,胃气虚
Symptom,伸舌样痴呆
Symptom,髂骨角增大
Symptom,足趾发凉怕冷，...
Symptom,尿液呈黑色
Symptom,嘴唇干裂
Symptom,口角向外的放射性皱纹
Symptom,小儿嘴角溃疡
Symptom,运动腹痛
Symptom,痰有恶臭味
Symptom,晕厥反复发作
Symptom,晕车
Symptom,消化道憩室
Symptom,膝、踝反射减退
Symptom,岳国斌
Symptom,阴道持续中量流血
Symptom,不全流产
Symptom,头沉
Symptom,虚脉
Symptom,青紫舌
Symptom,面容失认
Symptom,无故发笑
Symptom,面部皮肤油腻
Symptom,肛周软瘊
Symptom,兰彪
Symptom,脾胃虚弱
Symptom,眼角长斑
Symptom,肾气虚
Symptom,肾阳虚
Symptom,小支气管平滑肌挛缩
Symptom,上唇变薄
Symptom,超雄
Symptom,现实解体
Symptom,肾上腺中毒
Symptom,阿司匹林过敏
Symptom,晕轮效应
Symptom,细胞色素C氧化...
Symptom,凝视征
Symptom,脐带血流
Symptom,妊娠高血压征
Symptom,孕妇小腿浮肿
Symptom,湿气重
Symptom,产后小便频数或...
Symptom,眼白发黄
Symptom,泛恶欲吐
Symptom,肥胖性水肿
Symptom,非凹陷黏液水肿
Symptom,食管左壁形成压足跡
Symptom,小梁网色素沉着
Symptom,妊娠期间小便不通
Symptom,心胃的奇怪感觉
Symptom,胃热疼痛
Symptom,胃内有异物
Symptom,胃粘膜增粗
Symptom,神经性胃痛
Symptom,脾胃不和
Symptom,妊娠毒血症
Symptom,苯丙氨酸代谢障碍
Symptom,盆腔瘀血
Symptom,盆腔积液
Symptom,盆腔脓肿
Symptom,鞘膜积水
Symptom,特发性水肿
Symptom,胸部隐痛
Symptom,晨起时颈背部弥...
Symptom,喝酒后胃疼
Symptom,胎盘大
Symptom,胸膈间烧灼嘈杂感
Symptom,孕妇小腿痒
Symptom,“咳嗽水”上瘾
Symptom,湿性体质
Symptom,妊娠期急性脂肪肝
Symptom,孕晚期腹痛
Symptom,下肢振动觉和位...
Symptom,妊娠期胸痛
Symptom,孕妇肚子痒
Symptom,乳头溢出血性或...
Symptom,胸腹部畸形
Symptom,肌腱扭伤
Symptom,胸肌萎缩
Symptom,无活动性结核病灶
Symptom,间歇性胃痛
Symptom,巨胃窦症
Symptom,胸部长痘
Symptom,复合性溃疡
Symptom,情绪性胃痛
Symptom,消化管蠕动不协调
Symptom,胃内翻腾或搅拌感
Symptom,餐后发作性腹痛
Symptom,骨核出现迟，发育小
Symptom,乳头侵蚀
Symptom,乳晕发黑
Symptom,盖明文
Symptom,舌无力且不能随...
Symptom,胃排空过快
Symptom,胸大肌外侧缘处...
Symptom,血睾酮降低
Symptom,膝盖长骨刺
Symptom,腰椎不稳
Symptom,商鲁翔
Symptom,阴毛脱落
Symptom,头目晕沉
Symptom,脉压差低
Symptom,视神经的原发性萎缩
Symptom,孕妇上火
Symptom,小腹刺痛
Symptom,低血糖惊厥
Symptom,粒细胞增多
Symptom,情绪性癌症
Symptom,思维贫乏
Symptom,蛛网膜粘连
Symptom,手指末端持续对...
Symptom,肠粘膜有坏死溃疡
Symptom,生理性腹泻
Symptom,吐弄舌
Symptom,呈肾上腺素能依赖性
Symptom,气不摄血
Symptom,肾小管重吸收障碍
Symptom,手掌软硬度异常
Symptom,饭后心悸
Symptom,气血不足
Symptom,癌性输尿管狭窄
Symptom,阴虚体质
Symptom,肝气郁节
Symptom,慢性胃痛
Symptom,孕妇气喘
Symptom,结膜变浅或变苍白
Symptom,中上腹持续性疼痛
Symptom,眼白过白
Symptom,失水多于失钠且...
Symptom,手指甲没有白色月牙
Symptom,细小黄色瘤状皮疹
Symptom,胸窝疼痛
Symptom,闫志才
Symptom,小儿爱咬指甲
Symptom,夜间磨牙
Symptom,食物误入气道
Symptom,咽颊部烧伤
Symptom,沥青烧伤
Symptom,肛门病变
Symptom,食道病变
Symptom,食管黏膜呈管型剥脱
Symptom,阴盛阳虚
Symptom,颈椎变形
Symptom,腰椎疼痛
Symptom,下肢麻木
Symptom,特禀体质
Symptom,豆菊香
Symptom,前列腺缩小变硬
Symptom,阴虚火亢症
Symptom,虚火上炎
Symptom,口辣
Symptom,营养代谢缺乏
Symptom,营养性皮肤改变
Symptom,情志内伤
Symptom,胸腰驼背
Symptom,小儿夜啼
Symptom,牢脉
Symptom,闭症
Symptom,行走时发生腓肠肌麻木
Symptom,睡过之后精力没有恢复
Symptom,睡眠-觉醒时间...
Symptom,穿透性皮肤变性
Symptom,染色体畸形
Symptom,行走呈大步态
Symptom,颈动脉硬化
Symptom,判断力和定向力障碍
Symptom,一时性便秘
Symptom,鼻酸
Symptom,胎位不正
Symptom,肠道张力减低
Symptom,气阴两虚
Symptom,中暑高热
Symptom,剧烈运动或强体...
Symptom,中指不明原因痛
Symptom,青春危险期
Symptom,心功能失代偿
